relative_path,metric,metric_value,robust_z,direction,status
1-coins/100_1477279908.jpg,full_bright_fraction,0.0055110677083333335,284.8032970202955,high,statistical_outlier_for_review
1-coins/100_1477279902.jpg,full_bright_fraction,0.004449869791666667,229.83238237931482,high,statistical_outlier_for_review
1-coins/75_1477849440.jpg,full_bright_fraction,0.0038899739583333334,200.82932312088332,high,statistical_outlier_for_review
1-coins/10_1477288236.jpg,full_bright_fraction,0.0034375,177.3908043015695,high,statistical_outlier_for_review
1-coins/100_1477279596.jpg,full_bright_fraction,0.0030989583333333333,159.85407079647135,high,statistical_outlier_for_review
1-coins/80_1477850772.jpg,full_bright_fraction,0.0025553385416666667,131.69412372578495,high,statistical_outlier_for_review
1-coins/80_1477850766.jpg,full_bright_fraction,0.002373046875,122.25126722303982,high,statistical_outlier_for_review
1-coins/70_1477849398.jpg,full_bright_fraction,0.0022721354166666667,117.02397165902018,high,statistical_outlier_for_review
1-coins/25_1477287138.jpg,full_bright_fraction,0.0022688802083333333,116.85534922147116,high,statistical_outlier_for_review
1-coins/80_1477850748.jpg,full_bright_fraction,0.0021809895833333334,112.3025434076476,high,statistical_outlier_for_review
1-coins/75_1477849452.jpg,full_bright_fraction,0.0020377604166666665,104.8831561554907,high,statistical_outlier_for_review
1-coins/75_1477850394.jpg,full_bright_fraction,0.00197265625,101.51070740451028,high,statistical_outlier_for_review
1-coins/50_1477282290.jpg,full_bright_fraction,0.0019075520833333334,98.13825865352987,high,statistical_outlier_for_review
1-coins/75_1477849896.jpg,full_bright_fraction,0.0018619791666666667,95.7775445278436,high,statistical_outlier_for_review
1-coins/80_1477850760.jpg,full_bright_fraction,0.0017805989583333333,91.56198358911809,high,statistical_outlier_for_review
1-coins/100_1477280076.jpg,full_bright_fraction,0.0017740885416666667,91.22473871402003,high,statistical_outlier_for_review
1-coins/80_1477850754.jpg,full_bright_fraction,0.0017643229166666666,90.71887140137298,high,statistical_outlier_for_review
1-coins/55_1477843530.jpg,full_bright_fraction,0.0017415364583333334,89.53851433852985,high,statistical_outlier_for_review
1-coins/70_1477848984.jpg,full_bright_fraction,0.0016731770833333334,85.99744315000041,high,statistical_outlier_for_review
1-coins/50_1477283214.jpg,full_bright_fraction,0.0016341145833333333,83.97397389941216,high,statistical_outlier_for_review
1-coins/50_1477282284.jpg,full_bright_fraction,0.0015983072916666667,82.11912708637294,high,statistical_outlier_for_review
1-coins/75_1477850058.jpg,full_bright_fraction,0.0015364583333333333,78.91530077294155,high,statistical_outlier_for_review
1-coins/70_1477848978.jpg,full_bright_fraction,0.0015234375,78.24081102274546,high,statistical_outlier_for_review
1-coins/80_1477850778.jpg,full_bright_fraction,0.0014615885416666666,75.03698470931407,high,statistical_outlier_for_review
1-coins/80_1477850958.jpg,full_bright_fraction,0.001435546875,73.68800520892191,high,statistical_outlier_for_review
1-coins/75_1477850046.jpg,full_bright_fraction,0.0013834635416666667,70.9900462081376,high,statistical_outlier_for_review
1-coins/80_1477850982.jpg,full_bright_fraction,0.0013118489583333333,67.28035258205914,high,statistical_outlier_for_review
1-coins/50_1477283580.jpg,full_bright_fraction,0.0012955729166666667,66.43724039431405,high,statistical_outlier_for_review
1-coins/80_1477850970.jpg,full_bright_fraction,0.0012955729166666667,66.43724039431405,high,statistical_outlier_for_review
1-coins/80_1477851852.jpg,full_bright_fraction,0.0012858072916666667,65.93137308166698,high,statistical_outlier_for_review
1-coins/80_1477850934.jpg,full_bright_fraction,0.0012825520833333332,65.76275064411794,high,statistical_outlier_for_review
1-coins/100_1477280532.jpg,full_bright_fraction,0.001162109375,59.523720454804206,high,statistical_outlier_for_review
1-coins/100_1477280658.jpg,full_bright_fraction,0.0011165364583333333,57.16300632911791,high,statistical_outlier_for_review
1-coins/75_1477849446.jpg,full_bright_fraction,0.0011002604166666667,56.319894141372814,high,statistical_outlier_for_review
1-coins/80_1477850784.jpg,full_bright_fraction,0.001083984375,55.47678195362772,high,statistical_outlier_for_review
1-coins/25_1477287012.jpg,full_bright_fraction,0.001025390625,52.44157807774535,high,statistical_outlier_for_review
1-coins/80_1477850976.jpg,full_bright_fraction,0.0009928385416666666,50.755353702255135,high,statistical_outlier_for_review
1-coins/75_1477850460.jpg,full_bright_fraction,0.0009700520833333333,49.574996639412,high,statistical_outlier_for_review
1-coins/80_1477851942.jpg,full_bright_fraction,0.0009700520833333333,49.574996639412,high,statistical_outlier_for_review
1-coins/50_1477282212.jpg,full_bright_fraction,0.000966796875,49.40637420186298,high,statistical_outlier_for_review
1-coins/80_1477850988.jpg,full_bright_fraction,0.0009505208333333334,48.56326201411788,high,statistical_outlier_for_review
1-coins/65_1477846560.jpg,full_bright_fraction,0.0009375,47.8887722639218,high,statistical_outlier_for_review
1-coins/65_1477846434.jpg,full_bright_fraction,0.0009016927083333333,46.03392545088258,high,statistical_outlier_for_review
1-coins/130_1477861998.jpg,full_bright_fraction,0.0008821614583333333,45.02219082558845,high,statistical_outlier_for_review
1-coins/65_1477846506.jpg,full_bright_fraction,0.00087890625,44.853568388039434,high,statistical_outlier_for_review
1-coins/105_1479344472.jpg,full_bright_fraction,0.000869140625,44.34770107539237,high,statistical_outlier_for_review
1-coins/70_1477849392.jpg,full_bright_fraction,0.000849609375,43.33596645009825,high,statistical_outlier_for_review
1-coins/110_1479346158.jpg,full_bright_fraction,0.0008430989583333333,42.998721575000204,high,statistical_outlier_for_review
1-coins/25_1477287144.jpg,full_bright_fraction,0.0008365885416666667,42.661476699902174,high,statistical_outlier_for_review
1-coins/110_1479346152.jpg,full_bright_fraction,0.0008203125,41.81836451215707,high,statistical_outlier_for_review
1-coins/120_1479351618.jpg,full_bright_fraction,0.000810546875,41.312497199510005,high,statistical_outlier_for_review
1-coins/65_1477846344.jpg,full_bright_fraction,0.0008072916666666667,41.14387476196098,high,statistical_outlier_for_review
1-coins/110_1479346146.jpg,full_bright_fraction,0.0007942708333333334,40.4693850117649,high,statistical_outlier_for_review
1-coins/50_1477139796.jpg,full_bright_fraction,0.0007942708333333334,40.4693850117649,high,statistical_outlier_for_review
1-coins/60_1477844904.jpg,full_bright_fraction,0.0007942708333333334,40.4693850117649,high,statistical_outlier_for_review
1-coins/55_1477842384.jpg,full_bright_fraction,0.0007845052083333333,39.96351769911784,high,statistical_outlier_for_review
1-coins/120_1479351624.jpg,full_bright_fraction,0.0007682291666666666,39.12040551137273,high,statistical_outlier_for_review
1-coins/70_1477849404.jpg,full_bright_fraction,0.0007649739583333333,38.95178307382372,high,statistical_outlier_for_review
1-coins/105_1479344412.jpg,full_bright_fraction,0.0007584635416666666,38.61453819872567,high,statistical_outlier_for_review
1-coins/80_1477850742.jpg,full_bright_fraction,0.0007584635416666666,38.61453819872567,high,statistical_outlier_for_review
1-coins/65_1477846530.jpg,full_bright_fraction,0.0007454427083333333,37.940048448529595,high,statistical_outlier_for_review
1-coins/100_1477280538.jpg,full_bright_fraction,0.0007161458333333333,36.42244651058841,high,statistical_outlier_for_review
1-coins/55_1477839240.jpg,full_bright_fraction,0.0007161458333333333,36.42244651058841,high,statistical_outlier_for_review
1-coins/50_1477145100.jpg,full_bright_fraction,0.0007096354166666667,36.08520163549037,high,statistical_outlier_for_review
1-coins/105_1479344562.jpg,full_bright_fraction,0.000703125,35.74795676039233,high,statistical_outlier_for_review
1-coins/100_1477280988.jpg,full_bright_fraction,0.0006966145833333334,35.41071188529429,high,statistical_outlier_for_review
1-coins/50_1477281894.jpg,full_bright_fraction,0.0006966145833333334,35.41071188529429,high,statistical_outlier_for_review
1-coins/100_1477281462.jpg,full_bright_fraction,0.000693359375,35.242089447745265,high,statistical_outlier_for_review
1-coins/65_1477846356.jpg,full_bright_fraction,0.00068359375,34.7362221350982,high,statistical_outlier_for_review
1-coins/105_1479344466.jpg,full_bright_fraction,0.0006770833333333334,34.398977260000166,high,statistical_outlier_for_review
1-coins/25_1477286016.jpg,full_bright_fraction,0.0006770833333333334,34.398977260000166,high,statistical_outlier_for_review
1-coins/65_1477846350.jpg,full_bright_fraction,0.0006770833333333334,34.398977260000166,high,statistical_outlier_for_review
1-coins/100_1477281114.jpg,full_bright_fraction,0.000654296875,33.21862019715702,high,statistical_outlier_for_review
1-coins/170_1479423282.jpg,full_bright_fraction,0.0006510416666666666,33.049997759608,high,statistical_outlier_for_review
1-coins/55_1477842288.jpg,full_bright_fraction,0.0006477864583333333,32.881375322058986,high,statistical_outlier_for_review
1-coins/55_1477843446.jpg,full_bright_fraction,0.00064453125,32.71275288450996,high,statistical_outlier_for_review
1-coins/45_1477837050.jpg,full_bright_fraction,0.0006380208333333333,32.375508009411924,high,statistical_outlier_for_review
1-coins/65_1477846440.jpg,full_bright_fraction,0.0006380208333333333,32.375508009411924,high,statistical_outlier_for_review
1-coins/115_1479348036.jpg,full_bright_fraction,0.0006184895833333333,31.363773384117795,high,statistical_outlier_for_review
1-coins/100_1477861374.jpg,full_bright_fraction,0.000615234375,31.19515094656878,high,statistical_outlier_for_review
1-coins/55_1477842396.jpg,full_bright_fraction,0.000615234375,31.19515094656878,high,statistical_outlier_for_review
1-coins/65_1477846536.jpg,full_bright_fraction,0.000615234375,31.19515094656878,high,statistical_outlier_for_review
1-coins/130_1477862004.jpg,full_bright_fraction,0.00060546875,30.689283633921715,high,statistical_outlier_for_review
1-coins/115_1479348030.jpg,full_bright_fraction,0.0006022135416666667,30.5206611963727,high,statistical_outlier_for_review
1-coins/50_1477281888.jpg,full_bright_fraction,0.0006022135416666667,30.5206611963727,high,statistical_outlier_for_review
1-coins/80_1477850928.jpg,full_bright_fraction,0.0006022135416666667,30.5206611963727,high,statistical_outlier_for_review
1-coins/5_1477290468.jpg,full_bright_fraction,0.0005989583333333333,30.352038758823674,high,statistical_outlier_for_review
1-coins/75_1477849914.jpg,full_bright_fraction,0.0005989583333333333,30.352038758823674,high,statistical_outlier_for_review
1-coins/65_1477846554.jpg,full_bright_fraction,0.0005924479166666667,30.014793883725638,high,statistical_outlier_for_review
1-coins/145_1479428850.jpg,full_bright_fraction,0.000576171875,29.17168169598053,high,statistical_outlier_for_review
1-coins/60_1477844706.jpg,full_bright_fraction,0.000576171875,29.17168169598053,high,statistical_outlier_for_review
1-coins/115_1479348042.jpg,full_bright_fraction,0.00056640625,28.66581438333347,high,statistical_outlier_for_review
1-coins/150_1479429654.jpg,full_bright_fraction,0.0005631510416666667,28.49719194578445,high,statistical_outlier_for_review
1-coins/80_1477850808.jpg,full_bright_fraction,0.0005631510416666667,28.49719194578445,high,statistical_outlier_for_review
1-coins/75_1477850490.jpg,full_bright_fraction,0.000556640625,28.159947070686407,high,statistical_outlier_for_review
1-coins/115_1479348048.jpg,full_bright_fraction,0.0005533854166666667,27.991324633137392,high,statistical_outlier_for_review
1-coins/120_1479351612.jpg,full_bright_fraction,0.0005501302083333334,27.82270219558837,high,statistical_outlier_for_review
1-coins/90_1477855710.jpg,full_bright_fraction,0.000546875,27.654079758039355,high,statistical_outlier_for_review
1-coins/25_1477286496.jpg,full_bright_fraction,0.0005436197916666666,27.48545732049033,high,statistical_outlier_for_review
1-coins/90_1477855704.jpg,full_bright_fraction,0.0005436197916666666,27.48545732049033,high,statistical_outlier_for_review
1-coins/130_1477861986.jpg,full_bright_fraction,0.000537109375,27.148212445392293,high,statistical_outlier_for_review
1-coins/90_1477855716.jpg,full_bright_fraction,0.0005338541666666666,26.979590007843267,high,statistical_outlier_for_review
1-coins/130_1477861992.jpg,full_bright_fraction,0.0005305989583333333,26.810967570294245,high,statistical_outlier_for_review
1-coins/55_1477842282.jpg,full_bright_fraction,0.0005305989583333333,26.810967570294245,high,statistical_outlier_for_review
1-coins/75_1477850430.jpg,full_bright_fraction,0.0005305989583333333,26.810967570294245,high,statistical_outlier_for_review
1-coins/120_1479351606.jpg,full_bright_fraction,0.00052734375,26.64234513274523,high,statistical_outlier_for_review
1-coins/65_1477846524.jpg,full_bright_fraction,0.0005240885416666666,26.473722695196205,high,statistical_outlier_for_review
1-coins/75_1477850502.jpg,full_bright_fraction,0.000517578125,26.136477820098168,high,statistical_outlier_for_review
1-coins/130_1477862016.jpg,full_bright_fraction,0.0005143229166666666,25.967855382549143,high,statistical_outlier_for_review
1-coins/120_1479351600.jpg,full_bright_fraction,0.0005078125,25.630610507451102,high,statistical_outlier_for_review
1-coins/130_1477862010.jpg,full_bright_fraction,0.0005078125,25.630610507451102,high,statistical_outlier_for_review
1-coins/170_1479423294.jpg,full_bright_fraction,0.0005045572916666667,25.461988069902088,high,statistical_outlier_for_review
1-coins/50_1477145064.jpg,full_bright_fraction,0.0005045572916666667,25.461988069902088,high,statistical_outlier_for_review
1-coins/105_1479344718.jpg,full_bright_fraction,0.0005013020833333333,25.293365632353062,high,statistical_outlier_for_review
1-coins/50_1477140156.jpg,full_bright_fraction,0.0005013020833333333,25.293365632353062,high,statistical_outlier_for_review
1-coins/50_1477282680.jpg,full_bright_fraction,0.0005013020833333333,25.293365632353062,high,statistical_outlier_for_review
1-coins/80_1477851798.jpg,full_bright_fraction,0.0005013020833333333,25.293365632353062,high,statistical_outlier_for_review
1-coins/80_1477850946.jpg,full_bright_fraction,0.000498046875,25.124743194804047,high,statistical_outlier_for_review
1-coins/105_1479344706.jpg,full_bright_fraction,0.0004947916666666667,24.956120757255025,high,statistical_outlier_for_review
1-coins/55_1477842294.jpg,full_bright_fraction,0.0004915364583333333,24.787498319706,high,statistical_outlier_for_review
1-coins/100_1477861368.jpg,full_bright_fraction,0.00048828125,24.618875882156985,high,statistical_outlier_for_review
1-coins/75_1477849860.jpg,full_bright_fraction,0.00048502604166666665,24.450253444607963,high,statistical_outlier_for_review
1-coins/115_1479348270.jpg,full_bright_fraction,0.00048177083333333335,24.28163100705894,high,statistical_outlier_for_review
1-coins/75_1477849866.jpg,full_bright_fraction,0.000478515625,24.11300856950992,high,statistical_outlier_for_review
1-coins/145_1479428874.jpg,full_bright_fraction,0.0004752604166666667,23.9443861319609,high,statistical_outlier_for_review
1-coins/25_1477149348.jpg,full_bright_fraction,0.0004752604166666667,23.9443861319609,high,statistical_outlier_for_review
1-coins/100_1477154748.jpg,full_bright_fraction,0.00047200520833333334,23.77576369441188,high,statistical_outlier_for_review
1-coins/100_1477861362.jpg,full_bright_fraction,0.00047200520833333334,23.77576369441188,high,statistical_outlier_for_review
1-coins/60_1477845228.jpg,full_bright_fraction,0.00046875,23.607141256862857,high,statistical_outlier_for_review
1-coins/75_1477850406.jpg,full_bright_fraction,0.00046875,23.607141256862857,high,statistical_outlier_for_review
1-coins/70_1477849248.jpg,full_bright_fraction,0.0004654947916666667,23.438518819313842,high,statistical_outlier_for_review
1-coins/100_1477280454.jpg,full_bright_fraction,0.00046223958333333333,23.269896381764816,high,statistical_outlier_for_review
1-coins/125_1479424536.jpg,full_bright_fraction,0.00046223958333333333,23.269896381764816,high,statistical_outlier_for_review
1-coins/60_1477844712.jpg,full_bright_fraction,0.000458984375,23.101273944215794,high,statistical_outlier_for_review
1-coins/105_1479344700.jpg,full_bright_fraction,0.0004557291666666667,22.93265150666678,high,statistical_outlier_for_review
1-coins/150_1479430026.jpg,full_bright_fraction,0.0004557291666666667,22.93265150666678,high,statistical_outlier_for_review
1-coins/100_1477280574.jpg,full_bright_fraction,0.0004524739583333333,22.764029069117758,high,statistical_outlier_for_review
1-coins/100_1477861350.jpg,full_bright_fraction,0.00044921875,22.595406631568736,high,statistical_outlier_for_review
1-coins/140_1479427386.jpg,full_bright_fraction,0.00044921875,22.595406631568736,high,statistical_outlier_for_review
1-coins/65_1477845888.jpg,full_bright_fraction,0.00044921875,22.595406631568736,high,statistical_outlier_for_review
1-coins/50_1477282218.jpg,full_bright_fraction,0.00044596354166666667,22.426784194019717,high,statistical_outlier_for_review
1-coins/130_1477862490.jpg,full_bright_fraction,0.0004427083333333333,22.258161756470695,high,statistical_outlier_for_review
1-coins/115_1479348276.jpg,full_bright_fraction,0.000439453125,22.089539318921673,high,statistical_outlier_for_review
1-coins/135_1479425922.jpg,full_bright_fraction,0.000439453125,22.089539318921673,high,statistical_outlier_for_review
1-coins/105_1479344550.jpg,full_bright_fraction,0.00043619791666666666,21.920916881372655,high,statistical_outlier_for_review
1-coins/115_1479348282.jpg,full_bright_fraction,0.00043619791666666666,21.920916881372655,high,statistical_outlier_for_review
1-coins/130_1477861974.jpg,full_bright_fraction,0.00043294270833333336,21.752294443823637,high,statistical_outlier_for_review
1-coins/75_1477849572.jpg,full_bright_fraction,0.00043294270833333336,21.752294443823637,high,statistical_outlier_for_review
1-coins/65_1477846590.jpg,full_bright_fraction,0.0004296875,21.583672006274618,high,statistical_outlier_for_review
1-coins/110_1479346104.jpg,full_bright_fraction,0.00042643229166666665,21.415049568725593,high,statistical_outlier_for_review
1-coins/145_1479428856.jpg,full_bright_fraction,0.00042643229166666665,21.415049568725593,high,statistical_outlier_for_review
1-coins/125_1479424530.jpg,full_bright_fraction,0.00042317708333333335,21.246427131176574,high,statistical_outlier_for_review
1-coins/75_1477850388.jpg,full_bright_fraction,0.00042317708333333335,21.246427131176574,high,statistical_outlier_for_review
1-coins/80_1477851720.jpg,full_bright_fraction,0.00042317708333333335,21.246427131176574,high,statistical_outlier_for_review
1-coins/100_1477280652.jpg,full_bright_fraction,0.0004166666666666667,20.909182256078534,high,statistical_outlier_for_review
1-coins/100_1477281666.jpg,full_bright_fraction,0.0004166666666666667,20.909182256078534,high,statistical_outlier_for_review
1-coins/10_1477288230.jpg,full_bright_fraction,0.00041341145833333334,20.740559818529512,high,statistical_outlier_for_review
1-coins/55_1477842312.jpg,full_bright_fraction,0.00041341145833333334,20.740559818529512,high,statistical_outlier_for_review
1-coins/65_1477846452.jpg,full_bright_fraction,0.00041341145833333334,20.740559818529512,high,statistical_outlier_for_review
1-coins/75_1477849578.jpg,full_bright_fraction,0.00041341145833333334,20.740559818529512,high,statistical_outlier_for_review
1-coins/50_1477144668.jpg,full_bright_fraction,0.00041015625,20.57193738098049,high,statistical_outlier_for_review
1-coins/105_1479344496.jpg,full_bright_fraction,0.0004069010416666667,20.40331494343147,high,statistical_outlier_for_review
1-coins/150_1479429660.jpg,full_bright_fraction,0.0004069010416666667,20.40331494343147,high,statistical_outlier_for_review
1-coins/55_1477842300.jpg,full_bright_fraction,0.0004069010416666667,20.40331494343147,high,statistical_outlier_for_review
1-coins/50_1477145214.jpg,full_bright_fraction,0.00040364583333333333,20.23469250588245,high,statistical_outlier_for_review
1-coins/120_1479422952.jpg,full_bright_fraction,0.0003938802083333333,19.728825193235387,high,statistical_outlier_for_review
1-coins/60_1477845348.jpg,full_bright_fraction,0.0003938802083333333,19.728825193235387,high,statistical_outlier_for_review
1-coins/100_1477280664.jpg,full_bright_fraction,0.000390625,19.560202755686372,high,statistical_outlier_for_review
1-coins/100_1477861440.jpg,full_bright_fraction,0.000390625,19.560202755686372,high,statistical_outlier_for_review
1-coins/75_1477850376.jpg,full_bright_fraction,0.000390625,19.560202755686372,high,statistical_outlier_for_review
1-coins/75_1477850022.jpg,full_bright_fraction,0.00038736979166666667,19.39158031813735,high,statistical_outlier_for_review
1-coins/100_1477860828.jpg,full_bright_fraction,0.0003841145833333333,19.22295788058833,high,statistical_outlier_for_review
1-coins/105_1479344694.jpg,full_bright_fraction,0.0003841145833333333,19.22295788058833,high,statistical_outlier_for_review
1-coins/110_1479346128.jpg,full_bright_fraction,0.0003841145833333333,19.22295788058833,high,statistical_outlier_for_review
1-coins/100_1477280082.jpg,full_bright_fraction,0.000380859375,19.054335443039307,high,statistical_outlier_for_review
1-coins/105_1479344556.jpg,full_bright_fraction,0.000380859375,19.054335443039307,high,statistical_outlier_for_review
1-coins/135_1479425970.jpg,full_bright_fraction,0.000380859375,19.054335443039307,high,statistical_outlier_for_review
1-coins/90_1477855692.jpg,full_bright_fraction,0.000380859375,19.054335443039307,high,statistical_outlier_for_review
1-coins/90_1477855698.jpg,full_bright_fraction,0.000380859375,19.054335443039307,high,statistical_outlier_for_review
1-coins/100_1477861092.jpg,full_bright_fraction,0.00037760416666666666,18.885713005490288,high,statistical_outlier_for_review
1-coins/145_1479428868.jpg,full_bright_fraction,0.00037760416666666666,18.885713005490288,high,statistical_outlier_for_review
1-coins/100_1477861308.jpg,full_bright_fraction,0.00037434895833333336,18.71709056794127,high,statistical_outlier_for_review
1-coins/80_1477851132.jpg,full_bright_fraction,0.00037434895833333336,18.71709056794127,high,statistical_outlier_for_review
1-coins/80_1477851708.jpg,full_bright_fraction,0.00037434895833333336,18.71709056794127,high,statistical_outlier_for_review
1-coins/80_1477850826.jpg,full_bright_fraction,0.00037109375,18.548468130392248,high,statistical_outlier_for_review
1-coins/80_1477851198.jpg,full_bright_fraction,0.00037109375,18.548468130392248,high,statistical_outlier_for_review
1-coins/100_1477861410.jpg,full_bright_fraction,0.00036783854166666665,18.379845692843226,high,statistical_outlier_for_review
1-coins/145_1479429012.jpg,full_bright_fraction,0.00036783854166666665,18.379845692843226,high,statistical_outlier_for_review
1-coins/100_1477861398.jpg,full_bright_fraction,0.00036458333333333335,18.211223255294207,high,statistical_outlier_for_review
1-coins/105_1479344520.jpg,full_bright_fraction,0.00036458333333333335,18.211223255294207,high,statistical_outlier_for_review
1-coins/65_1477846362.jpg,full_bright_fraction,0.000361328125,18.042600817745186,high,statistical_outlier_for_review
1-coins/65_1477846488.jpg,full_bright_fraction,0.000361328125,18.042600817745186,high,statistical_outlier_for_review
1-coins/55_1477838904.jpg,full_bright_fraction,0.00035807291666666664,17.873978380196164,high,statistical_outlier_for_review
1-coins/75_1477849854.jpg,full_bright_fraction,0.00035807291666666664,17.873978380196164,high,statistical_outlier_for_review
1-coins/75_1477849518.jpg,full_bright_fraction,0.00035481770833333334,17.705355942647145,high,statistical_outlier_for_review
1-coins/75_1477849908.jpg,full_bright_fraction,0.00035481770833333334,17.705355942647145,high,statistical_outlier_for_review
1-coins/100_1477154592.jpg,full_bright_fraction,0.0003515625,17.536733505098123,high,statistical_outlier_for_review
1-coins/100_1477860948.jpg,full_bright_fraction,0.0003515625,17.536733505098123,high,statistical_outlier_for_review
1-coins/125_1479424824.jpg,full_bright_fraction,0.0003515625,17.536733505098123,high,statistical_outlier_for_review
1-coins/145_1479428862.jpg,full_bright_fraction,0.0003515625,17.536733505098123,high,statistical_outlier_for_review
1-coins/60_1477845150.jpg,full_bright_fraction,0.0003515625,17.536733505098123,high,statistical_outlier_for_review
1-coins/100_1477861356.jpg,full_bright_fraction,0.0003483072916666667,17.368111067549105,high,statistical_outlier_for_review
1-coins/120_1479351630.jpg,full_bright_fraction,0.0003483072916666667,17.368111067549105,high,statistical_outlier_for_review
1-coins/25_1477286448.jpg,full_bright_fraction,0.0003483072916666667,17.368111067549105,high,statistical_outlier_for_review
1-coins/100_1477861386.jpg,full_bright_fraction,0.00034505208333333333,17.199488630000083,high,statistical_outlier_for_review
1-coins/120_1479423000.jpg,full_bright_fraction,0.00034505208333333333,17.199488630000083,high,statistical_outlier_for_review
1-coins/145_1479428892.jpg,full_bright_fraction,0.00034505208333333333,17.199488630000083,high,statistical_outlier_for_review
1-coins/60_1477845102.jpg,full_bright_fraction,0.00034505208333333333,17.199488630000083,high,statistical_outlier_for_review
1-coins/125_1479424818.jpg,full_bright_fraction,0.000341796875,17.03086619245106,high,statistical_outlier_for_review
1-coins/100_1477861392.jpg,full_bright_fraction,0.0003385416666666667,16.862243754902043,high,statistical_outlier_for_review
1-coins/130_1477861914.jpg,full_bright_fraction,0.0003385416666666667,16.862243754902043,high,statistical_outlier_for_review
1-coins/150_1479429666.jpg,full_bright_fraction,0.0003385416666666667,16.862243754902043,high,statistical_outlier_for_review
1-coins/65_1477846422.jpg,full_bright_fraction,0.0003385416666666667,16.862243754902043,high,statistical_outlier_for_review
1-coins/100_1477279914.jpg,full_bright_fraction,0.0003352864583333333,16.693621317353024,high,statistical_outlier_for_review
1-coins/100_1477280994.jpg,full_bright_fraction,0.0003352864583333333,16.693621317353024,high,statistical_outlier_for_review
1-coins/100_1477861446.jpg,full_bright_fraction,0.0003352864583333333,16.693621317353024,high,statistical_outlier_for_review
1-coins/105_1479344592.jpg,full_bright_fraction,0.0003352864583333333,16.693621317353024,high,statistical_outlier_for_review
1-coins/65_1477846428.jpg,full_bright_fraction,0.0003352864583333333,16.693621317353024,high,statistical_outlier_for_review
1-coins/100_1477280982.jpg,full_bright_fraction,0.00033203125,16.524998879804006,high,statistical_outlier_for_review
1-coins/100_1477860942.jpg,full_bright_fraction,0.00033203125,16.524998879804006,high,statistical_outlier_for_review
1-coins/105_1479344508.jpg,full_bright_fraction,0.00033203125,16.524998879804006,high,statistical_outlier_for_review
1-coins/135_1479425916.jpg,full_bright_fraction,0.00033203125,16.524998879804006,high,statistical_outlier_for_review
1-coins/145_1479428898.jpg,full_bright_fraction,0.00033203125,16.524998879804006,high,statistical_outlier_for_review
1-coins/50_1477283250.jpg,full_bright_fraction,0.00033203125,16.524998879804006,high,statistical_outlier_for_review
1-coins/75_1477850034.jpg,full_bright_fraction,0.00033203125,16.524998879804006,high,statistical_outlier_for_review
1-coins/80_1477851726.jpg,full_bright_fraction,0.00033203125,16.524998879804006,high,statistical_outlier_for_review
1-coins/100_1477861314.jpg,full_bright_fraction,0.00032877604166666667,16.35637644225498,high,statistical_outlier_for_review
1-coins/145_1479428886.jpg,full_bright_fraction,0.00032877604166666667,16.35637644225498,high,statistical_outlier_for_review
1-coins/75_1477849512.jpg,full_bright_fraction,0.00032877604166666667,16.35637644225498,high,statistical_outlier_for_review
1-coins/80_1477850736.jpg,full_bright_fraction,0.00032877604166666667,16.35637644225498,high,statistical_outlier_for_review
1-coins/150_1479430032.jpg,full_bright_fraction,0.0003255208333333333,16.187754004705962,high,statistical_outlier_for_review
1-coins/60_1477843956.jpg,full_bright_fraction,0.0003255208333333333,16.187754004705962,high,statistical_outlier_for_review
1-coins/60_1477843962.jpg,full_bright_fraction,0.0003255208333333333,16.187754004705962,high,statistical_outlier_for_review
1-coins/70_1477846866.jpg,full_bright_fraction,0.0003255208333333333,16.187754004705962,high,statistical_outlier_for_review
1-coins/75_1477850448.jpg,full_bright_fraction,0.0003255208333333333,16.187754004705962,high,statistical_outlier_for_review
1-coins/80_1477850688.jpg,full_bright_fraction,0.0003255208333333333,16.187754004705962,high,statistical_outlier_for_review
1-coins/80_1477850832.jpg,full_bright_fraction,0.0003255208333333333,16.187754004705962,high,statistical_outlier_for_review
1-coins/70_1477846860.jpg,full_bright_fraction,0.000322265625,16.01913156715694,high,statistical_outlier_for_review
1-coins/75_1477850520.jpg,full_bright_fraction,0.000322265625,16.01913156715694,high,statistical_outlier_for_review
1-coins/140_1479427374.jpg,full_bright_fraction,0.00031901041666666666,15.850509129607921,high,statistical_outlier_for_review
1-coins/170_1479423288.jpg,full_bright_fraction,0.00031901041666666666,15.850509129607921,high,statistical_outlier_for_review
1-coins/100_1477861104.jpg,full_bright_fraction,0.0003157552083333333,15.681886692058898,high,statistical_outlier_for_review
1-coins/145_1479428970.jpg,full_bright_fraction,0.0003157552083333333,15.681886692058898,high,statistical_outlier_for_review
1-coins/105_1479344418.jpg,full_bright_fraction,0.0003125,15.51326425450988,high,statistical_outlier_for_review
1-coins/175_1479423516.jpg,full_bright_fraction,0.0003125,15.51326425450988,high,statistical_outlier_for_review
1-coins/60_1477844238.jpg,full_bright_fraction,0.0003125,15.51326425450988,high,statistical_outlier_for_review
1-coins/80_1477850874.jpg,full_bright_fraction,0.0003125,15.51326425450988,high,statistical_outlier_for_review
1-coins/100_1477279896.jpg,full_bright_fraction,0.00030924479166666665,15.344641816960857,high,statistical_outlier_for_review
1-coins/140_1479427368.jpg,full_bright_fraction,0.00030924479166666665,15.344641816960857,high,statistical_outlier_for_review
1-coins/140_1479427380.jpg,full_bright_fraction,0.00030924479166666665,15.344641816960857,high,statistical_outlier_for_review
1-coins/25_1477287018.jpg,full_bright_fraction,0.00030924479166666665,15.344641816960857,high,statistical_outlier_for_review
1-coins/55_1477839030.jpg,full_bright_fraction,0.00030924479166666665,15.344641816960857,high,statistical_outlier_for_review
1-coins/60_1477845234.jpg,full_bright_fraction,0.00030924479166666665,15.344641816960857,high,statistical_outlier_for_review
1-coins/130_1477861980.jpg,full_bright_fraction,0.00030598958333333335,15.176019379411839,high,statistical_outlier_for_review
1-coins/75_1477849848.jpg,full_bright_fraction,0.00030598958333333335,15.176019379411839,high,statistical_outlier_for_review
1-coins/80_1477850952.jpg,full_bright_fraction,0.00030598958333333335,15.176019379411839,high,statistical_outlier_for_review
1-coins/170_1479423216.jpg,full_bright_fraction,0.000302734375,15.007396941862819,high,statistical_outlier_for_review
1-coins/70_1477849278.jpg,full_bright_fraction,0.000302734375,15.007396941862819,high,statistical_outlier_for_review
1-coins/75_1477850070.jpg,full_bright_fraction,0.000302734375,15.007396941862819,high,statistical_outlier_for_review
1-coins/100_1477279602.jpg,full_bright_fraction,0.00029947916666666664,14.838774504313795,high,statistical_outlier_for_review
1-coins/125_1479424542.jpg,full_bright_fraction,0.00029947916666666664,14.838774504313795,high,statistical_outlier_for_review
1-coins/45_1477835682.jpg,full_bright_fraction,0.00029947916666666664,14.838774504313795,high,statistical_outlier_for_review
1-coins/55_1477838886.jpg,full_bright_fraction,0.00029947916666666664,14.838774504313795,high,statistical_outlier_for_review
1-coins/70_1477846776.jpg,full_bright_fraction,0.00029947916666666664,14.838774504313795,high,statistical_outlier_for_review
1-coins/105_1479344502.jpg,full_bright_fraction,0.00029622395833333334,14.670152066764777,high,statistical_outlier_for_review
1-coins/145_1479429018.jpg,full_bright_fraction,0.00029622395833333334,14.670152066764777,high,statistical_outlier_for_review
1-coins/50_1477282554.jpg,full_bright_fraction,0.00029622395833333334,14.670152066764777,high,statistical_outlier_for_review
1-coins/50_1477282938.jpg,full_bright_fraction,0.00029622395833333334,14.670152066764777,high,statistical_outlier_for_review
1-coins/60_1477843968.jpg,full_bright_fraction,0.00029622395833333334,14.670152066764777,high,statistical_outlier_for_review
1-coins/105_1479344484.jpg,full_bright_fraction,0.00029296875,14.501529629215757,high,statistical_outlier_for_review
1-coins/115_1479350544.jpg,full_bright_fraction,0.00029296875,14.501529629215757,high,statistical_outlier_for_review
1-coins/100_1477860822.jpg,full_bright_fraction,0.0002897135416666667,14.332907191666738,high,statistical_outlier_for_review
1-coins/50_1477283220.jpg,full_bright_fraction,0.0002897135416666667,14.332907191666738,high,statistical_outlier_for_review
1-coins/80_1477850694.jpg,full_bright_fraction,0.0002897135416666667,14.332907191666738,high,statistical_outlier_for_review
1-coins/60_1477844058.jpg,full_bright_fraction,0.00028645833333333333,14.164284754117716,high,statistical_outlier_for_review
1-coins/70_1477846830.jpg,full_bright_fraction,0.00028645833333333333,14.164284754117716,high,statistical_outlier_for_review
1-coins/80_1477850730.jpg,full_bright_fraction,0.00028645833333333333,14.164284754117716,high,statistical_outlier_for_review
1-coins/115_1479350538.jpg,full_bright_fraction,0.000283203125,13.995662316568696,high,statistical_outlier_for_review
1-coins/55_1477842714.jpg,full_bright_fraction,0.000283203125,13.995662316568696,high,statistical_outlier_for_review
1-coins/60_1477845240.jpg,full_bright_fraction,0.000283203125,13.995662316568696,high,statistical_outlier_for_review
1-coins/65_1477846296.jpg,full_bright_fraction,0.000283203125,13.995662316568696,high,statistical_outlier_for_review
1-coins/65_1477846566.jpg,full_bright_fraction,0.000283203125,13.995662316568696,high,statistical_outlier_for_review
1-coins/75_1477850454.jpg,full_bright_fraction,0.000283203125,13.995662316568696,high,statistical_outlier_for_review
1-coins/100_1477860660.jpg,full_bright_fraction,0.0002799479166666667,13.827039879019678,high,statistical_outlier_for_review
1-coins/100_1477861098.jpg,full_bright_fraction,0.0002799479166666667,13.827039879019678,high,statistical_outlier_for_review
1-coins/120_1479423006.jpg,full_bright_fraction,0.0002799479166666667,13.827039879019678,high,statistical_outlier_for_review
1-coins/130_1477861926.jpg,full_bright_fraction,0.0002799479166666667,13.827039879019678,high,statistical_outlier_for_review
1-coins/145_1479428910.jpg,full_bright_fraction,0.0002799479166666667,13.827039879019678,high,statistical_outlier_for_review
1-coins/150_1479430344.jpg,full_bright_fraction,0.0002799479166666667,13.827039879019678,high,statistical_outlier_for_review
1-coins/150_1479430356.jpg,full_bright_fraction,0.0002799479166666667,13.827039879019678,high,statistical_outlier_for_review
1-coins/100_1477861110.jpg,full_bright_fraction,0.0002766927083333333,13.658417441470654,high,statistical_outlier_for_review
1-coins/125_1479424554.jpg,full_bright_fraction,0.0002766927083333333,13.658417441470654,high,statistical_outlier_for_review
1-coins/130_1477861962.jpg,full_bright_fraction,0.0002766927083333333,13.658417441470654,high,statistical_outlier_for_review
1-coins/145_1479428904.jpg,full_bright_fraction,0.0002766927083333333,13.658417441470654,high,statistical_outlier_for_review
1-coins/150_1479430338.jpg,full_bright_fraction,0.0002766927083333333,13.658417441470654,high,statistical_outlier_for_review
1-coins/70_1477849284.jpg,full_bright_fraction,0.0002766927083333333,13.658417441470654,high,statistical_outlier_for_review
1-coins/75_1477849506.jpg,full_bright_fraction,0.0002766927083333333,13.658417441470654,high,statistical_outlier_for_review
1-coins/75_1477849536.jpg,full_bright_fraction,0.0002766927083333333,13.658417441470654,high,statistical_outlier_for_review
1-coins/100_1477860582.jpg,full_bright_fraction,0.0002734375,13.489795003921635,high,statistical_outlier_for_review
1-coins/100_1477861326.jpg,full_bright_fraction,0.0002734375,13.489795003921635,high,statistical_outlier_for_review
1-coins/100_1477861404.jpg,full_bright_fraction,0.0002734375,13.489795003921635,high,statistical_outlier_for_review
1-coins/10_1477147560.jpg,full_bright_fraction,0.0002734375,13.489795003921635,high,statistical_outlier_for_review
1-coins/125_1479424692.jpg,full_bright_fraction,0.0002734375,13.489795003921635,high,statistical_outlier_for_review
1-coins/125_1479424830.jpg,full_bright_fraction,0.0002734375,13.489795003921635,high,statistical_outlier_for_review
1-coins/150_1479430332.jpg,full_bright_fraction,0.0002734375,13.489795003921635,high,statistical_outlier_for_review
1-coins/150_1479430398.jpg,full_bright_fraction,0.0002734375,13.489795003921635,high,statistical_outlier_for_review
1-coins/80_1477851882.jpg,full_bright_fraction,0.0002734375,13.489795003921635,high,statistical_outlier_for_review
1-coins/130_1477861932.jpg,full_bright_fraction,0.00027018229166666667,13.321172566372615,high,statistical_outlier_for_review
1-coins/60_1477844790.jpg,full_bright_fraction,0.00027018229166666667,13.321172566372615,high,statistical_outlier_for_review
1-coins/60_1477845444.jpg,full_bright_fraction,0.00027018229166666667,13.321172566372615,high,statistical_outlier_for_review
1-coins/75_1477849902.jpg,full_bright_fraction,0.00027018229166666667,13.321172566372615,high,statistical_outlier_for_review
1-coins/80_1477850682.jpg,full_bright_fraction,0.00027018229166666667,13.321172566372615,high,statistical_outlier_for_review
1-coins/100_1477858218.jpg,full_bright_fraction,0.0002669270833333333,13.152550128823593,high,statistical_outlier_for_review
1-coins/100_1477860834.jpg,full_bright_fraction,0.0002669270833333333,13.152550128823593,high,statistical_outlier_for_review
1-coins/100_1477861080.jpg,full_bright_fraction,0.0002669270833333333,13.152550128823593,high,statistical_outlier_for_review
1-coins/105_1479344526.jpg,full_bright_fraction,0.0002669270833333333,13.152550128823593,high,statistical_outlier_for_review
1-coins/105_1479345276.jpg,full_bright_fraction,0.0002669270833333333,13.152550128823593,high,statistical_outlier_for_review
1-coins/50_1477144548.jpg,full_bright_fraction,0.0002669270833333333,13.152550128823593,high,statistical_outlier_for_review
1-coins/50_1477282560.jpg,full_bright_fraction,0.0002669270833333333,13.152550128823593,high,statistical_outlier_for_review
1-coins/55_1477842306.jpg,full_bright_fraction,0.0002669270833333333,13.152550128823593,high,statistical_outlier_for_review
1-coins/60_1477843914.jpg,full_bright_fraction,0.0002669270833333333,13.152550128823593,high,statistical_outlier_for_review
1-coins/65_1477846464.jpg,full_bright_fraction,0.0002669270833333333,13.152550128823593,high,statistical_outlier_for_review
1-coins/90_1477855734.jpg,full_bright_fraction,0.0002669270833333333,13.152550128823593,high,statistical_outlier_for_review
1-coins/100_1477861038.jpg,full_bright_fraction,0.000263671875,12.983927691274575,high,statistical_outlier_for_review
1-coins/105_1479344586.jpg,full_bright_fraction,0.000263671875,12.983927691274575,high,statistical_outlier_for_review
1-coins/150_1479429636.jpg,full_bright_fraction,0.000263671875,12.983927691274575,high,statistical_outlier_for_review
1-coins/50_1477282566.jpg,full_bright_fraction,0.000263671875,12.983927691274575,high,statistical_outlier_for_review
1-coins/100_1477861140.jpg,full_bright_fraction,0.0002571614583333333,12.64668281617653,high,statistical_outlier_for_review
1-coins/105_1479344538.jpg,full_bright_fraction,0.0002571614583333333,12.64668281617653,high,statistical_outlier_for_review
1-coins/150_1477864386.jpg,full_bright_fraction,0.0002571614583333333,12.64668281617653,high,statistical_outlier_for_review
1-coins/175_1479423510.jpg,full_bright_fraction,0.0002571614583333333,12.64668281617653,high,statistical_outlier_for_review
1-coins/65_1477846470.jpg,full_bright_fraction,0.0002571614583333333,12.64668281617653,high,statistical_outlier_for_review
1-coins/70_1477846854.jpg,full_bright_fraction,0.0002571614583333333,12.64668281617653,high,statistical_outlier_for_review
1-coins/70_1477848954.jpg,full_bright_fraction,0.0002571614583333333,12.64668281617653,high,statistical_outlier_for_review
1-coins/90_1477855728.jpg,full_bright_fraction,0.0002571614583333333,12.64668281617653,high,statistical_outlier_for_review
1-coins/105_1479344490.jpg,full_bright_fraction,0.00025390625,12.47806037862751,high,statistical_outlier_for_review
1-coins/105_1479344688.jpg,full_bright_fraction,0.00025390625,12.47806037862751,high,statistical_outlier_for_review
1-coins/125_1479424812.jpg,full_bright_fraction,0.00025390625,12.47806037862751,high,statistical_outlier_for_review
1-coins/130_1477861968.jpg,full_bright_fraction,0.00025390625,12.47806037862751,high,statistical_outlier_for_review
1-coins/135_1479425982.jpg,full_bright_fraction,0.00025390625,12.47806037862751,high,statistical_outlier_for_review
1-coins/25_1477286922.jpg,full_bright_fraction,0.00025390625,12.47806037862751,high,statistical_outlier_for_review
1-coins/40_1477790832.jpg,full_bright_fraction,0.00025390625,12.47806037862751,high,statistical_outlier_for_review
1-coins/80_1477850856.jpg,full_bright_fraction,0.00025390625,12.47806037862751,high,statistical_outlier_for_review
1-coins/100_1477860840.jpg,full_bright_fraction,0.00025065104166666665,12.309437941078489,high,statistical_outlier_for_review
1-coins/100_1477861044.jpg,full_bright_fraction,0.00025065104166666665,12.309437941078489,high,statistical_outlier_for_review
1-coins/120_1479422994.jpg,full_bright_fraction,0.00025065104166666665,12.309437941078489,high,statistical_outlier_for_review
1-coins/130_1477862856.jpg,full_bright_fraction,0.00025065104166666665,12.309437941078489,high,statistical_outlier_for_review
1-coins/145_1479428880.jpg,full_bright_fraction,0.00025065104166666665,12.309437941078489,high,statistical_outlier_for_review
1-coins/55_1477839018.jpg,full_bright_fraction,0.00025065104166666665,12.309437941078489,high,statistical_outlier_for_review
1-coins/60_1477844784.jpg,full_bright_fraction,0.00025065104166666665,12.309437941078489,high,statistical_outlier_for_review
1-coins/60_1477845390.jpg,full_bright_fraction,0.00025065104166666665,12.309437941078489,high,statistical_outlier_for_review
1-coins/70_1477849266.jpg,full_bright_fraction,0.00025065104166666665,12.309437941078489,high,statistical_outlier_for_review
1-coins/80_1477850850.jpg,full_bright_fraction,0.00025065104166666665,12.309437941078489,high,statistical_outlier_for_review
1-coins/80_1477851936.jpg,full_bright_fraction,0.00025065104166666665,12.309437941078489,high,statistical_outlier_for_review
1-coins/90_1477857108.jpg,full_bright_fraction,0.00025065104166666665,12.309437941078489,high,statistical_outlier_for_review
1-coins/105_1479345366.jpg,full_bright_fraction,0.00024739583333333335,12.14081550352947,high,statistical_outlier_for_review
1-coins/125_1479424548.jpg,full_bright_fraction,0.00024739583333333335,12.14081550352947,high,statistical_outlier_for_review
1-coins/125_1479424836.jpg,full_bright_fraction,0.00024739583333333335,12.14081550352947,high,statistical_outlier_for_review
1-coins/150_1479429528.jpg,full_bright_fraction,0.00024739583333333335,12.14081550352947,high,statistical_outlier_for_review
1-coins/60_1477843932.jpg,full_bright_fraction,0.00024739583333333335,12.14081550352947,high,statistical_outlier_for_review
1-coins/65_1477845690.jpg,full_bright_fraction,0.00024739583333333335,12.14081550352947,high,statistical_outlier_for_review
1-coins/65_1477846230.jpg,full_bright_fraction,0.00024739583333333335,12.14081550352947,high,statistical_outlier_for_review
1-coins/65_1477846518.jpg,full_bright_fraction,0.00024739583333333335,12.14081550352947,high,statistical_outlier_for_review
1-coins/75_1477849872.jpg,full_bright_fraction,0.00024739583333333335,12.14081550352947,high,statistical_outlier_for_review
1-coins/75_1477850382.jpg,full_bright_fraction,0.00024739583333333335,12.14081550352947,high,statistical_outlier_for_review
1-coins/80_1477850712.jpg,full_bright_fraction,0.00024739583333333335,12.14081550352947,high,statistical_outlier_for_review
1-coins/85_1477853940.jpg,full_bright_fraction,0.00024739583333333335,12.14081550352947,high,statistical_outlier_for_review
1-coins/90_1477855740.jpg,full_bright_fraction,0.00024739583333333335,12.14081550352947,high,statistical_outlier_for_review
1-coins/100_1477279920.jpg,full_bright_fraction,0.000244140625,11.97219306598045,high,statistical_outlier_for_review
1-coins/130_1477861920.jpg,full_bright_fraction,0.000244140625,11.97219306598045,high,statistical_outlier_for_review
1-coins/150_1479430326.jpg,full_bright_fraction,0.000244140625,11.97219306598045,high,statistical_outlier_for_review
1-coins/60_1477844064.jpg,full_bright_fraction,0.000244140625,11.97219306598045,high,statistical_outlier_for_review
1-coins/100_1477861164.jpg,full_bright_fraction,0.00024088541666666667,11.803570628431428,high,statistical_outlier_for_review
1-coins/105_1479344514.jpg,full_bright_fraction,0.00024088541666666667,11.803570628431428,high,statistical_outlier_for_review
1-coins/150_1479430392.jpg,full_bright_fraction,0.00024088541666666667,11.803570628431428,high,statistical_outlier_for_review
1-coins/25_1477286916.jpg,full_bright_fraction,0.00024088541666666667,11.803570628431428,high,statistical_outlier_for_review
1-coins/70_1477846848.jpg,full_bright_fraction,0.00024088541666666667,11.803570628431428,high,statistical_outlier_for_review
1-coins/80_1477850706.jpg,full_bright_fraction,0.00024088541666666667,11.803570628431428,high,statistical_outlier_for_review
1-coins/80_1477850718.jpg,full_bright_fraction,0.00024088541666666667,11.803570628431428,high,statistical_outlier_for_review
1-coins/80_1477850820.jpg,full_bright_fraction,0.00024088541666666667,11.803570628431428,high,statistical_outlier_for_review
1-coins/100_1477858908.jpg,full_bright_fraction,0.00023763020833333335,11.634948190882408,high,statistical_outlier_for_review
1-coins/100_1477860924.jpg,full_bright_fraction,0.00023763020833333335,11.634948190882408,high,statistical_outlier_for_review
1-coins/100_1477861050.jpg,full_bright_fraction,0.00023763020833333335,11.634948190882408,high,statistical_outlier_for_review
1-coins/100_1477861428.jpg,full_bright_fraction,0.00023763020833333335,11.634948190882408,high,statistical_outlier_for_review
1-coins/120_1479422970.jpg,full_bright_fraction,0.00023763020833333335,11.634948190882408,high,statistical_outlier_for_review
1-coins/150_1479429534.jpg,full_bright_fraction,0.00023763020833333335,11.634948190882408,high,statistical_outlier_for_review
1-coins/150_1479429642.jpg,full_bright_fraction,0.00023763020833333335,11.634948190882408,high,statistical_outlier_for_review
1-coins/175_1479423558.jpg,full_bright_fraction,0.00023763020833333335,11.634948190882408,high,statistical_outlier_for_review
1-coins/50_1477139868.jpg,full_bright_fraction,0.00023763020833333335,11.634948190882408,high,statistical_outlier_for_review
1-coins/55_1477842672.jpg,full_bright_fraction,0.00023763020833333335,11.634948190882408,high,statistical_outlier_for_review
1-coins/65_1477846458.jpg,full_bright_fraction,0.00023763020833333335,11.634948190882408,high,statistical_outlier_for_review
1-coins/100_1477861380.jpg,full_bright_fraction,0.000234375,11.466325753333388,high,statistical_outlier_for_review
1-coins/105_1479345282.jpg,full_bright_fraction,0.000234375,11.466325753333388,high,statistical_outlier_for_review
1-coins/120_1479422964.jpg,full_bright_fraction,0.000234375,11.466325753333388,high,statistical_outlier_for_review
1-coins/45_1477835688.jpg,full_bright_fraction,0.000234375,11.466325753333388,high,statistical_outlier_for_review
1-coins/70_1477846842.jpg,full_bright_fraction,0.000234375,11.466325753333388,high,statistical_outlier_for_review
1-coins/75_1477850436.jpg,full_bright_fraction,0.000234375,11.466325753333388,high,statistical_outlier_for_review
1-coins/90_1477857102.jpg,full_bright_fraction,0.000234375,11.466325753333388,high,statistical_outlier_for_review
1-coins/120_1479422934.jpg,full_bright_fraction,0.00023111979166666666,11.297703315784366,high,statistical_outlier_for_review
1-coins/130_1477861944.jpg,full_bright_fraction,0.00023111979166666666,11.297703315784366,high,statistical_outlier_for_review
1-coins/140_1479427362.jpg,full_bright_fraction,0.00023111979166666666,11.297703315784366,high,statistical_outlier_for_review
1-coins/175_1479423504.jpg,full_bright_fraction,0.00023111979166666666,11.297703315784366,high,statistical_outlier_for_review
1-coins/55_1477839234.jpg,full_bright_fraction,0.00023111979166666666,11.297703315784366,high,statistical_outlier_for_review
1-coins/60_1477844232.jpg,full_bright_fraction,0.00023111979166666666,11.297703315784366,high,statistical_outlier_for_review
1-coins/60_1477845222.jpg,full_bright_fraction,0.00023111979166666666,11.297703315784366,high,statistical_outlier_for_review
1-coins/60_1477845384.jpg,full_bright_fraction,0.00023111979166666666,11.297703315784366,high,statistical_outlier_for_review
1-coins/75_1477849950.jpg,full_bright_fraction,0.00023111979166666666,11.297703315784366,high,statistical_outlier_for_review
1-coins/75_1477850418.jpg,full_bright_fraction,0.00023111979166666666,11.297703315784366,high,statistical_outlier_for_review
1-coins/80_1477851156.jpg,full_bright_fraction,0.00023111979166666666,11.297703315784366,high,statistical_outlier_for_review
1-coins/80_1477851168.jpg,full_bright_fraction,0.00023111979166666666,11.297703315784366,high,statistical_outlier_for_review
1-coins/80_1477851762.jpg,full_bright_fraction,0.00023111979166666666,11.297703315784366,high,statistical_outlier_for_review
1-coins/90_1477855644.jpg,full_bright_fraction,0.00023111979166666666,11.297703315784366,high,statistical_outlier_for_review
1-coins/100_1477860774.jpg,full_bright_fraction,0.00022786458333333334,11.129080878235348,high,statistical_outlier_for_review
1-coins/100_1477861434.jpg,full_bright_fraction,0.00022786458333333334,11.129080878235348,high,statistical_outlier_for_review
1-coins/120_1479422958.jpg,full_bright_fraction,0.00022786458333333334,11.129080878235348,high,statistical_outlier_for_review
1-coins/125_1479424842.jpg,full_bright_fraction,0.00022786458333333334,11.129080878235348,high,statistical_outlier_for_review
1-coins/140_1479427212.jpg,full_bright_fraction,0.00022786458333333334,11.129080878235348,high,statistical_outlier_for_review
1-coins/150_1477864530.jpg,full_bright_fraction,0.00022786458333333334,11.129080878235348,high,statistical_outlier_for_review
1-coins/150_1479430380.jpg,full_bright_fraction,0.00022786458333333334,11.129080878235348,high,statistical_outlier_for_review
1-coins/65_1477846446.jpg,full_bright_fraction,0.00022786458333333334,11.129080878235348,high,statistical_outlier_for_review
1-coins/70_1477849260.jpg,full_bright_fraction,0.00022786458333333334,11.129080878235348,high,statistical_outlier_for_review
1-coins/75_1477850532.jpg,full_bright_fraction,0.00022786458333333334,11.129080878235348,high,statistical_outlier_for_review
1-coins/80_1477851714.jpg,full_bright_fraction,0.00022786458333333334,11.129080878235348,high,statistical_outlier_for_review
1-coins/100_1477280526.jpg,full_bright_fraction,0.000224609375,10.960458440686327,high,statistical_outlier_for_review
1-coins/100_1477861062.jpg,full_bright_fraction,0.000224609375,10.960458440686327,high,statistical_outlier_for_review
1-coins/105_1479344460.jpg,full_bright_fraction,0.000224609375,10.960458440686327,high,statistical_outlier_for_review
1-coins/10_1477147566.jpg,full_bright_fraction,0.000224609375,10.960458440686327,high,statistical_outlier_for_review
1-coins/130_1477861950.jpg,full_bright_fraction,0.000224609375,10.960458440686327,high,statistical_outlier_for_review
1-coins/140_1479427170.jpg,full_bright_fraction,0.000224609375,10.960458440686327,high,statistical_outlier_for_review
1-coins/175_1479423528.jpg,full_bright_fraction,0.000224609375,10.960458440686327,high,statistical_outlier_for_review
1-coins/55_1477842684.jpg,full_bright_fraction,0.000224609375,10.960458440686327,high,statistical_outlier_for_review
1-coins/5_1477188522.jpg,full_bright_fraction,0.000224609375,10.960458440686327,high,statistical_outlier_for_review
1-coins/60_1477845036.jpg,full_bright_fraction,0.000224609375,10.960458440686327,high,statistical_outlier_for_review
1-coins/60_1477845120.jpg,full_bright_fraction,0.000224609375,10.960458440686327,high,statistical_outlier_for_review
1-coins/65_1477846512.jpg,full_bright_fraction,0.000224609375,10.960458440686327,high,statistical_outlier_for_review
1-coins/75_1477849524.jpg,full_bright_fraction,0.000224609375,10.960458440686327,high,statistical_outlier_for_review
1-coins/80_1477850814.jpg,full_bright_fraction,0.000224609375,10.960458440686327,high,statistical_outlier_for_review
1-coins/80_1477850844.jpg,full_bright_fraction,0.000224609375,10.960458440686327,high,statistical_outlier_for_review
1-coins/90_1477855746.jpg,full_bright_fraction,0.000224609375,10.960458440686327,high,statistical_outlier_for_review
1-coins/100_1477860918.jpg,full_bright_fraction,0.00022135416666666666,10.791836003137306,high,statistical_outlier_for_review
1-coins/150_1477864272.jpg,full_bright_fraction,0.00022135416666666666,10.791836003137306,high,statistical_outlier_for_review
1-coins/150_1477864284.jpg,full_bright_fraction,0.00022135416666666666,10.791836003137306,high,statistical_outlier_for_review
1-coins/150_1479429594.jpg,full_bright_fraction,0.00022135416666666666,10.791836003137306,high,statistical_outlier_for_review
1-coins/150_1479429624.jpg,full_bright_fraction,0.00022135416666666666,10.791836003137306,high,statistical_outlier_for_review
1-coins/150_1479429630.jpg,full_bright_fraction,0.00022135416666666666,10.791836003137306,high,statistical_outlier_for_review
1-coins/55_1477842708.jpg,full_bright_fraction,0.00022135416666666666,10.791836003137306,high,statistical_outlier_for_review
1-coins/80_1477850700.jpg,full_bright_fraction,0.00022135416666666666,10.791836003137306,high,statistical_outlier_for_review
1-coins/100_1477195464.jpg,full_bright_fraction,0.00021809895833333333,10.623213565588285,high,statistical_outlier_for_review
1-coins/100_1477860720.jpg,full_bright_fraction,0.00021809895833333333,10.623213565588285,high,statistical_outlier_for_review
1-coins/100_1477861086.jpg,full_bright_fraction,0.00021809895833333333,10.623213565588285,high,statistical_outlier_for_review
1-coins/105_1479344544.jpg,full_bright_fraction,0.00021809895833333333,10.623213565588285,high,statistical_outlier_for_review
1-coins/110_1479346116.jpg,full_bright_fraction,0.00021809895833333333,10.623213565588285,high,statistical_outlier_for_review
1-coins/120_1479351330.jpg,full_bright_fraction,0.00021809895833333333,10.623213565588285,high,statistical_outlier_for_review
1-coins/150_1477864278.jpg,full_bright_fraction,0.00021809895833333333,10.623213565588285,high,statistical_outlier_for_review
1-coins/150_1477864542.jpg,full_bright_fraction,0.00021809895833333333,10.623213565588285,high,statistical_outlier_for_review
1-coins/75_1477850412.jpg,full_bright_fraction,0.00021809895833333333,10.623213565588285,high,statistical_outlier_for_review
1-coins/100_1477860936.jpg,full_bright_fraction,0.00021484375,10.454591128039267,high,statistical_outlier_for_review
1-coins/105_1479345414.jpg,full_bright_fraction,0.00021484375,10.454591128039267,high,statistical_outlier_for_review
1-coins/110_1479346110.jpg,full_bright_fraction,0.00021484375,10.454591128039267,high,statistical_outlier_for_review
1-coins/120_1479351648.jpg,full_bright_fraction,0.00021484375,10.454591128039267,high,statistical_outlier_for_review
1-coins/135_1479425976.jpg,full_bright_fraction,0.00021484375,10.454591128039267,high,statistical_outlier_for_review
1-coins/150_1479429522.jpg,full_bright_fraction,0.00021484375,10.454591128039267,high,statistical_outlier_for_review
1-coins/55_1477838892.jpg,full_bright_fraction,0.00021484375,10.454591128039267,high,statistical_outlier_for_review
1-coins/60_1477845042.jpg,full_bright_fraction,0.00021484375,10.454591128039267,high,statistical_outlier_for_review
1-coins/75_1477849878.jpg,full_bright_fraction,0.00021484375,10.454591128039267,high,statistical_outlier_for_review
1-coins/80_1477850838.jpg,full_bright_fraction,0.00021484375,10.454591128039267,high,statistical_outlier_for_review
1-coins/85_1477852170.jpg,full_bright_fraction,0.00021484375,10.454591128039267,high,statistical_outlier_for_review
1-coins/90_1477854954.jpg,full_bright_fraction,0.00021484375,10.454591128039267,high,statistical_outlier_for_review
1-coins/100_1477860630.jpg,full_bright_fraction,0.00021158854166666667,10.285968690490245,high,statistical_outlier_for_review
1-coins/100_1477860690.jpg,full_bright_fraction,0.00021158854166666667,10.285968690490245,high,statistical_outlier_for_review
1-coins/100_1477861074.jpg,full_bright_fraction,0.00021158854166666667,10.285968690490245,high,statistical_outlier_for_review
1-coins/100_1477861128.jpg,full_bright_fraction,0.00021158854166666667,10.285968690490245,high,statistical_outlier_for_review
1-coins/105_1479345408.jpg,full_bright_fraction,0.00021158854166666667,10.285968690490245,high,statistical_outlier_for_review
1-coins/120_1479351474.jpg,full_bright_fraction,0.00021158854166666667,10.285968690490245,high,statistical_outlier_for_review
1-coins/150_1479429774.jpg,full_bright_fraction,0.00021158854166666667,10.285968690490245,high,statistical_outlier_for_review
1-coins/150_1479430374.jpg,full_bright_fraction,0.00021158854166666667,10.285968690490245,high,statistical_outlier_for_review
1-coins/55_1477839048.jpg,full_bright_fraction,0.00021158854166666667,10.285968690490245,high,statistical_outlier_for_review
1-coins/65_1477846572.jpg,full_bright_fraction,0.00021158854166666667,10.285968690490245,high,statistical_outlier_for_review
1-coins/80_1477851126.jpg,full_bright_fraction,0.00021158854166666667,10.285968690490245,high,statistical_outlier_for_review
1-coins/85_1477854246.jpg,full_bright_fraction,0.00021158854166666667,10.285968690490245,high,statistical_outlier_for_review
1-coins/10_1477288614.jpg,full_bright_fraction,0.00020833333333333335,10.117346252941225,high,statistical_outlier_for_review
1-coins/115_1479350532.jpg,full_bright_fraction,0.00020833333333333335,10.117346252941225,high,statistical_outlier_for_review
1-coins/120_1479351510.jpg,full_bright_fraction,0.00020833333333333335,10.117346252941225,high,statistical_outlier_for_review
1-coins/120_1479351588.jpg,full_bright_fraction,0.00020833333333333335,10.117346252941225,high,statistical_outlier_for_review
1-coins/120_1479422976.jpg,full_bright_fraction,0.00020833333333333335,10.117346252941225,high,statistical_outlier_for_review
1-coins/135_1479426990.jpg,full_bright_fraction,0.00020833333333333335,10.117346252941225,high,statistical_outlier_for_review
1-coins/145_1479429006.jpg,full_bright_fraction,0.00020833333333333335,10.117346252941225,high,statistical_outlier_for_review
1-coins/150_1477864392.jpg,full_bright_fraction,0.00020833333333333335,10.117346252941225,high,statistical_outlier_for_review
1-coins/150_1479429780.jpg,full_bright_fraction,0.00020833333333333335,10.117346252941225,high,statistical_outlier_for_review
1-coins/175_1479423534.jpg,full_bright_fraction,0.00020833333333333335,10.117346252941225,high,statistical_outlier_for_review
1-coins/175_1479423540.jpg,full_bright_fraction,0.00020833333333333335,10.117346252941225,high,statistical_outlier_for_review
1-coins/25_1477286850.jpg,full_bright_fraction,0.00020833333333333335,10.117346252941225,high,statistical_outlier_for_review
1-coins/25_1477286958.jpg,full_bright_fraction,0.00020833333333333335,10.117346252941225,high,statistical_outlier_for_review
1-coins/55_1477843554.jpg,full_bright_fraction,0.00020833333333333335,10.117346252941225,high,statistical_outlier_for_review
1-coins/100_1477861134.jpg,full_bright_fraction,0.000205078125,9.948723815392205,high,statistical_outlier_for_review
1-coins/105_1479345402.jpg,full_bright_fraction,0.000205078125,9.948723815392205,high,statistical_outlier_for_review
1-coins/120_1479422940.jpg,full_bright_fraction,0.000205078125,9.948723815392205,high,statistical_outlier_for_review
1-coins/130_1477862934.jpg,full_bright_fraction,0.000205078125,9.948723815392205,high,statistical_outlier_for_review
1-coins/145_1479429000.jpg,full_bright_fraction,0.000205078125,9.948723815392205,high,statistical_outlier_for_review
1-coins/150_1477864380.jpg,full_bright_fraction,0.000205078125,9.948723815392205,high,statistical_outlier_for_review
1-coins/25_1477287006.jpg,full_bright_fraction,0.000205078125,9.948723815392205,high,statistical_outlier_for_review
1-coins/55_1477838934.jpg,full_bright_fraction,0.000205078125,9.948723815392205,high,statistical_outlier_for_review
1-coins/55_1477842660.jpg,full_bright_fraction,0.000205078125,9.948723815392205,high,statistical_outlier_for_review
1-coins/65_1477845540.jpg,full_bright_fraction,0.000205078125,9.948723815392205,high,statistical_outlier_for_review
1-coins/65_1477846332.jpg,full_bright_fraction,0.000205078125,9.948723815392205,high,statistical_outlier_for_review
1-coins/70_1477848948.jpg,full_bright_fraction,0.000205078125,9.948723815392205,high,statistical_outlier_for_review
1-coins/75_1477850004.jpg,full_bright_fraction,0.000205078125,9.948723815392205,high,statistical_outlier_for_review
1-coins/80_1477850634.jpg,full_bright_fraction,0.000205078125,9.948723815392205,high,statistical_outlier_for_review
1-coins/100_1477280976.jpg,full_bright_fraction,0.00020182291666666667,9.780101377843183,high,statistical_outlier_for_review
1-coins/100_1477861158.jpg,full_bright_fraction,0.00020182291666666667,9.780101377843183,high,statistical_outlier_for_review
1-coins/100_1477861188.jpg,full_bright_fraction,0.00020182291666666667,9.780101377843183,high,statistical_outlier_for_review
1-coins/105_1479344532.jpg,full_bright_fraction,0.00020182291666666667,9.780101377843183,high,statistical_outlier_for_review
1-coins/45_1477835646.jpg,full_bright_fraction,0.00020182291666666667,9.780101377843183,high,statistical_outlier_for_review
1-coins/65_1477845684.jpg,full_bright_fraction,0.00020182291666666667,9.780101377843183,high,statistical_outlier_for_review
1-coins/65_1477846482.jpg,full_bright_fraction,0.00020182291666666667,9.780101377843183,high,statistical_outlier_for_review
1-coins/70_1477846710.jpg,full_bright_fraction,0.00020182291666666667,9.780101377843183,high,statistical_outlier_for_review
1-coins/70_1477848942.jpg,full_bright_fraction,0.00020182291666666667,9.780101377843183,high,statistical_outlier_for_review
1-coins/90_1477854948.jpg,full_bright_fraction,0.00020182291666666667,9.780101377843183,high,statistical_outlier_for_review
1-coins/100_1477154994.jpg,full_bright_fraction,0.00019856770833333334,9.611478940294164,high,statistical_outlier_for_review
1-coins/100_1477280070.jpg,full_bright_fraction,0.00019856770833333334,9.611478940294164,high,statistical_outlier_for_review
1-coins/150_1479430302.jpg,full_bright_fraction,0.00019856770833333334,9.611478940294164,high,statistical_outlier_for_review
1-coins/175_1479423564.jpg,full_bright_fraction,0.00019856770833333334,9.611478940294164,high,statistical_outlier_for_review
1-coins/50_1477282296.jpg,full_bright_fraction,0.00019856770833333334,9.611478940294164,high,statistical_outlier_for_review
1-coins/60_1477845108.jpg,full_bright_fraction,0.00019856770833333334,9.611478940294164,high,statistical_outlier_for_review
1-coins/60_1477845180.jpg,full_bright_fraction,0.00019856770833333334,9.611478940294164,high,statistical_outlier_for_review
1-coins/65_1477846326.jpg,full_bright_fraction,0.00019856770833333334,9.611478940294164,high,statistical_outlier_for_review
1-coins/65_1477846338.jpg,full_bright_fraction,0.00019856770833333334,9.611478940294164,high,statistical_outlier_for_review
1-coins/70_1477846746.jpg,full_bright_fraction,0.00019856770833333334,9.611478940294164,high,statistical_outlier_for_review
1-coins/80_1477851192.jpg,full_bright_fraction,0.00019856770833333334,9.611478940294164,high,statistical_outlier_for_review
1-coins/85_1477854162.jpg,full_bright_fraction,0.00019856770833333334,9.611478940294164,high,statistical_outlier_for_review
1-coins/85_1477854192.jpg,full_bright_fraction,0.00019856770833333334,9.611478940294164,high,statistical_outlier_for_review
1-coins/100_1477861068.jpg,full_bright_fraction,0.0001953125,9.442856502745144,high,statistical_outlier_for_review
1-coins/105_1479344574.jpg,full_bright_fraction,0.0001953125,9.442856502745144,high,statistical_outlier_for_review
1-coins/110_1479346122.jpg,full_bright_fraction,0.0001953125,9.442856502745144,high,statistical_outlier_for_review
1-coins/115_1479348312.jpg,full_bright_fraction,0.0001953125,9.442856502745144,high,statistical_outlier_for_review
1-coins/120_1479422922.jpg,full_bright_fraction,0.0001953125,9.442856502745144,high,statistical_outlier_for_review
1-coins/130_1477861956.jpg,full_bright_fraction,0.0001953125,9.442856502745144,high,statistical_outlier_for_review
1-coins/145_1479428916.jpg,full_bright_fraction,0.0001953125,9.442856502745144,high,statistical_outlier_for_review
1-coins/50_1477139850.jpg,full_bright_fraction,0.0001953125,9.442856502745144,high,statistical_outlier_for_review
1-coins/70_1477846698.jpg,full_bright_fraction,0.0001953125,9.442856502745144,high,statistical_outlier_for_review
1-coins/75_1477849476.jpg,full_bright_fraction,0.0001953125,9.442856502745144,high,statistical_outlier_for_review
1-coins/90_1477855722.jpg,full_bright_fraction,0.0001953125,9.442856502745144,high,statistical_outlier_for_review
1-coins/100_1477280796.jpg,full_bright_fraction,0.00019205729166666666,9.274234065196122,high,statistical_outlier_for_review
1-coins/100_1477858698.jpg,full_bright_fraction,0.00019205729166666666,9.274234065196122,high,statistical_outlier_for_review
1-coins/100_1477860570.jpg,full_bright_fraction,0.00019205729166666666,9.274234065196122,high,statistical_outlier_for_review
1-coins/100_1477861194.jpg,full_bright_fraction,0.00019205729166666666,9.274234065196122,high,statistical_outlier_for_review
1-coins/140_1479427458.jpg,full_bright_fraction,0.00019205729166666666,9.274234065196122,high,statistical_outlier_for_review
1-coins/150_1479429648.jpg,full_bright_fraction,0.00019205729166666666,9.274234065196122,high,statistical_outlier_for_review
1-coins/150_1479430362.jpg,full_bright_fraction,0.00019205729166666666,9.274234065196122,high,statistical_outlier_for_review
1-coins/60_1477845354.jpg,full_bright_fraction,0.00019205729166666666,9.274234065196122,high,statistical_outlier_for_review
1-coins/65_1477846548.jpg,full_bright_fraction,0.00019205729166666666,9.274234065196122,high,statistical_outlier_for_review
1-coins/75_1477849494.jpg,full_bright_fraction,0.00019205729166666666,9.274234065196122,high,statistical_outlier_for_review
1-coins/75_1477849614.jpg,full_bright_fraction,0.00019205729166666666,9.274234065196122,high,statistical_outlier_for_review
1-coins/100_1477860624.jpg,full_bright_fraction,0.00018880208333333333,9.105611627647102,high,statistical_outlier_for_review
1-coins/115_1479348306.jpg,full_bright_fraction,0.00018880208333333333,9.105611627647102,high,statistical_outlier_for_review
1-coins/150_1477864332.jpg,full_bright_fraction,0.00018880208333333333,9.105611627647102,high,statistical_outlier_for_review
1-coins/150_1479430254.jpg,full_bright_fraction,0.00018880208333333333,9.105611627647102,high,statistical_outlier_for_review
1-coins/175_1479423756.jpg,full_bright_fraction,0.00018880208333333333,9.105611627647102,high,statistical_outlier_for_review
1-coins/50_1477139856.jpg,full_bright_fraction,0.00018880208333333333,9.105611627647102,high,statistical_outlier_for_review
1-coins/50_1477282692.jpg,full_bright_fraction,0.00018880208333333333,9.105611627647102,high,statistical_outlier_for_review
1-coins/65_1477845612.jpg,full_bright_fraction,0.00018880208333333333,9.105611627647102,high,statistical_outlier_for_review
1-coins/65_1477845618.jpg,full_bright_fraction,0.00018880208333333333,9.105611627647102,high,statistical_outlier_for_review
1-coins/70_1477846782.jpg,full_bright_fraction,0.00018880208333333333,9.105611627647102,high,statistical_outlier_for_review
1-coins/80_1477851114.jpg,full_bright_fraction,0.00018880208333333333,9.105611627647102,high,statistical_outlier_for_review
1-coins/80_1477851120.jpg,full_bright_fraction,0.00018880208333333333,9.105611627647102,high,statistical_outlier_for_review
1-coins/80_1477851768.jpg,full_bright_fraction,0.00018880208333333333,9.105611627647102,high,statistical_outlier_for_review
1-coins/90_1477854960.jpg,full_bright_fraction,0.00018880208333333333,9.105611627647102,high,statistical_outlier_for_review
1-coins/90_1477856970.jpg,full_bright_fraction,0.00018880208333333333,9.105611627647102,high,statistical_outlier_for_review
1-coins/100_1477195734.jpg,full_bright_fraction,0.000185546875,8.936989190098082,high,statistical_outlier_for_review
1-coins/100_1477861200.jpg,full_bright_fraction,0.000185546875,8.936989190098082,high,statistical_outlier_for_review
1-coins/105_1479344580.jpg,full_bright_fraction,0.000185546875,8.936989190098082,high,statistical_outlier_for_review
1-coins/115_1479350604.jpg,full_bright_fraction,0.000185546875,8.936989190098082,high,statistical_outlier_for_review
1-coins/140_1479427176.jpg,full_bright_fraction,0.000185546875,8.936989190098082,high,statistical_outlier_for_review
1-coins/175_1479423750.jpg,full_bright_fraction,0.000185546875,8.936989190098082,high,statistical_outlier_for_review
1-coins/55_1477838982.jpg,full_bright_fraction,0.000185546875,8.936989190098082,high,statistical_outlier_for_review
1-coins/55_1477839042.jpg,full_bright_fraction,0.000185546875,8.936989190098082,high,statistical_outlier_for_review
1-coins/55_1477842150.jpg,full_bright_fraction,0.000185546875,8.936989190098082,high,statistical_outlier_for_review
1-coins/60_1477845096.jpg,full_bright_fraction,0.000185546875,8.936989190098082,high,statistical_outlier_for_review
1-coins/60_1477845252.jpg,full_bright_fraction,0.000185546875,8.936989190098082,high,statistical_outlier_for_review
1-coins/70_1477846752.jpg,full_bright_fraction,0.000185546875,8.936989190098082,high,statistical_outlier_for_review
1-coins/75_1477850496.jpg,full_bright_fraction,0.000185546875,8.936989190098082,high,statistical_outlier_for_review
1-coins/80_1477850646.jpg,full_bright_fraction,0.000185546875,8.936989190098082,high,statistical_outlier_for_review
1-coins/100_1477281672.jpg,full_bright_fraction,0.00018229166666666667,8.768366752549062,high,statistical_outlier_for_review
1-coins/100_1477860636.jpg,full_bright_fraction,0.00018229166666666667,8.768366752549062,high,statistical_outlier_for_review
1-coins/110_1479347418.jpg,full_bright_fraction,0.00018229166666666667,8.768366752549062,high,statistical_outlier_for_review
1-coins/130_1477862862.jpg,full_bright_fraction,0.00018229166666666667,8.768366752549062,high,statistical_outlier_for_review
1-coins/145_1479428946.jpg,full_bright_fraction,0.00018229166666666667,8.768366752549062,high,statistical_outlier_for_review
1-coins/150_1477864536.jpg,full_bright_fraction,0.00018229166666666667,8.768366752549062,high,statistical_outlier_for_review
1-coins/150_1479430350.jpg,full_bright_fraction,0.00018229166666666667,8.768366752549062,high,statistical_outlier_for_review
1-coins/50_1477139838.jpg,full_bright_fraction,0.00018229166666666667,8.768366752549062,high,statistical_outlier_for_review
1-coins/50_1477139874.jpg,full_bright_fraction,0.00018229166666666667,8.768366752549062,high,statistical_outlier_for_review
1-coins/5_1477290336.jpg,full_bright_fraction,0.00018229166666666667,8.768366752549062,high,statistical_outlier_for_review
1-coins/60_1477845246.jpg,full_bright_fraction,0.00018229166666666667,8.768366752549062,high,statistical_outlier_for_review
1-coins/75_1477849530.jpg,full_bright_fraction,0.00018229166666666667,8.768366752549062,high,statistical_outlier_for_review
1-coins/95_1477857744.jpg,full_bright_fraction,0.00018229166666666667,8.768366752549062,high,statistical_outlier_for_review
1-coins/100_1477280568.jpg,full_bright_fraction,0.00017903645833333332,8.599744315000041,high,statistical_outlier_for_review
1-coins/100_1477860930.jpg,full_bright_fraction,0.00017903645833333332,8.599744315000041,high,statistical_outlier_for_review
1-coins/105_1479345378.jpg,full_bright_fraction,0.00017903645833333332,8.599744315000041,high,statistical_outlier_for_review
1-coins/120_1479351486.jpg,full_bright_fraction,0.00017903645833333332,8.599744315000041,high,statistical_outlier_for_review
1-coins/125_1479424500.jpg,full_bright_fraction,0.00017903645833333332,8.599744315000041,high,statistical_outlier_for_review
1-coins/125_1479424578.jpg,full_bright_fraction,0.00017903645833333332,8.599744315000041,high,statistical_outlier_for_review
1-coins/145_1479428964.jpg,full_bright_fraction,0.00017903645833333332,8.599744315000041,high,statistical_outlier_for_review
1-coins/45_1477835676.jpg,full_bright_fraction,0.00017903645833333332,8.599744315000041,high,statistical_outlier_for_review
1-coins/50_1477139862.jpg,full_bright_fraction,0.00017903645833333332,8.599744315000041,high,statistical_outlier_for_review
1-coins/55_1477838928.jpg,full_bright_fraction,0.00017903645833333332,8.599744315000041,high,statistical_outlier_for_review
1-coins/65_1477846236.jpg,full_bright_fraction,0.00017903645833333332,8.599744315000041,high,statistical_outlier_for_review
1-coins/70_1477848918.jpg,full_bright_fraction,0.00017903645833333332,8.599744315000041,high,statistical_outlier_for_review
1-coins/75_1477849566.jpg,full_bright_fraction,0.00017903645833333332,8.599744315000041,high,statistical_outlier_for_review
1-coins/80_1477850916.jpg,full_bright_fraction,0.00017903645833333332,8.599744315000041,high,statistical_outlier_for_review
1-coins/90_1477855776.jpg,full_bright_fraction,0.00017903645833333332,8.599744315000041,high,statistical_outlier_for_review
1-coins/100_1477860846.jpg,full_bright_fraction,0.00017578125,8.431121877451021,high,statistical_outlier_for_review
1-coins/100_1477860870.jpg,full_bright_fraction,0.00017578125,8.431121877451021,high,statistical_outlier_for_review
1-coins/110_1479345702.jpg,full_bright_fraction,0.00017578125,8.431121877451021,high,statistical_outlier_for_review
1-coins/120_1479351522.jpg,full_bright_fraction,0.00017578125,8.431121877451021,high,statistical_outlier_for_review
1-coins/120_1479351528.jpg,full_bright_fraction,0.00017578125,8.431121877451021,high,statistical_outlier_for_review
1-coins/120_1479351594.jpg,full_bright_fraction,0.00017578125,8.431121877451021,high,statistical_outlier_for_review
1-coins/130_1477862454.jpg,full_bright_fraction,0.00017578125,8.431121877451021,high,statistical_outlier_for_review
1-coins/135_1479426876.jpg,full_bright_fraction,0.00017578125,8.431121877451021,high,statistical_outlier_for_review
1-coins/145_1479428982.jpg,full_bright_fraction,0.00017578125,8.431121877451021,high,statistical_outlier_for_review
1-coins/150_1477864398.jpg,full_bright_fraction,0.00017578125,8.431121877451021,high,statistical_outlier_for_review
1-coins/150_1479429762.jpg,full_bright_fraction,0.00017578125,8.431121877451021,high,statistical_outlier_for_review
1-coins/170_1479423210.jpg,full_bright_fraction,0.00017578125,8.431121877451021,high,statistical_outlier_for_review
1-coins/65_1477845924.jpg,full_bright_fraction,0.00017578125,8.431121877451021,high,statistical_outlier_for_review
1-coins/80_1477850640.jpg,full_bright_fraction,0.00017578125,8.431121877451021,high,statistical_outlier_for_review
1-coins/80_1477851918.jpg,full_bright_fraction,0.00017578125,8.431121877451021,high,statistical_outlier_for_review
1-coins/85_1477853952.jpg,full_bright_fraction,0.00017578125,8.431121877451021,high,statistical_outlier_for_review
1-coins/100_1477860666.jpg,full_bright_fraction,0.00017252604166666667,8.262499439902,high,statistical_outlier_for_review
1-coins/100_1477861116.jpg,full_bright_fraction,0.00017252604166666667,8.262499439902,high,statistical_outlier_for_review
1-coins/120_1479351636.jpg,full_bright_fraction,0.00017252604166666667,8.262499439902,high,statistical_outlier_for_review
1-coins/120_1479422988.jpg,full_bright_fraction,0.00017252604166666667,8.262499439902,high,statistical_outlier_for_review
1-coins/130_1477862346.jpg,full_bright_fraction,0.00017252604166666667,8.262499439902,high,statistical_outlier_for_review
1-coins/170_1479423186.jpg,full_bright_fraction,0.00017252604166666667,8.262499439902,high,statistical_outlier_for_review
1-coins/55_1477842318.jpg,full_bright_fraction,0.00017252604166666667,8.262499439902,high,statistical_outlier_for_review
1-coins/5_1477145610.jpg,full_bright_fraction,0.00017252604166666667,8.262499439902,high,statistical_outlier_for_review
1-coins/90_1477856982.jpg,full_bright_fraction,0.00017252604166666667,8.262499439902,high,statistical_outlier_for_review
1-coins/95_1477857732.jpg,full_bright_fraction,0.00017252604166666667,8.262499439902,high,statistical_outlier_for_review
1-coins/100_1477280964.jpg,full_bright_fraction,0.00016927083333333334,8.093877002352981,high,statistical_outlier_for_review
1-coins/100_1477861176.jpg,full_bright_fraction,0.00016927083333333334,8.093877002352981,high,statistical_outlier_for_review
1-coins/105_1479345330.jpg,full_bright_fraction,0.00016927083333333334,8.093877002352981,high,statistical_outlier_for_review
1-coins/105_1479345384.jpg,full_bright_fraction,0.00016927083333333334,8.093877002352981,high,statistical_outlier_for_review
1-coins/150_1477864260.jpg,full_bright_fraction,0.00016927083333333334,8.093877002352981,high,statistical_outlier_for_review
1-coins/150_1479429768.jpg,full_bright_fraction,0.00016927083333333334,8.093877002352981,high,statistical_outlier_for_review
1-coins/170_1479423132.jpg,full_bright_fraction,0.00016927083333333334,8.093877002352981,high,statistical_outlier_for_review
1-coins/175_1479423450.jpg,full_bright_fraction,0.00016927083333333334,8.093877002352981,high,statistical_outlier_for_review
1-coins/75_1477849992.jpg,full_bright_fraction,0.00016927083333333334,8.093877002352981,high,statistical_outlier_for_review
1-coins/85_1477852116.jpg,full_bright_fraction,0.00016927083333333334,8.093877002352981,high,statistical_outlier_for_review
1-coins/100_1477858692.jpg,full_bright_fraction,0.000166015625,7.925254564803961,high,statistical_outlier_for_review
1-coins/100_1477858854.jpg,full_bright_fraction,0.000166015625,7.925254564803961,high,statistical_outlier_for_review
1-coins/100_1477858962.jpg,full_bright_fraction,0.000166015625,7.925254564803961,high,statistical_outlier_for_review
1-coins/100_1477861182.jpg,full_bright_fraction,0.000166015625,7.925254564803961,high,statistical_outlier_for_review
1-coins/105_1479344448.jpg,full_bright_fraction,0.000166015625,7.925254564803961,high,statistical_outlier_for_review
1-coins/105_1479345348.jpg,full_bright_fraction,0.000166015625,7.925254564803961,high,statistical_outlier_for_review
1-coins/105_1479345354.jpg,full_bright_fraction,0.000166015625,7.925254564803961,high,statistical_outlier_for_review
1-coins/105_1479345360.jpg,full_bright_fraction,0.000166015625,7.925254564803961,high,statistical_outlier_for_review
1-coins/110_1479347460.jpg,full_bright_fraction,0.000166015625,7.925254564803961,high,statistical_outlier_for_review
1-coins/110_1479347466.jpg,full_bright_fraction,0.000166015625,7.925254564803961,high,statistical_outlier_for_review
1-coins/130_1477862922.jpg,full_bright_fraction,0.000166015625,7.925254564803961,high,statistical_outlier_for_review
1-coins/145_1479428994.jpg,full_bright_fraction,0.000166015625,7.925254564803961,high,statistical_outlier_for_review
1-coins/150_1477864248.jpg,full_bright_fraction,0.000166015625,7.925254564803961,high,statistical_outlier_for_review
1-coins/150_1479429588.jpg,full_bright_fraction,0.000166015625,7.925254564803961,high,statistical_outlier_for_review
1-coins/55_1477839024.jpg,full_bright_fraction,0.000166015625,7.925254564803961,high,statistical_outlier_for_review
1-coins/55_1477839036.jpg,full_bright_fraction,0.000166015625,7.925254564803961,high,statistical_outlier_for_review
1-coins/65_1477845858.jpg,full_bright_fraction,0.000166015625,7.925254564803961,high,statistical_outlier_for_review
1-coins/65_1477846320.jpg,full_bright_fraction,0.000166015625,7.925254564803961,high,statistical_outlier_for_review
1-coins/75_1477849608.jpg,full_bright_fraction,0.000166015625,7.925254564803961,high,statistical_outlier_for_review
1-coins/75_1477850016.jpg,full_bright_fraction,0.000166015625,7.925254564803961,high,statistical_outlier_for_review
1-coins/80_1477850724.jpg,full_bright_fraction,0.000166015625,7.925254564803961,high,statistical_outlier_for_review
1-coins/80_1477851654.jpg,full_bright_fraction,0.000166015625,7.925254564803961,high,statistical_outlier_for_review
1-coins/85_1477852164.jpg,full_bright_fraction,0.000166015625,7.925254564803961,high,statistical_outlier_for_review
1-coins/100_1477860618.jpg,full_bright_fraction,0.00016276041666666666,7.756632127254939,high,statistical_outlier_for_review
1-coins/100_1477860696.jpg,full_bright_fraction,0.00016276041666666666,7.756632127254939,high,statistical_outlier_for_review
1-coins/100_1477861170.jpg,full_bright_fraction,0.00016276041666666666,7.756632127254939,high,statistical_outlier_for_review
1-coins/105_1479345336.jpg,full_bright_fraction,0.00016276041666666666,7.756632127254939,high,statistical_outlier_for_review
1-coins/105_1479345342.jpg,full_bright_fraction,0.00016276041666666666,7.756632127254939,high,statistical_outlier_for_review
1-coins/110_1479347442.jpg,full_bright_fraction,0.00016276041666666666,7.756632127254939,high,statistical_outlier_for_review
1-coins/170_1479423228.jpg,full_bright_fraction,0.00016276041666666666,7.756632127254939,high,statistical_outlier_for_review
1-coins/50_1477282206.jpg,full_bright_fraction,0.00016276041666666666,7.756632127254939,high,statistical_outlier_for_review
1-coins/55_1477842666.jpg,full_bright_fraction,0.00016276041666666666,7.756632127254939,high,statistical_outlier_for_review
1-coins/60_1477843908.jpg,full_bright_fraction,0.00016276041666666666,7.756632127254939,high,statistical_outlier_for_review
1-coins/75_1477849482.jpg,full_bright_fraction,0.00016276041666666666,7.756632127254939,high,statistical_outlier_for_review
1-coins/80_1477850868.jpg,full_bright_fraction,0.00016276041666666666,7.756632127254939,high,statistical_outlier_for_review
1-coins/80_1477851144.jpg,full_bright_fraction,0.00016276041666666666,7.756632127254939,high,statistical_outlier_for_review
1-coins/80_1477851732.jpg,full_bright_fraction,0.00016276041666666666,7.756632127254939,high,statistical_outlier_for_review
1-coins/90_1477855620.jpg,full_bright_fraction,0.00016276041666666666,7.756632127254939,high,statistical_outlier_for_review
1-coins/100_1477195764.jpg,full_bright_fraction,0.00015950520833333333,7.588009689705919,high,statistical_outlier_for_review
1-coins/105_1479344712.jpg,full_bright_fraction,0.00015950520833333333,7.588009689705919,high,statistical_outlier_for_review
1-coins/105_1479344736.jpg,full_bright_fraction,0.00015950520833333333,7.588009689705919,high,statistical_outlier_for_review
1-coins/10_1477787952.jpg,full_bright_fraction,0.00015950520833333333,7.588009689705919,high,statistical_outlier_for_review
1-coins/120_1479422916.jpg,full_bright_fraction,0.00015950520833333333,7.588009689705919,high,statistical_outlier_for_review
1-coins/120_1479422982.jpg,full_bright_fraction,0.00015950520833333333,7.588009689705919,high,statistical_outlier_for_review
1-coins/120_1479423072.jpg,full_bright_fraction,0.00015950520833333333,7.588009689705919,high,statistical_outlier_for_review
1-coins/125_1479424686.jpg,full_bright_fraction,0.00015950520833333333,7.588009689705919,high,statistical_outlier_for_review
1-coins/140_1479427464.jpg,full_bright_fraction,0.00015950520833333333,7.588009689705919,high,statistical_outlier_for_review
1-coins/150_1479430290.jpg,full_bright_fraction,0.00015950520833333333,7.588009689705919,high,statistical_outlier_for_review
1-coins/50_1477139844.jpg,full_bright_fraction,0.00015950520833333333,7.588009689705919,high,statistical_outlier_for_review
1-coins/80_1477850664.jpg,full_bright_fraction,0.00015950520833333333,7.588009689705919,high,statistical_outlier_for_review
1-coins/80_1477850940.jpg,full_bright_fraction,0.00015950520833333333,7.588009689705919,high,statistical_outlier_for_review
1-coins/90_1477855752.jpg,full_bright_fraction,0.00015950520833333333,7.588009689705919,high,statistical_outlier_for_review
1-coins/90_1477856988.jpg,full_bright_fraction,0.00015950520833333333,7.588009689705919,high,statistical_outlier_for_review
1-coins/95_1477857738.jpg,full_bright_fraction,0.00015950520833333333,7.588009689705919,high,statistical_outlier_for_review
1-coins/100_1477858152.jpg,full_bright_fraction,0.00015625,7.4193872521568975,high,statistical_outlier_for_review
1-coins/100_1477860606.jpg,full_bright_fraction,0.00015625,7.4193872521568975,high,statistical_outlier_for_review
1-coins/100_1477861146.jpg,full_bright_fraction,0.00015625,7.4193872521568975,high,statistical_outlier_for_review
1-coins/100_1477861344.jpg,full_bright_fraction,0.00015625,7.4193872521568975,high,statistical_outlier_for_review
1-coins/105_1479345372.jpg,full_bright_fraction,0.00015625,7.4193872521568975,high,statistical_outlier_for_review
1-coins/120_1479351642.jpg,full_bright_fraction,0.00015625,7.4193872521568975,high,statistical_outlier_for_review
1-coins/120_1479423078.jpg,full_bright_fraction,0.00015625,7.4193872521568975,high,statistical_outlier_for_review
1-coins/130_1477862916.jpg,full_bright_fraction,0.00015625,7.4193872521568975,high,statistical_outlier_for_review
1-coins/150_1477864188.jpg,full_bright_fraction,0.00015625,7.4193872521568975,high,statistical_outlier_for_review
1-coins/150_1479429606.jpg,full_bright_fraction,0.00015625,7.4193872521568975,high,statistical_outlier_for_review
1-coins/150_1479429618.jpg,full_bright_fraction,0.00015625,7.4193872521568975,high,statistical_outlier_for_review
1-coins/150_1479430278.jpg,full_bright_fraction,0.00015625,7.4193872521568975,high,statistical_outlier_for_review
1-coins/55_1477842390.jpg,full_bright_fraction,0.00015625,7.4193872521568975,high,statistical_outlier_for_review
1-coins/60_1477845408.jpg,full_bright_fraction,0.00015625,7.4193872521568975,high,statistical_outlier_for_review
1-coins/65_1477846266.jpg,full_bright_fraction,0.00015625,7.4193872521568975,high,statistical_outlier_for_review
1-coins/65_1477846494.jpg,full_bright_fraction,0.00015625,7.4193872521568975,high,statistical_outlier_for_review
1-coins/70_1477846812.jpg,full_bright_fraction,0.00015625,7.4193872521568975,high,statistical_outlier_for_review
1-coins/70_1477849254.jpg,full_bright_fraction,0.00015625,7.4193872521568975,high,statistical_outlier_for_review
1-coins/75_1477849980.jpg,full_bright_fraction,0.00015625,7.4193872521568975,high,statistical_outlier_for_review
1-coins/85_1477852944.jpg,full_bright_fraction,0.00015625,7.4193872521568975,high,statistical_outlier_for_review
1-coins/100_1477860804.jpg,full_bright_fraction,0.00015299479166666668,7.250764814607878,high,statistical_outlier_for_review
1-coins/100_1477860906.jpg,full_bright_fraction,0.00015299479166666668,7.250764814607878,high,statistical_outlier_for_review
1-coins/105_1479345396.jpg,full_bright_fraction,0.00015299479166666668,7.250764814607878,high,statistical_outlier_for_review
1-coins/110_1479345714.jpg,full_bright_fraction,0.00015299479166666668,7.250764814607878,high,statistical_outlier_for_review
1-coins/130_1477862466.jpg,full_bright_fraction,0.00015299479166666668,7.250764814607878,high,statistical_outlier_for_review
1-coins/130_1477862850.jpg,full_bright_fraction,0.00015299479166666668,7.250764814607878,high,statistical_outlier_for_review
1-coins/130_1477862928.jpg,full_bright_fraction,0.00015299479166666668,7.250764814607878,high,statistical_outlier_for_review
1-coins/135_1479426930.jpg,full_bright_fraction,0.00015299479166666668,7.250764814607878,high,statistical_outlier_for_review
1-coins/145_1479428940.jpg,full_bright_fraction,0.00015299479166666668,7.250764814607878,high,statistical_outlier_for_review
1-coins/145_1479428976.jpg,full_bright_fraction,0.00015299479166666668,7.250764814607878,high,statistical_outlier_for_review
1-coins/150_1479429600.jpg,full_bright_fraction,0.00015299479166666668,7.250764814607878,high,statistical_outlier_for_review
1-coins/175_1479423432.jpg,full_bright_fraction,0.00015299479166666668,7.250764814607878,high,statistical_outlier_for_review
1-coins/175_1479423738.jpg,full_bright_fraction,0.00015299479166666668,7.250764814607878,high,statistical_outlier_for_review
1-coins/50_1477139898.jpg,full_bright_fraction,0.00015299479166666668,7.250764814607878,high,statistical_outlier_for_review
1-coins/50_1477144632.jpg,full_bright_fraction,0.00015299479166666668,7.250764814607878,high,statistical_outlier_for_review
1-coins/50_1477192794.jpg,full_bright_fraction,0.00015299479166666668,7.250764814607878,high,statistical_outlier_for_review
1-coins/65_1477846290.jpg,full_bright_fraction,0.00015299479166666668,7.250764814607878,high,statistical_outlier_for_review
1-coins/65_1477846308.jpg,full_bright_fraction,0.00015299479166666668,7.250764814607878,high,statistical_outlier_for_review
1-coins/70_1477846824.jpg,full_bright_fraction,0.00015299479166666668,7.250764814607878,high,statistical_outlier_for_review
1-coins/70_1477848936.jpg,full_bright_fraction,0.00015299479166666668,7.250764814607878,high,statistical_outlier_for_review
1-coins/75_1477849986.jpg,full_bright_fraction,0.00015299479166666668,7.250764814607878,high,statistical_outlier_for_review
1-coins/75_1477850010.jpg,full_bright_fraction,0.00015299479166666668,7.250764814607878,high,statistical_outlier_for_review
1-coins/75_1477850466.jpg,full_bright_fraction,0.00015299479166666668,7.250764814607878,high,statistical_outlier_for_review
1-coins/80_1477850922.jpg,full_bright_fraction,0.00015299479166666668,7.250764814607878,high,statistical_outlier_for_review
1-coins/90_1477855650.jpg,full_bright_fraction,0.00015299479166666668,7.250764814607878,high,statistical_outlier_for_review
1-coins/90_1477855758.jpg,full_bright_fraction,0.00015299479166666668,7.250764814607878,high,statistical_outlier_for_review
1-coins/100_1477279590.jpg,full_bright_fraction,0.00014973958333333332,7.082142377058856,high,statistical_outlier_for_review
1-coins/100_1477860684.jpg,full_bright_fraction,0.00014973958333333332,7.082142377058856,high,statistical_outlier_for_review
1-coins/105_1479344454.jpg,full_bright_fraction,0.00014973958333333332,7.082142377058856,high,statistical_outlier_for_review
1-coins/105_1479344724.jpg,full_bright_fraction,0.00014973958333333332,7.082142377058856,high,statistical_outlier_for_review
1-coins/105_1479344730.jpg,full_bright_fraction,0.00014973958333333332,7.082142377058856,high,statistical_outlier_for_review
1-coins/105_1479344772.jpg,full_bright_fraction,0.00014973958333333332,7.082142377058856,high,statistical_outlier_for_review
1-coins/105_1479345294.jpg,full_bright_fraction,0.00014973958333333332,7.082142377058856,high,statistical_outlier_for_review
1-coins/110_1479345666.jpg,full_bright_fraction,0.00014973958333333332,7.082142377058856,high,statistical_outlier_for_review
1-coins/110_1479345726.jpg,full_bright_fraction,0.00014973958333333332,7.082142377058856,high,statistical_outlier_for_review
1-coins/110_1479345744.jpg,full_bright_fraction,0.00014973958333333332,7.082142377058856,high,statistical_outlier_for_review
1-coins/120_1479423060.jpg,full_bright_fraction,0.00014973958333333332,7.082142377058856,high,statistical_outlier_for_review
1-coins/120_1479423066.jpg,full_bright_fraction,0.00014973958333333332,7.082142377058856,high,statistical_outlier_for_review
1-coins/135_1479426864.jpg,full_bright_fraction,0.00014973958333333332,7.082142377058856,high,statistical_outlier_for_review
1-coins/135_1479426882.jpg,full_bright_fraction,0.00014973958333333332,7.082142377058856,high,statistical_outlier_for_review
1-coins/150_1479429612.jpg,full_bright_fraction,0.00014973958333333332,7.082142377058856,high,statistical_outlier_for_review
1-coins/150_1479430314.jpg,full_bright_fraction,0.00014973958333333332,7.082142377058856,high,statistical_outlier_for_review
1-coins/170_1479423192.jpg,full_bright_fraction,0.00014973958333333332,7.082142377058856,high,statistical_outlier_for_review
1-coins/55_1477839000.jpg,full_bright_fraction,0.00014973958333333332,7.082142377058856,high,statistical_outlier_for_review
1-coins/80_1477851846.jpg,full_bright_fraction,0.00014973958333333332,7.082142377058856,high,statistical_outlier_for_review
1-coins/90_1477855764.jpg,full_bright_fraction,0.00014973958333333332,7.082142377058856,high,statistical_outlier_for_review
1-coins/100_1477154484.jpg,full_bright_fraction,0.000146484375,6.913519939509836,high,statistical_outlier_for_review
1-coins/105_1479344766.jpg,full_bright_fraction,0.000146484375,6.913519939509836,high,statistical_outlier_for_review
1-coins/110_1479345720.jpg,full_bright_fraction,0.000146484375,6.913519939509836,high,statistical_outlier_for_review
1-coins/130_1477862460.jpg,full_bright_fraction,0.000146484375,6.913519939509836,high,statistical_outlier_for_review
1-coins/140_1479427452.jpg,full_bright_fraction,0.000146484375,6.913519939509836,high,statistical_outlier_for_review
1-coins/145_1479427542.jpg,full_bright_fraction,0.000146484375,6.913519939509836,high,statistical_outlier_for_review
1-coins/145_1479428934.jpg,full_bright_fraction,0.000146484375,6.913519939509836,high,statistical_outlier_for_review
1-coins/145_1479428958.jpg,full_bright_fraction,0.000146484375,6.913519939509836,high,statistical_outlier_for_review
1-coins/150_1479429492.jpg,full_bright_fraction,0.000146484375,6.913519939509836,high,statistical_outlier_for_review
1-coins/25_1477191720.jpg,full_bright_fraction,0.000146484375,6.913519939509836,high,statistical_outlier_for_review
1-coins/50_1477144608.jpg,full_bright_fraction,0.000146484375,6.913519939509836,high,statistical_outlier_for_review
1-coins/50_1477283472.jpg,full_bright_fraction,0.000146484375,6.913519939509836,high,statistical_outlier_for_review
1-coins/60_1477845396.jpg,full_bright_fraction,0.000146484375,6.913519939509836,high,statistical_outlier_for_review
1-coins/65_1477846254.jpg,full_bright_fraction,0.000146484375,6.913519939509836,high,statistical_outlier_for_review
1-coins/65_1477846314.jpg,full_bright_fraction,0.000146484375,6.913519939509836,high,statistical_outlier_for_review
1-coins/80_1477850628.jpg,full_bright_fraction,0.000146484375,6.913519939509836,high,statistical_outlier_for_review
1-coins/95_1477857906.jpg,full_bright_fraction,0.000146484375,6.913519939509836,high,statistical_outlier_for_review
1-coins/100_1477858662.jpg,full_bright_fraction,0.00014322916666666667,6.744897501960817,high,statistical_outlier_for_review
1-coins/105_1479344826.jpg,full_bright_fraction,0.00014322916666666667,6.744897501960817,high,statistical_outlier_for_review
1-coins/105_1479345390.jpg,full_bright_fraction,0.00014322916666666667,6.744897501960817,high,statistical_outlier_for_review
1-coins/110_1479345660.jpg,full_bright_fraction,0.00014322916666666667,6.744897501960817,high,statistical_outlier_for_review
1-coins/110_1479345738.jpg,full_bright_fraction,0.00014322916666666667,6.744897501960817,high,statistical_outlier_for_review
1-coins/110_1479347448.jpg,full_bright_fraction,0.00014322916666666667,6.744897501960817,high,statistical_outlier_for_review
1-coins/115_1479349530.jpg,full_bright_fraction,0.00014322916666666667,6.744897501960817,high,statistical_outlier_for_review
1-coins/120_1479422928.jpg,full_bright_fraction,0.00014322916666666667,6.744897501960817,high,statistical_outlier_for_review
1-coins/140_1479427446.jpg,full_bright_fraction,0.00014322916666666667,6.744897501960817,high,statistical_outlier_for_review
1-coins/145_1479427536.jpg,full_bright_fraction,0.00014322916666666667,6.744897501960817,high,statistical_outlier_for_review
1-coins/145_1479428928.jpg,full_bright_fraction,0.00014322916666666667,6.744897501960817,high,statistical_outlier_for_review
1-coins/145_1479428952.jpg,full_bright_fraction,0.00014322916666666667,6.744897501960817,high,statistical_outlier_for_review
1-coins/150_1477864254.jpg,full_bright_fraction,0.00014322916666666667,6.744897501960817,high,statistical_outlier_for_review
1-coins/150_1479429696.jpg,full_bright_fraction,0.00014322916666666667,6.744897501960817,high,statistical_outlier_for_review
1-coins/150_1479430116.jpg,full_bright_fraction,0.00014322916666666667,6.744897501960817,high,statistical_outlier_for_review
1-coins/150_1479430308.jpg,full_bright_fraction,0.00014322916666666667,6.744897501960817,high,statistical_outlier_for_review
1-coins/170_1479423252.jpg,full_bright_fraction,0.00014322916666666667,6.744897501960817,high,statistical_outlier_for_review
1-coins/175_1479423420.jpg,full_bright_fraction,0.00014322916666666667,6.744897501960817,high,statistical_outlier_for_review
1-coins/175_1479423426.jpg,full_bright_fraction,0.00014322916666666667,6.744897501960817,high,statistical_outlier_for_review
1-coins/45_1477835856.jpg,full_bright_fraction,0.00014322916666666667,6.744897501960817,high,statistical_outlier_for_review
1-coins/55_1477842678.jpg,full_bright_fraction,0.00014322916666666667,6.744897501960817,high,statistical_outlier_for_review
1-coins/65_1477846224.jpg,full_bright_fraction,0.00014322916666666667,6.744897501960817,high,statistical_outlier_for_review
1-coins/80_1477851180.jpg,full_bright_fraction,0.00014322916666666667,6.744897501960817,high,statistical_outlier_for_review
1-coins/90_1477855638.jpg,full_bright_fraction,0.00014322916666666667,6.744897501960817,high,statistical_outlier_for_review
1-coins/95_1477858056.jpg,full_bright_fraction,0.00014322916666666667,6.744897501960817,high,statistical_outlier_for_review
1-coins/100_1477195728.jpg,full_bright_fraction,0.00013997395833333334,6.576275064411797,high,statistical_outlier_for_review
1-coins/100_1477861206.jpg,full_bright_fraction,0.00013997395833333334,6.576275064411797,high,statistical_outlier_for_review
1-coins/100_1477861212.jpg,full_bright_fraction,0.00013997395833333334,6.576275064411797,high,statistical_outlier_for_review
1-coins/10_1477147524.jpg,full_bright_fraction,0.00013997395833333334,6.576275064411797,high,statistical_outlier_for_review
1-coins/10_1477288242.jpg,full_bright_fraction,0.00013997395833333334,6.576275064411797,high,statistical_outlier_for_review
1-coins/120_1479423024.jpg,full_bright_fraction,0.00013997395833333334,6.576275064411797,high,statistical_outlier_for_review
1-coins/140_1479427092.jpg,full_bright_fraction,0.00013997395833333334,6.576275064411797,high,statistical_outlier_for_review
1-coins/140_1479427104.jpg,full_bright_fraction,0.00013997395833333334,6.576275064411797,high,statistical_outlier_for_review
1-coins/150_1479429786.jpg,full_bright_fraction,0.00013997395833333334,6.576275064411797,high,statistical_outlier_for_review
1-coins/170_1479423156.jpg,full_bright_fraction,0.00013997395833333334,6.576275064411797,high,statistical_outlier_for_review
1-coins/30_1477786716.jpg,full_bright_fraction,0.00013997395833333334,6.576275064411797,high,statistical_outlier_for_review
1-coins/55_1477838898.jpg,full_bright_fraction,0.00013997395833333334,6.576275064411797,high,statistical_outlier_for_review
1-coins/65_1477845546.jpg,full_bright_fraction,0.00013997395833333334,6.576275064411797,high,statistical_outlier_for_review
1-coins/65_1477845864.jpg,full_bright_fraction,0.00013997395833333334,6.576275064411797,high,statistical_outlier_for_review
1-coins/70_1477848972.jpg,full_bright_fraction,0.00013997395833333334,6.576275064411797,high,statistical_outlier_for_review
1-coins/75_1477849974.jpg,full_bright_fraction,0.00013997395833333334,6.576275064411797,high,statistical_outlier_for_review
1-coins/75_1477849998.jpg,full_bright_fraction,0.00013997395833333334,6.576275064411797,high,statistical_outlier_for_review
1-coins/80_1477851738.jpg,full_bright_fraction,0.00013997395833333334,6.576275064411797,high,statistical_outlier_for_review
1-coins/80_1477851744.jpg,full_bright_fraction,0.00013997395833333334,6.576275064411797,high,statistical_outlier_for_review
1-coins/100_1477861056.jpg,full_bright_fraction,0.00013671875,6.407652626862776,high,statistical_outlier_for_review
1-coins/105_1479344568.jpg,full_bright_fraction,0.00013671875,6.407652626862776,high,statistical_outlier_for_review
1-coins/105_1479344784.jpg,full_bright_fraction,0.00013671875,6.407652626862776,high,statistical_outlier_for_review
1-coins/110_1479345708.jpg,full_bright_fraction,0.00013671875,6.407652626862776,high,statistical_outlier_for_review
1-coins/110_1479347490.jpg,full_bright_fraction,0.00013671875,6.407652626862776,high,statistical_outlier_for_review
1-coins/120_1479423054.jpg,full_bright_fraction,0.00013671875,6.407652626862776,high,statistical_outlier_for_review
1-coins/130_1477862940.jpg,full_bright_fraction,0.00013671875,6.407652626862776,high,statistical_outlier_for_review
1-coins/145_1479427596.jpg,full_bright_fraction,0.00013671875,6.407652626862776,high,statistical_outlier_for_review
1-coins/145_1479428988.jpg,full_bright_fraction,0.00013671875,6.407652626862776,high,statistical_outlier_for_review
1-coins/145_1479429024.jpg,full_bright_fraction,0.00013671875,6.407652626862776,high,statistical_outlier_for_review
1-coins/150_1479429564.jpg,full_bright_fraction,0.00013671875,6.407652626862776,high,statistical_outlier_for_review
1-coins/150_1479429570.jpg,full_bright_fraction,0.00013671875,6.407652626862776,high,statistical_outlier_for_review
1-coins/150_1479430008.jpg,full_bright_fraction,0.00013671875,6.407652626862776,high,statistical_outlier_for_review
1-coins/45_1477837026.jpg,full_bright_fraction,0.00013671875,6.407652626862776,high,statistical_outlier_for_review
1-coins/45_1477837032.jpg,full_bright_fraction,0.00013671875,6.407652626862776,high,statistical_outlier_for_review
1-coins/50_1477140150.jpg,full_bright_fraction,0.00013671875,6.407652626862776,high,statistical_outlier_for_review
1-coins/55_1477839246.jpg,full_bright_fraction,0.00013671875,6.407652626862776,high,statistical_outlier_for_review
1-coins/65_1477845912.jpg,full_bright_fraction,0.00013671875,6.407652626862776,high,statistical_outlier_for_review
1-coins/75_1477849500.jpg,full_bright_fraction,0.00013671875,6.407652626862776,high,statistical_outlier_for_review
1-coins/80_1477850904.jpg,full_bright_fraction,0.00013671875,6.407652626862776,high,statistical_outlier_for_review
1-coins/80_1477851174.jpg,full_bright_fraction,0.00013671875,6.407652626862776,high,statistical_outlier_for_review
1-coins/80_1477851924.jpg,full_bright_fraction,0.00013671875,6.407652626862776,high,statistical_outlier_for_review
1-coins/100_1477860792.jpg,full_bright_fraction,0.00013346354166666666,6.239030189313755,high,statistical_outlier_for_review
1-coins/100_1477860816.jpg,full_bright_fraction,0.00013346354166666666,6.239030189313755,high,statistical_outlier_for_review
1-coins/100_1477861122.jpg,full_bright_fraction,0.00013346354166666666,6.239030189313755,high,statistical_outlier_for_review
1-coins/100_1477861302.jpg,full_bright_fraction,0.00013346354166666666,6.239030189313755,high,statistical_outlier_for_review
1-coins/105_1479344478.jpg,full_bright_fraction,0.00013346354166666666,6.239030189313755,high,statistical_outlier_for_review
1-coins/105_1479344742.jpg,full_bright_fraction,0.00013346354166666666,6.239030189313755,high,statistical_outlier_for_review
1-coins/105_1479345300.jpg,full_bright_fraction,0.00013346354166666666,6.239030189313755,high,statistical_outlier_for_review
1-coins/110_1479347424.jpg,full_bright_fraction,0.00013346354166666666,6.239030189313755,high,statistical_outlier_for_review
1-coins/110_1479347454.jpg,full_bright_fraction,0.00013346354166666666,6.239030189313755,high,statistical_outlier_for_review
1-coins/120_1479422946.jpg,full_bright_fraction,0.00013346354166666666,6.239030189313755,high,statistical_outlier_for_review
1-coins/120_1479423012.jpg,full_bright_fraction,0.00013346354166666666,6.239030189313755,high,statistical_outlier_for_review
1-coins/130_1477862874.jpg,full_bright_fraction,0.00013346354166666666,6.239030189313755,high,statistical_outlier_for_review
1-coins/145_1479427704.jpg,full_bright_fraction,0.00013346354166666666,6.239030189313755,high,statistical_outlier_for_review
1-coins/145_1479427926.jpg,full_bright_fraction,0.00013346354166666666,6.239030189313755,high,statistical_outlier_for_review
1-coins/150_1477864404.jpg,full_bright_fraction,0.00013346354166666666,6.239030189313755,high,statistical_outlier_for_review
1-coins/150_1479430110.jpg,full_bright_fraction,0.00013346354166666666,6.239030189313755,high,statistical_outlier_for_review
1-coins/150_1479430272.jpg,full_bright_fraction,0.00013346354166666666,6.239030189313755,high,statistical_outlier_for_review
1-coins/170_1479423258.jpg,full_bright_fraction,0.00013346354166666666,6.239030189313755,high,statistical_outlier_for_review
1-coins/175_1479423396.jpg,full_bright_fraction,0.00013346354166666666,6.239030189313755,high,statistical_outlier_for_review
1-coins/175_1479423546.jpg,full_bright_fraction,0.00013346354166666666,6.239030189313755,high,statistical_outlier_for_review
1-coins/175_1479423762.jpg,full_bright_fraction,0.00013346354166666666,6.239030189313755,high,statistical_outlier_for_review
1-coins/25_1477286856.jpg,full_bright_fraction,0.00013346354166666666,6.239030189313755,high,statistical_outlier_for_review
1-coins/55_1477838994.jpg,full_bright_fraction,0.00013346354166666666,6.239030189313755,high,statistical_outlier_for_review
1-coins/65_1477845852.jpg,full_bright_fraction,0.00013346354166666666,6.239030189313755,high,statistical_outlier_for_review
1-coins/75_1477849548.jpg,full_bright_fraction,0.00013346354166666666,6.239030189313755,high,statistical_outlier_for_review
1-coins/75_1477849956.jpg,full_bright_fraction,0.00013346354166666666,6.239030189313755,high,statistical_outlier_for_review
1-coins/80_1477850898.jpg,full_bright_fraction,0.00013346354166666666,6.239030189313755,high,statistical_outlier_for_review
1-coins/85_1477854156.jpg,full_bright_fraction,0.00013346354166666666,6.239030189313755,high,statistical_outlier_for_review
1-coins/90_1477855626.jpg,full_bright_fraction,0.00013346354166666666,6.239030189313755,high,statistical_outlier_for_review
1-coins/90_1477855800.jpg,full_bright_fraction,0.00013346354166666666,6.239030189313755,high,statistical_outlier_for_review
1-coins/100_1477155048.jpg,full_bright_fraction,0.00013020833333333333,6.070407751764734,high,statistical_outlier_for_review
1-coins/100_1477860708.jpg,full_bright_fraction,0.00013020833333333333,6.070407751764734,high,statistical_outlier_for_review
1-coins/100_1477860798.jpg,full_bright_fraction,0.00013020833333333333,6.070407751764734,high,statistical_outlier_for_review
1-coins/100_1477860852.jpg,full_bright_fraction,0.00013020833333333333,6.070407751764734,high,statistical_outlier_for_review
1-coins/105_1479344748.jpg,full_bright_fraction,0.00013020833333333333,6.070407751764734,high,statistical_outlier_for_review
1-coins/105_1479345234.jpg,full_bright_fraction,0.00013020833333333333,6.070407751764734,high,statistical_outlier_for_review
1-coins/105_1479345288.jpg,full_bright_fraction,0.00013020833333333333,6.070407751764734,high,statistical_outlier_for_review
1-coins/110_1479345732.jpg,full_bright_fraction,0.00013020833333333333,6.070407751764734,high,statistical_outlier_for_review
1-coins/120_1479423048.jpg,full_bright_fraction,0.00013020833333333333,6.070407751764734,high,statistical_outlier_for_review
1-coins/125_1479424572.jpg,full_bright_fraction,0.00013020833333333333,6.070407751764734,high,statistical_outlier_for_review
1-coins/140_1479427392.jpg,full_bright_fraction,0.00013020833333333333,6.070407751764734,high,statistical_outlier_for_review
1-coins/145_1479427752.jpg,full_bright_fraction,0.00013020833333333333,6.070407751764734,high,statistical_outlier_for_review
1-coins/150_1477864326.jpg,full_bright_fraction,0.00013020833333333333,6.070407751764734,high,statistical_outlier_for_review
1-coins/150_1477864368.jpg,full_bright_fraction,0.00013020833333333333,6.070407751764734,high,statistical_outlier_for_review
1-coins/170_1479423150.jpg,full_bright_fraction,0.00013020833333333333,6.070407751764734,high,statistical_outlier_for_review
1-coins/65_1477846008.jpg,full_bright_fraction,0.00013020833333333333,6.070407751764734,high,statistical_outlier_for_review
1-coins/65_1477846578.jpg,full_bright_fraction,0.00013020833333333333,6.070407751764734,high,statistical_outlier_for_review
1-coins/70_1477846806.jpg,full_bright_fraction,0.00013020833333333333,6.070407751764734,high,statistical_outlier_for_review
1-coins/75_1477849968.jpg,full_bright_fraction,0.00013020833333333333,6.070407751764734,high,statistical_outlier_for_review
1-coins/75_1477850052.jpg,full_bright_fraction,0.00013020833333333333,6.070407751764734,high,statistical_outlier_for_review
1-coins/75_1477850064.jpg,full_bright_fraction,0.00013020833333333333,6.070407751764734,high,statistical_outlier_for_review
1-coins/75_1477850442.jpg,full_bright_fraction,0.00013020833333333333,6.070407751764734,high,statistical_outlier_for_review
1-coins/75_1477850478.jpg,full_bright_fraction,0.00013020833333333333,6.070407751764734,high,statistical_outlier_for_review
1-coins/85_1477852914.jpg,full_bright_fraction,0.00013020833333333333,6.070407751764734,high,statistical_outlier_for_review
1-coins/85_1477854210.jpg,full_bright_fraction,0.00013020833333333333,6.070407751764734,high,statistical_outlier_for_review
1-coins/90_1477857096.jpg,full_bright_fraction,0.00013020833333333333,6.070407751764734,high,statistical_outlier_for_review
1-coins/95_1477857750.jpg,full_bright_fraction,0.00013020833333333333,6.070407751764734,high,statistical_outlier_for_review
1-coins/95_1477857768.jpg,full_bright_fraction,0.00013020833333333333,6.070407751764734,high,statistical_outlier_for_review
1-coins/100_1477280646.jpg,full_bright_fraction,0.000126953125,5.901785314215714,high,statistical_outlier_for_review
1-coins/100_1477281384.jpg,full_bright_fraction,0.000126953125,5.901785314215714,high,statistical_outlier_for_review
1-coins/100_1477281468.jpg,full_bright_fraction,0.000126953125,5.901785314215714,high,statistical_outlier_for_review
1-coins/105_1479344424.jpg,full_bright_fraction,0.000126953125,5.901785314215714,high,statistical_outlier_for_review
1-coins/105_1479344442.jpg,full_bright_fraction,0.000126953125,5.901785314215714,high,statistical_outlier_for_review
1-coins/105_1479344754.jpg,full_bright_fraction,0.000126953125,5.901785314215714,high,statistical_outlier_for_review
1-coins/105_1479345324.jpg,full_bright_fraction,0.000126953125,5.901785314215714,high,statistical_outlier_for_review
1-coins/10_1477147500.jpg,full_bright_fraction,0.000126953125,5.901785314215714,high,statistical_outlier_for_review
1-coins/110_1479347430.jpg,full_bright_fraction,0.000126953125,5.901785314215714,high,statistical_outlier_for_review
1-coins/110_1479347484.jpg,full_bright_fraction,0.000126953125,5.901785314215714,high,statistical_outlier_for_review
1-coins/140_1479427428.jpg,full_bright_fraction,0.000126953125,5.901785314215714,high,statistical_outlier_for_review
1-coins/150_1477864182.jpg,full_bright_fraction,0.000126953125,5.901785314215714,high,statistical_outlier_for_review
1-coins/150_1479430260.jpg,full_bright_fraction,0.000126953125,5.901785314215714,high,statistical_outlier_for_review
1-coins/175_1479423408.jpg,full_bright_fraction,0.000126953125,5.901785314215714,high,statistical_outlier_for_review
1-coins/25_1477191726.jpg,full_bright_fraction,0.000126953125,5.901785314215714,high,statistical_outlier_for_review
1-coins/25_1477287384.jpg,full_bright_fraction,0.000126953125,5.901785314215714,high,statistical_outlier_for_review
1-coins/50_1477139922.jpg,full_bright_fraction,0.000126953125,5.901785314215714,high,statistical_outlier_for_review
1-coins/50_1477193256.jpg,full_bright_fraction,0.000126953125,5.901785314215714,high,statistical_outlier_for_review
1-coins/5_1477290198.jpg,full_bright_fraction,0.000126953125,5.901785314215714,high,statistical_outlier_for_review
1-coins/5_1477290342.jpg,full_bright_fraction,0.000126953125,5.901785314215714,high,statistical_outlier_for_review
1-coins/60_1477844958.jpg,full_bright_fraction,0.000126953125,5.901785314215714,high,statistical_outlier_for_review
1-coins/60_1477845114.jpg,full_bright_fraction,0.000126953125,5.901785314215714,high,statistical_outlier_for_review
1-coins/60_1477845414.jpg,full_bright_fraction,0.000126953125,5.901785314215714,high,statistical_outlier_for_review
1-coins/70_1477846770.jpg,full_bright_fraction,0.000126953125,5.901785314215714,high,statistical_outlier_for_review
1-coins/80_1477851210.jpg,full_bright_fraction,0.000126953125,5.901785314215714,high,statistical_outlier_for_review
1-coins/85_1477852194.jpg,full_bright_fraction,0.000126953125,5.901785314215714,high,statistical_outlier_for_review
1-coins/85_1477852926.jpg,full_bright_fraction,0.000126953125,5.901785314215714,high,statistical_outlier_for_review
1-coins/90_1477855668.jpg,full_bright_fraction,0.000126953125,5.901785314215714,high,statistical_outlier_for_review
1-coins/95_1477857348.jpg,full_bright_fraction,0.000126953125,5.901785314215714,high,statistical_outlier_for_review
1-coins/95_1477858050.jpg,full_bright_fraction,0.000126953125,5.901785314215714,high,statistical_outlier_for_review
1-coins/100_1477281108.jpg,full_bright_fraction,0.00012369791666666668,5.733162876666695,high,statistical_outlier_for_review
1-coins/100_1477858686.jpg,full_bright_fraction,0.00012369791666666668,5.733162876666695,high,statistical_outlier_for_review
1-coins/100_1477858980.jpg,full_bright_fraction,0.00012369791666666668,5.733162876666695,high,statistical_outlier_for_review
1-coins/100_1477860552.jpg,full_bright_fraction,0.00012369791666666668,5.733162876666695,high,statistical_outlier_for_review
1-coins/110_1479347472.jpg,full_bright_fraction,0.00012369791666666668,5.733162876666695,high,statistical_outlier_for_review
1-coins/110_1479347478.jpg,full_bright_fraction,0.00012369791666666668,5.733162876666695,high,statistical_outlier_for_review
1-coins/120_1479351498.jpg,full_bright_fraction,0.00012369791666666668,5.733162876666695,high,statistical_outlier_for_review
1-coins/145_1479428922.jpg,full_bright_fraction,0.00012369791666666668,5.733162876666695,high,statistical_outlier_for_review
1-coins/150_1477864374.jpg,full_bright_fraction,0.00012369791666666668,5.733162876666695,high,statistical_outlier_for_review
1-coins/150_1479429498.jpg,full_bright_fraction,0.00012369791666666668,5.733162876666695,high,statistical_outlier_for_review
1-coins/170_1479423180.jpg,full_bright_fraction,0.00012369791666666668,5.733162876666695,high,statistical_outlier_for_review
1-coins/170_1479423204.jpg,full_bright_fraction,0.00012369791666666668,5.733162876666695,high,statistical_outlier_for_review
1-coins/175_1479423732.jpg,full_bright_fraction,0.00012369791666666668,5.733162876666695,high,statistical_outlier_for_review
1-coins/25_1477287378.jpg,full_bright_fraction,0.00012369791666666668,5.733162876666695,high,statistical_outlier_for_review
1-coins/50_1477192788.jpg,full_bright_fraction,0.00012369791666666668,5.733162876666695,high,statistical_outlier_for_review
1-coins/55_1477838970.jpg,full_bright_fraction,0.00012369791666666668,5.733162876666695,high,statistical_outlier_for_review
1-coins/60_1477845216.jpg,full_bright_fraction,0.00012369791666666668,5.733162876666695,high,statistical_outlier_for_review
1-coins/75_1477849962.jpg,full_bright_fraction,0.00012369791666666668,5.733162876666695,high,statistical_outlier_for_review
1-coins/80_1477851078.jpg,full_bright_fraction,0.00012369791666666668,5.733162876666695,high,statistical_outlier_for_review
1-coins/80_1477851186.jpg,full_bright_fraction,0.00012369791666666668,5.733162876666695,high,statistical_outlier_for_review
1-coins/80_1477851948.jpg,full_bright_fraction,0.00012369791666666668,5.733162876666695,high,statistical_outlier_for_review
1-coins/85_1477854240.jpg,full_bright_fraction,0.00012369791666666668,5.733162876666695,high,statistical_outlier_for_review
1-coins/95_1477857630.jpg,full_bright_fraction,0.00012369791666666668,5.733162876666695,high,statistical_outlier_for_review
1-coins/95_1477857774.jpg,full_bright_fraction,0.00012369791666666668,5.733162876666695,high,statistical_outlier_for_review
1-coins/95_1477857912.jpg,full_bright_fraction,0.00012369791666666668,5.733162876666695,high,statistical_outlier_for_review
1-coins/100_1477281000.jpg,full_bright_fraction,0.00012044270833333334,5.564540439117674,high,statistical_outlier_for_review
1-coins/100_1477858902.jpg,full_bright_fraction,0.00012044270833333334,5.564540439117674,high,statistical_outlier_for_review
1-coins/100_1477860810.jpg,full_bright_fraction,0.00012044270833333334,5.564540439117674,high,statistical_outlier_for_review
1-coins/100_1477860900.jpg,full_bright_fraction,0.00012044270833333334,5.564540439117674,high,statistical_outlier_for_review
1-coins/105_1479344778.jpg,full_bright_fraction,0.00012044270833333334,5.564540439117674,high,statistical_outlier_for_review
1-coins/105_1479345306.jpg,full_bright_fraction,0.00012044270833333334,5.564540439117674,high,statistical_outlier_for_review
1-coins/110_1479347436.jpg,full_bright_fraction,0.00012044270833333334,5.564540439117674,high,statistical_outlier_for_review
1-coins/115_1479347556.jpg,full_bright_fraction,0.00012044270833333334,5.564540439117674,high,statistical_outlier_for_review
1-coins/125_1479424512.jpg,full_bright_fraction,0.00012044270833333334,5.564540439117674,high,statistical_outlier_for_review
1-coins/125_1479424524.jpg,full_bright_fraction,0.00012044270833333334,5.564540439117674,high,statistical_outlier_for_review
1-coins/130_1477861938.jpg,full_bright_fraction,0.00012044270833333334,5.564540439117674,high,statistical_outlier_for_review
1-coins/140_1479427164.jpg,full_bright_fraction,0.00012044270833333334,5.564540439117674,high,statistical_outlier_for_review
1-coins/150_1479429990.jpg,full_bright_fraction,0.00012044270833333334,5.564540439117674,high,statistical_outlier_for_review
1-coins/150_1479430020.jpg,full_bright_fraction,0.00012044270833333334,5.564540439117674,high,statistical_outlier_for_review
1-coins/170_1479423168.jpg,full_bright_fraction,0.00012044270833333334,5.564540439117674,high,statistical_outlier_for_review
1-coins/55_1477842204.jpg,full_bright_fraction,0.00012044270833333334,5.564540439117674,high,statistical_outlier_for_review
1-coins/60_1477845462.jpg,full_bright_fraction,0.00012044270833333334,5.564540439117674,high,statistical_outlier_for_review
1-coins/65_1477845918.jpg,full_bright_fraction,0.00012044270833333334,5.564540439117674,high,statistical_outlier_for_review
1-coins/65_1477846302.jpg,full_bright_fraction,0.00012044270833333334,5.564540439117674,high,statistical_outlier_for_review
1-coins/75_1477850472.jpg,full_bright_fraction,0.00012044270833333334,5.564540439117674,high,statistical_outlier_for_review
1-coins/80_1477850670.jpg,full_bright_fraction,0.00012044270833333334,5.564540439117674,high,statistical_outlier_for_review
1-coins/80_1477851240.jpg,full_bright_fraction,0.00012044270833333334,5.564540439117674,high,statistical_outlier_for_review
1-coins/80_1477851912.jpg,full_bright_fraction,0.00012044270833333334,5.564540439117674,high,statistical_outlier_for_review
1-coins/90_1477854942.jpg,full_bright_fraction,0.00012044270833333334,5.564540439117674,high,statistical_outlier_for_review
1-coins/90_1477855674.jpg,full_bright_fraction,0.00012044270833333334,5.564540439117674,high,statistical_outlier_for_review
1-coins/100_1477858242.jpg,full_bright_fraction,0.0001171875,5.395918001568653,high,statistical_outlier_for_review
1-coins/100_1477858710.jpg,full_bright_fraction,0.0001171875,5.395918001568653,high,statistical_outlier_for_review
1-coins/100_1477860702.jpg,full_bright_fraction,0.0001171875,5.395918001568653,high,statistical_outlier_for_review
1-coins/100_1477861152.jpg,full_bright_fraction,0.0001171875,5.395918001568653,high,statistical_outlier_for_review
1-coins/105_1479344760.jpg,full_bright_fraction,0.0001171875,5.395918001568653,high,statistical_outlier_for_review
1-coins/120_1479351480.jpg,full_bright_fraction,0.0001171875,5.395918001568653,high,statistical_outlier_for_review
1-coins/120_1479351492.jpg,full_bright_fraction,0.0001171875,5.395918001568653,high,statistical_outlier_for_review
1-coins/130_1477862070.jpg,full_bright_fraction,0.0001171875,5.395918001568653,high,statistical_outlier_for_review
1-coins/135_1479426978.jpg,full_bright_fraction,0.0001171875,5.395918001568653,high,statistical_outlier_for_review
1-coins/145_1479427584.jpg,full_bright_fraction,0.0001171875,5.395918001568653,high,statistical_outlier_for_review
1-coins/150_1479429678.jpg,full_bright_fraction,0.0001171875,5.395918001568653,high,statistical_outlier_for_review
1-coins/150_1479429684.jpg,full_bright_fraction,0.0001171875,5.395918001568653,high,statistical_outlier_for_review
1-coins/150_1479430386.jpg,full_bright_fraction,0.0001171875,5.395918001568653,high,statistical_outlier_for_review
1-coins/170_1479423144.jpg,full_bright_fraction,0.0001171875,5.395918001568653,high,statistical_outlier_for_review
1-coins/170_1479423246.jpg,full_bright_fraction,0.0001171875,5.395918001568653,high,statistical_outlier_for_review
1-coins/60_1477843938.jpg,full_bright_fraction,0.0001171875,5.395918001568653,high,statistical_outlier_for_review
1-coins/75_1477849584.jpg,full_bright_fraction,0.0001171875,5.395918001568653,high,statistical_outlier_for_review
1-coins/80_1477851228.jpg,full_bright_fraction,0.0001171875,5.395918001568653,high,statistical_outlier_for_review
1-coins/80_1477851702.jpg,full_bright_fraction,0.0001171875,5.395918001568653,high,statistical_outlier_for_review
1-coins/85_1477854234.jpg,full_bright_fraction,0.0001171875,5.395918001568653,high,statistical_outlier_for_review
1-coins/90_1477854936.jpg,full_bright_fraction,0.0001171875,5.395918001568653,high,statistical_outlier_for_review
1-coins/90_1477855560.jpg,full_bright_fraction,0.0001171875,5.395918001568653,high,statistical_outlier_for_review
1-coins/90_1477855662.jpg,full_bright_fraction,0.0001171875,5.395918001568653,high,statistical_outlier_for_review
1-coins/95_1477857318.jpg,full_bright_fraction,0.0001171875,5.395918001568653,high,statistical_outlier_for_review
1-coins/95_1477857378.jpg,full_bright_fraction,0.0001171875,5.395918001568653,high,statistical_outlier_for_review
1-coins/100_1477858146.jpg,full_bright_fraction,0.00011393229166666667,5.2272955640196335,high,statistical_outlier_for_review
1-coins/100_1477858236.jpg,full_bright_fraction,0.00011393229166666667,5.2272955640196335,high,statistical_outlier_for_review
1-coins/100_1477858974.jpg,full_bright_fraction,0.00011393229166666667,5.2272955640196335,high,statistical_outlier_for_review
1-coins/100_1477860612.jpg,full_bright_fraction,0.00011393229166666667,5.2272955640196335,high,statistical_outlier_for_review
1-coins/100_1477861296.jpg,full_bright_fraction,0.00011393229166666667,5.2272955640196335,high,statistical_outlier_for_review
1-coins/105_1479344856.jpg,full_bright_fraction,0.00011393229166666667,5.2272955640196335,high,statistical_outlier_for_review
1-coins/110_1479345774.jpg,full_bright_fraction,0.00011393229166666667,5.2272955640196335,high,statistical_outlier_for_review
1-coins/110_1479347508.jpg,full_bright_fraction,0.00011393229166666667,5.2272955640196335,high,statistical_outlier_for_review
1-coins/125_1479424800.jpg,full_bright_fraction,0.00011393229166666667,5.2272955640196335,high,statistical_outlier_for_review
1-coins/135_1479426840.jpg,full_bright_fraction,0.00011393229166666667,5.2272955640196335,high,statistical_outlier_for_review
1-coins/135_1479426912.jpg,full_bright_fraction,0.00011393229166666667,5.2272955640196335,high,statistical_outlier_for_review
1-coins/135_1479426942.jpg,full_bright_fraction,0.00011393229166666667,5.2272955640196335,high,statistical_outlier_for_review
1-coins/135_1479426954.jpg,full_bright_fraction,0.00011393229166666667,5.2272955640196335,high,statistical_outlier_for_review
1-coins/145_1479427590.jpg,full_bright_fraction,0.00011393229166666667,5.2272955640196335,high,statistical_outlier_for_review
1-coins/145_1479427710.jpg,full_bright_fraction,0.00011393229166666667,5.2272955640196335,high,statistical_outlier_for_review
1-coins/150_1479429984.jpg,full_bright_fraction,0.00011393229166666667,5.2272955640196335,high,statistical_outlier_for_review
1-coins/150_1479430014.jpg,full_bright_fraction,0.00011393229166666667,5.2272955640196335,high,statistical_outlier_for_review
1-coins/150_1479430296.jpg,full_bright_fraction,0.00011393229166666667,5.2272955640196335,high,statistical_outlier_for_review
1-coins/45_1477835640.jpg,full_bright_fraction,0.00011393229166666667,5.2272955640196335,high,statistical_outlier_for_review
1-coins/50_1477193802.jpg,full_bright_fraction,0.00011393229166666667,5.2272955640196335,high,statistical_outlier_for_review
1-coins/55_1477839222.jpg,full_bright_fraction,0.00011393229166666667,5.2272955640196335,high,statistical_outlier_for_review
1-coins/60_1477845138.jpg,full_bright_fraction,0.00011393229166666667,5.2272955640196335,high,statistical_outlier_for_review
1-coins/60_1477845402.jpg,full_bright_fraction,0.00011393229166666667,5.2272955640196335,high,statistical_outlier_for_review
1-coins/75_1477850028.jpg,full_bright_fraction,0.00011393229166666667,5.2272955640196335,high,statistical_outlier_for_review
1-coins/75_1477850424.jpg,full_bright_fraction,0.00011393229166666667,5.2272955640196335,high,statistical_outlier_for_review
1-coins/80_1477851630.jpg,full_bright_fraction,0.00011393229166666667,5.2272955640196335,high,statistical_outlier_for_review
1-coins/80_1477851876.jpg,full_bright_fraction,0.00011393229166666667,5.2272955640196335,high,statistical_outlier_for_review
1-coins/85_1477852104.jpg,full_bright_fraction,0.00011393229166666667,5.2272955640196335,high,statistical_outlier_for_review
1-coins/85_1477852920.jpg,full_bright_fraction,0.00011393229166666667,5.2272955640196335,high,statistical_outlier_for_review
1-coins/85_1477852986.jpg,full_bright_fraction,0.00011393229166666667,5.2272955640196335,high,statistical_outlier_for_review
1-coins/85_1477854144.jpg,full_bright_fraction,0.00011393229166666667,5.2272955640196335,high,statistical_outlier_for_review
1-coins/85_1477854204.jpg,full_bright_fraction,0.00011393229166666667,5.2272955640196335,high,statistical_outlier_for_review
1-coins/85_1477854222.jpg,full_bright_fraction,0.00011393229166666667,5.2272955640196335,high,statistical_outlier_for_review
1-coins/90_1477855782.jpg,full_bright_fraction,0.00011393229166666667,5.2272955640196335,high,statistical_outlier_for_review
1-coins/95_1477857366.jpg,full_bright_fraction,0.00011393229166666667,5.2272955640196335,high,statistical_outlier_for_review
1-coins/95_1477858062.jpg,full_bright_fraction,0.00011393229166666667,5.2272955640196335,high,statistical_outlier_for_review
1-coins/100_1477195524.jpg,full_bright_fraction,0.00011067708333333333,5.058673126470612,high,statistical_outlier_for_review
1-coins/100_1477280844.jpg,full_bright_fraction,0.00011067708333333333,5.058673126470612,high,statistical_outlier_for_review
1-coins/100_1477858638.jpg,full_bright_fraction,0.00011067708333333333,5.058673126470612,high,statistical_outlier_for_review
1-coins/100_1477860882.jpg,full_bright_fraction,0.00011067708333333333,5.058673126470612,high,statistical_outlier_for_review
1-coins/105_1479344850.jpg,full_bright_fraction,0.00011067708333333333,5.058673126470612,high,statistical_outlier_for_review
1-coins/110_1479345768.jpg,full_bright_fraction,0.00011067708333333333,5.058673126470612,high,statistical_outlier_for_review
1-coins/125_1479424518.jpg,full_bright_fraction,0.00011067708333333333,5.058673126470612,high,statistical_outlier_for_review
1-coins/130_1477862838.jpg,full_bright_fraction,0.00011067708333333333,5.058673126470612,high,statistical_outlier_for_review
1-coins/135_1479426960.jpg,full_bright_fraction,0.00011067708333333333,5.058673126470612,high,statistical_outlier_for_review
1-coins/140_1479427098.jpg,full_bright_fraction,0.00011067708333333333,5.058673126470612,high,statistical_outlier_for_review
1-coins/150_1477864470.jpg,full_bright_fraction,0.00011067708333333333,5.058673126470612,high,statistical_outlier_for_review
1-coins/150_1479429996.jpg,full_bright_fraction,0.00011067708333333333,5.058673126470612,high,statistical_outlier_for_review
1-coins/170_1479423162.jpg,full_bright_fraction,0.00011067708333333333,5.058673126470612,high,statistical_outlier_for_review
1-coins/170_1479423222.jpg,full_bright_fraction,0.00011067708333333333,5.058673126470612,high,statistical_outlier_for_review
1-coins/170_1479423306.jpg,full_bright_fraction,0.00011067708333333333,5.058673126470612,high,statistical_outlier_for_review
1-coins/175_1479423438.jpg,full_bright_fraction,0.00011067708333333333,5.058673126470612,high,statistical_outlier_for_review
1-coins/25_1477191714.jpg,full_bright_fraction,0.00011067708333333333,5.058673126470612,high,statistical_outlier_for_review
1-coins/25_1477287408.jpg,full_bright_fraction,0.00011067708333333333,5.058673126470612,high,statistical_outlier_for_review
1-coins/50_1477193262.jpg,full_bright_fraction,0.00011067708333333333,5.058673126470612,high,statistical_outlier_for_review
1-coins/50_1477193592.jpg,full_bright_fraction,0.00011067708333333333,5.058673126470612,high,statistical_outlier_for_review
1-coins/50_1477281900.jpg,full_bright_fraction,0.00011067708333333333,5.058673126470612,high,statistical_outlier_for_review
1-coins/50_1477282548.jpg,full_bright_fraction,0.00011067708333333333,5.058673126470612,high,statistical_outlier_for_review
1-coins/50_1477282686.jpg,full_bright_fraction,0.00011067708333333333,5.058673126470612,high,statistical_outlier_for_review
1-coins/55_1477839012.jpg,full_bright_fraction,0.00011067708333333333,5.058673126470612,high,statistical_outlier_for_review
1-coins/55_1477842270.jpg,full_bright_fraction,0.00011067708333333333,5.058673126470612,high,statistical_outlier_for_review
1-coins/60_1477843974.jpg,full_bright_fraction,0.00011067708333333333,5.058673126470612,high,statistical_outlier_for_review
1-coins/60_1477844892.jpg,full_bright_fraction,0.00011067708333333333,5.058673126470612,high,statistical_outlier_for_review
1-coins/60_1477845126.jpg,full_bright_fraction,0.00011067708333333333,5.058673126470612,high,statistical_outlier_for_review
1-coins/60_1477845342.jpg,full_bright_fraction,0.00011067708333333333,5.058673126470612,high,statistical_outlier_for_review
1-coins/70_1477849290.jpg,full_bright_fraction,0.00011067708333333333,5.058673126470612,high,statistical_outlier_for_review
1-coins/75_1477850526.jpg,full_bright_fraction,0.00011067708333333333,5.058673126470612,high,statistical_outlier_for_review
1-coins/80_1477850622.jpg,full_bright_fraction,0.00011067708333333333,5.058673126470612,high,statistical_outlier_for_review
1-coins/80_1477851678.jpg,full_bright_fraction,0.00011067708333333333,5.058673126470612,high,statistical_outlier_for_review
1-coins/85_1477852110.jpg,full_bright_fraction,0.00011067708333333333,5.058673126470612,high,statistical_outlier_for_review
1-coins/95_1477857474.jpg,full_bright_fraction,0.00011067708333333333,5.058673126470612,high,statistical_outlier_for_review
1-coins/100_1477280580.jpg,full_bright_fraction,0.000107421875,4.890050688921591,high,statistical_outlier_for_review
1-coins/100_1477280898.jpg,full_bright_fraction,0.000107421875,4.890050688921591,high,statistical_outlier_for_review
1-coins/100_1477858224.jpg,full_bright_fraction,0.000107421875,4.890050688921591,high,statistical_outlier_for_review
1-coins/100_1477858656.jpg,full_bright_fraction,0.000107421875,4.890050688921591,high,statistical_outlier_for_review
1-coins/105_1479344436.jpg,full_bright_fraction,0.000107421875,4.890050688921591,high,statistical_outlier_for_review
1-coins/105_1479345312.jpg,full_bright_fraction,0.000107421875,4.890050688921591,high,statistical_outlier_for_review
1-coins/120_1479351402.jpg,full_bright_fraction,0.000107421875,4.890050688921591,high,statistical_outlier_for_review
1-coins/120_1479423042.jpg,full_bright_fraction,0.000107421875,4.890050688921591,high,statistical_outlier_for_review
1-coins/135_1479426918.jpg,full_bright_fraction,0.000107421875,4.890050688921591,high,statistical_outlier_for_review
1-coins/135_1479426966.jpg,full_bright_fraction,0.000107421875,4.890050688921591,high,statistical_outlier_for_review
1-coins/140_1479427158.jpg,full_bright_fraction,0.000107421875,4.890050688921591,high,statistical_outlier_for_review
1-coins/150_1479429540.jpg,full_bright_fraction,0.000107421875,4.890050688921591,high,statistical_outlier_for_review
1-coins/170_1479423240.jpg,full_bright_fraction,0.000107421875,4.890050688921591,high,statistical_outlier_for_review
1-coins/175_1479423414.jpg,full_bright_fraction,0.000107421875,4.890050688921591,high,statistical_outlier_for_review
1-coins/175_1479423462.jpg,full_bright_fraction,0.000107421875,4.890050688921591,high,statistical_outlier_for_review
1-coins/20_1477788714.jpg,full_bright_fraction,0.000107421875,4.890050688921591,high,statistical_outlier_for_review
1-coins/50_1477193796.jpg,full_bright_fraction,0.000107421875,4.890050688921591,high,statistical_outlier_for_review
1-coins/50_1477282542.jpg,full_bright_fraction,0.000107421875,4.890050688921591,high,statistical_outlier_for_review
1-coins/50_1477283478.jpg,full_bright_fraction,0.000107421875,4.890050688921591,high,statistical_outlier_for_review
1-coins/55_1477842690.jpg,full_bright_fraction,0.000107421875,4.890050688921591,high,statistical_outlier_for_review
1-coins/60_1477844028.jpg,full_bright_fraction,0.000107421875,4.890050688921591,high,statistical_outlier_for_review
1-coins/60_1477845300.jpg,full_bright_fraction,0.000107421875,4.890050688921591,high,statistical_outlier_for_review
1-coins/70_1477848858.jpg,full_bright_fraction,0.000107421875,4.890050688921591,high,statistical_outlier_for_review
1-coins/70_1477848930.jpg,full_bright_fraction,0.000107421875,4.890050688921591,high,statistical_outlier_for_review
1-coins/75_1477849542.jpg,full_bright_fraction,0.000107421875,4.890050688921591,high,statistical_outlier_for_review
1-coins/75_1477849716.jpg,full_bright_fraction,0.000107421875,4.890050688921591,high,statistical_outlier_for_review
1-coins/80_1477850862.jpg,full_bright_fraction,0.000107421875,4.890050688921591,high,statistical_outlier_for_review
1-coins/80_1477851138.jpg,full_bright_fraction,0.000107421875,4.890050688921591,high,statistical_outlier_for_review
1-coins/85_1477852992.jpg,full_bright_fraction,0.000107421875,4.890050688921591,high,statistical_outlier_for_review
1-coins/90_1477855614.jpg,full_bright_fraction,0.000107421875,4.890050688921591,high,statistical_outlier_for_review
1-coins/100_1477195128.jpg,full_bright_fraction,0.00010416666666666667,4.721428251372572,high,statistical_outlier_for_review
1-coins/100_1477280958.jpg,full_bright_fraction,0.00010416666666666667,4.721428251372572,high,statistical_outlier_for_review
1-coins/100_1477281504.jpg,full_bright_fraction,0.00010416666666666667,4.721428251372572,high,statistical_outlier_for_review
1-coins/100_1477860714.jpg,full_bright_fraction,0.00010416666666666667,4.721428251372572,high,statistical_outlier_for_review
1-coins/105_1479344820.jpg,full_bright_fraction,0.00010416666666666667,4.721428251372572,high,statistical_outlier_for_review
1-coins/105_1479345318.jpg,full_bright_fraction,0.00010416666666666667,4.721428251372572,high,statistical_outlier_for_review
1-coins/110_1479347400.jpg,full_bright_fraction,0.00010416666666666667,4.721428251372572,high,statistical_outlier_for_review
1-coins/115_1479349548.jpg,full_bright_fraction,0.00010416666666666667,4.721428251372572,high,statistical_outlier_for_review
1-coins/115_1479349650.jpg,full_bright_fraction,0.00010416666666666667,4.721428251372572,high,statistical_outlier_for_review
1-coins/115_1479349656.jpg,full_bright_fraction,0.00010416666666666667,4.721428251372572,high,statistical_outlier_for_review
1-coins/120_1479351294.jpg,full_bright_fraction,0.00010416666666666667,4.721428251372572,high,statistical_outlier_for_review
1-coins/120_1479423018.jpg,full_bright_fraction,0.00010416666666666667,4.721428251372572,high,statistical_outlier_for_review
1-coins/140_1479427182.jpg,full_bright_fraction,0.00010416666666666667,4.721428251372572,high,statistical_outlier_for_review
1-coins/150_1477864224.jpg,full_bright_fraction,0.00010416666666666667,4.721428251372572,high,statistical_outlier_for_review
1-coins/150_1477864458.jpg,full_bright_fraction,0.00010416666666666667,4.721428251372572,high,statistical_outlier_for_review
1-coins/150_1477864464.jpg,full_bright_fraction,0.00010416666666666667,4.721428251372572,high,statistical_outlier_for_review
1-coins/150_1477864482.jpg,full_bright_fraction,0.00010416666666666667,4.721428251372572,high,statistical_outlier_for_review
1-coins/150_1479429552.jpg,full_bright_fraction,0.00010416666666666667,4.721428251372572,high,statistical_outlier_for_review
1-coins/150_1479429756.jpg,full_bright_fraction,0.00010416666666666667,4.721428251372572,high,statistical_outlier_for_review
1-coins/150_1479430038.jpg,full_bright_fraction,0.00010416666666666667,4.721428251372572,high,statistical_outlier_for_review
1-coins/175_1479423522.jpg,full_bright_fraction,0.00010416666666666667,4.721428251372572,high,statistical_outlier_for_review
1-coins/25_1477191846.jpg,full_bright_fraction,0.00010416666666666667,4.721428251372572,high,statistical_outlier_for_review
1-coins/25_1477789398.jpg,full_bright_fraction,0.00010416666666666667,4.721428251372572,high,statistical_outlier_for_review
1-coins/50_1477193856.jpg,full_bright_fraction,0.00010416666666666667,4.721428251372572,high,statistical_outlier_for_review
1-coins/55_1477839006.jpg,full_bright_fraction,0.00010416666666666667,4.721428251372572,high,statistical_outlier_for_review
1-coins/60_1477843920.jpg,full_bright_fraction,0.00010416666666666667,4.721428251372572,high,statistical_outlier_for_review
1-coins/70_1477846794.jpg,full_bright_fraction,0.00010416666666666667,4.721428251372572,high,statistical_outlier_for_review
1-coins/80_1477851084.jpg,full_bright_fraction,0.00010416666666666667,4.721428251372572,high,statistical_outlier_for_review
1-coins/80_1477851150.jpg,full_bright_fraction,0.00010416666666666667,4.721428251372572,high,statistical_outlier_for_review
1-coins/80_1477851234.jpg,full_bright_fraction,0.00010416666666666667,4.721428251372572,high,statistical_outlier_for_review
1-coins/80_1477851834.jpg,full_bright_fraction,0.00010416666666666667,4.721428251372572,high,statistical_outlier_for_review
1-coins/85_1477852974.jpg,full_bright_fraction,0.00010416666666666667,4.721428251372572,high,statistical_outlier_for_review
1-coins/85_1477853016.jpg,full_bright_fraction,0.00010416666666666667,4.721428251372572,high,statistical_outlier_for_review
1-coins/85_1477854216.jpg,full_bright_fraction,0.00010416666666666667,4.721428251372572,high,statistical_outlier_for_review
1-coins/90_1477855566.jpg,full_bright_fraction,0.00010416666666666667,4.721428251372572,high,statistical_outlier_for_review
1-coins/90_1477855590.jpg,full_bright_fraction,0.00010416666666666667,4.721428251372572,high,statistical_outlier_for_review
1-coins/90_1477855596.jpg,full_bright_fraction,0.00010416666666666667,4.721428251372572,high,statistical_outlier_for_review
1-coins/90_1477855770.jpg,full_bright_fraction,0.00010416666666666667,4.721428251372572,high,statistical_outlier_for_review
1-coins/95_1477857372.jpg,full_bright_fraction,0.00010416666666666667,4.721428251372572,high,statistical_outlier_for_review
1-coins/100_1477154988.jpg,full_bright_fraction,0.00010091145833333333,4.552805813823551,high,statistical_outlier_for_review
1-coins/100_1477858230.jpg,full_bright_fraction,0.00010091145833333333,4.552805813823551,high,statistical_outlier_for_review
1-coins/100_1477858680.jpg,full_bright_fraction,0.00010091145833333333,4.552805813823551,high,statistical_outlier_for_review
1-coins/100_1477858884.jpg,full_bright_fraction,0.00010091145833333333,4.552805813823551,high,statistical_outlier_for_review
1-coins/100_1477858992.jpg,full_bright_fraction,0.00010091145833333333,4.552805813823551,high,statistical_outlier_for_review
1-coins/100_1477860654.jpg,full_bright_fraction,0.00010091145833333333,4.552805813823551,high,statistical_outlier_for_review
1-coins/100_1477860888.jpg,full_bright_fraction,0.00010091145833333333,4.552805813823551,high,statistical_outlier_for_review
1-coins/100_1477861422.jpg,full_bright_fraction,0.00010091145833333333,4.552805813823551,high,statistical_outlier_for_review
1-coins/110_1479345618.jpg,full_bright_fraction,0.00010091145833333333,4.552805813823551,high,statistical_outlier_for_review
1-coins/110_1479345624.jpg,full_bright_fraction,0.00010091145833333333,4.552805813823551,high,statistical_outlier_for_review
1-coins/115_1479347550.jpg,full_bright_fraction,0.00010091145833333333,4.552805813823551,high,statistical_outlier_for_review
1-coins/115_1479350568.jpg,full_bright_fraction,0.00010091145833333333,4.552805813823551,high,statistical_outlier_for_review
1-coins/130_1477862034.jpg,full_bright_fraction,0.00010091145833333333,4.552805813823551,high,statistical_outlier_for_review
1-coins/150_1479429558.jpg,full_bright_fraction,0.00010091145833333333,4.552805813823551,high,statistical_outlier_for_review
1-coins/150_1479429978.jpg,full_bright_fraction,0.00010091145833333333,4.552805813823551,high,statistical_outlier_for_review
1-coins/150_1479430368.jpg,full_bright_fraction,0.00010091145833333333,4.552805813823551,high,statistical_outlier_for_review
1-coins/175_1479423780.jpg,full_bright_fraction,0.00010091145833333333,4.552805813823551,high,statistical_outlier_for_review
1-coins/45_1477837020.jpg,full_bright_fraction,0.00010091145833333333,4.552805813823551,high,statistical_outlier_for_review
1-coins/50_1477140258.jpg,full_bright_fraction,0.00010091145833333333,4.552805813823551,high,statistical_outlier_for_review
1-coins/50_1477193586.jpg,full_bright_fraction,0.00010091145833333333,4.552805813823551,high,statistical_outlier_for_review
1-coins/55_1477838946.jpg,full_bright_fraction,0.00010091145833333333,4.552805813823551,high,statistical_outlier_for_review
1-coins/55_1477839138.jpg,full_bright_fraction,0.00010091145833333333,4.552805813823551,high,statistical_outlier_for_review
1-coins/55_1477842696.jpg,full_bright_fraction,0.00010091145833333333,4.552805813823551,high,statistical_outlier_for_review
1-coins/60_1477844166.jpg,full_bright_fraction,0.00010091145833333333,4.552805813823551,high,statistical_outlier_for_review
1-coins/60_1477844724.jpg,full_bright_fraction,0.00010091145833333333,4.552805813823551,high,statistical_outlier_for_review
1-coins/60_1477845426.jpg,full_bright_fraction,0.00010091145833333333,4.552805813823551,high,statistical_outlier_for_review
1-coins/65_1477846194.jpg,full_bright_fraction,0.00010091145833333333,4.552805813823551,high,statistical_outlier_for_review
1-coins/75_1477849842.jpg,full_bright_fraction,0.00010091145833333333,4.552805813823551,high,statistical_outlier_for_review
1-coins/80_1477850676.jpg,full_bright_fraction,0.00010091145833333333,4.552805813823551,high,statistical_outlier_for_review
1-coins/80_1477851204.jpg,full_bright_fraction,0.00010091145833333333,4.552805813823551,high,statistical_outlier_for_review
1-coins/80_1477851246.jpg,full_bright_fraction,0.00010091145833333333,4.552805813823551,high,statistical_outlier_for_review
1-coins/85_1477853934.jpg,full_bright_fraction,0.00010091145833333333,4.552805813823551,high,statistical_outlier_for_review
1-coins/85_1477854024.jpg,full_bright_fraction,0.00010091145833333333,4.552805813823551,high,statistical_outlier_for_review
1-coins/85_1477854090.jpg,full_bright_fraction,0.00010091145833333333,4.552805813823551,high,statistical_outlier_for_review
1-coins/95_1477857756.jpg,full_bright_fraction,0.00010091145833333333,4.552805813823551,high,statistical_outlier_for_review
1-coins/100_1477154934.jpg,full_bright_fraction,9.765625e-05,4.384183376274531,high,statistical_outlier_for_review
1-coins/105_1479344430.jpg,full_bright_fraction,9.765625e-05,4.384183376274531,high,statistical_outlier_for_review
1-coins/105_1479344796.jpg,full_bright_fraction,9.765625e-05,4.384183376274531,high,statistical_outlier_for_review
1-coins/115_1479349644.jpg,full_bright_fraction,9.765625e-05,4.384183376274531,high,statistical_outlier_for_review
1-coins/115_1479350556.jpg,full_bright_fraction,9.765625e-05,4.384183376274531,high,statistical_outlier_for_review
1-coins/120_1479423030.jpg,full_bright_fraction,9.765625e-05,4.384183376274531,high,statistical_outlier_for_review
1-coins/130_1477862358.jpg,full_bright_fraction,9.765625e-05,4.384183376274531,high,statistical_outlier_for_review
1-coins/135_1479425988.jpg,full_bright_fraction,9.765625e-05,4.384183376274531,high,statistical_outlier_for_review
1-coins/135_1479426972.jpg,full_bright_fraction,9.765625e-05,4.384183376274531,high,statistical_outlier_for_review
1-coins/140_1479427398.jpg,full_bright_fraction,9.765625e-05,4.384183376274531,high,statistical_outlier_for_review
1-coins/150_1479429582.jpg,full_bright_fraction,9.765625e-05,4.384183376274531,high,statistical_outlier_for_review
1-coins/150_1479429792.jpg,full_bright_fraction,9.765625e-05,4.384183376274531,high,statistical_outlier_for_review
1-coins/170_1479423138.jpg,full_bright_fraction,9.765625e-05,4.384183376274531,high,statistical_outlier_for_review
1-coins/175_1479423474.jpg,full_bright_fraction,9.765625e-05,4.384183376274531,high,statistical_outlier_for_review
1-coins/25_1477149378.jpg,full_bright_fraction,9.765625e-05,4.384183376274531,high,statistical_outlier_for_review
1-coins/25_1477191744.jpg,full_bright_fraction,9.765625e-05,4.384183376274531,high,statistical_outlier_for_review
1-coins/45_1477835712.jpg,full_bright_fraction,9.765625e-05,4.384183376274531,high,statistical_outlier_for_review
1-coins/60_1477844172.jpg,full_bright_fraction,9.765625e-05,4.384183376274531,high,statistical_outlier_for_review
1-coins/60_1477844178.jpg,full_bright_fraction,9.765625e-05,4.384183376274531,high,statistical_outlier_for_review
1-coins/60_1477844184.jpg,full_bright_fraction,9.765625e-05,4.384183376274531,high,statistical_outlier_for_review
1-coins/60_1477844820.jpg,full_bright_fraction,9.765625e-05,4.384183376274531,high,statistical_outlier_for_review
1-coins/60_1477845438.jpg,full_bright_fraction,9.765625e-05,4.384183376274531,high,statistical_outlier_for_review
1-coins/65_1477845846.jpg,full_bright_fraction,9.765625e-05,4.384183376274531,high,statistical_outlier_for_review
1-coins/70_1477846788.jpg,full_bright_fraction,9.765625e-05,4.384183376274531,high,statistical_outlier_for_review
1-coins/70_1477848822.jpg,full_bright_fraction,9.765625e-05,4.384183376274531,high,statistical_outlier_for_review
1-coins/70_1477849296.jpg,full_bright_fraction,9.765625e-05,4.384183376274531,high,statistical_outlier_for_review
1-coins/75_1477849488.jpg,full_bright_fraction,9.765625e-05,4.384183376274531,high,statistical_outlier_for_review
1-coins/75_1477849806.jpg,full_bright_fraction,9.765625e-05,4.384183376274531,high,statistical_outlier_for_review
1-coins/75_1477849932.jpg,full_bright_fraction,9.765625e-05,4.384183376274531,high,statistical_outlier_for_review
1-coins/80_1477851222.jpg,full_bright_fraction,9.765625e-05,4.384183376274531,high,statistical_outlier_for_review
1-coins/80_1477851636.jpg,full_bright_fraction,9.765625e-05,4.384183376274531,high,statistical_outlier_for_review
1-coins/80_1477851690.jpg,full_bright_fraction,9.765625e-05,4.384183376274531,high,statistical_outlier_for_review
1-coins/85_1477852908.jpg,full_bright_fraction,9.765625e-05,4.384183376274531,high,statistical_outlier_for_review
1-coins/85_1477852980.jpg,full_bright_fraction,9.765625e-05,4.384183376274531,high,statistical_outlier_for_review
1-coins/85_1477854228.jpg,full_bright_fraction,9.765625e-05,4.384183376274531,high,statistical_outlier_for_review
1-coins/95_1477857762.jpg,full_bright_fraction,9.765625e-05,4.384183376274531,high,statistical_outlier_for_review
1-coins/100_1477281402.jpg,full_bright_fraction,9.440104166666666e-05,4.215560938725511,high,statistical_outlier_for_review
1-coins/100_1477858164.jpg,full_bright_fraction,9.440104166666666e-05,4.215560938725511,high,statistical_outlier_for_review
1-coins/100_1477860558.jpg,full_bright_fraction,9.440104166666666e-05,4.215560938725511,high,statistical_outlier_for_review
1-coins/100_1477860672.jpg,full_bright_fraction,9.440104166666666e-05,4.215560938725511,high,statistical_outlier_for_review
1-coins/100_1477860912.jpg,full_bright_fraction,9.440104166666666e-05,4.215560938725511,high,statistical_outlier_for_review
1-coins/110_1479345762.jpg,full_bright_fraction,9.440104166666666e-05,4.215560938725511,high,statistical_outlier_for_review
1-coins/120_1479351540.jpg,full_bright_fraction,9.440104166666666e-05,4.215560938725511,high,statistical_outlier_for_review
1-coins/125_1479424602.jpg,full_bright_fraction,9.440104166666666e-05,4.215560938725511,high,statistical_outlier_for_review
1-coins/135_1479426852.jpg,full_bright_fraction,9.440104166666666e-05,4.215560938725511,high,statistical_outlier_for_review
1-coins/145_1479427662.jpg,full_bright_fraction,9.440104166666666e-05,4.215560938725511,high,statistical_outlier_for_review
1-coins/150_1477864476.jpg,full_bright_fraction,9.440104166666666e-05,4.215560938725511,high,statistical_outlier_for_review
1-coins/150_1479430002.jpg,full_bright_fraction,9.440104166666666e-05,4.215560938725511,high,statistical_outlier_for_review
1-coins/170_1479423174.jpg,full_bright_fraction,9.440104166666666e-05,4.215560938725511,high,statistical_outlier_for_review
1-coins/170_1479423300.jpg,full_bright_fraction,9.440104166666666e-05,4.215560938725511,high,statistical_outlier_for_review
1-coins/175_1479423498.jpg,full_bright_fraction,9.440104166666666e-05,4.215560938725511,high,statistical_outlier_for_review
1-coins/175_1479423552.jpg,full_bright_fraction,9.440104166666666e-05,4.215560938725511,high,statistical_outlier_for_review
1-coins/25_1477286508.jpg,full_bright_fraction,9.440104166666666e-05,4.215560938725511,high,statistical_outlier_for_review
1-coins/25_1477287132.jpg,full_bright_fraction,9.440104166666666e-05,4.215560938725511,high,statistical_outlier_for_review
1-coins/50_1477192800.jpg,full_bright_fraction,9.440104166666666e-05,4.215560938725511,high,statistical_outlier_for_review
1-coins/50_1477193862.jpg,full_bright_fraction,9.440104166666666e-05,4.215560938725511,high,statistical_outlier_for_review
1-coins/55_1477838910.jpg,full_bright_fraction,9.440104166666666e-05,4.215560938725511,high,statistical_outlier_for_review
1-coins/55_1477839144.jpg,full_bright_fraction,9.440104166666666e-05,4.215560938725511,high,statistical_outlier_for_review
1-coins/55_1477842738.jpg,full_bright_fraction,9.440104166666666e-05,4.215560938725511,high,statistical_outlier_for_review
1-coins/60_1477845024.jpg,full_bright_fraction,9.440104166666666e-05,4.215560938725511,high,statistical_outlier_for_review
1-coins/65_1477845552.jpg,full_bright_fraction,9.440104166666666e-05,4.215560938725511,high,statistical_outlier_for_review
1-coins/65_1477846476.jpg,full_bright_fraction,9.440104166666666e-05,4.215560938725511,high,statistical_outlier_for_review
1-coins/70_1477846722.jpg,full_bright_fraction,9.440104166666666e-05,4.215560938725511,high,statistical_outlier_for_review
1-coins/75_1477849788.jpg,full_bright_fraction,9.440104166666666e-05,4.215560938725511,high,statistical_outlier_for_review
1-coins/75_1477850400.jpg,full_bright_fraction,9.440104166666666e-05,4.215560938725511,high,statistical_outlier_for_review
1-coins/80_1477851864.jpg,full_bright_fraction,9.440104166666666e-05,4.215560938725511,high,statistical_outlier_for_review
1-coins/85_1477852872.jpg,full_bright_fraction,9.440104166666666e-05,4.215560938725511,high,statistical_outlier_for_review
1-coins/85_1477852938.jpg,full_bright_fraction,9.440104166666666e-05,4.215560938725511,high,statistical_outlier_for_review
1-coins/85_1477853910.jpg,full_bright_fraction,9.440104166666666e-05,4.215560938725511,high,statistical_outlier_for_review
1-coins/85_1477853916.jpg,full_bright_fraction,9.440104166666666e-05,4.215560938725511,high,statistical_outlier_for_review
1-coins/85_1477854012.jpg,full_bright_fraction,9.440104166666666e-05,4.215560938725511,high,statistical_outlier_for_review
1-coins/90_1477857048.jpg,full_bright_fraction,9.440104166666666e-05,4.215560938725511,high,statistical_outlier_for_review
1-coins/95_1477857444.jpg,full_bright_fraction,9.440104166666666e-05,4.215560938725511,high,statistical_outlier_for_review
1-coins/100_1477195758.jpg,full_bright_fraction,9.114583333333334e-05,4.0469385011764905,high,statistical_outlier_for_review
1-coins/105_1479344832.jpg,full_bright_fraction,9.114583333333334e-05,4.0469385011764905,high,statistical_outlier_for_review
1-coins/105_1479345258.jpg,full_bright_fraction,9.114583333333334e-05,4.0469385011764905,high,statistical_outlier_for_review
1-coins/10_1477288224.jpg,full_bright_fraction,9.114583333333334e-05,4.0469385011764905,high,statistical_outlier_for_review
1-coins/10_1477288584.jpg,full_bright_fraction,9.114583333333334e-05,4.0469385011764905,high,statistical_outlier_for_review
1-coins/110_1479345756.jpg,full_bright_fraction,9.114583333333334e-05,4.0469385011764905,high,statistical_outlier_for_review
1-coins/120_1479351420.jpg,full_bright_fraction,9.114583333333334e-05,4.0469385011764905,high,statistical_outlier_for_review
1-coins/125_1479424746.jpg,full_bright_fraction,9.114583333333334e-05,4.0469385011764905,high,statistical_outlier_for_review
1-coins/125_1479424794.jpg,full_bright_fraction,9.114583333333334e-05,4.0469385011764905,high,statistical_outlier_for_review
1-coins/135_1479426816.jpg,full_bright_fraction,9.114583333333334e-05,4.0469385011764905,high,statistical_outlier_for_review
1-coins/135_1479426888.jpg,full_bright_fraction,9.114583333333334e-05,4.0469385011764905,high,statistical_outlier_for_review
1-coins/145_1479427668.jpg,full_bright_fraction,9.114583333333334e-05,4.0469385011764905,high,statistical_outlier_for_review
1-coins/150_1477864194.jpg,full_bright_fraction,9.114583333333334e-05,4.0469385011764905,high,statistical_outlier_for_review
1-coins/150_1477864200.jpg,full_bright_fraction,9.114583333333334e-05,4.0469385011764905,high,statistical_outlier_for_review
1-coins/150_1479429504.jpg,full_bright_fraction,9.114583333333334e-05,4.0469385011764905,high,statistical_outlier_for_review
1-coins/150_1479429546.jpg,full_bright_fraction,9.114583333333334e-05,4.0469385011764905,high,statistical_outlier_for_review
1-coins/150_1479430266.jpg,full_bright_fraction,9.114583333333334e-05,4.0469385011764905,high,statistical_outlier_for_review
1-coins/175_1479423444.jpg,full_bright_fraction,9.114583333333334e-05,4.0469385011764905,high,statistical_outlier_for_review
1-coins/175_1479423468.jpg,full_bright_fraction,9.114583333333334e-05,4.0469385011764905,high,statistical_outlier_for_review
1-coins/25_1477154166.jpg,full_bright_fraction,9.114583333333334e-05,4.0469385011764905,high,statistical_outlier_for_review
1-coins/25_1477286862.jpg,full_bright_fraction,9.114583333333334e-05,4.0469385011764905,high,statistical_outlier_for_review
1-coins/50_1477193250.jpg,full_bright_fraction,9.114583333333334e-05,4.0469385011764905,high,statistical_outlier_for_review
1-coins/50_1477282272.jpg,full_bright_fraction,9.114583333333334e-05,4.0469385011764905,high,statistical_outlier_for_review
1-coins/50_1477283334.jpg,full_bright_fraction,9.114583333333334e-05,4.0469385011764905,high,statistical_outlier_for_review
1-coins/50_1477283586.jpg,full_bright_fraction,9.114583333333334e-05,4.0469385011764905,high,statistical_outlier_for_review
1-coins/55_1477842324.jpg,full_bright_fraction,9.114583333333334e-05,4.0469385011764905,high,statistical_outlier_for_review
1-coins/60_1477843986.jpg,full_bright_fraction,9.114583333333334e-05,4.0469385011764905,high,statistical_outlier_for_review
1-coins/60_1477845450.jpg,full_bright_fraction,9.114583333333334e-05,4.0469385011764905,high,statistical_outlier_for_review
1-coins/70_1477848960.jpg,full_bright_fraction,9.114583333333334e-05,4.0469385011764905,high,statistical_outlier_for_review
1-coins/80_1477850886.jpg,full_bright_fraction,9.114583333333334e-05,4.0469385011764905,high,statistical_outlier_for_review
1-coins/80_1477850910.jpg,full_bright_fraction,9.114583333333334e-05,4.0469385011764905,high,statistical_outlier_for_review
1-coins/80_1477851906.jpg,full_bright_fraction,9.114583333333334e-05,4.0469385011764905,high,statistical_outlier_for_review
1-coins/85_1477852896.jpg,full_bright_fraction,9.114583333333334e-05,4.0469385011764905,high,statistical_outlier_for_review
1-coins/85_1477854018.jpg,full_bright_fraction,9.114583333333334e-05,4.0469385011764905,high,statistical_outlier_for_review
1-coins/90_1477855824.jpg,full_bright_fraction,9.114583333333334e-05,4.0469385011764905,high,statistical_outlier_for_review
1-coins/90_1477856976.jpg,full_bright_fraction,9.114583333333334e-05,4.0469385011764905,high,statistical_outlier_for_review
1-coins/95_1477857360.jpg,full_bright_fraction,9.114583333333334e-05,4.0469385011764905,high,statistical_outlier_for_review
1-coins/95_1477857636.jpg,full_bright_fraction,9.114583333333334e-05,4.0469385011764905,high,statistical_outlier_for_review
1-coins/95_1477857918.jpg,full_bright_fraction,9.114583333333334e-05,4.0469385011764905,high,statistical_outlier_for_review
1-coins/100_1477195740.jpg,full_bright_fraction,8.7890625e-05,3.8783160636274694,high,statistical_outlier_for_review
1-coins/100_1477858128.jpg,full_bright_fraction,8.7890625e-05,3.8783160636274694,high,statistical_outlier_for_review
1-coins/100_1477858134.jpg,full_bright_fraction,8.7890625e-05,3.8783160636274694,high,statistical_outlier_for_review
1-coins/100_1477858194.jpg,full_bright_fraction,8.7890625e-05,3.8783160636274694,high,statistical_outlier_for_review
1-coins/100_1477858986.jpg,full_bright_fraction,8.7890625e-05,3.8783160636274694,high,statistical_outlier_for_review
1-coins/115_1479350550.jpg,full_bright_fraction,8.7890625e-05,3.8783160636274694,high,statistical_outlier_for_review
1-coins/115_1479350574.jpg,full_bright_fraction,8.7890625e-05,3.8783160636274694,high,statistical_outlier_for_review
1-coins/125_1479424452.jpg,full_bright_fraction,8.7890625e-05,3.8783160636274694,high,statistical_outlier_for_review
1-coins/130_1477862880.jpg,full_bright_fraction,8.7890625e-05,3.8783160636274694,high,statistical_outlier_for_review
1-coins/150_1477864218.jpg,full_bright_fraction,8.7890625e-05,3.8783160636274694,high,statistical_outlier_for_review
1-coins/150_1477864410.jpg,full_bright_fraction,8.7890625e-05,3.8783160636274694,high,statistical_outlier_for_review
1-coins/150_1479429690.jpg,full_bright_fraction,8.7890625e-05,3.8783160636274694,high,statistical_outlier_for_review
1-coins/170_1479423234.jpg,full_bright_fraction,8.7890625e-05,3.8783160636274694,high,statistical_outlier_for_review
1-coins/175_1479423492.jpg,full_bright_fraction,8.7890625e-05,3.8783160636274694,high,statistical_outlier_for_review
1-coins/175_1479423774.jpg,full_bright_fraction,8.7890625e-05,3.8783160636274694,high,statistical_outlier_for_review
1-coins/25_1477191738.jpg,full_bright_fraction,8.7890625e-05,3.8783160636274694,high,statistical_outlier_for_review
1-coins/25_1477285872.jpg,full_bright_fraction,8.7890625e-05,3.8783160636274694,high,statistical_outlier_for_review
1-coins/25_1477286502.jpg,full_bright_fraction,8.7890625e-05,3.8783160636274694,high,statistical_outlier_for_review
1-coins/45_1477837014.jpg,full_bright_fraction,8.7890625e-05,3.8783160636274694,high,statistical_outlier_for_review
1-coins/55_1477842408.jpg,full_bright_fraction,8.7890625e-05,3.8783160636274694,high,statistical_outlier_for_review
1-coins/60_1477844202.jpg,full_bright_fraction,8.7890625e-05,3.8783160636274694,high,statistical_outlier_for_review
1-coins/60_1477845198.jpg,full_bright_fraction,8.7890625e-05,3.8783160636274694,high,statistical_outlier_for_review
1-coins/60_1477845378.jpg,full_bright_fraction,8.7890625e-05,3.8783160636274694,high,statistical_outlier_for_review
1-coins/65_1477845564.jpg,full_bright_fraction,8.7890625e-05,3.8783160636274694,high,statistical_outlier_for_review
1-coins/65_1477845840.jpg,full_bright_fraction,8.7890625e-05,3.8783160636274694,high,statistical_outlier_for_review
1-coins/70_1477846818.jpg,full_bright_fraction,8.7890625e-05,3.8783160636274694,high,statistical_outlier_for_review
1-coins/70_1477848834.jpg,full_bright_fraction,8.7890625e-05,3.8783160636274694,high,statistical_outlier_for_review
1-coins/70_1477848990.jpg,full_bright_fraction,8.7890625e-05,3.8783160636274694,high,statistical_outlier_for_review
1-coins/75_1477849596.jpg,full_bright_fraction,8.7890625e-05,3.8783160636274694,high,statistical_outlier_for_review
1-coins/80_1477851750.jpg,full_bright_fraction,8.7890625e-05,3.8783160636274694,high,statistical_outlier_for_review
1-coins/85_1477852860.jpg,full_bright_fraction,8.7890625e-05,3.8783160636274694,high,statistical_outlier_for_review
1-coins/85_1477852902.jpg,full_bright_fraction,8.7890625e-05,3.8783160636274694,high,statistical_outlier_for_review
1-coins/85_1477852932.jpg,full_bright_fraction,8.7890625e-05,3.8783160636274694,high,statistical_outlier_for_review
1-coins/85_1477853946.jpg,full_bright_fraction,8.7890625e-05,3.8783160636274694,high,statistical_outlier_for_review
1-coins/85_1477854054.jpg,full_bright_fraction,8.7890625e-05,3.8783160636274694,high,statistical_outlier_for_review
1-coins/90_1477854966.jpg,full_bright_fraction,8.7890625e-05,3.8783160636274694,high,statistical_outlier_for_review
1-coins/90_1477855608.jpg,full_bright_fraction,8.7890625e-05,3.8783160636274694,high,statistical_outlier_for_review
1-coins/90_1477857126.jpg,full_bright_fraction,8.7890625e-05,3.8783160636274694,high,statistical_outlier_for_review
1-coins/95_1477857324.jpg,full_bright_fraction,8.7890625e-05,3.8783160636274694,high,statistical_outlier_for_review
1-coins/95_1477857456.jpg,full_bright_fraction,8.7890625e-05,3.8783160636274694,high,statistical_outlier_for_review
1-coins/95_1477857492.jpg,full_bright_fraction,8.7890625e-05,3.8783160636274694,high,statistical_outlier_for_review
1-coins/95_1477857678.jpg,full_bright_fraction,8.7890625e-05,3.8783160636274694,high,statistical_outlier_for_review
1-coins/100_1477281120.jpg,full_bright_fraction,8.463541666666667e-05,3.7096936260784488,high,statistical_outlier_for_review
1-coins/100_1477860678.jpg,full_bright_fraction,8.463541666666667e-05,3.7096936260784488,high,statistical_outlier_for_review
1-coins/110_1479345696.jpg,full_bright_fraction,8.463541666666667e-05,3.7096936260784488,high,statistical_outlier_for_review
1-coins/110_1479347394.jpg,full_bright_fraction,8.463541666666667e-05,3.7096936260784488,high,statistical_outlier_for_review
1-coins/115_1479347622.jpg,full_bright_fraction,8.463541666666667e-05,3.7096936260784488,high,statistical_outlier_for_review
1-coins/115_1479348060.jpg,full_bright_fraction,8.463541666666667e-05,3.7096936260784488,high,statistical_outlier_for_review
1-coins/115_1479348066.jpg,full_bright_fraction,8.463541666666667e-05,3.7096936260784488,high,statistical_outlier_for_review
1-coins/140_1479427152.jpg,full_bright_fraction,8.463541666666667e-05,3.7096936260784488,high,statistical_outlier_for_review
1-coins/145_1479427560.jpg,full_bright_fraction,8.463541666666667e-05,3.7096936260784488,high,statistical_outlier_for_review
1-coins/145_1479427698.jpg,full_bright_fraction,8.463541666666667e-05,3.7096936260784488,high,statistical_outlier_for_review
1-coins/150_1477864176.jpg,full_bright_fraction,8.463541666666667e-05,3.7096936260784488,high,statistical_outlier_for_review
1-coins/150_1477864494.jpg,full_bright_fraction,8.463541666666667e-05,3.7096936260784488,high,statistical_outlier_for_review
1-coins/150_1479429702.jpg,full_bright_fraction,8.463541666666667e-05,3.7096936260784488,high,statistical_outlier_for_review
1-coins/150_1479430404.jpg,full_bright_fraction,8.463541666666667e-05,3.7096936260784488,high,statistical_outlier_for_review
1-coins/170_1479423264.jpg,full_bright_fraction,8.463541666666667e-05,3.7096936260784488,high,statistical_outlier_for_review
1-coins/175_1479423768.jpg,full_bright_fraction,8.463541666666667e-05,3.7096936260784488,high,statistical_outlier_for_review
1-coins/25_1477286064.jpg,full_bright_fraction,8.463541666666667e-05,3.7096936260784488,high,statistical_outlier_for_review
1-coins/25_1477286436.jpg,full_bright_fraction,8.463541666666667e-05,3.7096936260784488,high,statistical_outlier_for_review
1-coins/40_1477790676.jpg,full_bright_fraction,8.463541666666667e-05,3.7096936260784488,high,statistical_outlier_for_review
1-coins/50_1477193580.jpg,full_bright_fraction,8.463541666666667e-05,3.7096936260784488,high,statistical_outlier_for_review
1-coins/50_1477193754.jpg,full_bright_fraction,8.463541666666667e-05,3.7096936260784488,high,statistical_outlier_for_review
1-coins/50_1477193850.jpg,full_bright_fraction,8.463541666666667e-05,3.7096936260784488,high,statistical_outlier_for_review
1-coins/55_1477838940.jpg,full_bright_fraction,8.463541666666667e-05,3.7096936260784488,high,statistical_outlier_for_review
1-coins/55_1477842630.jpg,full_bright_fraction,8.463541666666667e-05,3.7096936260784488,high,statistical_outlier_for_review
1-coins/55_1477842720.jpg,full_bright_fraction,8.463541666666667e-05,3.7096936260784488,high,statistical_outlier_for_review
1-coins/5_1477290330.jpg,full_bright_fraction,8.463541666666667e-05,3.7096936260784488,high,statistical_outlier_for_review
1-coins/60_1477844040.jpg,full_bright_fraction,8.463541666666667e-05,3.7096936260784488,high,statistical_outlier_for_review
1-coins/65_1477845624.jpg,full_bright_fraction,8.463541666666667e-05,3.7096936260784488,high,statistical_outlier_for_review
1-coins/65_1477846272.jpg,full_bright_fraction,8.463541666666667e-05,3.7096936260784488,high,statistical_outlier_for_review
1-coins/70_1477846764.jpg,full_bright_fraction,8.463541666666667e-05,3.7096936260784488,high,statistical_outlier_for_review
1-coins/75_1477849602.jpg,full_bright_fraction,8.463541666666667e-05,3.7096936260784488,high,statistical_outlier_for_review
1-coins/75_1477850040.jpg,full_bright_fraction,8.463541666666667e-05,3.7096936260784488,high,statistical_outlier_for_review
1-coins/80_1477850658.jpg,full_bright_fraction,8.463541666666667e-05,3.7096936260784488,high,statistical_outlier_for_review
1-coins/80_1477851090.jpg,full_bright_fraction,8.463541666666667e-05,3.7096936260784488,high,statistical_outlier_for_review
1-coins/80_1477851828.jpg,full_bright_fraction,8.463541666666667e-05,3.7096936260784488,high,statistical_outlier_for_review
1-coins/80_1477851858.jpg,full_bright_fraction,8.463541666666667e-05,3.7096936260784488,high,statistical_outlier_for_review
1-coins/80_1477851888.jpg,full_bright_fraction,8.463541666666667e-05,3.7096936260784488,high,statistical_outlier_for_review
1-coins/85_1477852152.jpg,full_bright_fraction,8.463541666666667e-05,3.7096936260784488,high,statistical_outlier_for_review
1-coins/85_1477852890.jpg,full_bright_fraction,8.463541666666667e-05,3.7096936260784488,high,statistical_outlier_for_review
1-coins/85_1477852962.jpg,full_bright_fraction,8.463541666666667e-05,3.7096936260784488,high,statistical_outlier_for_review
1-coins/85_1477852968.jpg,full_bright_fraction,8.463541666666667e-05,3.7096936260784488,high,statistical_outlier_for_review
1-coins/90_1477855830.jpg,full_bright_fraction,8.463541666666667e-05,3.7096936260784488,high,statistical_outlier_for_review
1-coins/100_1477154520.jpg,full_bright_fraction,8.138020833333333e-05,3.541071188529428,high,statistical_outlier_for_review
1-coins/100_1477279932.jpg,full_bright_fraction,8.138020833333333e-05,3.541071188529428,high,statistical_outlier_for_review
1-coins/100_1477281372.jpg,full_bright_fraction,8.138020833333333e-05,3.541071188529428,high,statistical_outlier_for_review
1-coins/100_1477281378.jpg,full_bright_fraction,8.138020833333333e-05,3.541071188529428,high,statistical_outlier_for_review
1-coins/100_1477860594.jpg,full_bright_fraction,8.138020833333333e-05,3.541071188529428,high,statistical_outlier_for_review
1-coins/100_1477860648.jpg,full_bright_fraction,8.138020833333333e-05,3.541071188529428,high,statistical_outlier_for_review
1-coins/10_1477289652.jpg,full_bright_fraction,8.138020833333333e-05,3.541071188529428,high,statistical_outlier_for_review
1-coins/10_1477787778.jpg,full_bright_fraction,8.138020833333333e-05,3.541071188529428,high,statistical_outlier_for_review
1-coins/110_1479345654.jpg,full_bright_fraction,8.138020833333333e-05,3.541071188529428,high,statistical_outlier_for_review
1-coins/120_1479422910.jpg,full_bright_fraction,8.138020833333333e-05,3.541071188529428,high,statistical_outlier_for_review
1-coins/125_1479424476.jpg,full_bright_fraction,8.138020833333333e-05,3.541071188529428,high,statistical_outlier_for_review
1-coins/125_1479424740.jpg,full_bright_fraction,8.138020833333333e-05,3.541071188529428,high,statistical_outlier_for_review
1-coins/125_1479424788.jpg,full_bright_fraction,8.138020833333333e-05,3.541071188529428,high,statistical_outlier_for_review
1-coins/130_1477862484.jpg,full_bright_fraction,8.138020833333333e-05,3.541071188529428,high,statistical_outlier_for_review
1-coins/130_1477862502.jpg,full_bright_fraction,8.138020833333333e-05,3.541071188529428,high,statistical_outlier_for_review
1-coins/130_1477862976.jpg,full_bright_fraction,8.138020833333333e-05,3.541071188529428,high,statistical_outlier_for_review
1-coins/135_1479426924.jpg,full_bright_fraction,8.138020833333333e-05,3.541071188529428,high,statistical_outlier_for_review
1-coins/140_1479427194.jpg,full_bright_fraction,8.138020833333333e-05,3.541071188529428,high,statistical_outlier_for_review
1-coins/140_1479427404.jpg,full_bright_fraction,8.138020833333333e-05,3.541071188529428,high,statistical_outlier_for_review
1-coins/145_1479427758.jpg,full_bright_fraction,8.138020833333333e-05,3.541071188529428,high,statistical_outlier_for_review
1-coins/150_1479429510.jpg,full_bright_fraction,8.138020833333333e-05,3.541071188529428,high,statistical_outlier_for_review
1-coins/150_1479429576.jpg,full_bright_fraction,8.138020833333333e-05,3.541071188529428,high,statistical_outlier_for_review
1-coins/150_1479430320.jpg,full_bright_fraction,8.138020833333333e-05,3.541071188529428,high,statistical_outlier_for_review
1-coins/170_1479423198.jpg,full_bright_fraction,8.138020833333333e-05,3.541071188529428,high,statistical_outlier_for_review
1-coins/170_1479423270.jpg,full_bright_fraction,8.138020833333333e-05,3.541071188529428,high,statistical_outlier_for_review
1-coins/175_1479423480.jpg,full_bright_fraction,8.138020833333333e-05,3.541071188529428,high,statistical_outlier_for_review
1-coins/25_1477154238.jpg,full_bright_fraction,8.138020833333333e-05,3.541071188529428,high,statistical_outlier_for_review
1-coins/25_1477287252.jpg,full_bright_fraction,8.138020833333333e-05,3.541071188529428,high,statistical_outlier_for_review
1-coins/25_1477789176.jpg,full_bright_fraction,8.138020833333333e-05,3.541071188529428,high,statistical_outlier_for_review
1-coins/45_1477835586.jpg,full_bright_fraction,8.138020833333333e-05,3.541071188529428,high,statistical_outlier_for_review
1-coins/45_1477835616.jpg,full_bright_fraction,8.138020833333333e-05,3.541071188529428,high,statistical_outlier_for_review
1-coins/45_1477835628.jpg,full_bright_fraction,8.138020833333333e-05,3.541071188529428,high,statistical_outlier_for_review
1-coins/50_1477140120.jpg,full_bright_fraction,8.138020833333333e-05,3.541071188529428,high,statistical_outlier_for_review
1-coins/50_1477145202.jpg,full_bright_fraction,8.138020833333333e-05,3.541071188529428,high,statistical_outlier_for_review
1-coins/60_1477844886.jpg,full_bright_fraction,8.138020833333333e-05,3.541071188529428,high,statistical_outlier_for_review
1-coins/60_1477845018.jpg,full_bright_fraction,8.138020833333333e-05,3.541071188529428,high,statistical_outlier_for_review
1-coins/60_1477845030.jpg,full_bright_fraction,8.138020833333333e-05,3.541071188529428,high,statistical_outlier_for_review
1-coins/60_1477845456.jpg,full_bright_fraction,8.138020833333333e-05,3.541071188529428,high,statistical_outlier_for_review
1-coins/65_1477845576.jpg,full_bright_fraction,8.138020833333333e-05,3.541071188529428,high,statistical_outlier_for_review
1-coins/70_1477849326.jpg,full_bright_fraction,8.138020833333333e-05,3.541071188529428,high,statistical_outlier_for_review
1-coins/75_1477849470.jpg,full_bright_fraction,8.138020833333333e-05,3.541071188529428,high,statistical_outlier_for_review
1-coins/75_1477849926.jpg,full_bright_fraction,8.138020833333333e-05,3.541071188529428,high,statistical_outlier_for_review
1-coins/75_1477850550.jpg,full_bright_fraction,8.138020833333333e-05,3.541071188529428,high,statistical_outlier_for_review
1-coins/80_1477850964.jpg,full_bright_fraction,8.138020833333333e-05,3.541071188529428,high,statistical_outlier_for_review
1-coins/80_1477851102.jpg,full_bright_fraction,8.138020833333333e-05,3.541071188529428,high,statistical_outlier_for_review
1-coins/80_1477851624.jpg,full_bright_fraction,8.138020833333333e-05,3.541071188529428,high,statistical_outlier_for_review
1-coins/85_1477852956.jpg,full_bright_fraction,8.138020833333333e-05,3.541071188529428,high,statistical_outlier_for_review
1-coins/85_1477853958.jpg,full_bright_fraction,8.138020833333333e-05,3.541071188529428,high,statistical_outlier_for_review
1-coins/85_1477854180.jpg,full_bright_fraction,8.138020833333333e-05,3.541071188529428,high,statistical_outlier_for_review
1-coins/90_1477855866.jpg,full_bright_fraction,8.138020833333333e-05,3.541071188529428,high,statistical_outlier_for_review
1-coins/90_1477856964.jpg,full_bright_fraction,8.138020833333333e-05,3.541071188529428,high,statistical_outlier_for_review
1-coins/90_1477857090.jpg,full_bright_fraction,8.138020833333333e-05,3.541071188529428,high,statistical_outlier_for_review
1-coins/90_1477857114.jpg,full_bright_fraction,8.138020833333333e-05,3.541071188529428,high,statistical_outlier_for_review
1-coins/90_1477857120.jpg,full_bright_fraction,8.138020833333333e-05,3.541071188529428,high,statistical_outlier_for_review
1-coins/95_1477857402.jpg,full_bright_fraction,8.138020833333333e-05,3.541071188529428,high,statistical_outlier_for_review
1-coins/95_1477857426.jpg,full_bright_fraction,8.138020833333333e-05,3.541071188529428,high,statistical_outlier_for_review
1-coins/35_1477789530.jpg,full_brightness_mean,69.23268229166666,-12.259402259971512,both,statistical_outlier_for_review
1-coins/130_1477861908.jpg,full_brightness_mean,69.45405924479167,-12.218246651621975,both,statistical_outlier_for_review
1-coins/90_1477856946.jpg,full_brightness_mean,71.34061197916667,-11.867522584050018,both,statistical_outlier_for_review
1-coins/85_1477853892.jpg,full_brightness_mean,72.90265950520833,-11.577126428092289,both,statistical_outlier_for_review
1-coins/5_1477145436.jpg,full_brightness_mean,72.9490234375,-11.568507031122529,both,statistical_outlier_for_review
1-coins/100_1477154874.jpg,full_brightness_mean,73.00072916666667,-11.558894554715334,both,statistical_outlier_for_review
1-coins/25_1477789296.jpg,full_brightness_mean,76.80833658854166,-10.851032252016662,both,statistical_outlier_for_review
1-coins/50_1477192962.jpg,full_brightness_mean,80.265869140625,-10.208251449586111,both,statistical_outlier_for_review
1-coins/100_1477195020.jpg,full_brightness_mean,80.48097981770833,-10.16826078816958,both,statistical_outlier_for_review
1-coins/25_1477191498.jpg,full_brightness_mean,80.88286458333333,-10.093547446142647,both,statistical_outlier_for_review
1-coins/50_1477192776.jpg,full_brightness_mean,83.042060546875,-9.692136991391077,both,statistical_outlier_for_review
1-coins/55_1477842024.jpg,full_brightness_mean,181.44540364583332,8.60177026362084,both,statistical_outlier_for_review
1-coins/130_1477862328.jpg,full_brightness_mean,89.68461588541666,-8.457236961852837,both,statistical_outlier_for_review
1-coins/100_1477154952.jpg,full_brightness_mean,90.65063802083333,-8.277646321991861,both,statistical_outlier_for_review
1-coins/5_1477146732.jpg,full_brightness_mean,91.95410481770833,-8.03532223074591,both,statistical_outlier_for_review
1-coins/75_1477849440.jpg,full_brightness_mean,173.63408528645834,7.1495885683092055,both,statistical_outlier_for_review
1-coins/25_1477154142.jpg,full_brightness_mean,96.95093424479167,-7.106374786183483,both,statistical_outlier_for_review
1-coins/60_1477845300.jpg,full_brightness_mean,172.19226236979168,6.881543053949746,both,statistical_outlier_for_review
1-coins/80_1477850808.jpg,full_brightness_mean,171.8776953125,6.823062717912903,both,statistical_outlier_for_review
1-coins/25_1477285122.jpg,full_brightness_mean,170.444697265625,6.556657811935453,both,statistical_outlier_for_review
1-coins/25_1477153878.jpg,full_brightness_mean,100.36528645833333,-6.471621527164003,both,statistical_outlier_for_review
1-coins/50_1477282242.jpg,full_brightness_mean,166.435595703125,5.811336262376483,both,statistical_outlier_for_review
1-coins/135_1479426810.jpg,full_brightness_mean,104.72917643229167,-5.660342195176397,both,statistical_outlier_for_review
1-coins/25_1477286850.jpg,full_brightness_mean,164.4750390625,5.446854322817553,both,statistical_outlier_for_review
1-coins/10_1477288542.jpg,full_brightness_mean,162.90308919270834,5.154617248122057,both,statistical_outlier_for_review
1-coins/115_1479348216.jpg,full_brightness_mean,162.854423828125,5.145569997915083,both,statistical_outlier_for_review
1-coins/5_1477291782.jpg,full_brightness_mean,162.845966796875,5.1439977734309545,both,statistical_outlier_for_review
1-coins/40_1477790658.jpg,full_brightness_mean,107.866513671875,-5.077088062937061,both,statistical_outlier_for_review
1-coins/100_1477154910.jpg,full_brightness_mean,108.03236328125,-5.0462553973320405,both,statistical_outlier_for_review
1-coins/5_1477290366.jpg,full_brightness_mean,162.12033528645833,5.0090975237562345,both,statistical_outlier_for_review
1-coins/25_1477286148.jpg,full_brightness_mean,162.01808919270835,4.990089220813026,both,statistical_outlier_for_review
1-coins/25_1477285752.jpg,full_brightness_mean,161.7589453125,4.9419124621690855,both,statistical_outlier_for_review
1-coins/70_1477846752.jpg,full_brightness_mean,161.05167317708333,4.810425355716259,both,statistical_outlier_for_review
1-coins/25_1477285170.jpg,full_brightness_mean,160.41575846354166,4.692204120285977,both,statistical_outlier_for_review
1-coins/5_1477290948.jpg,full_brightness_mean,160.31247395833333,4.673002768993867,both,statistical_outlier_for_review
1-coins/5_1477290750.jpg,full_brightness_mean,160.262626953125,4.663735843079527,both,statistical_outlier_for_review
1-coins/25_1477285176.jpg,full_brightness_mean,160.10312825520833,4.6340838587557,both,statistical_outlier_for_review
1-coins/5_1477188786.jpg,full_brightness_mean,110.26047526041667,-4.632032946986372,both,statistical_outlier_for_review
1-coins/25_1477285164.jpg,full_brightness_mean,160.03072916666667,4.620624334217021,both,statistical_outlier_for_review
1-coins/50_1477194240.jpg,full_brightness_mean,160.00484700520835,4.615812649508284,both,statistical_outlier_for_review
1-coins/5_1477290504.jpg,full_brightness_mean,110.35732747395834,-4.614027406156402,both,statistical_outlier_for_review
1-coins/135_1479426018.jpg,full_brightness_mean,110.57694986979166,-4.573197982948106,both,statistical_outlier_for_review
1-coins/50_1477194234.jpg,full_brightness_mean,159.39943033854166,4.503261225930115,both,statistical_outlier_for_review
1-coins/50_1477194360.jpg,full_brightness_mean,159.300751953125,4.484916186279669,both,statistical_outlier_for_review
1-coins/50_1477194336.jpg,full_brightness_mean,159.22517903645834,4.470866623684013,both,statistical_outlier_for_review
1-coins/50_1477194342.jpg,full_brightness_mean,159.08609375,4.445009643109208,both,statistical_outlier_for_review
1-coins/25_1477285266.jpg,full_brightness_mean,159.03089518229166,4.434747822255719,both,statistical_outlier_for_review
1-coins/50_1477194246.jpg,full_brightness_mean,158.97959635416666,4.425210991753265,both,statistical_outlier_for_review
1-coins/50_1477194270.jpg,full_brightness_mean,158.87009114583333,4.404853165869484,both,statistical_outlier_for_review
1-coins/50_1477194252.jpg,full_brightness_mean,158.868623046875,4.40458023544518,both,statistical_outlier_for_review
1-coins/50_1477194354.jpg,full_brightness_mean,158.86271484375,4.40348185690835,both,statistical_outlier_for_review
1-coins/50_1477194366.jpg,full_brightness_mean,158.84991861979168,4.401102944496068,both,statistical_outlier_for_review
1-coins/100_1477280748.jpg,full_brightness_mean,158.84415364583333,4.400031193317701,both,statistical_outlier_for_review
1-coins/100_1477281102.jpg,full_brightness_mean,158.801953125,4.392185805245249,both,statistical_outlier_for_review
1-coins/50_1477194282.jpg,full_brightness_mean,158.73789713541666,4.380277324337365,both,statistical_outlier_for_review
1-coins/50_1477194276.jpg,full_brightness_mean,158.73317057291666,4.3793986215078995,both,statistical_outlier_for_review
1-coins/50_1477194264.jpg,full_brightness_mean,158.69767903645834,4.37280048311281,both,statistical_outlier_for_review
1-coins/50_1477194258.jpg,full_brightness_mean,158.69641927083333,4.372566283391731,both,statistical_outlier_for_review
1-coins/50_1477194318.jpg,full_brightness_mean,158.66842122395835,4.367361239978345,both,statistical_outlier_for_review
1-coins/100_1477280742.jpg,full_brightness_mean,158.60392578125,4.3553710614933445,both,statistical_outlier_for_review
1-coins/50_1477194288.jpg,full_brightness_mean,158.60220052083332,4.35505032285724,both,statistical_outlier_for_review
1-coins/50_1477194300.jpg,full_brightness_mean,158.57516927083333,4.350025014113515,both,statistical_outlier_for_review
1-coins/100_1477281138.jpg,full_brightness_mean,158.57476236979167,4.349949368208777,both,statistical_outlier_for_review
1-coins/50_1477194294.jpg,full_brightness_mean,158.49834635416667,4.335743067298497,both,statistical_outlier_for_review
1-coins/50_1477194330.jpg,full_brightness_mean,158.467119140625,4.329937697985083,both,statistical_outlier_for_review
1-coins/100_1477281144.jpg,full_brightness_mean,158.449697265625,4.326698842927712,both,statistical_outlier_for_review
1-coins/50_1477194324.jpg,full_brightness_mean,158.43328776041668,4.323648194881337,both,statistical_outlier_for_review
1-coins/25_1477285272.jpg,full_brightness_mean,158.35414713541667,4.3089353689929135,both,statistical_outlier_for_review
1-coins/50_1477194306.jpg,full_brightness_mean,158.32187174479168,4.302935135828893,both,statistical_outlier_for_review
1-coins/50_1477194312.jpg,full_brightness_mean,158.31357421875,4.301392564539422,both,statistical_outlier_for_review
1-coins/25_1477285278.jpg,full_brightness_mean,158.271591796875,4.293587722671905,both,statistical_outlier_for_review
1-coins/100_1477281114.jpg,full_brightness_mean,158.221171875,4.284214287323696,both,statistical_outlier_for_review
1-coins/100_1477280796.jpg,full_brightness_mean,158.206484375,4.281483772746179,both,statistical_outlier_for_review
1-coins/100_1477281096.jpg,full_brightness_mean,158.198623046875,4.280022293866593,both,statistical_outlier_for_review
1-coins/100_1477281090.jpg,full_brightness_mean,158.16914388020834,4.274541899359946,both,statistical_outlier_for_review
1-coins/100_1477281108.jpg,full_brightness_mean,158.12471354166667,4.266281971729512,both,statistical_outlier_for_review
1-coins/100_1477281120.jpg,full_brightness_mean,158.07512044270834,4.257062248859732,both,statistical_outlier_for_review
1-coins/25_1477191234.jpg,full_brightness_mean,158.07478190104166,4.256999311466986,both,statistical_outlier_for_review
1-coins/100_1477281072.jpg,full_brightness_mean,158.05625651041666,4.253555304715957,both,statistical_outlier_for_review
1-coins/100_1477281132.jpg,full_brightness_mean,158.03798502604167,4.250158501009488,both,statistical_outlier_for_review
1-coins/100_1477281126.jpg,full_brightness_mean,158.02001302083335,4.246817372688908,both,statistical_outlier_for_review
1-coins/25_1477191222.jpg,full_brightness_mean,157.94141276041665,4.232205004561977,both,statistical_outlier_for_review
1-coins/100_1477281084.jpg,full_brightness_mean,157.77236328125,4.200777459562079,both,statistical_outlier_for_review
1-coins/25_1477191228.jpg,full_brightness_mean,157.758056640625,4.198117749551401,both,statistical_outlier_for_review
1-coins/100_1477281078.jpg,full_brightness_mean,157.66583658854168,4.1809733617010005,both,statistical_outlier_for_review
1-coins/5_1477188948.jpg,full_brightness_mean,157.501806640625,4.150478984581979,both,statistical_outlier_for_review
1-coins/5_1477188954.jpg,full_brightness_mean,157.45682291666665,4.142116178521095,both,statistical_outlier_for_review
1-coins/5_1477188978.jpg,full_brightness_mean,157.43647786458334,4.13833388328407,both,statistical_outlier_for_review
1-coins/50_1477144608.jpg,full_brightness_mean,157.39739908854168,4.131068850592786,both,statistical_outlier_for_review
1-coins/50_1477194348.jpg,full_brightness_mean,157.38248697916666,4.12829657947585,both,statistical_outlier_for_review
1-coins/115_1479348306.jpg,full_brightness_mean,157.35869791666667,4.1238740173011,both,statistical_outlier_for_review
1-coins/25_1477191258.jpg,full_brightness_mean,157.34833333333333,4.121947164815547,both,statistical_outlier_for_review
1-coins/105_1479345234.jpg,full_brightness_mean,157.31393880208333,4.115552967779635,both,statistical_outlier_for_review
1-coins/25_1477286118.jpg,full_brightness_mean,157.26353190104166,4.106181953100372,both,statistical_outlier_for_review
1-coins/5_1477188966.jpg,full_brightness_mean,157.23598958333332,4.101061633100292,both,statistical_outlier_for_review
1-coins/25_1477191264.jpg,full_brightness_mean,157.18910807291667,4.092346014539704,both,statistical_outlier_for_review
1-coins/5_1477188942.jpg,full_brightness_mean,157.17583984375,4.089879352877923,both,statistical_outlier_for_review
1-coins/25_1477286112.jpg,full_brightness_mean,157.09083333333334,4.074076015626761,both,statistical_outlier_for_review
1-coins/45_1477835808.jpg,full_brightness_mean,157.09082682291665,4.074074805292282,both,statistical_outlier_for_review
1-coins/5_1477291890.jpg,full_brightness_mean,157.070439453125,4.070284642881164,both,statistical_outlier_for_review
1-coins/5_1477188930.jpg,full_brightness_mean,156.99845703125,4.0569025797489395,both,statistical_outlier_for_review
1-coins/5_1477188924.jpg,full_brightness_mean,156.97552734375,4.052639781724997,both,statistical_outlier_for_review
1-coins/5_1477188972.jpg,full_brightness_mean,156.92350911458334,4.042969209262962,both,statistical_outlier_for_review
1-coins/25_1477286094.jpg,full_brightness_mean,156.89178059895832,4.037070644194908,both,statistical_outlier_for_review
1-coins/25_1477286124.jpg,full_brightness_mean,156.880703125,4.035011260084252,both,statistical_outlier_for_review
1-coins/5_1477188936.jpg,full_brightness_mean,156.87986979166666,4.034856337271344,both,statistical_outlier_for_review
1-coins/25_1477286082.jpg,full_brightness_mean,156.87202799479167,4.033398489395183,both,statistical_outlier_for_review
1-coins/45_1477835628.jpg,full_brightness_mean,113.51620442708334,-4.026768882303718,both,statistical_outlier_for_review
1-coins/25_1477286106.jpg,full_brightness_mean,156.82798502604166,4.025210576666063,both,statistical_outlier_for_review
1-coins/25_1477286088.jpg,full_brightness_mean,156.79787434895835,4.019612779715264,both,statistical_outlier_for_review
1-coins/105_1479344412.jpg,full_brightness_mean,156.76408203125,4.013330538618369,both,statistical_outlier_for_review
1-coins/100_1477195146.jpg,full_brightness_mean,156.71644205729166,4.004473916091339,both,statistical_outlier_for_review
1-coins/25_1477286076.jpg,full_brightness_mean,156.68156901041667,3.9979907594714543,both,statistical_outlier_for_review
1-coins/50_1477193868.jpg,full_brightness_mean,156.67097330729166,3.996020940112009,both,statistical_outlier_for_review
1-coins/50_1477193850.jpg,full_brightness_mean,156.65173828125,3.9924450069031145,both,statistical_outlier_for_review
1-coins/5_1477188960.jpg,full_brightness_mean,156.61647135416666,3.985888625047438,both,statistical_outlier_for_review
1-coins/115_1479349578.jpg,full_brightness_mean,156.581650390625,3.9794151511033564,both,statistical_outlier_for_review
1-coins/100_1477195152.jpg,full_brightness_mean,156.56740234375,3.9767663341029613,both,statistical_outlier_for_review
1-coins/50_1477193874.jpg,full_brightness_mean,156.536728515625,3.9710638432199974,both,statistical_outlier_for_review
1-coins/50_1477193814.jpg,full_brightness_mean,156.52760091145834,3.96936695428486,both,statistical_outlier_for_review
1-coins/25_1477286034.jpg,full_brightness_mean,156.49774739583333,3.963816965545852,both,statistical_outlier_for_review
1-coins/25_1477286028.jpg,full_brightness_mean,156.48567708333334,3.9615730054276304,both,statistical_outlier_for_review
1-coins/50_1477193856.jpg,full_brightness_mean,156.48315755208333,3.9611046059854735,both,statistical_outlier_for_review
1-coins/115_1479349566.jpg,full_brightness_mean,156.47338541666667,3.959287893937227,both,statistical_outlier_for_review
1-coins/25_1477286100.jpg,full_brightness_mean,156.43714192708333,3.9525499619101727,both,statistical_outlier_for_review
1-coins/50_1477193880.jpg,full_brightness_mean,156.43072916666668,3.9513577824514643,both,statistical_outlier_for_review
1-coins/20_1477788804.jpg,full_brightness_mean,156.41774088541666,3.948943165172142,both,statistical_outlier_for_review
1-coins/50_1477193844.jpg,full_brightness_mean,156.40172526041667,3.9459657423615537,both,statistical_outlier_for_review
1-coins/100_1477195134.jpg,full_brightness_mean,156.3986328125,3.9453908334855274,both,statistical_outlier_for_review
1-coins/100_1477195158.jpg,full_brightness_mean,156.381630859375,3.942230045001847,both,statistical_outlier_for_review
1-coins/50_1477283190.jpg,full_brightness_mean,156.3561328125,3.9374897700271805,both,statistical_outlier_for_review
1-coins/110_1479346284.jpg,full_brightness_mean,156.34169596354167,3.9348058533269863,both,statistical_outlier_for_review
1-coins/25_1477286046.jpg,full_brightness_mean,156.333125,3.93321244798953,both,statistical_outlier_for_review
1-coins/100_1477194876.jpg,full_brightness_mean,156.322353515625,3.931209949599238,both,statistical_outlier_for_review
1-coins/100_1477195140.jpg,full_brightness_mean,156.3216015625,3.931070155967279,both,statistical_outlier_for_review
1-coins/50_1477193862.jpg,full_brightness_mean,156.32108072916665,3.9309733292092073,both,statistical_outlier_for_review
1-coins/115_1479349572.jpg,full_brightness_mean,156.312060546875,3.9292964107929187,both,statistical_outlier_for_review
1-coins/25_1477286058.jpg,full_brightness_mean,156.29501627604168,3.92612775513515,both,statistical_outlier_for_review
1-coins/100_1477195122.jpg,full_brightness_mean,156.28827799479166,3.924875058952642,both,statistical_outlier_for_review
1-coins/50_1477193820.jpg,full_brightness_mean,156.28607747395833,3.9244659658998065,both,statistical_outlier_for_review
1-coins/25_1477286052.jpg,full_brightness_mean,156.26683919270835,3.920889427523675,both,statistical_outlier_for_review
1-coins/100_1477195686.jpg,full_brightness_mean,156.25666341145833,3.9189976747379203,both,statistical_outlier_for_review
1-coins/100_1477195164.jpg,full_brightness_mean,156.226005859375,3.913298209691145,both,statistical_outlier_for_review
1-coins/100_1477194870.jpg,full_brightness_mean,156.22106770833332,3.912380170991213,both,statistical_outlier_for_review
1-coins/125_1479424476.jpg,full_brightness_mean,156.21803059895834,3.9118155499582317,both,statistical_outlier_for_review
1-coins/25_1477286040.jpg,full_brightness_mean,156.21556966145835,3.911358043526363,both,statistical_outlier_for_review
1-coins/50_1477193838.jpg,full_brightness_mean,156.15340169270834,3.8998005596164784,both,statistical_outlier_for_review
1-coins/130_1477862868.jpg,full_brightness_mean,156.139404296875,3.897198340493401,both,statistical_outlier_for_review
1-coins/100_1477195170.jpg,full_brightness_mean,156.123017578125,3.894151928617689,both,statistical_outlier_for_review
1-coins/100_1477195320.jpg,full_brightness_mean,156.11827799479167,3.8932708051192706,both,statistical_outlier_for_review
1-coins/50_1477281990.jpg,full_brightness_mean,156.10933268229167,3.8916078055494534,both,statistical_outlier_for_review
1-coins/10_1477289532.jpg,full_brightness_mean,156.1025,3.8903375595170484,both,statistical_outlier_for_review
1-coins/50_1477193826.jpg,full_brightness_mean,156.0985546875,3.8896040968246877,both,statistical_outlier_for_review
1-coins/25_1477286064.jpg,full_brightness_mean,156.04779947916666,3.880168329250963,both,statistical_outlier_for_review
1-coins/25_1477286070.jpg,full_brightness_mean,156.04289713541667,3.8792569473906506,both,statistical_outlier_for_review
1-coins/100_1477195128.jpg,full_brightness_mean,156.01233723958333,3.8735756373610144,both,statistical_outlier_for_review
1-coins/115_1479348384.jpg,full_brightness_mean,156.00748046875,3.8726727278420316,both,statistical_outlier_for_review
1-coins/50_1477193898.jpg,full_brightness_mean,155.98216471354166,3.867966342232691,both,statistical_outlier_for_review
1-coins/10_1477288962.jpg,full_brightness_mean,155.96198893229166,3.8642155156920337,both,statistical_outlier_for_review
1-coins/50_1477193892.jpg,full_brightness_mean,155.9550390625,3.8629234836390647,both,statistical_outlier_for_review
1-coins/50_1477193832.jpg,full_brightness_mean,155.91459309895833,3.855404280707854,both,statistical_outlier_for_review
1-coins/5_1477290822.jpg,full_brightness_mean,155.876044921875,3.8482378902763514,both,statistical_outlier_for_review
1-coins/50_1477282542.jpg,full_brightness_mean,155.8630078125,3.8458141954884626,both,statistical_outlier_for_review
1-coins/5_1477189188.jpg,full_brightness_mean,155.86215494791668,3.8456556416721286,both,statistical_outlier_for_review
1-coins/50_1477282548.jpg,full_brightness_mean,155.81494140625,3.836878296053268,both,statistical_outlier_for_review
1-coins/115_1479348378.jpg,full_brightness_mean,155.79053385416665,3.832340752103307,both,statistical_outlier_for_review
1-coins/100_1477280076.jpg,full_brightness_mean,155.78839192708332,3.8319425520607533,both,statistical_outlier_for_review
1-coins/130_1477862838.jpg,full_brightness_mean,155.78325846354167,3.8309882033265485,both,statistical_outlier_for_review
1-coins/100_1477195302.jpg,full_brightness_mean,155.76728190104166,3.828018042522812,both,statistical_outlier_for_review
1-coins/10_1477289676.jpg,full_brightness_mean,155.76409830729168,3.8274261889641252,both,statistical_outlier_for_review
1-coins/50_1477282032.jpg,full_brightness_mean,155.76177408854167,3.8269940995562464,both,statistical_outlier_for_review
1-coins/50_1477283184.jpg,full_brightness_mean,155.72840169270833,3.8207899250330426,both,statistical_outlier_for_review
1-coins/50_1477193886.jpg,full_brightness_mean,155.72454427083332,3.8200728018561,both,statistical_outlier_for_review
1-coins/50_1477282026.jpg,full_brightness_mean,155.67966145833333,3.811728755979597,both,statistical_outlier_for_review
1-coins/100_1477281468.jpg,full_brightness_mean,155.658427734375,3.807781250086618,both,statistical_outlier_for_review
1-coins/50_1477282020.jpg,full_brightness_mean,155.652470703125,3.806673794041215,both,statistical_outlier_for_review
1-coins/100_1477195308.jpg,full_brightness_mean,155.62369466145833,3.80132411565796,both,statistical_outlier_for_review
1-coins/5_1477292052.jpg,full_brightness_mean,155.60348958333333,3.7975678426121617,both,statistical_outlier_for_review
1-coins/50_1477144668.jpg,full_brightness_mean,155.58857421875,3.794794966327994,both,statistical_outlier_for_review
1-coins/100_1477195314.jpg,full_brightness_mean,155.58483072916667,3.7940990240043795,both,statistical_outlier_for_review
1-coins/115_1479348366.jpg,full_brightness_mean,155.57927408854167,3.7930660035292414,both,statistical_outlier_for_review
1-coins/100_1477281504.jpg,full_brightness_mean,155.57399739583335,3.792085027436568,both,statistical_outlier_for_review
1-coins/5_1477292058.jpg,full_brightness_mean,155.57101236979167,3.7915300890793904,both,statistical_outlier_for_review
1-coins/10_1477289664.jpg,full_brightness_mean,155.56333658854166,3.7901031047323617,both,statistical_outlier_for_review
1-coins/10_1477289682.jpg,full_brightness_mean,155.528115234375,3.78355519521802,both,statistical_outlier_for_review
1-coins/100_1477281510.jpg,full_brightness_mean,155.51378255208334,3.7808906438694385,both,statistical_outlier_for_review
1-coins/115_1479348390.jpg,full_brightness_mean,155.511005859375,3.780374436215485,both,statistical_outlier_for_review
1-coins/50_1477144662.jpg,full_brightness_mean,155.498349609375,3.778021545994436,both,statistical_outlier_for_review
1-coins/115_1479348348.jpg,full_brightness_mean,155.47062825520834,3.772867941796272,both,statistical_outlier_for_review
1-coins/50_1477282530.jpg,full_brightness_mean,155.46458658854166,3.771744751402682,both,statistical_outlier_for_review
1-coins/50_1477282002.jpg,full_brightness_mean,155.45947265625,3.770794033671903,both,statistical_outlier_for_review
1-coins/50_1477281996.jpg,full_brightness_mean,155.45143880208335,3.7693004809287074,both,statistical_outlier_for_review
1-coins/115_1479348354.jpg,full_brightness_mean,155.436669921875,3.7665548371702404,both,statistical_outlier_for_review
1-coins/5_1477292082.jpg,full_brightness_mean,155.43659830729166,3.7665415234910062,both,statistical_outlier_for_review
1-coins/130_1477862880.jpg,full_brightness_mean,155.429638671875,3.7652476759363265,both,statistical_outlier_for_review
1-coins/5_1477292070.jpg,full_brightness_mean,155.42890299479166,3.765110908140551,both,statistical_outlier_for_review
1-coins/50_1477282014.jpg,full_brightness_mean,155.42377278645833,3.7641571645735836,both,statistical_outlier_for_review
1-coins/100_1477281480.jpg,full_brightness_mean,155.409541015625,3.761511373409377,both,statistical_outlier_for_review
1-coins/5_1477290882.jpg,full_brightness_mean,155.40395182291667,3.7604723012618617,both,statistical_outlier_for_review
1-coins/115_1479348396.jpg,full_brightness_mean,155.40255533854167,3.760212684516793,both,statistical_outlier_for_review
1-coins/5_1477292064.jpg,full_brightness_mean,155.39919596354167,3.7595881519272547,both,statistical_outlier_for_review
1-coins/115_1479348342.jpg,full_brightness_mean,155.38293619791668,3.7565653415738223,both,statistical_outlier_for_review
1-coins/10_1477289670.jpg,full_brightness_mean,155.3806640625,3.7561429348417468,both,statistical_outlier_for_review
1-coins/50_1477193910.jpg,full_brightness_mean,155.343466796875,3.7492276888139835,both,statistical_outlier_for_review
1-coins/5_1477292076.jpg,full_brightness_mean,155.339912109375,3.7485668461901724,both,statistical_outlier_for_review
1-coins/5_1477189260.jpg,full_brightness_mean,155.3223046875,3.7452934966002385,both,statistical_outlier_for_review
1-coins/50_1477282536.jpg,full_brightness_mean,155.32048828125,3.7449558132814738,both,statistical_outlier_for_review
1-coins/35_1477789890.jpg,full_brightness_mean,155.320185546875,3.7448995327283474,both,statistical_outlier_for_review
1-coins/100_1477281516.jpg,full_brightness_mean,155.30864908854167,3.742754820037144,both,statistical_outlier_for_review
1-coins/50_1477282008.jpg,full_brightness_mean,155.30780924479166,3.7425986868897567,both,statistical_outlier_for_review
1-coins/25_1477191420.jpg,full_brightness_mean,155.3058203125,3.7422289297073874,both,statistical_outlier_for_review
1-coins/150_1477864320.jpg,full_brightness_mean,155.29719075520833,3.7406246313596485,both,statistical_outlier_for_review
1-coins/115_1479348360.jpg,full_brightness_mean,155.28353841145832,3.7380865599637914,both,statistical_outlier_for_review
1-coins/5_1477292088.jpg,full_brightness_mean,155.28277994791668,3.737945555997359,both,statistical_outlier_for_review
1-coins/100_1477280988.jpg,full_brightness_mean,155.27648111979167,3.736774557391973,both,statistical_outlier_for_review
1-coins/10_1477289634.jpg,full_brightness_mean,155.275283203125,3.736551855848419,both,statistical_outlier_for_review
1-coins/25_1477285524.jpg,full_brightness_mean,155.27000651041666,3.7355708797557403,both,statistical_outlier_for_review
1-coins/100_1477281576.jpg,full_brightness_mean,155.25626627604166,3.733016468844459,both,statistical_outlier_for_review
1-coins/5_1477189290.jpg,full_brightness_mean,155.24818033854166,3.731513233425455,both,statistical_outlier_for_review
1-coins/10_1477289658.jpg,full_brightness_mean,155.24533203125,3.7309837120922724,both,statistical_outlier_for_review
1-coins/100_1477281498.jpg,full_brightness_mean,155.24187174479167,3.7303404193183582,both,statistical_outlier_for_review
1-coins/50_1477282212.jpg,full_brightness_mean,155.23346354166668,3.7287772723428017,both,statistical_outlier_for_review
1-coins/10_1477289652.jpg,full_brightness_mean,155.223798828125,3.7269805308134036,both,statistical_outlier_for_review
1-coins/5_1477189254.jpg,full_brightness_mean,155.217744140625,3.7258549197508617,both,statistical_outlier_for_review
1-coins/100_1477280064.jpg,full_brightness_mean,155.21332356770833,3.725033102641759,both,statistical_outlier_for_review
1-coins/115_1479348336.jpg,full_brightness_mean,155.206689453125,3.723799771810868,both,statistical_outlier_for_review
1-coins/5_1477189284.jpg,full_brightness_mean,155.19400390625,3.7214414350846776,both,statistical_outlier_for_review
1-coins/100_1477280082.jpg,full_brightness_mean,155.18846354166666,3.720411440445729,both,statistical_outlier_for_review
1-coins/100_1477281582.jpg,full_brightness_mean,155.177734375,3.7184168092295304,both,statistical_outlier_for_review
1-coins/25_1477191414.jpg,full_brightness_mean,155.17640299479166,3.7181692958292176,both,statistical_outlier_for_review
1-coins/115_1479348372.jpg,full_brightness_mean,155.16972981770834,3.716928702991476,both,statistical_outlier_for_review
1-coins/5_1477292100.jpg,full_brightness_mean,155.16727213541665,3.716471801726838,both,statistical_outlier_for_review
1-coins/135_1479425988.jpg,full_brightness_mean,155.16244140625,3.71557373354576,both,statistical_outlier_for_review
1-coins/100_1477280466.jpg,full_brightness_mean,155.15462239583334,3.7141201218402675,both,statistical_outlier_for_review
1-coins/100_1477280040.jpg,full_brightness_mean,155.141396484375,3.71166132735258,both,statistical_outlier_for_review
1-coins/100_1477281570.jpg,full_brightness_mean,155.135908203125,3.71064101538944,both,statistical_outlier_for_review
1-coins/5_1477292094.jpg,full_brightness_mean,155.13282552083334,3.7100679220151234,both,statistical_outlier_for_review
1-coins/100_1477281546.jpg,full_brightness_mean,155.12637044270832,3.708867875382316,both,statistical_outlier_for_review
1-coins/100_1477281540.jpg,full_brightness_mean,155.123642578125,3.7083607452369347,both,statistical_outlier_for_review
1-coins/100_1477281528.jpg,full_brightness_mean,155.10766276041667,3.705389979265967,both,statistical_outlier_for_review
1-coins/50_1477193904.jpg,full_brightness_mean,155.10557942708334,3.7050026722336953,both,statistical_outlier_for_review
1-coins/35_1477789896.jpg,full_brightness_mean,155.09800455729166,3.7035944480710423,both,statistical_outlier_for_review
1-coins/25_1477285536.jpg,full_brightness_mean,155.09450846354167,3.7029444984575135,both,statistical_outlier_for_review
1-coins/100_1477280982.jpg,full_brightness_mean,155.05895833333332,3.696335467052136,both,statistical_outlier_for_review
1-coins/100_1477280484.jpg,full_brightness_mean,155.05610026041666,3.695804130217238,both,statistical_outlier_for_review
1-coins/5_1477289826.jpg,full_brightness_mean,155.05111979166668,3.6948782243432174,both,statistical_outlier_for_review
1-coins/10_1477289646.jpg,full_brightness_mean,155.04456705729166,3.6936600226932716,both,statistical_outlier_for_review
1-coins/100_1477280478.jpg,full_brightness_mean,155.04302083333334,3.693372568255261,both,statistical_outlier_for_review
1-coins/100_1477280088.jpg,full_brightness_mean,155.02089192708334,3.689258641371849,both,statistical_outlier_for_review
1-coins/100_1477281552.jpg,full_brightness_mean,155.01846028645832,3.688806581445116,both,statistical_outlier_for_review
1-coins/50_1477282218.jpg,full_brightness_mean,155.01775716145832,3.688675865321724,both,statistical_outlier_for_review
1-coins/25_1477285548.jpg,full_brightness_mean,154.99634765625,3.6846956803978985,both,statistical_outlier_for_review
1-coins/5_1477189242.jpg,full_brightness_mean,154.984990234375,3.6825842519047787,both,statistical_outlier_for_review
1-coins/100_1477281492.jpg,full_brightness_mean,154.980244140625,3.681701918071882,both,statistical_outlier_for_review
1-coins/25_1477285530.jpg,full_brightness_mean,154.97187825520834,3.6801466382704184,both,statistical_outlier_for_review
1-coins/5_1477289832.jpg,full_brightness_mean,154.96382161458334,3.678648849356555,both,statistical_outlier_for_review
1-coins/50_1477282194.jpg,full_brightness_mean,154.96194986979165,3.678300878194745,both,statistical_outlier_for_review
1-coins/5_1477189218.jpg,full_brightness_mean,154.9543359375,3.67688539202524,both,statistical_outlier_for_review
1-coins/100_1477280490.jpg,full_brightness_mean,154.95418619791667,3.676857554332298,both,statistical_outlier_for_review
1-coins/100_1477281474.jpg,full_brightness_mean,154.95036783854167,3.676147693162212,both,statistical_outlier_for_review
1-coins/100_1477280070.jpg,full_brightness_mean,154.944873046875,3.675126170864593,both,statistical_outlier_for_review
1-coins/100_1477280046.jpg,full_brightness_mean,154.911015625,3.668831826422942,both,statistical_outlier_for_review
1-coins/25_1477285518.jpg,full_brightness_mean,154.89523763020833,3.66589858082072,both,statistical_outlier_for_review
1-coins/100_1477281486.jpg,full_brightness_mean,154.875615234375,3.662250632710512,both,statistical_outlier_for_review
1-coins/5_1477189248.jpg,full_brightness_mean,154.86970377604166,3.6611516490064395,both,statistical_outlier_for_review
1-coins/5_1477189266.jpg,full_brightness_mean,154.86234375,3.6597833658814944,both,statistical_outlier_for_review
1-coins/50_1477144674.jpg,full_brightness_mean,154.86043294270834,3.659428132712833,both,statistical_outlier_for_review
1-coins/5_1477189224.jpg,full_brightness_mean,154.83906901041667,3.655456420130332,both,statistical_outlier_for_review
1-coins/115_1479349548.jpg,full_brightness_mean,154.81745768229166,3.6514387148377496,both,statistical_outlier_for_review
1-coins/50_1477282206.jpg,full_brightness_mean,154.796533203125,3.6475486998323707,both,statistical_outlier_for_review
1-coins/100_1477281012.jpg,full_brightness_mean,154.78818033854168,3.6459958406998596,both,statistical_outlier_for_review
1-coins/5_1477189230.jpg,full_brightness_mean,154.771201171875,3.642839288386841,both,statistical_outlier_for_review
1-coins/25_1477285542.jpg,full_brightness_mean,154.74234049479168,3.637473875655405,both,statistical_outlier_for_review
1-coins/100_1477281000.jpg,full_brightness_mean,154.72486653645834,3.6342253379222242,both,statistical_outlier_for_review
1-coins/5_1477289838.jpg,full_brightness_mean,154.70510091145835,3.6305507624535482,both,statistical_outlier_for_review
1-coins/100_1477280472.jpg,full_brightness_mean,154.69926106770833,3.6294650924287097,both,statistical_outlier_for_review
1-coins/100_1477281522.jpg,full_brightness_mean,154.698359375,3.6292974611038034,both,statistical_outlier_for_review
1-coins/100_1477281558.jpg,full_brightness_mean,154.69455729166665,3.628590625769906,both,statistical_outlier_for_review
1-coins/5_1477289850.jpg,full_brightness_mean,154.693212890625,3.6283406917006467,both,statistical_outlier_for_review
1-coins/100_1477280994.jpg,full_brightness_mean,154.69096354166666,3.6279225211392383,both,statistical_outlier_for_review
1-coins/5_1477289844.jpg,full_brightness_mean,154.68184244791667,3.626226842538575,both,statistical_outlier_for_review
1-coins/50_1477282224.jpg,full_brightness_mean,154.67935546875,3.6257644947688012,both,statistical_outlier_for_review
1-coins/30_1477787526.jpg,full_brightness_mean,154.67622395833334,3.6251823238859178,both,statistical_outlier_for_review
1-coins/5_1477189236.jpg,full_brightness_mean,154.67365885416666,3.624705452102431,both,statistical_outlier_for_review
1-coins/50_1477282182.jpg,full_brightness_mean,154.65283528645833,3.620834197281428,both,statistical_outlier_for_review
1-coins/100_1477281018.jpg,full_brightness_mean,154.64204427083334,3.6188280678877094,both,statistical_outlier_for_review
1-coins/50_1477282200.jpg,full_brightness_mean,154.62314453125,3.61531446690432,both,statistical_outlier_for_review
1-coins/5_1477189278.jpg,full_brightness_mean,154.62246419270832,3.6151879869515904,both,statistical_outlier_for_review
1-coins/100_1477280970.jpg,full_brightness_mean,154.61910807291667,3.6145640595292936,both,statistical_outlier_for_review
1-coins/100_1477280976.jpg,full_brightness_mean,154.61056315104167,3.6129754955297417,both,statistical_outlier_for_review
1-coins/100_1477281726.jpg,full_brightness_mean,154.605283203125,3.611993914269826,both,statistical_outlier_for_review
1-coins/50_1477282140.jpg,full_brightness_mean,154.58856770833333,3.608886380503083,both,statistical_outlier_for_review
1-coins/100_1477281006.jpg,full_brightness_mean,154.58806966145832,3.608793789915679,both,statistical_outlier_for_review
1-coins/5_1477189272.jpg,full_brightness_mean,154.58617513020835,3.6084415825832115,both,statistical_outlier_for_review
1-coins/5_1477189182.jpg,full_brightness_mean,154.578955078125,3.6070993216494935,both,statistical_outlier_for_review
1-coins/10_1477787940.jpg,full_brightness_mean,154.53770182291666,3.599430037243273,both,statistical_outlier_for_review
1-coins/25_1477286286.jpg,full_brightness_mean,154.530302734375,3.598054492111471,both,statistical_outlier_for_review
1-coins/50_1477282188.jpg,full_brightness_mean,154.52718098958334,3.5974741367303036,both,statistical_outlier_for_review
1-coins/150_1479429840.jpg,full_brightness_mean,154.5255859375,3.597177604783721,both,statistical_outlier_for_review
1-coins/30_1477787532.jpg,full_brightness_mean,154.51307942708334,3.5948525522556136,both,statistical_outlier_for_review
1-coins/25_1477286280.jpg,full_brightness_mean,154.49962890625,3.5923520012285075,both,statistical_outlier_for_review
1-coins/100_1477280496.jpg,full_brightness_mean,154.48294596354165,3.589250519134142,both,statistical_outlier_for_review
1-coins/130_1477862874.jpg,full_brightness_mean,154.46833984375,3.586535133737575,both,statistical_outlier_for_review
1-coins/25_1477286292.jpg,full_brightness_mean,154.466630859375,3.5862174209376643,both,statistical_outlier_for_review
1-coins/10_1477288788.jpg,full_brightness_mean,154.46398111979167,3.5857248148059964,both,statistical_outlier_for_review
1-coins/100_1477280094.jpg,full_brightness_mean,154.44824869791665,3.582800041545104,both,statistical_outlier_for_review
1-coins/25_1477285668.jpg,full_brightness_mean,154.42950520833332,3.579315488589135,both,statistical_outlier_for_review
1-coins/5_1477289820.jpg,full_brightness_mean,154.42481119791665,3.578442837432047,both,statistical_outlier_for_review
1-coins/10_1477147428.jpg,full_brightness_mean,154.3955078125,3.5729951219562524,both,statistical_outlier_for_review
1-coins/100_1477281534.jpg,full_brightness_mean,154.38991861979167,3.5719560498087373,both,statistical_outlier_for_review
1-coins/100_1477280124.jpg,full_brightness_mean,154.37599609375,3.5693677495321308,both,statistical_outlier_for_review
1-coins/10_1477288800.jpg,full_brightness_mean,154.37227864583335,3.5686766485464254,both,statistical_outlier_for_review
1-coins/100_1477280106.jpg,full_brightness_mean,154.36935221354167,3.5681326031995297,both,statistical_outlier_for_review
1-coins/10_1477288782.jpg,full_brightness_mean,154.36845377604166,3.5679655770418606,both,statistical_outlier_for_review
1-coins/100_1477280118.jpg,full_brightness_mean,154.363876953125,3.5671147119053366,both,statistical_outlier_for_review
1-coins/10_1477287852.jpg,full_brightness_mean,154.36095703125,3.5665718768929198,both,statistical_outlier_for_review
1-coins/5_1477189176.jpg,full_brightness_mean,154.3508203125,3.564687386114022,both,statistical_outlier_for_review
1-coins/150_1479429720.jpg,full_brightness_mean,154.34352864583335,3.563331811501075,both,statistical_outlier_for_review
1-coins/25_1477286298.jpg,full_brightness_mean,154.32047200520833,3.5590454119548522,both,statistical_outlier_for_review
1-coins/135_1479426048.jpg,full_brightness_mean,154.308623046875,3.556842603208807,both,statistical_outlier_for_review
1-coins/50_1477282176.jpg,full_brightness_mean,154.30509440104166,3.5561866019228954,both,statistical_outlier_for_review
1-coins/10_1477288818.jpg,full_brightness_mean,154.28513020833333,3.552475111252704,both,statistical_outlier_for_review
1-coins/25_1477286268.jpg,full_brightness_mean,154.28035481770834,3.551587330914672,both,statistical_outlier_for_review
1-coins/10_1477288794.jpg,full_brightness_mean,154.2774609375,3.5510493372401544,both,statistical_outlier_for_review
1-coins/5_1477290924.jpg,full_brightness_mean,154.26611002604167,3.5489391190815134,both,statistical_outlier_for_review
1-coins/100_1477280100.jpg,full_brightness_mean,154.26130208333333,3.5480452870710977,both,statistical_outlier_for_review
1-coins/100_1477281738.jpg,full_brightness_mean,154.256982421875,3.5472422301463706,both,statistical_outlier_for_review
1-coins/25_1477285680.jpg,full_brightness_mean,154.253388671875,3.5465741255157033,both,statistical_outlier_for_review
1-coins/105_1479344484.jpg,full_brightness_mean,154.23571614583332,3.543288672581008,both,statistical_outlier_for_review
1-coins/25_1477285674.jpg,full_brightness_mean,154.218115234375,3.5400165333255535,both,statistical_outlier_for_review
1-coins/5_1477290930.jpg,full_brightness_mean,154.21418619791666,3.5392860964693758,both,statistical_outlier_for_review
1-coins/100_1477281564.jpg,full_brightness_mean,154.211767578125,3.5388364572116,both,statistical_outlier_for_review
1-coins/100_1477280136.jpg,full_brightness_mean,154.19862955729167,3.536394002239336,both,statistical_outlier_for_review
1-coins/135_1479426054.jpg,full_brightness_mean,154.187783203125,3.5343775850025723,both,statistical_outlier_for_review
1-coins/100_1477280142.jpg,full_brightness_mean,154.18386067708335,3.533648358480874,both,statistical_outlier_for_review
1-coins/25_1477286262.jpg,full_brightness_mean,154.183544921875,3.533589657258795,both,statistical_outlier_for_review
1-coins/50_1477282170.jpg,full_brightness_mean,154.181220703125,3.533157567850916,both,statistical_outlier_for_review
1-coins/10_1477288830.jpg,full_brightness_mean,154.17831705729168,3.532617758674688,both,statistical_outlier_for_review
1-coins/10_1477287804.jpg,full_brightness_mean,154.17303059895832,3.531634967080294,both,statistical_outlier_for_review
1-coins/100_1477281732.jpg,full_brightness_mean,154.16735026041667,3.530578950250119,both,statistical_outlier_for_review
1-coins/100_1477281744.jpg,full_brightness_mean,154.167021484375,3.5305178283590877,both,statistical_outlier_for_review
1-coins/100_1477280112.jpg,full_brightness_mean,154.15152018229168,3.527636021972093,both,statistical_outlier_for_review
1-coins/50_1477282146.jpg,full_brightness_mean,154.14935546875,3.5272335857588715,both,statistical_outlier_for_review
1-coins/100_1477154796.jpg,full_brightness_mean,154.148134765625,3.5270066480446496,both,statistical_outlier_for_review
1-coins/100_1477280172.jpg,full_brightness_mean,154.1398046875,3.525458025082801,both,statistical_outlier_for_review
1-coins/25_1477285686.jpg,full_brightness_mean,154.13361002604168,3.5243063918290325,both,statistical_outlier_for_review
1-coins/10_1477185432.jpg,full_brightness_mean,154.1290625,3.5234609731976496,both,statistical_outlier_for_review
1-coins/25_1477286274.jpg,full_brightness_mean,154.12162760416666,3.5220787712262287,both,statistical_outlier_for_review
1-coins/50_1477282680.jpg,full_brightness_mean,154.110341796875,3.519980656412343,both,statistical_outlier_for_review
1-coins/50_1477282164.jpg,full_brightness_mean,154.1090234375,3.519735563680988,both,statistical_outlier_for_review
1-coins/10_1477288776.jpg,full_brightness_mean,154.09883138020834,3.517840785059044,both,statistical_outlier_for_review
1-coins/100_1477280154.jpg,full_brightness_mean,154.09329752604165,3.5168120007545696,both,statistical_outlier_for_review
1-coins/100_1477280052.jpg,full_brightness_mean,154.08844075520832,3.515909091235587,both,statistical_outlier_for_review
1-coins/100_1477280058.jpg,full_brightness_mean,154.07967122395834,3.514278770696621,both,statistical_outlier_for_review
1-coins/100_1477280400.jpg,full_brightness_mean,154.07465494791666,3.5133462079829756,both,statistical_outlier_for_review
1-coins/100_1477280964.jpg,full_brightness_mean,154.074326171875,3.513285086091945,both,statistical_outlier_for_review
1-coins/100_1477280352.jpg,full_brightness_mean,154.06248372395834,3.5110834876803785,both,statistical_outlier_for_review
1-coins/100_1477280358.jpg,full_brightness_mean,154.06104817708334,3.5108166089284536,both,statistical_outlier_for_review
1-coins/50_1477282152.jpg,full_brightness_mean,154.05497721354166,3.5096879720297225,both,statistical_outlier_for_review
1-coins/15_1477788366.jpg,full_brightness_mean,154.05482747395834,3.50966013433678,both,statistical_outlier_for_review
1-coins/25_1477286316.jpg,full_brightness_mean,154.03925130208333,3.506764409103309,both,statistical_outlier_for_review
1-coins/70_1477849236.jpg,full_brightness_mean,154.00635091145833,3.5006479838296047,both,statistical_outlier_for_review
1-coins/10_1477186254.jpg,full_brightness_mean,154.003623046875,3.500140853684224,both,statistical_outlier_for_review
1-coins/100_1477154952.jpg,full_dark_fraction,0.16643880208333334,52.52667237285523,high,statistical_outlier_for_review
1-coins/130_1477861908.jpg,full_dark_fraction,0.11381184895833334,35.64667888768488,high,statistical_outlier_for_review
1-coins/100_1477154910.jpg,full_dark_fraction,0.10243489583333333,31.9975431648748,high,statistical_outlier_for_review
1-coins/85_1477853892.jpg,full_dark_fraction,0.08972981770833334,27.9224139156251,high,statistical_outlier_for_review
1-coins/90_1477856946.jpg,full_dark_fraction,0.08058268229166667,24.988487912450193,high,statistical_outlier_for_review
1-coins/130_1477862328.jpg,full_dark_fraction,0.04597005208333333,13.886553680507564,high,statistical_outlier_for_review
1-coins/35_1477789530.jpg,full_dark_fraction,0.041774088541666664,12.540706485456868,high,statistical_outlier_for_review
1-coins/25_1477789296.jpg,full_dark_fraction,0.03309895833333333,9.758175240452909,high,statistical_outlier_for_review
1-coins/135_1479426810.jpg,full_dark_fraction,0.03306640625,9.747734222648015,high,statistical_outlier_for_review
1-coins/10_1477787700.jpg,full_dark_fraction,0.03242513020833333,9.542046171891625,high,statistical_outlier_for_review
1-coins/80_1477851978.jpg,full_dark_fraction,0.029947916666666668,8.747484716939278,high,statistical_outlier_for_review
1-coins/5_1477188492.jpg,full_dark_fraction,0.029427083333333333,8.58042843206099,high,statistical_outlier_for_review
1-coins/120_1479423018.jpg,full_dark_fraction,0.028059895833333334,8.141905684255487,high,statistical_outlier_for_review
1-coins/40_1477790658.jpg,full_dark_fraction,0.027275390625,7.890277155157568,high,statistical_outlier_for_review
1-coins/150_1477864188.jpg,full_dark_fraction,0.025361328125,7.276345308229865,high,statistical_outlier_for_review
1-coins/130_1477862082.jpg,full_dark_fraction,0.025078125,7.185508453327297,high,statistical_outlier_for_review
1-coins/80_1477851996.jpg,full_dark_fraction,0.024866536458333335,7.117641837595495,high,statistical_outlier_for_review
1-coins/145_1479427620.jpg,full_dark_fraction,0.02359375,6.709398041424182,high,statistical_outlier_for_review
1-coins/80_1477851990.jpg,full_dark_fraction,0.023216145833333333,6.588282234887423,high,statistical_outlier_for_review
1-coins/100_1477858998.jpg,full_dark_fraction,0.0218359375,6.145583079959963,high,statistical_outlier_for_review
1-coins/145_1479427626.jpg,full_dark_fraction,0.021826171875,6.142450774618497,high,statistical_outlier_for_review
1-coins/60_1477845354.jpg,full_dark_fraction,0.021800130208333334,6.134097960374583,high,statistical_outlier_for_review
1-coins/90_1477854774.jpg,full_dark_fraction,0.021627604166666668,6.07876056600865,high,statistical_outlier_for_review
1-coins/85_1477852038.jpg,full_dark_fraction,0.021409505208333332,6.008805746715866,high,statistical_outlier_for_review
1-coins/120_1479423024.jpg,full_dark_fraction,0.021276041666666665,5.965997573715806,high,statistical_outlier_for_review
1-coins/145_1479427632.jpg,full_dark_fraction,0.02125,5.9576447594718935,high,statistical_outlier_for_review
1-coins/100_1477858284.jpg,full_dark_fraction,0.02118489583333333,5.936762723862106,high,statistical_outlier_for_review
1-coins/175_1479423732.jpg,full_dark_fraction,0.020973307291666667,5.8688961081303015,high,statistical_outlier_for_review
1-coins/100_1477858260.jpg,full_dark_fraction,0.020813802083333333,5.817735120886327,high,statistical_outlier_for_review
1-coins/120_1479423072.jpg,full_dark_fraction,0.020813802083333333,5.817735120886327,high,statistical_outlier_for_review
1-coins/80_1477851984.jpg,full_dark_fraction,0.020364583333333332,5.673649075178804,high,statistical_outlier_for_review
1-coins/55_1477842252.jpg,full_dark_fraction,0.01978515625,5.487798958251712,high,statistical_outlier_for_review
1-coins/55_1477843524.jpg,full_dark_fraction,0.019518229166666668,5.402182612251591,high,statistical_outlier_for_review
1-coins/120_1479423030.jpg,full_dark_fraction,0.01951171875,5.400094408690611,high,statistical_outlier_for_review
1-coins/80_1477850652.jpg,full_dark_fraction,0.01947591145833333,5.388609289105228,high,statistical_outlier_for_review
1-coins/5_1477188498.jpg,full_dark_fraction,0.019345703125,5.346845217885657,high,statistical_outlier_for_review
1-coins/100_1477195020.jpg,full_dark_fraction,0.019306640625,5.334315996519786,high,statistical_outlier_for_review
1-coins/90_1477854720.jpg,full_dark_fraction,0.019156901041666667,5.286287314617277,high,statistical_outlier_for_review
1-coins/80_1477850910.jpg,full_dark_fraction,0.019075520833333335,5.260184770105047,high,statistical_outlier_for_review
1-coins/90_1477854762.jpg,full_dark_fraction,0.019069010416666667,5.258096566544069,high,statistical_outlier_for_review
1-coins/130_1477861956.jpg,full_dark_fraction,0.019010416666666665,5.2393027344952605,high,statistical_outlier_for_review
1-coins/80_1477850658.jpg,full_dark_fraction,0.01896484375,5.22468530956841,high,statistical_outlier_for_review
1-coins/90_1477854798.jpg,full_dark_fraction,0.018932291666666667,5.214244291763517,high,statistical_outlier_for_review
1-coins/115_1479347604.jpg,full_dark_fraction,0.01876953125,5.162039202739051,high,statistical_outlier_for_review
1-coins/125_1479424794.jpg,full_dark_fraction,0.018678385416666665,5.132804352885351,high,statistical_outlier_for_review
1-coins/115_1479347610.jpg,full_dark_fraction,0.018662109375,5.127583843982905,high,statistical_outlier_for_review
1-coins/90_1477854768.jpg,full_dark_fraction,0.01853515625,5.086863874543825,high,statistical_outlier_for_review
1-coins/60_1477845360.jpg,full_dark_fraction,0.018444010416666667,5.057629024690124,high,statistical_outlier_for_review
1-coins/130_1477861962.jpg,full_dark_fraction,0.018421223958333333,5.050320312226699,high,statistical_outlier_for_review
1-coins/95_1477857702.jpg,full_dark_fraction,0.018395182291666666,5.0419674979827835,high,statistical_outlier_for_review
1-coins/95_1477857672.jpg,full_dark_fraction,0.018391927083333332,5.040923396202295,high,statistical_outlier_for_review
1-coins/120_1479422994.jpg,full_dark_fraction,0.018313802083333334,5.015864953470552,high,statistical_outlier_for_review
1-coins/115_1479347640.jpg,full_dark_fraction,0.018212890625,4.983497798275383,high,statistical_outlier_for_review
1-coins/145_1479428868.jpg,full_dark_fraction,0.018177083333333333,4.972012678690001,high,statistical_outlier_for_review
1-coins/120_1479423036.jpg,full_dark_fraction,0.018128255208333333,4.956351151982662,high,statistical_outlier_for_review
1-coins/115_1479347634.jpg,full_dark_fraction,0.018053385416666668,4.9323368110314085,high,statistical_outlier_for_review
1-coins/115_1479347574.jpg,full_dark_fraction,0.018037109375,4.927116302128962,high,statistical_outlier_for_review
1-coins/90_1477854786.jpg,full_dark_fraction,0.018014322916666665,4.919807589665537,high,statistical_outlier_for_review
1-coins/55_1477843440.jpg,full_dark_fraction,0.017897135416666668,4.882219925567923,high,statistical_outlier_for_review
1-coins/115_1479347646.jpg,full_dark_fraction,0.017858072916666665,4.869690704202051,high,statistical_outlier_for_review
1-coins/115_1479347622.jpg,full_dark_fraction,0.017799479166666667,4.8508968721532435,high,statistical_outlier_for_review
1-coins/115_1479347616.jpg,full_dark_fraction,0.01776692708333333,4.840455854348351,high,statistical_outlier_for_review
1-coins/130_1477862088.jpg,full_dark_fraction,0.017750651041666666,4.835235345445905,high,statistical_outlier_for_review
1-coins/115_1479347628.jpg,full_dark_fraction,0.017649739583333334,4.802868190250737,high,statistical_outlier_for_review
1-coins/120_1479423012.jpg,full_dark_fraction,0.017639973958333333,4.799735884909269,high,statistical_outlier_for_review
1-coins/90_1477854780.jpg,full_dark_fraction,0.0176171875,4.792427172445843,high,statistical_outlier_for_review
1-coins/150_1479430350.jpg,full_dark_fraction,0.017568359375,4.776765645738504,high,statistical_outlier_for_review
1-coins/55_1477843434.jpg,full_dark_fraction,0.01755859375,4.773633340397036,high,statistical_outlier_for_review
1-coins/95_1477857666.jpg,full_dark_fraction,0.017552083333333333,4.771545136836058,high,statistical_outlier_for_review
1-coins/80_1477850784.jpg,full_dark_fraction,0.017529296875,4.7642364243726325,high,statistical_outlier_for_review
1-coins/115_1479347592.jpg,full_dark_fraction,0.017526041666666665,4.763192322592142,high,statistical_outlier_for_review
1-coins/115_1479347580.jpg,full_dark_fraction,0.017470703125,4.745442592323826,high,statistical_outlier_for_review
1-coins/145_1479428862.jpg,full_dark_fraction,0.017444661458333333,4.737089778079912,high,statistical_outlier_for_review
1-coins/80_1477850778.jpg,full_dark_fraction,0.017425130208333334,4.730825167396976,high,statistical_outlier_for_review
1-coins/115_1479347586.jpg,full_dark_fraction,0.017408854166666668,4.72560465849453,high,statistical_outlier_for_review
1-coins/120_1479351390.jpg,full_dark_fraction,0.017255859375,4.676531874811532,high,statistical_outlier_for_review
1-coins/95_1477857720.jpg,full_dark_fraction,0.017216796875,4.66400265344566,high,statistical_outlier_for_review
1-coins/80_1477850922.jpg,full_dark_fraction,0.017180989583333334,4.652517533860279,high,statistical_outlier_for_review
1-coins/120_1479351396.jpg,full_dark_fraction,0.017154947916666666,4.644164719616365,high,statistical_outlier_for_review
1-coins/120_1479351354.jpg,full_dark_fraction,0.017125651041666665,4.63476780359196,high,statistical_outlier_for_review
1-coins/115_1479347658.jpg,full_dark_fraction,0.017109375,4.629547294689514,high,statistical_outlier_for_review
1-coins/115_1479347598.jpg,full_dark_fraction,0.01708984375,4.623282684006579,high,statistical_outlier_for_review
1-coins/130_1477862052.jpg,full_dark_fraction,0.017067057291666667,4.615973971543154,high,statistical_outlier_for_review
1-coins/130_1477861950.jpg,full_dark_fraction,0.017057291666666665,4.612841666201685,high,statistical_outlier_for_review
1-coins/10_1477788060.jpg,full_dark_fraction,0.017037760416666665,4.606577055518749,high,statistical_outlier_for_review
1-coins/90_1477854804.jpg,full_dark_fraction,0.0169921875,4.591959630591899,high,statistical_outlier_for_review
1-coins/135_1479426018.jpg,full_dark_fraction,0.01693359375,4.5731657985430925,high,statistical_outlier_for_review
1-coins/150_1479430344.jpg,full_dark_fraction,0.016897786458333335,4.561680678957711,high,statistical_outlier_for_review
1-coins/80_1477850724.jpg,full_dark_fraction,0.016829427083333334,4.539754541567436,high,statistical_outlier_for_review
1-coins/25_1477191372.jpg,full_dark_fraction,0.0167578125,4.516784302396671,high,statistical_outlier_for_review
1-coins/115_1479347652.jpg,full_dark_fraction,0.016751302083333332,4.514696098835692,high,statistical_outlier_for_review
1-coins/120_1479351384.jpg,full_dark_fraction,0.016741536458333334,4.511563793494225,high,statistical_outlier_for_review
1-coins/10_1477788036.jpg,full_dark_fraction,0.016663411458333333,4.486505350762481,high,statistical_outlier_for_review
1-coins/120_1479351360.jpg,full_dark_fraction,0.016614583333333332,4.470843824055142,high,statistical_outlier_for_review
1-coins/130_1477862028.jpg,full_dark_fraction,0.0165234375,4.441608974201443,high,statistical_outlier_for_review
1-coins/25_1477191378.jpg,full_dark_fraction,0.016520182291666668,4.440564872420953,high,statistical_outlier_for_review
1-coins/80_1477850904.jpg,full_dark_fraction,0.016520182291666668,4.440564872420953,high,statistical_outlier_for_review
1-coins/85_1477852020.jpg,full_dark_fraction,0.016513671875,4.438476668859974,high,statistical_outlier_for_review
1-coins/95_1477857732.jpg,full_dark_fraction,0.016442057291666666,4.415506429689209,high,statistical_outlier_for_review
1-coins/120_1479423078.jpg,full_dark_fraction,0.016393229166666665,4.39984490298187,high,statistical_outlier_for_review
1-coins/90_1477854726.jpg,full_dark_fraction,0.016393229166666665,4.39984490298187,high,statistical_outlier_for_review
1-coins/10_1477788072.jpg,full_dark_fraction,0.016370442708333332,4.392536190518445,high,statistical_outlier_for_review
1-coins/25_1477191366.jpg,full_dark_fraction,0.016357421875,4.3883597833964885,high,statistical_outlier_for_review
1-coins/145_1479427890.jpg,full_dark_fraction,0.01630208333333333,4.3706100531281695,high,statistical_outlier_for_review
1-coins/55_1477842258.jpg,full_dark_fraction,0.01630208333333333,4.3706100531281695,high,statistical_outlier_for_review
1-coins/60_1477845366.jpg,full_dark_fraction,0.01630208333333333,4.3706100531281695,high,statistical_outlier_for_review
1-coins/70_1477848942.jpg,full_dark_fraction,0.016201171875,4.338242897933002,high,statistical_outlier_for_review
1-coins/125_1479424728.jpg,full_dark_fraction,0.016090494791666667,4.302743437396367,high,statistical_outlier_for_review
1-coins/80_1477850634.jpg,full_dark_fraction,0.016090494791666667,4.302743437396367,high,statistical_outlier_for_review
1-coins/85_1477853904.jpg,full_dark_fraction,0.016077473958333335,4.29856703027441,high,statistical_outlier_for_review
1-coins/115_1479347664.jpg,full_dark_fraction,0.016064453125,4.294390623152452,high,statistical_outlier_for_review
1-coins/130_1477861992.jpg,full_dark_fraction,0.01605794270833333,4.292302419591473,high,statistical_outlier_for_review
1-coins/70_1477846860.jpg,full_dark_fraction,0.01605794270833333,4.292302419591473,high,statistical_outlier_for_review
1-coins/130_1477862058.jpg,full_dark_fraction,0.01603515625,4.2849937071280495,high,statistical_outlier_for_review
1-coins/55_1477842276.jpg,full_dark_fraction,0.01603515625,4.2849937071280495,high,statistical_outlier_for_review
1-coins/80_1477850940.jpg,full_dark_fraction,0.016002604166666667,4.274552689323156,high,statistical_outlier_for_review
1-coins/145_1479427674.jpg,full_dark_fraction,0.015963541666666668,4.262023467957285,high,statistical_outlier_for_review
1-coins/115_1479347670.jpg,full_dark_fraction,0.015960286458333334,4.2609793661767945,high,statistical_outlier_for_review
1-coins/120_1479351654.jpg,full_dark_fraction,0.015927734375,4.250538348371902,high,statistical_outlier_for_review
1-coins/125_1479424830.jpg,full_dark_fraction,0.015927734375,4.250538348371902,high,statistical_outlier_for_review
1-coins/150_1479430338.jpg,full_dark_fraction,0.015872395833333334,4.232788618103584,high,statistical_outlier_for_review
1-coins/45_1477835628.jpg,full_dark_fraction,0.015830078125,4.219215294957223,high,statistical_outlier_for_review
1-coins/70_1477848906.jpg,full_dark_fraction,0.015804036458333334,4.21086248071331,high,statistical_outlier_for_review
1-coins/25_1477191384.jpg,full_dark_fraction,0.015768229166666668,4.199377361127928,high,statistical_outlier_for_review
1-coins/45_1477835946.jpg,full_dark_fraction,0.01572265625,4.184759936201077,high,statistical_outlier_for_review
1-coins/25_1477191300.jpg,full_dark_fraction,0.015716145833333334,4.182671732640098,high,statistical_outlier_for_review
1-coins/50_1477145082.jpg,full_dark_fraction,0.015709635416666666,4.18058352907912,high,statistical_outlier_for_review
1-coins/100_1477858134.jpg,full_dark_fraction,0.015706380208333332,4.1795394272986295,high,statistical_outlier_for_review
1-coins/145_1479428964.jpg,full_dark_fraction,0.015706380208333332,4.1795394272986295,high,statistical_outlier_for_review
1-coins/100_1477861374.jpg,full_dark_fraction,0.015677083333333335,4.170142511274227,high,statistical_outlier_for_review
1-coins/85_1477852026.jpg,full_dark_fraction,0.015670572916666667,4.168054307713248,high,statistical_outlier_for_review
1-coins/25_1477191294.jpg,full_dark_fraction,0.015563151041666667,4.1335989489571014,high,statistical_outlier_for_review
1-coins/5_1477145436.jpg,full_dark_fraction,0.015514322916666667,4.117937422249763,high,statistical_outlier_for_review
1-coins/90_1477854828.jpg,full_dark_fraction,0.015475260416666666,4.105408200883891,high,statistical_outlier_for_review
1-coins/145_1479427884.jpg,full_dark_fraction,0.015374348958333334,4.073041045688723,high,statistical_outlier_for_review
1-coins/80_1477850718.jpg,full_dark_fraction,0.015289713541666666,4.045894399396,high,statistical_outlier_for_review
1-coins/130_1477862064.jpg,full_dark_fraction,0.015260416666666667,4.036497483371598,high,statistical_outlier_for_review
1-coins/130_1477861944.jpg,full_dark_fraction,0.015227864583333334,4.026056465566705,high,statistical_outlier_for_review
1-coins/145_1479428976.jpg,full_dark_fraction,0.015166015625,4.0062185317374075,high,statistical_outlier_for_review
1-coins/10_1477788066.jpg,full_dark_fraction,0.015143229166666666,3.9989098192739823,high,statistical_outlier_for_review
1-coins/50_1477139868.jpg,full_dark_fraction,0.015126953125,3.9936893103715363,high,statistical_outlier_for_review
1-coins/25_1477191288.jpg,full_dark_fraction,0.015113932291666667,3.9895129032495795,high,statistical_outlier_for_review
1-coins/25_1477149300.jpg,full_dark_fraction,0.015081380208333333,3.979071885444686,high,statistical_outlier_for_review
1-coins/95_1477857660.jpg,full_dark_fraction,0.015042317708333334,3.966542664078815,high,statistical_outlier_for_review
1-coins/55_1477842270.jpg,full_dark_fraction,0.015016276041666667,3.9581898498349006,high,statistical_outlier_for_review
1-coins/90_1477854732.jpg,full_dark_fraction,0.015006510416666667,3.955057544493433,high,statistical_outlier_for_review
1-coins/120_1479423006.jpg,full_dark_fraction,0.014993489583333333,3.9508811373714754,high,statistical_outlier_for_review
1-coins/140_1479427440.jpg,full_dark_fraction,0.014886067708333334,3.916425778615329,high,statistical_outlier_for_review
1-coins/95_1477857708.jpg,full_dark_fraction,0.014869791666666667,3.911205269712882,high,statistical_outlier_for_review
1-coins/95_1477857714.jpg,full_dark_fraction,0.014853515625,3.905984760810436,high,statistical_outlier_for_review
1-coins/120_1479351594.jpg,full_dark_fraction,0.014798177083333334,3.888235030542118,high,statistical_outlier_for_review
1-coins/45_1477835958.jpg,full_dark_fraction,0.014794921875,3.887190928761629,high,statistical_outlier_for_review
1-coins/100_1477858212.jpg,full_dark_fraction,0.01478515625,3.8840586234201613,high,statistical_outlier_for_review
1-coins/70_1477848918.jpg,full_dark_fraction,0.014700520833333333,3.856911977127439,high,statistical_outlier_for_review
1-coins/95_1477857726.jpg,full_dark_fraction,0.0146484375,3.8402063486396103,high,statistical_outlier_for_review
1-coins/90_1477857036.jpg,full_dark_fraction,0.014635416666666666,3.8360299415176535,high,statistical_outlier_for_review
1-coins/70_1477848936.jpg,full_dark_fraction,0.014632161458333333,3.834985839737164,high,statistical_outlier_for_review
1-coins/70_1477848888.jpg,full_dark_fraction,0.014619140625,3.830809432615207,high,statistical_outlier_for_review
1-coins/60_1477845372.jpg,full_dark_fraction,0.014586588541666667,3.8203684148103143,high,statistical_outlier_for_review
1-coins/120_1479422910.jpg,full_dark_fraction,0.014567057291666666,3.8141038041273783,high,statistical_outlier_for_review
1-coins/140_1479427380.jpg,full_dark_fraction,0.014534505208333333,3.8036627863224854,high,statistical_outlier_for_review
1-coins/10_1477288122.jpg,full_dark_fraction,0.01453125,3.8026186845419963,high,statistical_outlier_for_review
1-coins/70_1477848834.jpg,full_dark_fraction,0.01451171875,3.79635407385906,high,statistical_outlier_for_review
1-coins/70_1477846866.jpg,full_dark_fraction,0.014384765625,3.7556341044199777,high,statistical_outlier_for_review
1-coins/125_1479424848.jpg,full_dark_fraction,0.014319661458333334,3.7347520688101925,high,statistical_outlier_for_review
1-coins/120_1479351648.jpg,full_dark_fraction,0.01431640625,3.7337079670297033,high,statistical_outlier_for_review
1-coins/140_1479427374.jpg,full_dark_fraction,0.014270833333333333,3.719090542102853,high,statistical_outlier_for_review
1-coins/120_1479423066.jpg,full_dark_fraction,0.014264322916666667,3.7170023385418745,high,statistical_outlier_for_review
1-coins/75_1477850394.jpg,full_dark_fraction,0.014241536458333334,3.709693626078449,high,statistical_outlier_for_review
1-coins/90_1477854744.jpg,full_dark_fraction,0.014173177083333334,3.6877674886881744,high,statistical_outlier_for_review
1-coins/125_1479424842.jpg,full_dark_fraction,0.014117838541666667,3.6700177584198563,high,statistical_outlier_for_review
1-coins/130_1477862040.jpg,full_dark_fraction,0.014091796875,3.661664944175942,high,statistical_outlier_for_review
1-coins/150_1479429546.jpg,full_dark_fraction,0.014069010416666666,3.654356231712517,high,statistical_outlier_for_review
1-coins/175_1479423480.jpg,full_dark_fraction,0.014049479166666667,3.6480916210295815,high,statistical_outlier_for_review
1-coins/100_1477858266.jpg,full_dark_fraction,0.014046223958333333,3.647047519249092,high,statistical_outlier_for_review
1-coins/80_1477851828.jpg,full_dark_fraction,0.014029947916666667,3.6418270103466455,high,statistical_outlier_for_review
1-coins/140_1479427434.jpg,full_dark_fraction,0.014026692708333333,3.6407829085661563,high,statistical_outlier_for_review
1-coins/145_1479428958.jpg,full_dark_fraction,0.014013671875,3.636606501444199,high,statistical_outlier_for_review
1-coins/75_1477849704.jpg,full_dark_fraction,0.013974609375,3.6240772800783274,high,statistical_outlier_for_review
1-coins/145_1479427896.jpg,full_dark_fraction,0.013968098958333333,3.6219890765173486,high,statistical_outlier_for_review
1-coins/150_1479429552.jpg,full_dark_fraction,0.013961588541666667,3.61990087295637,high,statistical_outlier_for_review
1-coins/75_1477849464.jpg,full_dark_fraction,0.013938802083333333,3.6125921604929454,high,statistical_outlier_for_review
1-coins/85_1477852032.jpg,full_dark_fraction,0.013929036458333334,3.609459855151478,high,statistical_outlier_for_review
1-coins/120_1479351366.jpg,full_dark_fraction,0.013916015625,3.6052834480295206,high,statistical_outlier_for_review
1-coins/145_1479428952.jpg,full_dark_fraction,0.013873697916666667,3.5917101248831598,high,statistical_outlier_for_review
1-coins/150_1479429786.jpg,full_dark_fraction,0.013854166666666667,3.5854455142002237,high,statistical_outlier_for_review
1-coins/55_1477842246.jpg,full_dark_fraction,0.013854166666666667,3.5854455142002237,high,statistical_outlier_for_review
1-coins/140_1479427446.jpg,full_dark_fraction,0.013841145833333334,3.5812691070782665,high,statistical_outlier_for_review
1-coins/120_1479422982.jpg,full_dark_fraction,0.01380859375,3.5708280892733737,high,statistical_outlier_for_review
1-coins/60_1477844904.jpg,full_dark_fraction,0.013785807291666667,3.563519376809949,high,statistical_outlier_for_review
1-coins/120_1479423060.jpg,full_dark_fraction,0.013779296875,3.56143117324897,high,statistical_outlier_for_review
1-coins/120_1479351372.jpg,full_dark_fraction,0.013733723958333333,3.5468137483221196,high,statistical_outlier_for_review
1-coins/140_1479427452.jpg,full_dark_fraction,0.013668619791666666,3.5259317127123344,high,statistical_outlier_for_review
1-coins/130_1477861920.jpg,full_dark_fraction,0.01365234375,3.520711203809888,high,statistical_outlier_for_review
1-coins/90_1477854738.jpg,full_dark_fraction,0.013639322916666667,3.516534796687931,high,statistical_outlier_for_review
1-coins/120_1479423054.jpg,full_dark_fraction,0.013619791666666667,3.510270186004995,high,statistical_outlier_for_review
1-coins/100_1477279908.jpg,roi_brightness_median,170.08994266602963,7.395800103701341,both,statistical_outlier_for_review
1-coins/100_1477279902.jpg,roi_brightness_median,163.10127423822715,6.840295431184733,both,statistical_outlier_for_review
1-coins/10_1477288236.jpg,roi_brightness_median,159.01146193771626,6.515210636259918,both,statistical_outlier_for_review
1-coins/100_1477280076.jpg,roi_brightness_median,158.9608461898083,6.5111873684863415,both,statistical_outlier_for_review
1-coins/25_1477287138.jpg,roi_brightness_median,153.01969904240767,6.038946478167334,both,statistical_outlier_for_review
1-coins/50_1477282212.jpg,roi_brightness_median,148.7901753104456,5.702756512954805,both,statistical_outlier_for_review
1-coins/100_1477279596.jpg,roi_brightness_median,147.00457009246466,5.560825034575834,both,statistical_outlier_for_review
1-coins/50_1477283580.jpg,roi_brightness_median,145.73966049382716,5.4602818195681095,both,statistical_outlier_for_review
1-coins/10_1477287804.jpg,roi_brightness_median,143.84527162977867,5.30970351178119,both,statistical_outlier_for_review
1-coins/25_1477286016.jpg,roi_brightness_median,142.64565826330534,5.214350464605813,both,statistical_outlier_for_review
1-coins/5_1477290468.jpg,roi_brightness_median,141.88429752066116,5.153832577059881,both,statistical_outlier_for_review
1-coins/100_1477858704.jpg,roi_brightness_median,141.5430593194821,5.126708752664088,both,statistical_outlier_for_review
1-coins/50_1477282284.jpg,roi_brightness_median,141.17207731281667,5.097220697786225,both,statistical_outlier_for_review
1-coins/50_1477283214.jpg,roi_brightness_median,141.1653777513385,5.0966881732082765,both,statistical_outlier_for_review
1-coins/100_1477280082.jpg,roi_brightness_median,139.40135802469135,4.95647244961412,both,statistical_outlier_for_review
1-coins/50_1477144608.jpg,roi_brightness_median,139.39208460182664,4.955735337847439,both,statistical_outlier_for_review
1-coins/50_1477282290.jpg,roi_brightness_median,138.9111111111111,4.917504446768647,both,statistical_outlier_for_review
1-coins/50_1477144548.jpg,roi_brightness_median,138.22416279442396,4.862901341235836,both,statistical_outlier_for_review
1-coins/25_1477287144.jpg,roi_brightness_median,137.96913580246914,4.842630142635946,both,statistical_outlier_for_review
1-coins/50_1477281894.jpg,roi_brightness_median,137.5962505715592,4.81299080715698,both,statistical_outlier_for_review
1-coins/100_1477280454.jpg,roi_brightness_median,136.56580812854443,4.731084561672941,both,statistical_outlier_for_review
1-coins/50_1477282680.jpg,roi_brightness_median,136.54164187983343,4.72916367156135,both,statistical_outlier_for_review
1-coins/50_1477144668.jpg,roi_brightness_median,136.36838896509678,4.71539240674065,both,statistical_outlier_for_review
1-coins/100_1477280658.jpg,roi_brightness_median,135.2791713325868,4.628814328169962,both,statistical_outlier_for_review
1-coins/25_1477286448.jpg,roi_brightness_median,135.13975966562174,4.617732985106906,both,statistical_outlier_for_review
1-coins/50_1477145100.jpg,roi_brightness_median,135.1315443798086,4.617079980932734,both,statistical_outlier_for_review
1-coins/100_1477280070.jpg,roi_brightness_median,133.22868217054264,4.465828156737249,both,statistical_outlier_for_review
1-coins/50_1477194366.jpg,roi_brightness_median,132.89842355740632,4.439577061177152,both,statistical_outlier_for_review
1-coins/100_1477280532.jpg,roi_brightness_median,131.55081484834767,4.332460384754495,both,statistical_outlier_for_review
1-coins/50_1477145214.jpg,roi_brightness_median,131.36571334648258,4.317747317417255,both,statistical_outlier_for_review
1-coins/50_1477282218.jpg,roi_brightness_median,130.79864958448752,4.272673413474419,both,statistical_outlier_for_review
1-coins/25_1477285170.jpg,roi_brightness_median,130.79702831511074,4.272544544474049,both,statistical_outlier_for_review
1-coins/50_1477281888.jpg,roi_brightness_median,128.74276791584484,4.1092586106589195,both,statistical_outlier_for_review
1-coins/5_1477189224.jpg,roi_brightness_median,128.5491836734694,4.093871280114328,both,statistical_outlier_for_review
1-coins/5_1477145436.jpg,roi_brightness_median,25.65359375,-4.084937254634437,both,statistical_outlier_for_review
1-coins/100_1477195020.jpg,roi_brightness_median,25.71674992930531,-4.079917192076765,both,statistical_outlier_for_review
1-coins/55_1477843446.jpg,roi_brightness_median,128.220081276459,4.067712088107394,both,statistical_outlier_for_review
1-coins/50_1477145064.jpg,roi_brightness_median,127.93638839929498,4.0451623391169615,both,statistical_outlier_for_review
1-coins/25_1477286010.jpg,roi_brightness_median,127.62911888517927,4.020738566179882,both,statistical_outlier_for_review
1-coins/10_1477288614.jpg,roi_brightness_median,127.45376712328768,4.006800471380981,both,statistical_outlier_for_review
1-coins/90_1477856946.jpg,roi_brightness_median,27.30545839725327,-3.9536363438252047,both,statistical_outlier_for_review
1-coins/100_1477281114.jpg,roi_brightness_median,126.53652940466127,3.933892471270628,both,statistical_outlier_for_review
1-coins/50_1477192776.jpg,roi_brightness_median,27.93455894754596,-3.903631353778732,both,statistical_outlier_for_review
1-coins/35_1477789530.jpg,roi_brightness_median,28.055895986932263,-3.893986699289148,both,statistical_outlier_for_review
1-coins/100_1477281462.jpg,roi_brightness_median,125.35407407407408,3.8399032560189466,both,statistical_outlier_for_review
1-coins/5_1477145610.jpg,roi_brightness_median,125.01688888888889,3.8131015916090854,both,statistical_outlier_for_review
1-coins/10_1477288962.jpg,roi_brightness_median,124.93945945945946,3.8069469986014632,both,statistical_outlier_for_review
1-coins/10_1477289652.jpg,roi_brightness_median,124.26233984457046,3.7531251420047043,both,statistical_outlier_for_review
1-coins/100_1477281504.jpg,roi_brightness_median,124.03873966942149,3.7353519505371215,both,statistical_outlier_for_review
1-coins/85_1477853892.jpg,roi_brightness_median,30.240311953072787,-3.720355157251245,both,statistical_outlier_for_review
1-coins/25_1477287012.jpg,roi_brightness_median,123.71131256384065,3.709325921553523,both,statistical_outlier_for_review
1-coins/50_1477192962.jpg,roi_brightness_median,30.498661511005356,-3.6998198595680405,both,statistical_outlier_for_review
1-coins/100_1477280988.jpg,roi_brightness_median,123.26621067031463,3.673946337566386,both,statistical_outlier_for_review
1-coins/100_1477281108.jpg,roi_brightness_median,123.25451962809917,3.673017057740856,both,statistical_outlier_for_review
1-coins/10_1477288230.jpg,roi_brightness_median,123.10565007351397,3.6611839404565165,both,statistical_outlier_for_review
1-coins/25_1477285872.jpg,roi_brightness_median,122.94121062563507,3.648113227117279,both,statistical_outlier_for_review
1-coins/25_1477789296.jpg,roi_brightness_median,31.276207427249098,-3.6380154694997846,both,statistical_outlier_for_review
1-coins/100_1477195134.jpg,roi_brightness_median,122.56180252949304,3.6179554120234814,both,statistical_outlier_for_review
1-coins/100_1477281468.jpg,roi_brightness_median,122.52070464424617,3.614688685676247,both,statistical_outlier_for_review
1-coins/50_1477144632.jpg,roi_brightness_median,122.30139400737062,3.5972564545186922,both,statistical_outlier_for_review
1-coins/55_1477842660.jpg,roi_brightness_median,122.25063248439872,3.593221599598008,both,statistical_outlier_for_review
1-coins/130_1477861908.jpg,roi_brightness_median,32.11021929264556,-3.5717227997375556,both,statistical_outlier_for_review
1-coins/25_1477285164.jpg,roi_brightness_median,121.71739992072929,3.5508368186177037,both,statistical_outlier_for_review
1-coins/5_1477145532.jpg,roi_brightness_median,32.645438121047874,-3.5291801375597993,both,statistical_outlier_for_review
1-coins/130_1477862328.jpg,roi_brightness_median,32.664529914529915,-3.5276625980462915,both,statistical_outlier_for_review
1-coins/50_1477194300.jpg,roi_brightness_median,121.3265306122449,3.519767992066621,both,statistical_outlier_for_review
1-coins/50_1477144962.jpg,roi_brightness_median,121.27921875,3.516007338543849,both,statistical_outlier_for_review
1-coins/100_1477858704.jpg,roi_contrast_median,4.3718435607044865,-10.471502589182268,low,statistical_outlier_for_review
1-coins/25_1477154274.jpg,roi_contrast_median,28.1420788376607,-4.944109878733834,low,statistical_outlier_for_review
1-coins/100_1477195020.jpg,roi_contrast_median,30.665481312640132,-4.357332495875936,low,statistical_outlier_for_review
1-coins/35_1477789530.jpg,roi_contrast_median,31.088637675487206,-4.258934168382382,low,statistical_outlier_for_review
1-coins/10_1477289340.jpg,roi_contrast_median,31.59101557993203,-4.142114122868963,low,statistical_outlier_for_review
1-coins/25_1477191498.jpg,roi_contrast_median,31.92452342076914,-4.064562142973016,low,statistical_outlier_for_review
1-coins/5_1477145436.jpg,roi_contrast_median,32.13891969186209,-4.014707676991549,low,statistical_outlier_for_review
1-coins/10_1477289346.jpg,roi_contrast_median,32.73463492597816,-3.876183509931731,low,statistical_outlier_for_review
1-coins/10_1477147626.jpg,roi_contrast_median,32.832446627414114,-3.8534389439140035,low,statistical_outlier_for_review
1-coins/90_1477856946.jpg,roi_contrast_median,33.31834976950942,-3.740449844129819,low,statistical_outlier_for_review
1-coins/10_1477289460.jpg,roi_contrast_median,33.379684660168735,-3.72618738422665,low,statistical_outlier_for_review
1-coins/30_1477786728.jpg,roi_contrast_median,33.43397317162285,-3.7135634484945754,low,statistical_outlier_for_review
1-coins/10_1477289016.jpg,roi_contrast_median,33.694044570920724,-3.653087952988279,low,statistical_outlier_for_review
1-coins/50_1477144962.jpg,roi_contrast_median,33.90917104029009,-3.6030636909327205,low,statistical_outlier_for_review
1-coins/30_1477786740.jpg,roi_contrast_median,33.91728283400486,-3.6011774214479946,low,statistical_outlier_for_review
1-coins/10_1477289454.jpg,roi_contrast_median,34.008826874391104,-3.5798903009958694,low,statistical_outlier_for_review
1-coins/50_1477192962.jpg,roi_contrast_median,34.178005762813356,-3.540550423046345,low,statistical_outlier_for_review
1-coins/10_1477289472.jpg,roi_contrast_median,34.24776688419684,-3.5243285762991405,low,statistical_outlier_for_review
1-coins/25_1477191372.jpg,roi_dark_fraction_median,0.6216640502354788,29.816452331670973,high,statistical_outlier_for_review
1-coins/25_1477191378.jpg,roi_dark_fraction_median,0.6128486897717667,29.371973095633923,high,statistical_outlier_for_review
1-coins/50_1477145130.jpg,roi_dark_fraction_median,0.5905710886377157,28.248714305076028,high,statistical_outlier_for_review
1-coins/5_1477145436.jpg,roi_dark_fraction_median,0.58640625,28.038719001590742,high,statistical_outlier_for_review
1-coins/25_1477149300.jpg,roi_dark_fraction_median,0.5849008963514708,27.962817574483118,high,statistical_outlier_for_review
1-coins/25_1477191366.jpg,roi_dark_fraction_median,0.5809920221990982,27.765728254748154,high,statistical_outlier_for_review
1-coins/5_1477156860.jpg,roi_dark_fraction_median,0.5793435712134899,27.682611717682672,high,statistical_outlier_for_review
1-coins/5_1477156848.jpg,roi_dark_fraction_median,0.5670970266040689,27.06512876681569,high,statistical_outlier_for_review
1-coins/25_1477191384.jpg,roi_dark_fraction_median,0.5661524076671341,27.017500141172615,high,statistical_outlier_for_review
1-coins/25_1477191300.jpg,roi_dark_fraction_median,0.558214822522835,26.617279209148304,high,statistical_outlier_for_review
1-coins/100_1477195020.jpg,roi_dark_fraction_median,0.5548119521161278,26.44570310117944,high,statistical_outlier_for_review
1-coins/50_1477192776.jpg,roi_dark_fraction_median,0.5532130207454883,26.3650833923175,high,statistical_outlier_for_review
1-coins/5_1477146732.jpg,roi_dark_fraction_median,0.549001676573693,26.152743233582754,high,statistical_outlier_for_review
1-coins/90_1477856946.jpg,roi_dark_fraction_median,0.5454963466868229,25.976001016791116,high,statistical_outlier_for_review
1-coins/25_1477191288.jpg,roi_dark_fraction_median,0.5426601215521272,25.832995726617444,high,statistical_outlier_for_review
1-coins/10_1477288878.jpg,roi_dark_fraction_median,0.541955017301038,25.797443669484817,high,statistical_outlier_for_review
1-coins/130_1477862328.jpg,roi_dark_fraction_median,0.5408958130477117,25.744037538304628,high,statistical_outlier_for_review
1-coins/5_1477291212.jpg,roi_dark_fraction_median,0.5374774774774774,25.571681661420133,high,statistical_outlier_for_review
1-coins/5_1477145526.jpg,roi_dark_fraction_median,0.5368347338935574,25.53927389110552,high,statistical_outlier_for_review
1-coins/5_1477146798.jpg,roi_dark_fraction_median,0.5359831376091538,25.496335560056913,high,statistical_outlier_for_review
1-coins/10_1477288884.jpg,roi_dark_fraction_median,0.5356833910034602,25.48122203828411,high,statistical_outlier_for_review
1-coins/25_1477191294.jpg,roi_dark_fraction_median,0.5353863381858902,25.46624433998582,high,statistical_outlier_for_review
1-coins/5_1477291758.jpg,roi_dark_fraction_median,0.5332913253518169,25.3606117106895,high,statistical_outlier_for_review
1-coins/50_1477140186.jpg,roi_dark_fraction_median,0.5327671847460342,25.334184020410326,high,statistical_outlier_for_review
1-coins/85_1477853892.jpg,roi_dark_fraction_median,0.5325724651937764,25.324366067056598,high,statistical_outlier_for_review
1-coins/10_1477288890.jpg,roi_dark_fraction_median,0.5322231833910035,25.306754931414755,high,statistical_outlier_for_review
1-coins/50_1477282434.jpg,roi_dark_fraction_median,0.5275675675675676,25.072014154449253,high,statistical_outlier_for_review
1-coins/35_1477789530.jpg,roi_dark_fraction_median,0.5274014685718188,25.06363927800026,high,statistical_outlier_for_review
1-coins/5_1477291146.jpg,roi_dark_fraction_median,0.5198757763975155,24.68418639889748,high,statistical_outlier_for_review
1-coins/100_1477858998.jpg,roi_dark_fraction_median,0.5172011816986739,24.549330675941686,high,statistical_outlier_for_review
1-coins/5_1477145532.jpg,roi_dark_fraction_median,0.517163504968383,24.547430977754072,high,statistical_outlier_for_review
1-coins/5_1477147086.jpg,roi_dark_fraction_median,0.5168165168165169,24.529935490270578,high,statistical_outlier_for_review
1-coins/10_1477288500.jpg,roi_dark_fraction_median,0.515625,24.469858028150814,high,statistical_outlier_for_review
1-coins/130_1477861908.jpg,roi_dark_fraction_median,0.5149977254273733,24.438230220760033,high,statistical_outlier_for_review
1-coins/50_1477140264.jpg,roi_dark_fraction_median,0.5137345679012346,24.374540562858495,high,statistical_outlier_for_review
1-coins/50_1477145124.jpg,roi_dark_fraction_median,0.5059967175861634,23.984390459437357,high,statistical_outlier_for_review
1-coins/5_1477292016.jpg,roi_dark_fraction_median,0.505868544600939,23.977927850133103,high,statistical_outlier_for_review
1-coins/50_1477282962.jpg,roi_dark_fraction_median,0.5052444444444445,23.946460099958713,high,statistical_outlier_for_review
1-coins/5_1477156710.jpg,roi_dark_fraction_median,0.5046672688949112,23.917358335104986,high,statistical_outlier_for_review
1-coins/50_1477282068.jpg,roi_dark_fraction_median,0.5026315789473684,23.814716824707677,high,statistical_outlier_for_review
1-coins/55_1477843524.jpg,roi_dark_fraction_median,0.5023493822195121,23.800488185217997,high,statistical_outlier_for_review
1-coins/50_1477140180.jpg,roi_dark_fraction_median,0.501875,23.776569362228706,high,statistical_outlier_for_review
1-coins/25_1477153878.jpg,roi_dark_fraction_median,0.5011621900826446,23.740628777744394,high,statistical_outlier_for_review
1-coins/5_1477291206.jpg,roi_dark_fraction_median,0.5011415525114156,23.739588210891647,high,statistical_outlier_for_review
1-coins/25_1477191396.jpg,roi_dark_fraction_median,0.5005165289256198,23.708073900494103,high,statistical_outlier_for_review
1-coins/50_1477145166.jpg,roi_dark_fraction_median,0.4986634589681903,23.614640271501624,high,statistical_outlier_for_review
1-coins/50_1477283070.jpg,roi_dark_fraction_median,0.49777365491651204,23.569775466852885,high,statistical_outlier_for_review
1-coins/25_1477789296.jpg,roi_dark_fraction_median,0.4971181194830494,23.536722718770704,high,statistical_outlier_for_review
1-coins/5_1477146426.jpg,roi_dark_fraction_median,0.4967543005517689,23.518378606661276,high,statistical_outlier_for_review
1-coins/50_1477192962.jpg,roi_dark_fraction_median,0.48899464604402143,23.127129114174537,high,statistical_outlier_for_review
1-coins/5_1477291224.jpg,roi_dark_fraction_median,0.48770876337023833,23.062293631742577,high,statistical_outlier_for_review
1-coins/5_1477290108.jpg,roi_dark_fraction_median,0.4834234234234234,22.84622253248803,high,statistical_outlier_for_review
1-coins/25_1477285818.jpg,roi_dark_fraction_median,0.4818007662835249,22.764406546759357,high,statistical_outlier_for_review
1-coins/5_1477189038.jpg,roi_dark_fraction_median,0.4814873417721519,22.748603371387937,high,statistical_outlier_for_review
1-coins/10_1477147698.jpg,roi_dark_fraction_median,0.4798198198198198,22.664525257225886,high,statistical_outlier_for_review
1-coins/5_1477291218.jpg,roi_dark_fraction_median,0.4784,22.592936530772604,high,statistical_outlier_for_review
1-coins/50_1477194552.jpg,roi_dark_fraction_median,0.4770125727153312,22.5229810681361,high,statistical_outlier_for_review
1-coins/50_1477145118.jpg,roi_dark_fraction_median,0.47440699126092384,22.391605061555918,high,statistical_outlier_for_review
1-coins/50_1477193730.jpg,roi_dark_fraction_median,0.4737777777777778,22.3598794923697,high,statistical_outlier_for_review
1-coins/55_1477843434.jpg,roi_dark_fraction_median,0.4730245756353351,22.321902291751243,high,statistical_outlier_for_review
1-coins/5_1477291656.jpg,roi_dark_fraction_median,0.47279299847793,22.31022594131376,high,statistical_outlier_for_review
1-coins/5_1477291140.jpg,roi_dark_fraction_median,0.4714506172839506,22.242541747340454,high,statistical_outlier_for_review
1-coins/50_1477282956.jpg,roi_dark_fraction_median,0.47022160664819945,22.180573809590346,high,statistical_outlier_for_review
1-coins/25_1477191282.jpg,roi_dark_fraction_median,0.46996259934548856,22.16751440396413,high,statistical_outlier_for_review
1-coins/5_1477156770.jpg,roi_dark_fraction_median,0.46534800713860797,21.934842078518106,high,statistical_outlier_for_review
1-coins/10_1477147446.jpg,roi_dark_fraction_median,0.46238130021913804,21.785257767072203,high,statistical_outlier_for_review
1-coins/50_1477145112.jpg,roi_dark_fraction_median,0.4621416982152515,21.773176795899346,high,statistical_outlier_for_review
1-coins/50_1477283310.jpg,roi_dark_fraction_median,0.4608680792891319,21.708959663813342,high,statistical_outlier_for_review
1-coins/10_1477288872.jpg,roi_dark_fraction_median,0.4585714285714286,21.593160252019484,high,statistical_outlier_for_review
1-coins/50_1477282422.jpg,roi_dark_fraction_median,0.4564431295200526,21.48584929856408,high,statistical_outlier_for_review
1-coins/50_1477194564.jpg,roi_dark_fraction_median,0.4524647887323944,21.28525740203615,high,statistical_outlier_for_review
1-coins/55_1477843440.jpg,roi_dark_fraction_median,0.45198567797038164,21.26110016123435,high,statistical_outlier_for_review
1-coins/5_1477156824.jpg,roi_dark_fraction_median,0.4518698060941828,21.255257786073056,high,statistical_outlier_for_review
1-coins/5_1477146804.jpg,roi_dark_fraction_median,0.4501602293810086,21.169059229071742,high,statistical_outlier_for_review
1-coins/50_1477283460.jpg,roi_dark_fraction_median,0.4495898838004101,21.14030183803991,high,statistical_outlier_for_review
1-coins/50_1477193562.jpg,roi_dark_fraction_median,0.44955044955044954,21.13831352396378,high,statistical_outlier_for_review
1-coins/50_1477283064.jpg,roi_dark_fraction_median,0.4477317554240631,21.046613158538122,high,statistical_outlier_for_review
1-coins/50_1477193556.jpg,roi_dark_fraction_median,0.4439058171745152,20.853705549452346,high,statistical_outlier_for_review
1-coins/50_1477283316.jpg,roi_dark_fraction_median,0.4435823916343397,20.837398112268822,high,statistical_outlier_for_review
1-coins/5_1477290114.jpg,roi_dark_fraction_median,0.442428730099963,20.779229351098376,high,statistical_outlier_for_review
1-coins/50_1477194558.jpg,roi_dark_fraction_median,0.4414222222222222,20.728480223549358,high,statistical_outlier_for_review
1-coins/50_1477282062.jpg,roi_dark_fraction_median,0.44027777777777777,20.67077619721402,high,statistical_outlier_for_review
1-coins/5_1477147068.jpg,roi_dark_fraction_median,0.44,20.656770365579234,high,statistical_outlier_for_review
1-coins/50_1477283376.jpg,roi_dark_fraction_median,0.4393491124260355,20.62395196719239,high,statistical_outlier_for_review
1-coins/50_1477140168.jpg,roi_dark_fraction_median,0.4375857338820302,20.535040668407728,high,statistical_outlier_for_review
1-coins/25_1477153926.jpg,roi_dark_fraction_median,0.4361344537815126,20.46186568333375,high,statistical_outlier_for_review
1-coins/10_1477147716.jpg,roi_dark_fraction_median,0.4353125,20.42042195674215,high,statistical_outlier_for_review
1-coins/25_1477191390.jpg,roi_dark_fraction_median,0.4331243469174504,20.31009310354694,high,statistical_outlier_for_review
1-coins/5_1477189146.jpg,roi_dark_fraction_median,0.4323319452706722,20.270139424960078,high,statistical_outlier_for_review
1-coins/10_1477788060.jpg,roi_dark_fraction_median,0.428128675122346,20.058206366513296,high,statistical_outlier_for_review
1-coins/100_1477154922.jpg,roi_dark_fraction_median,0.42746306727601235,20.024645757363338,high,statistical_outlier_for_review
1-coins/100_1477155198.jpg,roi_dark_fraction_median,0.42736842105263156,20.019873600712994,high,statistical_outlier_for_review
1-coins/5_1477291866.jpg,roi_dark_fraction_median,0.42447241762310256,19.873854229501067,high,statistical_outlier_for_review
1-coins/50_1477193736.jpg,roi_dark_fraction_median,0.42428730099962975,19.864520465360886,high,statistical_outlier_for_review
1-coins/5_1477290102.jpg,roi_dark_fraction_median,0.4203798392987582,19.667502362834416,high,statistical_outlier_for_review
1-coins/10_1477288710.jpg,roi_dark_fraction_median,0.41825259515570934,19.560244598905328,high,statistical_outlier_for_review
1-coins/5_1477156800.jpg,roi_dark_fraction_median,0.4179240969364426,19.543681392200366,high,statistical_outlier_for_review
1-coins/50_1477193526.jpg,roi_dark_fraction_median,0.4175,19.52229800316124,high,statistical_outlier_for_review
1-coins/10_1477288296.jpg,roi_dark_fraction_median,0.4170193807083983,19.498064700798263,high,statistical_outlier_for_review
1-coins/5_1477189200.jpg,roi_dark_fraction_median,0.4156010230179028,19.426549696358702,high,statistical_outlier_for_review
1-coins/100_1477154970.jpg,roi_dark_fraction_median,0.41473367697594504,19.38281724688076,high,statistical_outlier_for_review
1-coins/5_1477292022.jpg,roi_dark_fraction_median,0.41227247138299866,19.25872081472848,high,statistical_outlier_for_review
1-coins/25_1477287084.jpg,roi_dark_fraction_median,0.41210588935157644,19.250321583140746,high,statistical_outlier_for_review
1-coins/10_1477187328.jpg,roi_dark_fraction_median,0.4118767313019391,19.23876720652123,high,statistical_outlier_for_review
1-coins/5_1477290120.jpg,roi_dark_fraction_median,0.41187384044526903,19.238621446654747,high,statistical_outlier_for_review
1-coins/50_1477145082.jpg,roi_dark_fraction_median,0.4100492362075496,19.146623087541702,high,statistical_outlier_for_review
1-coins/5_1477291662.jpg,roi_dark_fraction_median,0.40945290858725764,19.11655565624536,high,statistical_outlier_for_review
1-coins/5_1477188894.jpg,roi_dark_fraction_median,0.4090625,19.0968708672545,high,statistical_outlier_for_review
1-coins/10_1477288704.jpg,roi_dark_fraction_median,0.4083044982698962,19.05865166665593,high,statistical_outlier_for_review
1-coins/5_1477189194.jpg,roi_dark_fraction_median,0.4078674948240166,19.0366175185834,high,statistical_outlier_for_review
1-coins/100_1477195710.jpg,roi_dark_fraction_median,0.4070493753718025,18.995367122685916,high,statistical_outlier_for_review
1-coins/50_1477193622.jpg,roi_dark_fraction_median,0.40613586559532505,18.949307051832037,high,statistical_outlier_for_review
1-coins/50_1477194546.jpg,roi_dark_fraction_median,0.40442890442890445,18.863240373297593,high,statistical_outlier_for_review
1-coins/10_1477788072.jpg,roi_dark_fraction_median,0.40162376685814183,18.721802548994905,high,statistical_outlier_for_review
1-coins/50_1477194516.jpg,roi_dark_fraction_median,0.4015382150296427,18.717488940773276,high,statistical_outlier_for_review
1-coins/50_1477281930.jpg,roi_dark_fraction_median,0.40140625,18.7108351328206,high,statistical_outlier_for_review
1-coins/50_1477282170.jpg,roi_dark_fraction_median,0.40084876543209874,18.68272620683133,high,statistical_outlier_for_review
1-coins/10_1477788036.jpg,roi_dark_fraction_median,0.399921875,18.635991470022187,high,statistical_outlier_for_review
1-coins/5_1477188564.jpg,roi_dark_fraction_median,0.39953125,18.616295769285763,high,statistical_outlier_for_review
1-coins/25_1477287162.jpg,roi_dark_fraction_median,0.39916716240333133,18.59793811080044,high,statistical_outlier_for_review
1-coins/50_1477282890.jpg,roi_dark_fraction_median,0.39854950244560633,18.566795081848827,high,statistical_outlier_for_review
1-coins/50_1477193532.jpg,roi_dark_fraction_median,0.3980933596318212,18.54379590782417,high,statistical_outlier_for_review
1-coins/100_1477194678.jpg,roi_dark_fraction_median,0.3978529081877904,18.531672107034993,high,statistical_outlier_for_review
1-coins/100_1477280934.jpg,roi_dark_fraction_median,0.39438502673796794,18.356818077658744,high,statistical_outlier_for_review
1-coins/50_1477282164.jpg,roi_dark_fraction_median,0.39335180055401664,18.304721786555664,high,statistical_outlier_for_review
1-coins/50_1477140270.jpg,roi_dark_fraction_median,0.39315230224321135,18.29466288344643,high,statistical_outlier_for_review
1-coins/50_1477145172.jpg,roi_dark_fraction_median,0.3907678908404703,18.17443849068892,high,statistical_outlier_for_review
1-coins/25_1477191672.jpg,roi_dark_fraction_median,0.38939321548017203,18.105125992753123,high,statistical_outlier_for_review
1-coins/25_1477191360.jpg,roi_dark_fraction_median,0.3889769126301494,18.084135589297723,high,statistical_outlier_for_review
1-coins/10_1477288866.jpg,roi_dark_fraction_median,0.38338159946535977,17.802014338429842,high,statistical_outlier_for_review
1-coins/10_1477788066.jpg,roi_dark_fraction_median,0.38317943233525825,17.791820870799196,high,statistical_outlier_for_review
1-coins/100_1477195704.jpg,roi_dark_fraction_median,0.38200692041522494,17.732701654448817,high,statistical_outlier_for_review
1-coins/100_1477195092.jpg,roi_dark_fraction_median,0.38187285223367695,17.725941803486783,high,statistical_outlier_for_review
1-coins/50_1477192824.jpg,roi_dark_fraction_median,0.38142857142857145,17.703540723729226,high,statistical_outlier_for_review
1-coins/50_1477140144.jpg,roi_dark_fraction_median,0.3807519233560749,17.669423455403415,high,statistical_outlier_for_review
1-coins/50_1477145160.jpg,roi_dark_fraction_median,0.38011226944667204,17.637171469548743,high,statistical_outlier_for_review
1-coins/10_1477149012.jpg,roi_dark_fraction_median,0.37869470343185874,17.56569638218391,high,statistical_outlier_for_review
1-coins/50_1477282458.jpg,roi_dark_fraction_median,0.3779842973882391,17.52987700340252,high,statistical_outlier_for_review
1-coins/100_1477155210.jpg,roi_dark_fraction_median,0.3767229664142885,17.466279442077692,high,statistical_outlier_for_review
1-coins/25_1477286982.jpg,roi_dark_fraction_median,0.3761969904240766,17.439759209891434,high,statistical_outlier_for_review
1-coins/50_1477193550.jpg,roi_dark_fraction_median,0.3753125,17.39516232362751,high,statistical_outlier_for_review
1-coins/25_1477285638.jpg,roi_dark_fraction_median,0.3735711019661637,17.307359304011676,high,statistical_outlier_for_review
1-coins/5_1477188534.jpg,roi_dark_fraction_median,0.3734861591695502,17.303076403783027,high,statistical_outlier_for_review
1-coins/50_1477193544.jpg,roi_dark_fraction_median,0.37343852728468113,17.300674756807304,high,statistical_outlier_for_review
1-coins/50_1477192974.jpg,roi_dark_fraction_median,0.37115516062884485,17.185545140615613,high,statistical_outlier_for_review
1-coins/5_1477291626.jpg,roi_dark_fraction_median,0.3685941828254848,17.056418094452148,high,statistical_outlier_for_review
1-coins/50_1477281876.jpg,roi_dark_fraction_median,0.3682983682983683,17.04150283198924,high,statistical_outlier_for_review
1-coins/100_1477154442.jpg,roi_dark_fraction_median,0.36667020937400363,16.959409440819645,high,statistical_outlier_for_review
1-coins/50_1477145076.jpg,roi_dark_fraction_median,0.3660985599154446,16.930586306965136,high,statistical_outlier_for_review
1-coins/50_1477193538.jpg,roi_dark_fraction_median,0.365,16.87519582418593,high,statistical_outlier_for_review
1-coins/5_1477189032.jpg,roi_dark_fraction_median,0.3634493670886076,16.797011371642355,high,statistical_outlier_for_review
1-coins/100_1477281012.jpg,roi_dark_fraction_median,0.36203208556149735,16.72555062843026,high,statistical_outlier_for_review
1-coins/50_1477140228.jpg,roi_dark_fraction_median,0.3611863896416742,16.682909799628085,high,statistical_outlier_for_review
1-coins/5_1477189140.jpg,roi_dark_fraction_median,0.3593354430379747,16.589583232241036,high,statistical_outlier_for_review
1-coins/100_1477155282.jpg,roi_dark_fraction_median,0.35931756056178715,16.58868158001853,high,statistical_outlier_for_review
1-coins/50_1477193820.jpg,roi_dark_fraction_median,0.3579591836734694,16.520190867238806,high,statistical_outlier_for_review
1-coins/50_1477145070.jpg,roi_dark_fraction_median,0.3560576033822169,16.424311299001264,high,statistical_outlier_for_review
1-coins/50_1477281924.jpg,roi_dark_fraction_median,0.3546875,16.35522932474435,high,statistical_outlier_for_review
1-coins/100_1477154874.jpg,roi_dark_fraction_median,0.3540484429065744,16.32300743094442,high,statistical_outlier_for_review
1-coins/50_1477193568.jpg,roi_dark_fraction_median,0.3538732394366197,16.31417349785716,high,statistical_outlier_for_review
1-coins/50_1477282074.jpg,roi_dark_fraction_median,0.34875040571243104,16.05587512997472,high,statistical_outlier_for_review
1-coins/50_1477194540.jpg,roi_dark_fraction_median,0.34861932938856016,16.049266131450327,high,statistical_outlier_for_review
1-coins/25_1477154142.jpg,roi_dark_fraction_median,0.34774281805745555,16.00507155898435,high,statistical_outlier_for_review
1-coins/25_1477287174.jpg,roi_dark_fraction_median,0.34705882352941175,15.970583875068318,high,statistical_outlier_for_review
1-coins/50_1477140246.jpg,roi_dark_fraction_median,0.3458860759493671,15.911452776505952,high,statistical_outlier_for_review
1-coins/5_1477146888.jpg,roi_dark_fraction_median,0.34457750042165625,15.845473097824863,high,statistical_outlier_for_review
1-coins/100_1477281018.jpg,roi_dark_fraction_median,0.34452479338842973,15.842815556824839,high,statistical_outlier_for_review
1-coins/50_1477282176.jpg,roi_dark_fraction_median,0.3424561403508772,15.738512014667709,high,statistical_outlier_for_review
1-coins/50_1477192980.jpg,roi_dark_fraction_median,0.3420826161790017,15.719678554681584,high,statistical_outlier_for_review
1-coins/50_1477145220.jpg,roi_dark_fraction_median,0.341672753834916,15.69901288793665,high,statistical_outlier_for_review
1-coins/5_1477290222.jpg,roi_dark_fraction_median,0.3410493827160494,15.667581896564037,high,statistical_outlier_for_review
1-coins/10_1477288290.jpg,roi_dark_fraction_median,0.33943661971830985,15.586264783316665,high,statistical_outlier_for_review
1-coins/50_1477281918.jpg,roi_dark_fraction_median,0.3384073065213908,15.534365788908806,high,statistical_outlier_for_review
1-coins/10_1477288752.jpg,roi_dark_fraction_median,0.33834876543209874,15.531414089003576,high,statistical_outlier_for_review
1-coins/50_1477283556.jpg,roi_dark_fraction_median,0.3376061528601186,15.49397082505266,high,statistical_outlier_for_review
1-coins/100_1477154598.jpg,roi_dark_fraction_median,0.3369059917355372,15.458668005271457,high,statistical_outlier_for_review
1-coins/50_1477193826.jpg,roi_dark_fraction_median,0.3358979170576093,15.407839878099784,high,statistical_outlier_for_review
1-coins/5_1477189158.jpg,roi_dark_fraction_median,0.3356164383561644,15.393647442215403,high,statistical_outlier_for_review
1-coins/50_1477283562.jpg,roi_dark_fraction_median,0.3355231533408108,15.388943919026675,high,statistical_outlier_for_review
1-coins/100_1477280868.jpg,roi_dark_fraction_median,0.33542060491493386,15.383773325472594,high,statistical_outlier_for_review
1-coins/50_1477140132.jpg,roi_dark_fraction_median,0.33515625,15.370444287923178,high,statistical_outlier_for_review
1-coins/50_1477192818.jpg,roi_dark_fraction_median,0.33439669731656974,15.332146886716421,high,statistical_outlier_for_review
1-coins/100_1477195698.jpg,roi_dark_fraction_median,0.33320271682340646,15.271945203571535,high,statistical_outlier_for_review
1-coins/25_1477191498.jpg,roi_dark_fraction_median,0.333120531154239,15.267801320448987,high,statistical_outlier_for_review
1-coins/55_1477843500.jpg,roi_dark_fraction_median,0.333028707393637,15.263171475177153,high,statistical_outlier_for_review
1-coins/50_1477192830.jpg,roi_dark_fraction_median,0.3318918918918919,15.205852107715012,high,statistical_outlier_for_review
1-coins/50_1477283382.jpg,roi_dark_fraction_median,0.33187276858162934,15.2048878914052,high,statistical_outlier_for_review
1-coins/50_1477192968.jpg,roi_dark_fraction_median,0.3313760915386932,15.179844941260376,high,statistical_outlier_for_review
1-coins/100_1477154784.jpg,roi_dark_fraction_median,0.3311906948270585,15.170497054796696,high,statistical_outlier_for_review
1-coins/50_1477283268.jpg,roi_dark_fraction_median,0.3307098765432099,15.146253719046852,high,statistical_outlier_for_review
1-coins/100_1477154736.jpg,roi_dark_fraction_median,0.3299858223062382,15.109746184791918,high,statistical_outlier_for_review
1-coins/50_1477193118.jpg,roi_dark_fraction_median,0.3296918767507003,15.094925157733547,high,statistical_outlier_for_review
1-coins/5_1477291248.jpg,roi_dark_fraction_median,0.32774774774774773,14.996900241163551,high,statistical_outlier_for_review
1-coins/10_1477147728.jpg,roi_dark_fraction_median,0.3273873873873874,14.978730513637338,high,statistical_outlier_for_review
1-coins/100_1477155234.jpg,roi_dark_fraction_median,0.32711950970377934,14.965223854590143,high,statistical_outlier_for_review
1-coins/10_1477288134.jpg,roi_dark_fraction_median,0.326340830449827,14.925962072688044,high,statistical_outlier_for_review
1-coins/5_1477291764.jpg,roi_dark_fraction_median,0.32473684210526316,14.84508738617479,high,statistical_outlier_for_review
1-coins/5_1477146792.jpg,roi_dark_fraction_median,0.3242117787031529,14.818613167587621,high,statistical_outlier_for_review
1-coins/25_1477153932.jpg,roi_dark_fraction_median,0.32389240506329114,14.802510031245045,high,statistical_outlier_for_review
1-coins/25_1477287270.jpg,roi_dark_fraction_median,0.323249299719888,14.770084020657745,high,statistical_outlier_for_review
1-coins/5_1477145574.jpg,roi_dark_fraction_median,0.3228125,14.748060144652198,high,statistical_outlier_for_review
1-coins/25_1477286874.jpg,roi_dark_fraction_median,0.32260681449432127,14.737689277028087,high,statistical_outlier_for_review
1-coins/50_1477282182.jpg,roi_dark_fraction_median,0.3214990138067061,14.681832865331774,high,statistical_outlier_for_review
1-coins/5_1477291770.jpg,roi_dark_fraction_median,0.31994156318480643,14.603304657048401,high,statistical_outlier_for_review
1-coins/50_1477281966.jpg,roi_dark_fraction_median,0.31936226166995396,14.57409569891031,high,statistical_outlier_for_review
1-coins/5_1477291752.jpg,roi_dark_fraction_median,0.31921110299488675,14.566474128279047,high,statistical_outlier_for_review
1-coins/5_1477189458.jpg,roi_dark_fraction_median,0.3191968474385438,14.565755348959849,high,statistical_outlier_for_review
1-coins/5_1477290498.jpg,roi_dark_fraction_median,0.31848064280496713,14.529643599509695,high,statistical_outlier_for_review
1-coins/50_1477282158.jpg,roi_dark_fraction_median,0.31765625,14.488076894931407,high,statistical_outlier_for_review
1-coins/50_1477194522.jpg,roi_dark_fraction_median,0.316473000683527,14.428416288380806,high,statistical_outlier_for_review
1-coins/55_1477843566.jpg,roi_dark_fraction_median,0.31632551381643786,14.42097985395715,high,statistical_outlier_for_review
1-coins/25_1477287264.jpg,roi_dark_fraction_median,0.315978198508319,14.403467870930234,high,statistical_outlier_for_review
1-coins/100_1477195422.jpg,roi_dark_fraction_median,0.31477411477411477,14.3427567723306,high,statistical_outlier_for_review
1-coins/50_1477283058.jpg,roi_dark_fraction_median,0.314375,14.322633008745452,high,statistical_outlier_for_review
1-coins/25_1477286940.jpg,roi_dark_fraction_median,0.3143544506816359,14.32159689168987,high,statistical_outlier_for_review
1-coins/50_1477290630.jpg,roi_dark_fraction_median,0.3133674214755296,14.271829898124226,high,statistical_outlier_for_review
1-coins/50_1477283274.jpg,roi_dark_fraction_median,0.31265625,14.235971925505188,high,statistical_outlier_for_review
1-coins/50_1477283370.jpg,roi_dark_fraction_median,0.3120740019474197,14.206614400006341,high,statistical_outlier_for_review
1-coins/50_1477192914.jpg,roi_dark_fraction_median,0.3118591934381408,14.19578354147349,high,statistical_outlier_for_review
1-coins/10_1477186920.jpg,roi_dark_fraction_median,0.3108108108108108,14.14292304743149,high,statistical_outlier_for_review
1-coins/5_1477189206.jpg,roi_dark_fraction_median,0.30895964457608294,14.049585406029705,high,statistical_outlier_for_review
1-coins/100_1477280940.jpg,roi_dark_fraction_median,0.3087192816635161,14.037466069084934,high,statistical_outlier_for_review
1-coins/25_1477191678.jpg,roi_dark_fraction_median,0.30805794477138976,14.004120805690945,high,statistical_outlier_for_review
1-coins/25_1477191402.jpg,roi_dark_fraction_median,0.30728696175850645,13.96524707591273,high,statistical_outlier_for_review
1-coins/25_1477149372.jpg,roi_dark_fraction_median,0.30692520775623267,13.947007079576121,high,statistical_outlier_for_review
1-coins/50_1477144584.jpg,roi_dark_fraction_median,0.3037475345167653,13.78678563659963,high,statistical_outlier_for_review
1-coins/50_1477140240.jpg,roi_dark_fraction_median,0.3034728984096073,13.77293821111995,high,statistical_outlier_for_review
1-coins/50_1477140216.jpg,roi_dark_fraction_median,0.30113636363636365,13.655127805605574,high,statistical_outlier_for_review
1-coins/100_1477195326.jpg,roi_dark_fraction_median,0.3006198347107438,13.629083903805345,high,statistical_outlier_for_review
1-coins/100_1477154574.jpg,roi_dark_fraction_median,0.30026592669672797,13.611239509994713,high,statistical_outlier_for_review
1-coins/100_1477154604.jpg,roi_dark_fraction_median,0.3000226346763241,13.5989724845216,high,statistical_outlier_for_review
1-coins/100_1477154730.jpg,roi_dark_fraction_median,0.29991906578795235,13.593750438234308,high,statistical_outlier_for_review
1-coins/50_1477282752.jpg,roi_dark_fraction_median,0.29934461210181373,13.564785912438156,high,statistical_outlier_for_review
1-coins/50_1477282704.jpg,roi_dark_fraction_median,0.2985759493670886,13.526029173390764,high,statistical_outlier_for_review
1-coins/50_1477282326.jpg,roi_dark_fraction_median,0.29795555555555553,13.494748300813011,high,statistical_outlier_for_review
1-coins/100_1477280862.jpg,roi_dark_fraction_median,0.2976543209876543,13.479559754506843,high,statistical_outlier_for_review
1-coins/50_1477193082.jpg,roi_dark_fraction_median,0.29705215419501135,13.449197906337094,high,statistical_outlier_for_review
1-coins/50_1477192872.jpg,roi_dark_fraction_median,0.2965189873417722,13.422315103690106,high,statistical_outlier_for_review
1-coins/10_1477147674.jpg,roi_dark_fraction_median,0.29526101443909664,13.3588868596565,high,statistical_outlier_for_review
1-coins/100_1477858968.jpg,roi_dark_fraction_median,0.2949994801400959,13.345700040365802,high,statistical_outlier_for_review
1-coins/50_1477192812.jpg,roi_dark_fraction_median,0.2949333333333333,13.342364852626499,high,statistical_outlier_for_review
1-coins/5_1477292130.jpg,roi_dark_fraction_median,0.2943213296398892,13.311507018141606,high,statistical_outlier_for_review
1-coins/100_1477154952.jpg,roi_dark_fraction_median,0.29364979169296807,13.277647407426187,high,statistical_outlier_for_review
1-coins/5_1477289964.jpg,roi_dark_fraction_median,0.2932825484764543,13.259130639451946,high,statistical_outlier_for_review
1-coins/100_1477195716.jpg,roi_dark_fraction_median,0.2929421768707483,13.241968764801936,high,statistical_outlier_for_review
1-coins/5_1477291152.jpg,roi_dark_fraction_median,0.2905405405405405,13.120875874081946,high,statistical_outlier_for_review
1-coins/5_1477290180.jpg,roi_dark_fraction_median,0.2904860198911616,13.118126888752993,high,statistical_outlier_for_review
1-coins/50_1477144656.jpg,roi_dark_fraction_median,0.2898223426678711,13.08466362353569,high,statistical_outlier_for_review
1-coins/50_1477282320.jpg,roi_dark_fraction_median,0.28964681440443213,13.075813314038143,high,statistical_outlier_for_review
1-coins/100_1477194684.jpg,roi_dark_fraction_median,0.28894173602853745,13.04026256155854,high,statistical_outlier_for_review
1-coins/100_1477279872.jpg,roi_dark_fraction_median,0.2879170879676441,12.988598787945708,high,statistical_outlier_for_review
1-coins/100_1477195506.jpg,roi_dark_fraction_median,0.28695871733367,12.940276788070305,high,statistical_outlier_for_review
1-coins/5_1477189386.jpg,roi_dark_fraction_median,0.2869215291750503,12.93840172415194,high,statistical_outlier_for_review
1-coins/50_1477193832.jpg,roi_dark_fraction_median,0.286140350877193,12.899013937972388,high,statistical_outlier_for_review
1-coins/10_1477288812.jpg,roi_dark_fraction_median,0.28544378698224854,12.86389249408471,high,statistical_outlier_for_review
1-coins/100_1477154568.jpg,roi_dark_fraction_median,0.28380205516495405,12.781114744163697,high,statistical_outlier_for_review
1-coins/50_1477282968.jpg,roi_dark_fraction_median,0.2825,12.715463828653297,high,statistical_outlier_for_review
1-coins/50_1477194468.jpg,roi_dark_fraction_median,0.282486780964589,12.714797311749672,high,statistical_outlier_for_review
1-coins/100_1477281594.jpg,roi_dark_fraction_median,0.28233305156382077,12.707046122573555,high,statistical_outlier_for_review
1-coins/5_1477289886.jpg,roi_dark_fraction_median,0.2814977230561646,12.66492802899685,high,statistical_outlier_for_review
1-coins/25_1477286976.jpg,roi_dark_fraction_median,0.2810374149659864,12.641718837596647,high,statistical_outlier_for_review
1-coins/5_1477289958.jpg,roi_dark_fraction_median,0.2809917355371901,12.63941563539663,high,statistical_outlier_for_review
1-coins/25_1477154022.jpg,roi_dark_fraction_median,0.28074031231925967,12.62673862686275,high,statistical_outlier_for_review
1-coins/100_1477154754.jpg,roi_dark_fraction_median,0.280716368179925,12.62553133955977,high,statistical_outlier_for_review
1-coins/50_1477282110.jpg,roi_dark_fraction_median,0.28055278055278055,12.617283088811817,high,statistical_outlier_for_review
1-coins/50_1477192836.jpg,roi_dark_fraction_median,0.2791364479676168,12.545870192195803,high,statistical_outlier_for_review
1-coins/25_1477285830.jpg,roi_dark_fraction_median,0.27837230809882413,12.507341500543937,high,statistical_outlier_for_review
1-coins/100_1477195626.jpg,roi_dark_fraction_median,0.27822726723825625,12.500028396200133,high,statistical_outlier_for_review
1-coins/100_1477154892.jpg,roi_dark_fraction_median,0.2779605263157895,12.486579053779494,high,statistical_outlier_for_review
1-coins/100_1477280922.jpg,roi_dark_fraction_median,0.2777777777777778,12.477364690861867,high,statistical_outlier_for_review
1-coins/100_1477194672.jpg,roi_dark_fraction_median,0.27696150455480456,12.436207383677647,high,statistical_outlier_for_review
1-coins/50_1477145148.jpg,roi_dark_fraction_median,0.27677902621722844,12.427006644534531,high,statistical_outlier_for_review
1-coins/50_1477283520.jpg,roi_dark_fraction_median,0.27669587796170075,12.422814226851001,high,statistical_outlier_for_review
1-coins/100_1477154946.jpg,roi_dark_fraction_median,0.27634297520661155,12.405020519194563,high,statistical_outlier_for_review
1-coins/10_1477288188.jpg,roi_dark_fraction_median,0.2759515570934256,12.385284828903043,high,statistical_outlier_for_review
1-coins/5_1477292136.jpg,roi_dark_fraction_median,0.2758907758907759,12.382220180255901,high,statistical_outlier_for_review
1-coins/50_1477193742.jpg,roi_dark_fraction_median,0.2750222222222222,12.33842684104475,high,statistical_outlier_for_review
1-coins/60_1477844028.jpg,roi_dark_fraction_median,0.27454257977834706,12.314242792315017,high,statistical_outlier_for_review
1-coins/25_1477191204.jpg,roi_dark_fraction_median,0.27414453692693885,12.2941730761381,high,statistical_outlier_for_review
1-coins/50_1477282698.jpg,roi_dark_fraction_median,0.2740625,12.29003669274655,high,statistical_outlier_for_review
1-coins/50_1477283112.jpg,roi_dark_fraction_median,0.2739945521551033,12.2866106948745,high,statistical_outlier_for_review
1-coins/100_1477281006.jpg,roi_dark_fraction_median,0.2737827715355805,12.275932505552527,high,statistical_outlier_for_review
1-coins/25_1477287096.jpg,roi_dark_fraction_median,0.27209302325581397,12.190733717870817,high,statistical_outlier_for_review
1-coins/25_1477286946.jpg,roi_dark_fraction_median,0.27203893996755,12.188006784723965,high,statistical_outlier_for_review
1-coins/100_1477195098.jpg,roi_dark_fraction_median,0.27165614101234803,12.168705680944448,high,statistical_outlier_for_review
1-coins/10_1477288896.jpg,roi_dark_fraction_median,0.2714285714285714,12.15723139635238,high,statistical_outlier_for_review
1-coins/25_1477149456.jpg,roi_dark_fraction_median,0.2714107365792759,12.156332145525106,high,statistical_outlier_for_review
1-coins/100_1477195638.jpg,roi_dark_fraction_median,0.27098176548726,12.134702996717628,high,statistical_outlier_for_review
1-coins/50_1477193574.jpg,roi_dark_fraction_median,0.2707555555555556,12.123297267134378,high,statistical_outlier_for_review
1-coins/10_1477186350.jpg,roi_dark_fraction_median,0.27021955338712705,12.096271505077565,high,statistical_outlier_for_review
1-coins/5_1477289970.jpg,roi_dark_fraction_median,0.26982228298017774,12.076240736317985,high,statistical_outlier_for_review
1-coins/5_1477291692.jpg,roi_dark_fraction_median,0.2693333333333333,12.05158740916425,high,statistical_outlier_for_review
1-coins/50_1477283076.jpg,roi_dark_fraction_median,0.26931870141746683,12.050849653423816,high,statistical_outlier_for_review
1-coins/25_1477287168.jpg,roi_dark_fraction_median,0.26865051903114184,12.017159233408696,high,statistical_outlier_for_review
1-coins/5_1477290126.jpg,roi_dark_fraction_median,0.2685107100691516,12.010109926591085,high,statistical_outlier_for_review
1-coins/50_1477193616.jpg,roi_dark_fraction_median,0.2680047225501771,11.984597532990861,high,statistical_outlier_for_review
1-coins/50_1477194426.jpg,roi_dark_fraction_median,0.26799886621315194,11.984302250657526,high,statistical_outlier_for_review
1-coins/50_1477283196.jpg,roi_dark_fraction_median,0.26781826099579037,11.975195956097297,high,statistical_outlier_for_review
1-coins/25_1477285824.jpg,roi_dark_fraction_median,0.2675770686857761,11.963034800108897,high,statistical_outlier_for_review
1-coins/60_1477844034.jpg,roi_dark_fraction_median,0.2664287551440329,11.905135690042322,high,statistical_outlier_for_review
1-coins/50_1477283202.jpg,roi_dark_fraction_median,0.2661392405063291,11.890538074264967,high,statistical_outlier_for_review
1-coins/100_1477280928.jpg,roi_dark_fraction_median,0.26594202898550723,11.88059447337951,high,statistical_outlier_for_review
1-coins/5_1477147002.jpg,roi_dark_fraction_median,0.2650870048130322,11.837483304807412,high,statistical_outlier_for_review
1-coins/100_1477195500.jpg,roi_dark_fraction_median,0.26476992306575703,11.821495727966926,high,statistical_outlier_for_review
1-coins/100_1477155312.jpg,roi_dark_fraction_median,0.2646130539073349,11.813586229089342,high,statistical_outlier_for_review
1-coins/10_1477149084.jpg,roi_dark_fraction_median,0.2628116343490305,11.722756864555315,high,statistical_outlier_for_review
1-coins/100_1477155240.jpg,roi_dark_fraction_median,0.2627146814404432,11.717868402544278,high,statistical_outlier_for_review
1-coins/5_1477289880.jpg,roi_dark_fraction_median,0.2619328723224827,11.678448809788165,high,statistical_outlier_for_review
1-coins/100_1477280946.jpg,roi_dark_fraction_median,0.2614232209737828,11.65275168225176,high,statistical_outlier_for_review
1-coins/10_1477787652.jpg,roi_dark_fraction_median,0.2603166752325433,11.59695854619898,high,statistical_outlier_for_review
1-coins/5_1477291962.jpg,roi_dark_fraction_median,0.25990373935579414,11.576137908882414,high,statistical_outlier_for_review
1-coins/10_1477149072.jpg,roi_dark_fraction_median,0.25988553590010405,11.575220072554373,high,statistical_outlier_for_review
1-coins/100_1477155294.jpg,roi_dark_fraction_median,0.2597553873034362,11.568657850957612,high,statistical_outlier_for_review
1-coins/50_1477144596.jpg,roi_dark_fraction_median,0.25906560971496034,11.533878579386892,high,statistical_outlier_for_review
1-coins/50_1477283304.jpg,roi_dark_fraction_median,0.25833333333333336,11.496956476426567,high,statistical_outlier_for_review
1-coins/5_1477292028.jpg,roi_dark_fraction_median,0.25823768974453903,11.492134031620806,high,statistical_outlier_for_review
1-coins/50_1477192908.jpg,roi_dark_fraction_median,0.2572320841551611,11.441430398347814,high,statistical_outlier_for_review
1-coins/100_1477280874.jpg,roi_dark_fraction_median,0.25600772853520104,11.379697171120444,high,statistical_outlier_for_review
1-coins/100_1477195104.jpg,roi_dark_fraction_median,0.2552061640982924,11.339281495548443,high,statistical_outlier_for_review
1-coins/100_1477280550.jpg,roi_dark_fraction_median,0.25381935138032696,11.269357019975931,high,statistical_outlier_for_review
1-coins/100_1477195344.jpg,roi_dark_fraction_median,0.25380774032459424,11.268771579005831,high,statistical_outlier_for_review
1-coins/55_1477843476.jpg,roi_dark_fraction_median,0.2537694771468144,11.266842311552963,high,statistical_outlier_for_review
1-coins/5_1477189164.jpg,roi_dark_fraction_median,0.2532870708546384,11.242518906844953,high,statistical_outlier_for_review
1-coins/100_1477280316.jpg,roi_dark_fraction_median,0.25274725274725274,11.215300741353316,high,statistical_outlier_for_review
1-coins/25_1477191132.jpg,roi_dark_fraction_median,0.25265625,11.210712292390546,high,statistical_outlier_for_review
1-coins/100_1477280916.jpg,roi_dark_fraction_median,0.2525737817433082,11.206554160924162,high,statistical_outlier_for_review
1-coins/100_1477280310.jpg,roi_dark_fraction_median,0.25160493827160496,11.157704110161653,high,statistical_outlier_for_review
1-coins/5_1477146834.jpg,roi_dark_fraction_median,0.2514343086632243,11.149100795720852,high,statistical_outlier_for_review
1-coins/100_1477195176.jpg,roi_dark_fraction_median,0.2513020833333333,11.142433863170945,high,statistical_outlier_for_review
1-coins/100_1477154772.jpg,roi_dark_fraction_median,0.25089605734767023,11.121961629430574,high,statistical_outlier_for_review
1-coins/100_1477194768.jpg,roi_dark_fraction_median,0.2508112493239589,11.117685524585605,high,statistical_outlier_for_review
1-coins/100_1477194690.jpg,roi_dark_fraction_median,0.2502801120448179,11.090905055081814,high,statistical_outlier_for_review
1-coins/50_1477192902.jpg,roi_dark_fraction_median,0.24945184685444427,11.049143100982624,high,statistical_outlier_for_review
1-coins/100_1477155216.jpg,roi_dark_fraction_median,0.24871134020618557,11.011806019798788,high,statistical_outlier_for_review
1-coins/100_1477154502.jpg,roi_dark_fraction_median,0.24851851851851853,11.002083758663987,high,statistical_outlier_for_review
1-coins/10_1477288716.jpg,roi_dark_fraction_median,0.24782608695652175,10.967170671110598,high,statistical_outlier_for_review
1-coins/100_1477195272.jpg,roi_dark_fraction_median,0.24752475247524752,10.951977087072857,high,statistical_outlier_for_review
1-coins/5_1477290318.jpg,roi_dark_fraction_median,0.24751360480390316,10.951415010404167,high,statistical_outlier_for_review
1-coins/100_1477195680.jpg,roi_dark_fraction_median,0.24745673140441274,10.948547397076227,high,statistical_outlier_for_review
1-coins/10_1477149090.jpg,roi_dark_fraction_median,0.24726134585289514,10.938695863377895,high,statistical_outlier_for_review
1-coins/50_1477193124.jpg,roi_dark_fraction_median,0.24726009088479017,10.938632586638748,high,statistical_outlier_for_review
1-coins/50_1477283154.jpg,roi_dark_fraction_median,0.2471875,10.93497248208062,high,statistical_outlier_for_review
1-coins/55_1477843518.jpg,roi_dark_fraction_median,0.24708077847102694,10.929591476520844,high,statistical_outlier_for_review
1-coins/50_1477283346.jpg,roi_dark_fraction_median,0.2456942539247066,10.859681530849084,high,statistical_outlier_for_review
1-coins/60_1477844052.jpg,roi_dark_fraction_median,0.24544873212170412,10.847302077521203,high,statistical_outlier_for_review
1-coins/100_1477281774.jpg,roi_dark_fraction_median,0.2451710642595632,10.833301787942066,high,statistical_outlier_for_review
1-coins/5_1477290132.jpg,roi_dark_fraction_median,0.24490466798159105,10.819869822839381,high,statistical_outlier_for_review
1-coins/50_1477281960.jpg,roi_dark_fraction_median,0.2446875,10.808919997367507,high,statistical_outlier_for_review
1-coins/25_1477153908.jpg,roi_dark_fraction_median,0.24434133091896787,10.791465808249525,high,statistical_outlier_for_review
1-coins/25_1477287312.jpg,roi_dark_fraction_median,0.24432125473228772,10.790453546963686,high,statistical_outlier_for_review
1-coins/100_1477154904.jpg,roi_dark_fraction_median,0.24419007977800902,10.783839575396104,high,statistical_outlier_for_review
1-coins/50_1477140192.jpg,roi_dark_fraction_median,0.24415735230076935,10.782189423466324,high,statistical_outlier_for_review
1-coins/5_1477291686.jpg,roi_dark_fraction_median,0.24403508771929824,10.776024721751588,high,statistical_outlier_for_review
1-coins/60_1477844046.jpg,roi_dark_fraction_median,0.24371370252894187,10.759820161033819,high,statistical_outlier_for_review
1-coins/5_1477289952.jpg,roi_dark_fraction_median,0.24306306306306305,10.727014272503245,high,statistical_outlier_for_review
1-coins/100_1477195656.jpg,roi_dark_fraction_median,0.242512077294686,10.699233022445048,high,statistical_outlier_for_review
1-coins/100_1477194834.jpg,roi_dark_fraction_median,0.24250743536948066,10.698998971962656,high,statistical_outlier_for_review
1-coins/100_1477155030.jpg,roi_dark_fraction_median,0.24166089965397924,10.656315799827718,high,statistical_outlier_for_review
1-coins/25_1477191870.jpg,roi_dark_fraction_median,0.24122546103509815,10.634360551887715,high,statistical_outlier_for_review
1-coins/100_1477280910.jpg,roi_dark_fraction_median,0.24082397003745318,10.614116976750477,high,statistical_outlier_for_review
1-coins/100_1477154460.jpg,roi_dark_fraction_median,0.24032489249880554,10.588952991226062,high,statistical_outlier_for_review
1-coins/100_1477155036.jpg,roi_dark_fraction_median,0.23968088796392648,10.556481642510855,high,statistical_outlier_for_review
1-coins/100_1477195458.jpg,roi_dark_fraction_median,0.23931855056787452,10.538212230880124,high,statistical_outlier_for_review
1-coins/100_1477280508.jpg,roi_dark_fraction_median,0.23886004105784325,10.515093725678511,high,statistical_outlier_for_review
1-coins/100_1477154742.jpg,roi_dark_fraction_median,0.23875432525951557,10.509763430057458,high,statistical_outlier_for_review
1-coins/100_1477195722.jpg,roi_dark_fraction_median,0.2383191301792536,10.48782046157668,high,statistical_outlier_for_review
1-coins/80_1477851828.jpg,roi_dark_fraction_median,0.23746380124980948,10.444693926855306,high,statistical_outlier_for_review
1-coins/25_1477149462.jpg,roi_dark_fraction_median,0.2374020156774916,10.441578636891272,high,statistical_outlier_for_review
1-coins/100_1477195338.jpg,roi_dark_fraction_median,0.2372836570220637,10.435610875849672,high,statistical_outlier_for_review
1-coins/50_1477282950.jpg,roi_dark_fraction_median,0.23668639053254437,10.405496105833759,high,statistical_outlier_for_review
1-coins/60_1477844040.jpg,roi_dark_fraction_median,0.23624051069703245,10.383014401373858,high,statistical_outlier_for_review
1-coins/25_1477191198.jpg,roi_dark_fraction_median,0.23620876149269876,10.381413574936289,high,statistical_outlier_for_review
1-coins/100_1477154580.jpg,roi_dark_fraction_median,0.23581282890058314,10.361450260130256,high,statistical_outlier_for_review
1-coins/100_1477154682.jpg,roi_dark_fraction_median,0.23563218390804597,10.352341960066141,high,statistical_outlier_for_review
1-coins/100_1477154976.jpg,roi_dark_fraction_median,0.23562546498033798,10.352003185053261,high,statistical_outlier_for_review
1-coins/10_1477288698.jpg,roi_dark_fraction_median,0.23524469649233354,10.332804459447896,high,statistical_outlier_for_review
1-coins/100_1477195692.jpg,roi_dark_fraction_median,0.23476239669421486,10.308486424276099,high,statistical_outlier_for_review
1-coins/50_1477140174.jpg,roi_dark_fraction_median,0.23456140350877194,10.298352148101905,high,statistical_outlier_for_review
1-coins/10_1477149078.jpg,roi_dark_fraction_median,0.23342222222222223,10.240913495418598,high,statistical_outlier_for_review
1-coins/25_1477285572.jpg,roi_dark_fraction_median,0.23313571543021952,10.22646753821095,high,statistical_outlier_for_review
1-coins/5_1477146468.jpg,roi_dark_fraction_median,0.23242630385487528,10.190698301508396,high,statistical_outlier_for_review
1-coins/100_1477194918.jpg,roi_dark_fraction_median,0.23234495246717973,10.186596483686843,high,statistical_outlier_for_review
1-coins/100_1477281426.jpg,roi_dark_fraction_median,0.23128392879686907,10.133098615694008,high,statistical_outlier_for_review
1-coins/50_1477282416.jpg,roi_dark_fraction_median,0.23078125,10.107753051150832,high,statistical_outlier_for_review
1-coins/100_1477280628.jpg,roi_dark_fraction_median,0.2301492931695072,10.075889159664817,high,statistical_outlier_for_review
1-coins/50_1477192878.jpg,roi_dark_fraction_median,0.22961867192636423,10.049134709208925,high,statistical_outlier_for_review
1-coins/25_1477191306.jpg,roi_dark_fraction_median,0.2290093800045756,10.018413604946092,high,statistical_outlier_for_review
1-coins/100_1477195662.jpg,roi_dark_fraction_median,0.22873345935727787,10.004501411675882,high,statistical_outlier_for_review
1-coins/25_1477285554.jpg,roi_dark_fraction_median,0.2284313725490196,9.989269894563877,high,statistical_outlier_for_review
1-coins/50_1477282332.jpg,roi_dark_fraction_median,0.22836903356383875,9.986126700973262,high,statistical_outlier_for_review
1-coins/5_1477290096.jpg,roi_dark_fraction_median,0.22818559556786702,9.97687757490005,high,statistical_outlier_for_review
1-coins/10_1477147458.jpg,roi_dark_fraction_median,0.22784810126582278,9.959860776760372,high,statistical_outlier_for_review
1-coins/25_1477285812.jpg,roi_dark_fraction_median,0.22732426303854875,9.93344833270613,high,statistical_outlier_for_review
1-coins/100_1477280640.jpg,roi_dark_fraction_median,0.2271435950413223,9.924338872722718,high,statistical_outlier_for_review
1-coins/5_1477290420.jpg,roi_dark_fraction_median,0.22705314009661837,9.919778044508911,high,statistical_outlier_for_review
1-coins/100_1477279866.jpg,roi_dark_fraction_median,0.22698889916743756,9.916538953011502,high,statistical_outlier_for_review
1-coins/10_1477288176.jpg,roi_dark_fraction_median,0.22695346795434593,9.914752476032861,high,statistical_outlier_for_review
1-coins/100_1477195632.jpg,roi_dark_fraction_median,0.22664473684210526,9.89918594651039,high,statistical_outlier_for_review
1-coins/10_1477187322.jpg,roi_dark_fraction_median,0.22640791476407915,9.887245141962346,high,statistical_outlier_for_review
1-coins/25_1477285896.jpg,roi_dark_fraction_median,0.2259770790478989,9.865521976951275,high,statistical_outlier_for_review
1-coins/10_1477288182.jpg,roi_dark_fraction_median,0.2254399643573179,9.838440120421815,high,statistical_outlier_for_review
1-coins/100_1477281642.jpg,roi_dark_fraction_median,0.22498831229546518,9.815667374572882,high,statistical_outlier_for_review
1-coins/25_1477285482.jpg,roi_dark_fraction_median,0.22485121207722455,9.808754645307307,high,statistical_outlier_for_review
1-coins/10_1477288746.jpg,roi_dark_fraction_median,0.2246846846846847,9.80035816866633,high,statistical_outlier_for_review
1-coins/50_1477140138.jpg,roi_dark_fraction_median,0.22464348662073386,9.798280921335781,high,statistical_outlier_for_review
1-coins/100_1477280100.jpg,roi_dark_fraction_median,0.22448700410396716,9.790390917314738,high,statistical_outlier_for_review
1-coins/100_1477281696.jpg,roi_dark_fraction_median,0.22412752083081752,9.772265413397413,high,statistical_outlier_for_review
1-coins/100_1477194774.jpg,roi_dark_fraction_median,0.22400676246830092,9.766176656739372,high,statistical_outlier_for_review
1-coins/50_1477193592.jpg,roi_dark_fraction_median,0.22357253086419754,9.744282267684095,high,statistical_outlier_for_review
1-coins/100_1477281648.jpg,roi_dark_fraction_median,0.22337842525147417,9.734495269771879,high,statistical_outlier_for_review
1-coins/50_1477281972.jpg,roi_dark_fraction_median,0.22336837928982345,9.733988742400916,high,statistical_outlier_for_review
1-coins/50_1477282794.jpg,roi_dark_fraction_median,0.22330915837409343,9.731002764971015,high,statistical_outlier_for_review
1-coins/25_1477285566.jpg,roi_dark_fraction_median,0.22278405710886376,9.704526637287735,high,statistical_outlier_for_review
1-coins/100_1477154496.jpg,roi_dark_fraction_median,0.22157434402332363,9.643531701198818,high,statistical_outlier_for_review
1-coins/50_1477192866.jpg,roi_dark_fraction_median,0.22151205259313367,9.640390905378105,high,statistical_outlier_for_review
1-coins/100_1477195332.jpg,roi_dark_fraction_median,0.22105794722888525,9.61749446158408,high,statistical_outlier_for_review
1-coins/50_1477193580.jpg,roi_dark_fraction_median,0.2208904109589041,9.609047116339804,high,statistical_outlier_for_review
1-coins/25_1477149222.jpg,roi_dark_fraction_median,0.22062552831783602,9.595691470314202,high,statistical_outlier_for_review
1-coins/25_1477286934.jpg,roi_dark_fraction_median,0.22052460789616007,9.590602962349983,high,statistical_outlier_for_review
1-coins/10_1477287780.jpg,roi_dark_fraction_median,0.21972318339100347,9.550194342275997,high,statistical_outlier_for_review
1-coins/100_1477195284.jpg,roi_dark_fraction_median,0.2196539256198347,9.546702296619392,high,statistical_outlier_for_review
1-coins/50_1477193838.jpg,roi_dark_fraction_median,0.21951710261569415,9.539803544764261,high,statistical_outlier_for_review
1-coins/135_1479426810.jpg,roi_dark_fraction_median,0.21909777938197234,9.518660850560831,high,statistical_outlier_for_review
1-coins/100_1477154916.jpg,roi_dark_fraction_median,0.21828318956448559,9.47758842235435,high,statistical_outlier_for_review
1-coins/100_1477280634.jpg,roi_dark_fraction_median,0.21795199182839634,9.460889103328187,high,statistical_outlier_for_review
1-coins/100_1477154982.jpg,roi_dark_fraction_median,0.216891806590077,9.407433509909662,high,statistical_outlier_for_review
1-coins/25_1477286910.jpg,roi_dark_fraction_median,0.2158263305322129,9.353711148111222,high,statistical_outlier_for_review
1-coins/10_1477186896.jpg,roi_dark_fraction_median,0.21495495495495495,9.309775525458548,high,statistical_outlier_for_review
1-coins/100_1477280856.jpg,roi_dark_fraction_median,0.21485642946317104,9.304807772239771,high,statistical_outlier_for_review
1-coins/10_1477788054.jpg,roi_dark_fraction_median,0.21477291255752795,9.300596766851026,high,statistical_outlier_for_review
1-coins/5_1477188798.jpg,roi_dark_fraction_median,0.21473302570863548,9.298585632286917,high,statistical_outlier_for_review
1-coins/100_1477194882.jpg,roi_dark_fraction_median,0.21388888888888888,9.256023414860165,high,statistical_outlier_for_review
1-coins/5_1477291668.jpg,roi_dark_fraction_median,0.21384222059897737,9.253670353299903,high,statistical_outlier_for_review
1-coins/5_1477291716.jpg,roi_dark_fraction_median,0.2138157894736842,9.252337669693116,high,statistical_outlier_for_review
1-coins/100_1477195350.jpg,roi_dark_fraction_median,0.2133089133089133,9.226780469688626,high,statistical_outlier_for_review
1-coins/100_1477195650.jpg,roi_dark_fraction_median,0.21323374710709025,9.222990515086128,high,statistical_outlier_for_review
1-coins/5_1477189044.jpg,roi_dark_fraction_median,0.21307727480566988,9.215101026133002,high,statistical_outlier_for_review
1-coins/50_1477192896.jpg,roi_dark_fraction_median,0.21301775147928995,9.212099800857569,high,statistical_outlier_for_review
1-coins/100_1477154610.jpg,roi_dark_fraction_median,0.21252147766323023,9.187077181812617,high,statistical_outlier_for_review
1-coins/100_1477154514.jpg,roi_dark_fraction_median,0.21222324252627284,9.172039869795722,high,statistical_outlier_for_review
1-coins/50_1477282776.jpg,roi_dark_fraction_median,0.2120087704503289,9.161225974565998,high,statistical_outlier_for_review
1-coins/80_1477851954.jpg,roi_dark_fraction_median,0.21198525877263258,9.160040492408639,high,statistical_outlier_for_review
1-coins/50_1477194576.jpg,roi_dark_fraction_median,0.2098246895544193,9.05110244506846,high,statistical_outlier_for_review
1-coins/100_1477195308.jpg,roi_dark_fraction_median,0.2095039889004509,9.034932399355727,high,statistical_outlier_for_review
1-coins/50_1477193586.jpg,roi_dark_fraction_median,0.20924444444444446,9.021845909926478,high,statistical_outlier_for_review
1-coins/50_1477193136.jpg,roi_dark_fraction_median,0.20916711736073554,9.017947001511626,high,statistical_outlier_for_review
1-coins/5_1477290060.jpg,roi_dark_fraction_median,0.20914150784280655,9.016655744164725,high,statistical_outlier_for_review
1-coins/100_1477154472.jpg,roi_dark_fraction_median,0.20873684210526317,8.996252095486481,high,statistical_outlier_for_review
1-coins/50_1477194216.jpg,roi_dark_fraction_median,0.208635520323832,8.9911433505645,high,statistical_outlier_for_review
1-coins/5_1477189170.jpg,roi_dark_fraction_median,0.208,8.959099784202616,high,statistical_outlier_for_review
1-coins/5_1477290780.jpg,roi_dark_fraction_median,0.2075438596491228,8.936100734360226,high,statistical_outlier_for_review
1-coins/5_1477188438.jpg,roi_dark_fraction_median,0.20719298245614035,8.918409157558385,high,statistical_outlier_for_review
1-coins/50_1477283448.jpg,roi_dark_fraction_median,0.2071783368049992,8.917670709271752,high,statistical_outlier_for_review
1-coins/100_1477195356.jpg,roi_dark_fraction_median,0.20711896798853321,8.914677274539745,high,statistical_outlier_for_review
1-coins/100_1477280106.jpg,roi_dark_fraction_median,0.20702716823406478,8.910048639681026,high,statistical_outlier_for_review
1-coins/100_1477281042.jpg,roi_dark_fraction_median,0.20619253650621958,8.867965678434913,high,statistical_outlier_for_review
1-coins/10_1477288146.jpg,roi_dark_fraction_median,0.20591715976331362,8.854080909364713,high,statistical_outlier_for_review
1-coins/100_1477195086.jpg,roi_dark_fraction_median,0.20547005195569062,8.831537289330509,high,statistical_outlier_for_review
1-coins/100_1477154640.jpg,roi_dark_fraction_median,0.20518663194444445,8.817246970676509,high,statistical_outlier_for_review
1-coins/50_1477194570.jpg,roi_dark_fraction_median,0.20515555555555556,8.815680068262369,high,statistical_outlier_for_review
1-coins/5_1477189380.jpg,roi_dark_fraction_median,0.20515555555555556,8.815680068262369,high,statistical_outlier_for_review
1-coins/50_1477281912.jpg,roi_dark_fraction_median,0.20475760313158686,8.795614911526823,high,statistical_outlier_for_review
1-coins/100_1477858980.jpg,roi_dark_fraction_median,0.20475231140051084,8.795348097186597,high,statistical_outlier_for_review
1-coins/5_1477189188.jpg,roi_dark_fraction_median,0.20472884218427473,8.794164755978265,high,statistical_outlier_for_review
1-coins/25_1477153962.jpg,roi_dark_fraction_median,0.2043784895680282,8.77649962885682,high,statistical_outlier_for_review
1-coins/5_1477290912.jpg,roi_dark_fraction_median,0.20366764037650115,8.740657906117503,high,statistical_outlier_for_review
1-coins/50_1477193814.jpg,roi_dark_fraction_median,0.2025391787343781,8.683759748560284,high,statistical_outlier_for_review
1-coins/50_1477193130.jpg,roi_dark_fraction_median,0.2023529411764706,8.674369465791827,high,statistical_outlier_for_review
1-coins/100_1477194786.jpg,roi_dark_fraction_median,0.20227025721531217,8.67020045829185,high,statistical_outlier_for_review
1-coins/5_1477188558.jpg,roi_dark_fraction_median,0.20214735283228433,8.664003497146734,high,statistical_outlier_for_review
1-coins/5_1477290216.jpg,roi_dark_fraction_median,0.20214243205713153,8.663755386772845,high,statistical_outlier_for_review
1-coins/20_1477789038.jpg,roi_dark_fraction_median,0.20213826894410974,8.66354547847663,high,statistical_outlier_for_review
1-coins/25_1477149240.jpg,roi_dark_fraction_median,0.20210333790580703,8.661784220807963,high,statistical_outlier_for_review
1-coins/25_1477287156.jpg,roi_dark_fraction_median,0.2018143961927424,8.64721549246034,high,statistical_outlier_for_review
1-coins/50_1477194474.jpg,roi_dark_fraction_median,0.2012987012987013,8.621213643361243,high,statistical_outlier_for_review
1-coins/100_1477279878.jpg,roi_dark_fraction_median,0.2008864265927978,8.60042634293584,high,statistical_outlier_for_review
1-coins/50_1477283514.jpg,roi_dark_fraction_median,0.20083102493074792,8.59763293607239,high,statistical_outlier_for_review
1-coins/100_1477195770.jpg,roi_dark_fraction_median,0.20068701281543136,8.590371702086614,high,statistical_outlier_for_review
1-coins/25_1477191516.jpg,roi_dark_fraction_median,0.2002551020408163,8.568594331560778,high,statistical_outlier_for_review
1-coins/100_1477194828.jpg,roi_dark_fraction_median,0.19949281487743026,8.530159055156888,high,statistical_outlier_for_review
1-coins/10_1477187136.jpg,roi_dark_fraction_median,0.19921875,8.516340431647818,high,statistical_outlier_for_review
1-coins/100_1477195644.jpg,roi_dark_fraction_median,0.19901234567901235,8.505933320641411,high,statistical_outlier_for_review
1-coins/50_1477193598.jpg,roi_dark_fraction_median,0.1987719298245614,8.493811314314225,high,statistical_outlier_for_review
1-coins/100_1477155222.jpg,roi_dark_fraction_median,0.19802405498281786,8.456102721491746,high,statistical_outlier_for_review
1-coins/70_1477848906.jpg,roi_dark_fraction_median,0.19775941022893034,8.44275906997422,high,statistical_outlier_for_review
1-coins/50_1477145178.jpg,roi_dark_fraction_median,0.1977064886050225,8.440090709098765,high,statistical_outlier_for_review
1-coins/5_1477291872.jpg,roi_dark_fraction_median,0.19715555555555556,8.412312117180415,high,statistical_outlier_for_review
1-coins/100_1477195446.jpg,roi_dark_fraction_median,0.19689712619741775,8.399281852093981,high,statistical_outlier_for_review
1-coins/50_1477193382.jpg,roi_dark_fraction_median,0.1967168262653899,8.390190950323694,high,statistical_outlier_for_review
1-coins/100_1477194780.jpg,roi_dark_fraction_median,0.19663692518874398,8.386162258626706,high,statistical_outlier_for_review
1-coins/60_1477843920.jpg,roi_dark_fraction_median,0.19548967596024314,8.328316812291614,high,statistical_outlier_for_review
1-coins/5_1477289802.jpg,roi_dark_fraction_median,0.19502222222222224,8.304747330225227,high,statistical_outlier_for_review
1-coins/5_1477146462.jpg,roi_dark_fraction_median,0.19480330962403833,8.293709539450795,high,statistical_outlier_for_review
1-coins/100_1477281654.jpg,roi_dark_fraction_median,0.19463171036204743,8.28505733411124,high,statistical_outlier_for_review
1-coins/5_1477289832.jpg,roi_dark_fraction_median,0.1945983379501385,8.283374663934444,high,statistical_outlier_for_review
1-coins/100_1477155300.jpg,roi_dark_fraction_median,0.19430020528921627,8.268342518861092,high,statistical_outlier_for_review
1-coins/100_1477281000.jpg,roi_dark_fraction_median,0.1940857438016529,8.257529157508039,high,statistical_outlier_for_review
1-coins/5_1477290066.jpg,roi_dark_fraction_median,0.19407894736842105,8.257186474589613,high,statistical_outlier_for_review
1-coins/100_1477194756.jpg,roi_dark_fraction_median,0.19404115641964398,8.255281017392408,high,statistical_outlier_for_review
1-coins/50_1477193388.jpg,roi_dark_fraction_median,0.19341736694677872,8.22382893219539,high,statistical_outlier_for_review
1-coins/50_1477283400.jpg,roi_dark_fraction_median,0.19312952005259698,8.209315405703965,high,statistical_outlier_for_review
1-coins/50_1477282314.jpg,roi_dark_fraction_median,0.19311856974194636,8.208763280157608,high,statistical_outlier_for_review
1-coins/100_1477155024.jpg,roi_dark_fraction_median,0.1928168402777778,8.193549780689766,high,statistical_outlier_for_review
1-coins/100_1477280712.jpg,roi_dark_fraction_median,0.19267399267399268,8.186347262532797,high,statistical_outlier_for_review
1-coins/115_1479349542.jpg,roi_dark_fraction_median,0.19263226225251542,8.184243173206664,high,statistical_outlier_for_review
1-coins/25_1477287000.jpg,roi_dark_fraction_median,0.19262782401902498,8.18401939306298,high,statistical_outlier_for_review
1-coins/55_1477843548.jpg,roi_dark_fraction_median,0.19218299257928248,8.16159054975976,high,statistical_outlier_for_review
1-coins/50_1477282488.jpg,roi_dark_fraction_median,0.19204389574759945,8.154577149260012,high,statistical_outlier_for_review
1-coins/100_1477281768.jpg,roi_dark_fraction_median,0.1920057964014008,8.1526561423583,high,statistical_outlier_for_review
1-coins/55_1477843428.jpg,roi_dark_fraction_median,0.19178059425312174,8.141301226216976,high,statistical_outlier_for_review
1-coins/100_1477195080.jpg,roi_dark_fraction_median,0.19148936170212766,8.12661699154412,high,statistical_outlier_for_review
1-coins/5_1477290834.jpg,roi_dark_fraction_median,0.19113573407202217,8.108786734968918,high,statistical_outlier_for_review
1-coins/100_1477194822.jpg,roi_dark_fraction_median,0.19035762788592123,8.06955384771745,high,statistical_outlier_for_review
1-coins/5_1477189152.jpg,roi_dark_fraction_median,0.1900624904740131,8.054672726076324,high,statistical_outlier_for_review
1-coins/100_1477154988.jpg,roi_dark_fraction_median,0.19003460207612458,8.05326656533692,high,statistical_outlier_for_review
1-coins/40_1477790658.jpg,roi_dark_fraction_median,0.1898422090729783,8.043565918901717,high,statistical_outlier_for_review
1-coins/100_1477281528.jpg,roi_dark_fraction_median,0.18920415224913495,8.011394459688272,high,statistical_outlier_for_review
1-coins/100_1477280670.jpg,roi_dark_fraction_median,0.18876543209876542,7.989273753669157,high,statistical_outlier_for_review
1-coins/5_1477146894.jpg,roi_dark_fraction_median,0.1877637130801688,7.938766085157763,high,statistical_outlier_for_review
1-coins/75_1477849764.jpg,roi_dark_fraction_median,0.18775350665594567,7.93825146710442,high,statistical_outlier_for_review
1-coins/10_1477788078.jpg,roi_dark_fraction_median,0.18674910236124634,7.887608404303071,high,statistical_outlier_for_review
1-coins/100_1477154928.jpg,roi_dark_fraction_median,0.1863920099875156,7.869603451910726,high,statistical_outlier_for_review
1-coins/100_1477279884.jpg,roi_dark_fraction_median,0.18617021276595744,7.858420215558778,high,statistical_outlier_for_review
1-coins/55_1477843482.jpg,roi_dark_fraction_median,0.18610043202231388,7.854901801110219,high,statistical_outlier_for_review
1-coins/100_1477155252.jpg,roi_dark_fraction_median,0.186,7.849837918727248,high,statistical_outlier_for_review
1-coins/100_1477194732.jpg,roi_dark_fraction_median,0.1859640831758034,7.848026956754054,high,statistical_outlier_for_review
1-coins/50_1477283244.jpg,roi_dark_fraction_median,0.185625,7.830930046020282,high,statistical_outlier_for_review
1-coins/50_1477140210.jpg,roi_dark_fraction_median,0.18549001676573693,7.824124057190893,high,statistical_outlier_for_review
1-coins/10_1477147680.jpg,roi_dark_fraction_median,0.1847082494969819,7.784706574513311,high,statistical_outlier_for_review
1-coins/10_1477788084.jpg,roi_dark_fraction_median,0.1844977358589261,7.7740922676561395,high,statistical_outlier_for_review
1-coins/5_1477146876.jpg,roi_dark_fraction_median,0.1842888315810355,7.7635591063380165,high,statistical_outlier_for_review
1-coins/5_1477291788.jpg,roi_dark_fraction_median,0.1841704718417047,7.757591290644959,high,statistical_outlier_for_review
1-coins/130_1477862082.jpg,roi_dark_fraction_median,0.18412369901547115,7.755232958259442,high,statistical_outlier_for_review
1-coins/10_1477147452.jpg,roi_dark_fraction_median,0.18385964912280703,7.741919300236024,high,statistical_outlier_for_review
1-coins/15_1477788480.jpg,roi_dark_fraction_median,0.1834023672253961,7.718862692482835,high,statistical_outlier_for_review
1-coins/25_1477191510.jpg,roi_dark_fraction_median,0.18275511685295398,7.686227685411709,high,statistical_outlier_for_review
1-coins/50_1477283592.jpg,roi_dark_fraction_median,0.18261012491781722,7.678917047936769,high,statistical_outlier_for_review
1-coins/5_1477290012.jpg,roi_dark_fraction_median,0.18257777777777778,7.677286072986635,high,statistical_outlier_for_review
1-coins/5_1477290600.jpg,roi_dark_fraction_median,0.18240830899058746,7.6687412883039725,high,statistical_outlier_for_review
1-coins/100_1477280322.jpg,roi_dark_fraction_median,0.18222374742621825,7.659435510795461,high,statistical_outlier_for_review
1-coins/10_1477288284.jpg,roi_dark_fraction_median,0.18210459987397606,7.653427972792416,high,statistical_outlier_for_review
1-coins/50_1477192842.jpg,roi_dark_fraction_median,0.18204444444444445,7.650394876247839,high,statistical_outlier_for_review
1-coins/5_1477290810.jpg,roi_dark_fraction_median,0.18204444444444445,7.650394876247839,high,statistical_outlier_for_review
1-coins/50_1477282440.jpg,roi_dark_fraction_median,0.18057479224376732,7.576293551624062,high,statistical_outlier_for_review
1-coins/5_1477189122.jpg,roi_dark_fraction_median,0.1790625,7.5000422736483685,high,statistical_outlier_for_review
1-coins/100_1477154940.jpg,roi_dark_fraction_median,0.17894461859979102,7.494098576289247,high,statistical_outlier_for_review
1-coins/5_1477291908.jpg,roi_dark_fraction_median,0.17884349030470914,7.488999587141298,high,statistical_outlier_for_review
1-coins/50_1477282080.jpg,roi_dark_fraction_median,0.17881749719596218,7.48768898876411,high,statistical_outlier_for_review
1-coins/5_1477291914.jpg,roi_dark_fraction_median,0.17815096952908588,7.454082001348192,high,statistical_outlier_for_review
1-coins/5_1477145496.jpg,roi_dark_fraction_median,0.17778430796356157,7.435594560794938,high,statistical_outlier_for_review
1-coins/100_1477194816.jpg,roi_dark_fraction_median,0.17765432098765432,7.429040488277558,high,statistical_outlier_for_review
1-coins/100_1477194894.jpg,roi_dark_fraction_median,0.17753623188405798,7.423086318307212,high,statistical_outlier_for_review
1-coins/150_1479430344.jpg,roi_dark_fraction_median,0.17752324340801706,7.422431426436175,high,statistical_outlier_for_review
1-coins/100_1477194798.jpg,roi_dark_fraction_median,0.17715251781185848,7.4037390734191595,high,statistical_outlier_for_review
1-coins/50_1477192782.jpg,roi_dark_fraction_median,0.1767583066284365,7.383862553750345,high,statistical_outlier_for_review
1-coins/50_1477282584.jpg,roi_dark_fraction_median,0.1765625,7.3739897889352575,high,statistical_outlier_for_review
1-coins/100_1477155246.jpg,roi_dark_fraction_median,0.17643730194658216,7.367677178649432,high,statistical_outlier_for_review
1-coins/100_1477195620.jpg,roi_dark_fraction_median,0.17592592592592593,7.341893091438864,high,statistical_outlier_for_review
1-coins/50_1477283454.jpg,roi_dark_fraction_median,0.175706771860618,7.330843125652047,high,statistical_outlier_for_review
1-coins/25_1477154214.jpg,roi_dark_fraction_median,0.1745160798658741,7.270807251865856,high,statistical_outlier_for_review
1-coins/100_1477195668.jpg,roi_dark_fraction_median,0.17434667339982327,7.2622656094769855,high,statistical_outlier_for_review
1-coins/150_1479430350.jpg,roi_dark_fraction_median,0.17405517139395837,7.247567788621735,high,statistical_outlier_for_review
1-coins/100_1477280556.jpg,roi_dark_fraction_median,0.17389293559949126,7.239387698620941,high,statistical_outlier_for_review
1-coins/100_1477858974.jpg,roi_dark_fraction_median,0.1736607674758612,7.2276815510790415,high,statistical_outlier_for_review
1-coins/25_1477191606.jpg,roi_dark_fraction_median,0.1728395061728395,7.186272739941197,high,statistical_outlier_for_review
1-coins/5_1477147032.jpg,roi_dark_fraction_median,0.172387834989461,7.163499029965928,high,statistical_outlier_for_review
1-coins/50_1477194480.jpg,roi_dark_fraction_median,0.17236763831052945,7.162480693341019,high,statistical_outlier_for_review
1-coins/100_1477154646.jpg,roi_dark_fraction_median,0.17225897920604916,7.157001993298442,high,statistical_outlier_for_review
1-coins/50_1477282866.jpg,roi_dark_fraction_median,0.17169750081142487,7.128691694596394,high,statistical_outlier_for_review
1-coins/60_1477844070.jpg,roi_dark_fraction_median,0.17169597071113132,7.128614545418849,high,statistical_outlier_for_review
1-coins/100_1477281636.jpg,roi_dark_fraction_median,0.17168401991851517,7.128011974577426,high,statistical_outlier_for_review
1-coins/10_1477187046.jpg,roi_dark_fraction_median,0.171630859375,7.125331567137912,high,statistical_outlier_for_review
1-coins/70_1477848894.jpg,roi_dark_fraction_median,0.17142378826530613,7.114890835982226,high,statistical_outlier_for_review
1-coins/5_1477292142.jpg,roi_dark_fraction_median,0.17137777777777777,7.112570941471902,high,statistical_outlier_for_review
1-coins/100_1477155054.jpg,roi_dark_fraction_median,0.1709704289879217,7.092032010629407,high,statistical_outlier_for_review
1-coins/100_1477279830.jpg,roi_dark_fraction_median,0.17087424029920523,7.087182081343804,high,statistical_outlier_for_review
1-coins/100_1477155324.jpg,roi_dark_fraction_median,0.1705592728190885,7.071301107954787,high,statistical_outlier_for_review
1-coins/100_1477155012.jpg,roi_dark_fraction_median,0.1705263157894737,7.0696393817661045,high,statistical_outlier_for_review
1-coins/80_1477851960.jpg,roi_dark_fraction_median,0.1704481792717087,7.065699660881661,high,statistical_outlier_for_review
1-coins/10_1477187142.jpg,roi_dark_fraction_median,0.17028985507246377,7.057716797399647,high,statistical_outlier_for_review
1-coins/100_1477195674.jpg,roi_dark_fraction_median,0.1702469135802469,7.055551644683157,high,statistical_outlier_for_review
1-coins/5_1477290414.jpg,roi_dark_fraction_median,0.1701972242512783,7.053046259331069,high,statistical_outlier_for_review
1-coins/10_1477788030.jpg,roi_dark_fraction_median,0.17016585134675186,7.0514644063037775,high,statistical_outlier_for_review
1-coins/25_1477287222.jpg,roi_dark_fraction_median,0.1700626959247649,7.046263207402544,high,statistical_outlier_for_review
1-coins/5_1477188648.jpg,roi_dark_fraction_median,0.16994360615759793,7.040258582980424,high,statistical_outlier_for_review
1-coins/50_1477193610.jpg,roi_dark_fraction_median,0.16977777777777778,7.031897351255512,high,statistical_outlier_for_review
1-coins/25_1477191162.jpg,roi_dark_fraction_median,0.16954565248947598,7.020193363513436,high,statistical_outlier_for_review
1-coins/25_1477285932.jpg,roi_dark_fraction_median,0.16942148760330578,7.013932846547085,high,statistical_outlier_for_review
1-coins/100_1477195290.jpg,roi_dark_fraction_median,0.1693837437854087,7.012029765735693,high,statistical_outlier_for_review
1-coins/5_1477145562.jpg,roi_dark_fraction_median,0.16925533459137757,7.005555246548639,high,statistical_outlier_for_review
1-coins/100_1477154712.jpg,roi_dark_fraction_median,0.1689920866305706,6.992282022726489,high,statistical_outlier_for_review
1-coins/70_1477848936.jpg,roi_dark_fraction_median,0.16868762554784514,6.976930792336093,high,statistical_outlier_for_review
1-coins/100_1477194696.jpg,roi_dark_fraction_median,0.1668469442942131,6.884121814102028,high,statistical_outlier_for_review
1-coins/50_1477283490.jpg,roi_dark_fraction_median,0.1665001665001665,6.866636933068866,high,statistical_outlier_for_review
1-coins/10_1477149066.jpg,roi_dark_fraction_median,0.16593152699012811,6.837965563810312,high,statistical_outlier_for_review
1-coins/10_1477147710.jpg,roi_dark_fraction_median,0.1657848324514991,6.830569079375102,high,statistical_outlier_for_review
1-coins/5_1477188654.jpg,roi_dark_fraction_median,0.16577151981419655,6.829897842971072,high,statistical_outlier_for_review
1-coins/70_1477848996.jpg,roi_dark_fraction_median,0.16571205073109355,6.826899352695575,high,statistical_outlier_for_review
1-coins/25_1477286190.jpg,roi_dark_fraction_median,0.165625,6.8225101683154,high,statistical_outlier_for_review
1-coins/50_1477192806.jpg,roi_dark_fraction_median,0.1655094764496153,6.816685356087852,high,statistical_outlier_for_review
1-coins/50_1477282002.jpg,roi_dark_fraction_median,0.16478286734086853,6.780049002658769,high,statistical_outlier_for_review
1-coins/10_1477288440.jpg,roi_dark_fraction_median,0.1644514977187066,6.7633410169659856,high,statistical_outlier_for_review
1-coins/50_1477144590.jpg,roi_dark_fraction_median,0.1640762698285531,6.744421653810985,high,statistical_outlier_for_review
1-coins/100_1477194810.jpg,roi_dark_fraction_median,0.16398865784499056,6.740004170523503,high,statistical_outlier_for_review
1-coins/50_1477144536.jpg,roi_dark_fraction_median,0.16359375,6.720092524485999,high,statistical_outlier_for_review
1-coins/100_1477194792.jpg,roi_dark_fraction_median,0.16310249307479224,6.695322862064015,high,statistical_outlier_for_review
1-coins/100_1477281252.jpg,roi_dark_fraction_median,0.1630864197530864,6.69451242920857,high,statistical_outlier_for_review
1-coins/5_1477290018.jpg,roi_dark_fraction_median,0.16302222222222224,6.691275525897419,high,statistical_outlier_for_review
1-coins/50_1477144500.jpg,roi_dark_fraction_median,0.1629324798049078,6.686750624022761,high,statistical_outlier_for_review
1-coins/100_1477155018.jpg,roi_dark_fraction_median,0.16239770432564565,6.659786712852906,high,statistical_outlier_for_review
1-coins/100_1477194738.jpg,roi_dark_fraction_median,0.16234567901234567,6.65716354484913,high,statistical_outlier_for_review
1-coins/25_1477287180.jpg,roi_dark_fraction_median,0.16224071872109921,6.6518713426459986,high,statistical_outlier_for_review
1-coins/50_1477194528.jpg,roi_dark_fraction_median,0.16222299168975068,6.650977528106771,high,statistical_outlier_for_review
1-coins/100_1477195026.jpg,roi_dark_fraction_median,0.16218514188542885,6.649069103354501,high,statistical_outlier_for_review
1-coins/100_1477195464.jpg,roi_dark_fraction_median,0.16211465657111954,6.645515163752712,high,statistical_outlier_for_review
1-coins/100_1477194912.jpg,roi_dark_fraction_median,0.16161158895427796,6.620149994520079,high,statistical_outlier_for_review
1-coins/50_1477192956.jpg,roi_dark_fraction_median,0.16157407407407406,6.618258456974712,high,statistical_outlier_for_review
1-coins/100_1477858962.jpg,roi_dark_fraction_median,0.1615513647319393,6.617113429373797,high,statistical_outlier_for_review
1-coins/5_1477290210.jpg,roi_dark_fraction_median,0.16107253086419754,6.5929701498563436,high,statistical_outlier_for_review
1-coins/100_1477194906.jpg,roi_dark_fraction_median,0.1600807978790557,6.542965987076711,high,statistical_outlier_for_review
1-coins/100_1477280880.jpg,roi_dark_fraction_median,0.16,6.538892077710903,high,statistical_outlier_for_review
1-coins/50_1477281870.jpg,roi_dark_fraction_median,0.15988416399939034,6.533051511432473,high,statistical_outlier_for_review
1-coins/100_1477194666.jpg,roi_dark_fraction_median,0.15967484395412979,6.522497386710331,high,statistical_outlier_for_review
1-coins/50_1477282056.jpg,roi_dark_fraction_median,0.159375,6.507378956532626,high,statistical_outlier_for_review
1-coins/10_1477288302.jpg,roi_dark_fraction_median,0.1593204775022957,6.504629878009268,high,statistical_outlier_for_review
1-coins/50_1477193604.jpg,roi_dark_fraction_median,0.1590909090909091,6.4930548105425,high,statistical_outlier_for_review
1-coins/100_1477281258.jpg,roi_dark_fraction_median,0.15901234567901235,6.48909356523165,high,statistical_outlier_for_review
1-coins/50_1477283550.jpg,roi_dark_fraction_median,0.1587962962962963,6.4782001406268135,high,statistical_outlier_for_review
1-coins/5_1477147074.jpg,roi_dark_fraction_median,0.15879017013232513,6.477891253350683,high,statistical_outlier_for_review
1-coins/100_1477194762.jpg,roi_dark_fraction_median,0.15836385836385836,6.456396190279612,high,statistical_outlier_for_review
1-coins/100_1477195170.jpg,roi_dark_fraction_median,0.15795501874219076,6.435782090215465,high,statistical_outlier_for_review
1-coins/60_1477844076.jpg,roi_dark_fraction_median,0.15765739067139262,6.420775387077675,high,statistical_outlier_for_review
1-coins/50_1477283394.jpg,roi_dark_fraction_median,0.15698826398414875,6.3870373544716985,high,statistical_outlier_for_review
1-coins/100_1477154964.jpg,roi_dark_fraction_median,0.15690104166666666,6.382639518535276,high,statistical_outlier_for_review
1-coins/5_1477147062.jpg,roi_dark_fraction_median,0.1568358481938729,6.379352398842185,high,statistical_outlier_for_review
1-coins/100_1477195296.jpg,roi_dark_fraction_median,0.15654320987654322,6.3645972840335165,high,statistical_outlier_for_review
1-coins/100_1477154898.jpg,roi_dark_fraction_median,0.15639316951270305,6.357032099765792,high,statistical_outlier_for_review
1-coins/100_1477281690.jpg,roi_dark_fraction_median,0.15630907372400757,6.352791906518203,high,statistical_outlier_for_review
1-coins/10_1477147686.jpg,roi_dark_fraction_median,0.15626969124133586,6.350806202600226,high,statistical_outlier_for_review
1-coins/10_1477788048.jpg,roi_dark_fraction_median,0.15623407679357443,6.349010486747421,high,statistical_outlier_for_review
1-coins/25_1477286868.jpg,roi_dark_fraction_median,0.15591465724024745,6.332905035402294,high,statistical_outlier_for_review
1-coins/5_1477291680.jpg,roi_dark_fraction_median,0.15584415584415584,6.329350284941057,high,statistical_outlier_for_review
1-coins/5_1477188444.jpg,roi_dark_fraction_median,0.155441400304414,6.309042950334486,high,statistical_outlier_for_review
1-coins/5_1477289874.jpg,roi_dark_fraction_median,0.15537777777777778,6.305835039307997,high,statistical_outlier_for_review
1-coins/60_1477843944.jpg,roi_dark_fraction_median,0.15536393583022376,6.305137114555017,high,statistical_outlier_for_review
1-coins/50_1477194534.jpg,roi_dark_fraction_median,0.15534465534465536,6.304164973310068,high,statistical_outlier_for_review
1-coins/100_1477195110.jpg,roi_dark_fraction_median,0.155170581358274,6.295387989907153,high,statistical_outlier_for_review
1-coins/60_1477843914.jpg,roi_dark_fraction_median,0.1541824538781988,6.245565620276439,high,statistical_outlier_for_review
1-coins/125_1479424728.jpg,roi_dark_fraction_median,0.15406042780695614,6.2394129444844735,high,statistical_outlier_for_review
1-coins/5_1477146336.jpg,roi_dark_fraction_median,0.15375,6.223760865928128,high,statistical_outlier_for_review
1-coins/70_1477848942.jpg,roi_dark_fraction_median,0.1535669400100783,6.2145307992956536,high,statistical_outlier_for_review
1-coins/100_1477154958.jpg,roi_dark_fraction_median,0.15293867573599745,6.182853090173905,high,statistical_outlier_for_review
1-coins/100_1477279578.jpg,roi_dark_fraction_median,0.15267089180624718,6.1693511582894,high,statistical_outlier_for_review
1-coins/25_1477287060.jpg,roi_dark_fraction_median,0.1522108843537415,6.146157125339444,high,statistical_outlier_for_review
1-coins/10_1477147410.jpg,roi_dark_fraction_median,0.15219907407407407,6.14556163930055,high,statistical_outlier_for_review
1-coins/105_1479344856.jpg,roi_dark_fraction_median,0.15210924824229313,6.141032531585587,high,statistical_outlier_for_review
1-coins/25_1477153938.jpg,roi_dark_fraction_median,0.15204069834662967,6.137576177715505,high,statistical_outlier_for_review
1-coins/50_1477194486.jpg,roi_dark_fraction_median,0.15203125,6.137099782687865,high,statistical_outlier_for_review
1-coins/10_1477787946.jpg,roi_dark_fraction_median,0.1513311041255753,6.101797731834718,high,statistical_outlier_for_review
1-coins/50_1477282536.jpg,roi_dark_fraction_median,0.15129026817338506,6.099738742539036,high,statistical_outlier_for_review
1-coins/50_1477282188.jpg,roi_dark_fraction_median,0.1512888888888889,6.099669197643889,high,statistical_outlier_for_review
1-coins/50_1477193076.jpg,roi_dark_fraction_median,0.15123456790123457,6.0969302794575295,high,statistical_outlier_for_review
1-coins/100_1477154508.jpg,roi_dark_fraction_median,0.1511501736111111,6.092675035471264,high,statistical_outlier_for_review
1-coins/100_1477154910.jpg,roi_dark_fraction_median,0.1508,6.075018933966658,high,statistical_outlier_for_review
1-coins/100_1477858986.jpg,roi_dark_fraction_median,0.1507669517355135,6.073352607625066,high,statistical_outlier_for_review
1-coins/50_1477282008.jpg,roi_dark_fraction_median,0.15073921658283798,6.071954173661608,high,statistical_outlier_for_review
1-coins/100_1477195686.jpg,roi_dark_fraction_median,0.15062817428495054,6.066355310638821,high,statistical_outlier_for_review
1-coins/100_1477154448.jpg,roi_dark_fraction_median,0.15024691358024692,6.047131766978277,high,statistical_outlier_for_review
1-coins/50_1477193484.jpg,roi_dark_fraction_median,0.15002868617326448,6.036128524225222,high,statistical_outlier_for_review
1-coins/150_1479429846.jpg,roi_dark_fraction_median,0.14951140670623753,6.010046779381295,high,statistical_outlier_for_review
1-coins/10_1477147740.jpg,roi_dark_fraction_median,0.14925373134328357,5.997054531481415,high,statistical_outlier_for_review
1-coins/50_1477283322.jpg,roi_dark_fraction_median,0.1490625,5.987412457091046,high,statistical_outlier_for_review
1-coins/10_1477187028.jpg,roi_dark_fraction_median,0.14871794871794872,5.970039839005586,high,statistical_outlier_for_review
1-coins/100_1477281420.jpg,roi_dark_fraction_median,0.14865354425793986,5.966792502121296,high,statistical_outlier_for_review
1-coins/100_1477155264.jpg,roi_dark_fraction_median,0.1485020661157025,5.959154823637799,high,statistical_outlier_for_review
1-coins/100_1477281432.jpg,roi_dark_fraction_median,0.14802469135802468,5.935085113899956,high,statistical_outlier_for_review
1-coins/75_1477849752.jpg,roi_dark_fraction_median,0.1480237465356513,5.935037475016845,high,statistical_outlier_for_review
1-coins/105_1479344850.jpg,roi_dark_fraction_median,0.14797199101598627,5.932427910276286,high,statistical_outlier_for_review
1-coins/100_1477155228.jpg,roi_dark_fraction_median,0.14792899408284024,5.930259962173046,high,statistical_outlier_for_review
1-coins/25_1477285902.jpg,roi_dark_fraction_median,0.147782585181179,5.92287787983764,high,statistical_outlier_for_review
1-coins/100_1477280718.jpg,roi_dark_fraction_median,0.14751552795031056,5.909412588833012,high,statistical_outlier_for_review
1-coins/15_1477788474.jpg,roi_dark_fraction_median,0.14740708108171233,5.903944589934547,high,statistical_outlier_for_review
1-coins/100_1477155306.jpg,roi_dark_fraction_median,0.14730026592669673,5.898558863656654,high,statistical_outlier_for_review
1-coins/10_1477187208.jpg,roi_dark_fraction_median,0.14727195225916453,5.897131260399145,high,statistical_outlier_for_review
1-coins/60_1477843974.jpg,roi_dark_fraction_median,0.14698674687010954,5.882750921221564,high,statistical_outlier_for_review
1-coins/10_1477787928.jpg,roi_dark_fraction_median,0.14672570770740034,5.869589067194794,high,statistical_outlier_for_review
1-coins/100_1477280622.jpg,roi_dark_fraction_median,0.14660654410914556,5.863580720135845,high,statistical_outlier_for_review
1-coins/105_1479344964.jpg,roi_dark_fraction_median,0.146332335912601,5.849754870334588,high,statistical_outlier_for_review
1-coins/50_1477193808.jpg,roi_dark_fraction_median,0.14597773576979625,5.831875578702524,high,statistical_outlier_for_review
1-coins/50_1477192890.jpg,roi_dark_fraction_median,0.14585414585414586,5.825644052321237,high,statistical_outlier_for_review
1-coins/5_1477146816.jpg,roi_dark_fraction_median,0.145008812690274,5.783021514034661,high,statistical_outlier_for_review
1-coins/5_1477290228.jpg,roi_dark_fraction_median,0.1449771689497717,5.781426005188288,high,statistical_outlier_for_review
1-coins/15_1477788462.jpg,roi_dark_fraction_median,0.14480556146281726,5.772773385137896,high,statistical_outlier_for_review
1-coins/50_1477283598.jpg,roi_dark_fraction_median,0.1439873417721519,5.731517935118071,high,statistical_outlier_for_review
1-coins/5_1477290894.jpg,roi_dark_fraction_median,0.14385964912280702,5.725079544826263,high,statistical_outlier_for_review
1-coins/25_1477287330.jpg,roi_dark_fraction_median,0.14358024691358023,5.710991807743316,high,statistical_outlier_for_review
1-coins/100_1477154724.jpg,roi_dark_fraction_median,0.14337950138504155,5.700870018676376,high,statistical_outlier_for_review
1-coins/105_1479344958.jpg,roi_dark_fraction_median,0.14333811658317064,5.6987833558343,high,statistical_outlier_for_review
1-coins/25_1477285950.jpg,roi_dark_fraction_median,0.14333194848358954,5.698472354123039,high,statistical_outlier_for_review
1-coins/25_1477287324.jpg,roi_dark_fraction_median,0.14328998863779827,5.696356696994971,high,statistical_outlier_for_review
1-coins/100_1477195494.jpg,roi_dark_fraction_median,0.1431440045897877,5.688996036202888,high,statistical_outlier_for_review
1-coins/50_1477193142.jpg,roi_dark_fraction_median,0.1427798810167658,5.670636563754078,high,statistical_outlier_for_review
1-coins/55_1477842654.jpg,roi_dark_fraction_median,0.14264849074975658,5.664011735904624,high,statistical_outlier_for_review
1-coins/100_1477280970.jpg,roi_dark_fraction_median,0.1423285929009134,5.6478821684242,high,statistical_outlier_for_review
1-coins/100_1477155006.jpg,roi_dark_fraction_median,0.1422800151496023,5.645432829922385,high,statistical_outlier_for_review
1-coins/50_1477282470.jpg,roi_dark_fraction_median,0.14224683544303798,5.6437598761405905,high,statistical_outlier_for_review
1-coins/55_1477843404.jpg,roi_dark_fraction_median,0.14218373886279412,5.640578483853934,high,statistical_outlier_for_review
1-coins/5_1477188456.jpg,roi_dark_fraction_median,0.1420523138832998,5.633951905766484,high,statistical_outlier_for_review
1-coins/50_1477193766.jpg,roi_dark_fraction_median,0.142018779342723,5.632261060901115,high,statistical_outlier_for_review
1-coins/90_1477854774.jpg,roi_dark_fraction_median,0.1418474687705457,5.623623411588886,high,statistical_outlier_for_review
1-coins/5_1477289796.jpg,roi_dark_fraction_median,0.14177215189873418,5.619825860055822,high,statistical_outlier_for_review
1-coins/100_1477194840.jpg,roi_dark_fraction_median,0.14165879017013233,5.614110049031167,high,statistical_outlier_for_review
1-coins/50_1477193028.jpg,roi_dark_fraction_median,0.14161421695668272,5.6118626233083795,high,statistical_outlier_for_review
1-coins/25_1477285644.jpg,roi_dark_fraction_median,0.14083878643664485,5.5727646457991185,high,statistical_outlier_for_review
1-coins/25_1477191696.jpg,roi_dark_fraction_median,0.14078768673607966,5.570188148109383,high,statistical_outlier_for_review
1-coins/25_1477153902.jpg,roi_dark_fraction_median,0.14032121724429417,5.546668292716413,high,statistical_outlier_for_review
1-coins/50_1477145088.jpg,roi_dark_fraction_median,0.14019607843137255,5.540358669395286,high,statistical_outlier_for_review
1-coins/5_1477189182.jpg,roi_dark_fraction_median,0.1401332839689004,5.537192510186951,high,statistical_outlier_for_review
1-coins/90_1477854720.jpg,roi_dark_fraction_median,0.13987341772151898,5.52408979571675,high,statistical_outlier_for_review
1-coins/80_1477851996.jpg,roi_dark_fraction_median,0.13964290898533896,5.512467316139323,high,statistical_outlier_for_review
1-coins/50_1477193244.jpg,roi_dark_fraction_median,0.13910034602076124,5.48511075221999,high,statistical_outlier_for_review
1-coins/5_1477290090.jpg,roi_dark_fraction_median,0.13867517357853257,5.463673135110204,high,statistical_outlier_for_review
1-coins/100_1477195752.jpg,roi_dark_fraction_median,0.13813148788927335,5.436259962296569,high,statistical_outlier_for_review
1-coins/50_1477282482.jpg,roi_dark_fraction_median,0.13763819900656946,5.411387846558098,high,statistical_outlier_for_review
1-coins/10_1477187040.jpg,roi_dark_fraction_median,0.13751147842056932,5.404998468666251,high,statistical_outlier_for_review
1-coins/5_1477189212.jpg,roi_dark_fraction_median,0.13734567901234568,5.3966386977180285,high,statistical_outlier_for_review
1-coins/100_1477280256.jpg,roi_dark_fraction_median,0.13724573299041384,5.39159931995735,high,statistical_outlier_for_review
1-coins/100_1477280112.jpg,roi_dark_fraction_median,0.13723014770862266,5.390813494559456,high,statistical_outlier_for_review
1-coins/105_1479344970.jpg,roi_dark_fraction_median,0.13717605790776521,5.388086233041169,high,statistical_outlier_for_review
1-coins/100_1477194726.jpg,roi_dark_fraction_median,0.1368307193077339,5.3706739176006515,high,statistical_outlier_for_review
1-coins/150_1477864188.jpg,roi_dark_fraction_median,0.1366181410974244,5.3599555129585,high,statistical_outlier_for_review
1-coins/50_1477282152.jpg,roi_dark_fraction_median,0.13658777120315582,5.358424232705288,high,statistical_outlier_for_review
1-coins/100_1477858956.jpg,roi_dark_fraction_median,0.13573447222964616,5.315400050379673,high,statistical_outlier_for_review
1-coins/50_1477283082.jpg,roi_dark_fraction_median,0.135625,5.309880351758079,high,statistical_outlier_for_review
1-coins/50_1477192884.jpg,roi_dark_fraction_median,0.13518338201882504,5.287613534229643,high,statistical_outlier_for_review
1-coins/100_1477154766.jpg,roi_dark_fraction_median,0.13507231404958678,5.282013376831834,high,statistical_outlier_for_review
1-coins/100_1477154886.jpg,roi_dark_fraction_median,0.1345152354570637,5.253924920524629,high,statistical_outlier_for_review
1-coins/50_1477282608.jpg,roi_dark_fraction_median,0.134375,5.246854109401524,high,statistical_outlier_for_review
1-coins/5_1477147104.jpg,roi_dark_fraction_median,0.133973479652492,5.226609054415023,high,statistical_outlier_for_review
1-coins/25_1477191864.jpg,roi_dark_fraction_median,0.1338452273411623,5.2201424454097,high,statistical_outlier_for_review
1-coins/50_1477192920.jpg,roi_dark_fraction_median,0.13379266143246274,5.217492020048587,high,statistical_outlier_for_review
1-coins/100_1477154436.jpg,roi_dark_fraction_median,0.1331790448138018,5.186552860271199,high,statistical_outlier_for_review
1-coins/25_1477149342.jpg,roi_dark_fraction_median,0.13305898491083676,5.180499320637936,high,statistical_outlier_for_review
1-coins/5_1477291050.jpg,roi_dark_fraction_median,0.13226666666666667,5.140549847293468,high,statistical_outlier_for_review
1-coins/10_1477787988.jpg,roi_dark_fraction_median,0.13162338549451436,5.108114971245884,high,statistical_outlier_for_review
1-coins/50_1477282914.jpg,roi_dark_fraction_median,0.13161311262577086,5.107597002993784,high,statistical_outlier_for_review
1-coins/100_1477280544.jpg,roi_dark_fraction_median,0.13149371680269464,5.101576946928535,high,statistical_outlier_for_review
1-coins/50_1477192860.jpg,roi_dark_fraction_median,0.13149243918474687,5.101512528161803,high,statistical_outlier_for_review
1-coins/100_1477194900.jpg,roi_dark_fraction_median,0.13088218291131923,5.070742800330875,high,statistical_outlier_for_review
1-coins/100_1477279974.jpg,roi_dark_fraction_median,0.13086250285975748,5.06975051257142,high,statistical_outlier_for_review
1-coins/100_1477195266.jpg,roi_dark_fraction_median,0.1308,5.0665990562617775,high,statistical_outlier_for_review
1-coins/100_1477280424.jpg,roi_dark_fraction_median,0.13076656260839403,5.064913109744075,high,statistical_outlier_for_review
1-coins/5_1477146420.jpg,roi_dark_fraction_median,0.1307026307026307,5.061689599514509,high,statistical_outlier_for_review
1-coins/50_1477192848.jpg,roi_dark_fraction_median,0.13056975894813733,5.054990073593678,high,statistical_outlier_for_review
1-coins/5_1477290492.jpg,roi_dark_fraction_median,0.13048888888888888,5.050912524830812,high,statistical_outlier_for_review
1-coins/10_1477788024.jpg,roi_dark_fraction_median,0.1304513075690658,5.049017637333813,high,statistical_outlier_for_review
1-coins/10_1477288806.jpg,roi_dark_fraction_median,0.13040657439446368,5.046762146210732,high,statistical_outlier_for_review
1-coins/100_1477279968.jpg,roi_dark_fraction_median,0.13020102851799906,5.036398318830372,high,statistical_outlier_for_review
1-coins/10_1477147434.jpg,roi_dark_fraction_median,0.13015803336259876,5.0342304603628385,high,statistical_outlier_for_review
1-coins/25_1477285956.jpg,roi_dark_fraction_median,0.12940285317510417,4.996153524746916,high,statistical_outlier_for_review
1-coins/10_1477288170.jpg,roi_dark_fraction_median,0.12914104344376115,4.982952817883772,high,statistical_outlier_for_review
1-coins/125_1479424794.jpg,roi_dark_fraction_median,0.12853563539339294,4.95242754227808,high,statistical_outlier_for_review
1-coins/5_1477189128.jpg,roi_dark_fraction_median,0.12850504726806602,4.95088525859801,high,statistical_outlier_for_review
1-coins/15_1477788348.jpg,roi_dark_fraction_median,0.12842616445424526,4.946907908724702,high,statistical_outlier_for_review
1-coins/100_1477280364.jpg,roi_dark_fraction_median,0.127909887359199,4.920876704472284,high,statistical_outlier_for_review
1-coins/50_1477140102.jpg,roi_dark_fraction_median,0.1278344671201814,4.917073941061953,high,statistical_outlier_for_review
1-coins/5_1477290072.jpg,roi_dark_fraction_median,0.12782222222222223,4.916456541136829,high,statistical_outlier_for_review
1-coins/70_1477848864.jpg,roi_dark_fraction_median,0.12761558327034517,4.906037599807782,high,statistical_outlier_for_review
1-coins/115_1479348054.jpg,roi_dark_fraction_median,0.1273996878823924,4.895151939771963,high,statistical_outlier_for_review
1-coins/50_1477193490.jpg,roi_dark_fraction_median,0.12719723183391005,4.884943904589404,high,statistical_outlier_for_review
1-coins/150_1479430338.jpg,roi_dark_fraction_median,0.12672503107506966,4.861135073015306,high,statistical_outlier_for_review
1-coins/50_1477193058.jpg,roi_dark_fraction_median,0.12664359861591695,4.857029167490306,high,statistical_outlier_for_review
1-coins/10_1477187388.jpg,roi_dark_fraction_median,0.1264346538319141,4.846493963813745,high,statistical_outlier_for_review
1-coins/5_1477146966.jpg,roi_dark_fraction_median,0.12637362637362637,4.8434168987125865,high,statistical_outlier_for_review
1-coins/130_1477862508.jpg,roi_dark_fraction_median,0.1262866711212931,4.839032528466401,high,statistical_outlier_for_review
1-coins/10_1477187400.jpg,roi_dark_fraction_median,0.1260043827611395,4.824799268785222,high,statistical_outlier_for_review
1-coins/100_1477281684.jpg,roi_dark_fraction_median,0.12552594670406733,4.800676047277105,high,statistical_outlier_for_review
1-coins/5_1477291134.jpg,roi_dark_fraction_median,0.12550907071455017,4.7998251431128525,high,statistical_outlier_for_review
1-coins/50_1477283238.jpg,roi_dark_fraction_median,0.12541091387245235,4.794875977577644,high,statistical_outlier_for_review
1-coins/5_1477188702.jpg,roi_dark_fraction_median,0.12534626038781163,4.791616084623914,high,statistical_outlier_for_review
1-coins/105_1479344976.jpg,roi_dark_fraction_median,0.12485627845149533,4.76691070840903,high,statistical_outlier_for_review
1-coins/100_1477280430.jpg,roi_dark_fraction_median,0.12470780738662926,4.759424649755283,high,statistical_outlier_for_review
1-coins/25_1477153998.jpg,roi_dark_fraction_median,0.12469153723327044,4.758604292452265,high,statistical_outlier_for_review
1-coins/5_1477291236.jpg,roi_dark_fraction_median,0.12464438122332859,4.7562266395633355,high,statistical_outlier_for_review
1-coins/70_1477848888.jpg,roi_dark_fraction_median,0.1244439617778241,4.746121291927069,high,statistical_outlier_for_review
1-coins/100_1477279860.jpg,roi_dark_fraction_median,0.12405372405372406,4.726445118026429,high,statistical_outlier_for_review
1-coins/5_1477188762.jpg,roi_dark_fraction_median,0.12371838687628162,4.709537084253109,high,statistical_outlier_for_review
1-coins/150_1479429708.jpg,roi_dark_fraction_median,0.123109243697479,4.678823479759464,high,statistical_outlier_for_review
1-coins/25_1477191552.jpg,roi_dark_fraction_median,0.12293388429752067,4.669981684526445,high,statistical_outlier_for_review
1-coins/90_1477855518.jpg,roi_dark_fraction_median,0.12287712287712288,4.66711971729565,high,statistical_outlier_for_review
1-coins/100_1477155288.jpg,roi_dark_fraction_median,0.12244897959183673,4.645532307326229,high,statistical_outlier_for_review
1-coins/5_1477290138.jpg,roi_dark_fraction_median,0.12221112221112221,4.633539301787662,high,statistical_outlier_for_review
1-coins/5_1477290792.jpg,roi_dark_fraction_median,0.12212360289283367,4.629126490775395,high,statistical_outlier_for_review
1-coins/50_1477194420.jpg,roi_dark_fraction_median,0.12209994051160024,4.627933409995914,high,statistical_outlier_for_review
1-coins/100_1477194750.jpg,roi_dark_fraction_median,0.12182805201363464,4.614224521702522,high,statistical_outlier_for_review
1-coins/100_1477194744.jpg,roi_dark_fraction_median,0.12082866741321388,4.563834556875699,high,statistical_outlier_for_review
1-coins/100_1477858284.jpg,roi_dark_fraction_median,0.12071963124594703,4.5583368449526676,high,statistical_outlier_for_review
1-coins/25_1477191558.jpg,roi_dark_fraction_median,0.12051983584131327,4.548262962077329,high,statistical_outlier_for_review
1-coins/10_1477149006.jpg,roi_dark_fraction_median,0.12051282051282051,4.547909242242293,high,statistical_outlier_for_review
1-coins/100_1477280844.jpg,roi_dark_fraction_median,0.12033859528711965,4.539124633202574,high,statistical_outlier_for_review
1-coins/60_1477843908.jpg,roi_dark_fraction_median,0.11994961370946039,4.519511795453944,high,statistical_outlier_for_review
1-coins/125_1479424830.jpg,roi_dark_fraction_median,0.11933823543789462,4.488685495361755,high,statistical_outlier_for_review
1-coins/5_1477146882.jpg,roi_dark_fraction_median,0.1189767995240928,4.470461537362046,high,statistical_outlier_for_review
1-coins/100_1477280340.jpg,roi_dark_fraction_median,0.1189236111111111,4.46777972471633,high,statistical_outlier_for_review
1-coins/5_1477156830.jpg,roi_dark_fraction_median,0.11882807852468769,4.462962876760433,high,statistical_outlier_for_review
1-coins/15_1477788342.jpg,roi_dark_fraction_median,0.11856551878501759,4.449724353732016,high,statistical_outlier_for_review
1-coins/25_1477287276.jpg,roi_dark_fraction_median,0.1183071930773391,4.436699314804757,high,statistical_outlier_for_review
1-coins/50_1477193910.jpg,roi_dark_fraction_median,0.11830574488802337,4.436626295660124,high,statistical_outlier_for_review
1-coins/70_1477846698.jpg,roi_dark_fraction_median,0.11823704573117719,4.433162415892862,high,statistical_outlier_for_review
1-coins/25_1477286928.jpg,roi_dark_fraction_median,0.11816689811892438,4.429625503564399,high,statistical_outlier_for_review
1-coins/100_1477281450.jpg,roi_dark_fraction_median,0.11810167854123899,4.426337067636725,high,statistical_outlier_for_review
1-coins/10_1477187382.jpg,roi_dark_fraction_median,0.11803340213923813,4.4228945035889335,high,statistical_outlier_for_review
1-coins/100_1477154562.jpg,roi_dark_fraction_median,0.11790156841535965,4.416247316203387,high,statistical_outlier_for_review
1-coins/85_1477853904.jpg,roi_dark_fraction_median,0.11756239415597462,4.399145812944902,high,statistical_outlier_for_review
1-coins/50_1477283388.jpg,roi_dark_fraction_median,0.11719214753123142,4.380477610142694,high,statistical_outlier_for_review
1-coins/105_1479345048.jpg,roi_dark_fraction_median,0.11712281491112118,4.376981790528068,high,statistical_outlier_for_review
1-coins/5_1477290786.jpg,roi_dark_fraction_median,0.11688311688311688,4.364895977723758,high,statistical_outlier_for_review
1-coins/25_1477149534.jpg,roi_dark_fraction_median,0.11685393258426967,4.363424476370037,high,statistical_outlier_for_review
1-coins/15_1477788150.jpg,roi_dark_fraction_median,0.11668975069252077,4.3551462622100985,high,statistical_outlier_for_review
1-coins/5_1477189248.jpg,roi_dark_fraction_median,0.1165457918704672,4.3478877153236075,high,statistical_outlier_for_review
1-coins/25_1477286952.jpg,roi_dark_fraction_median,0.11617900172117039,4.329393791448746,high,statistical_outlier_for_review
1-coins/100_1477280952.jpg,roi_dark_fraction_median,0.11617578307620384,4.3292315041705685,high,statistical_outlier_for_review
1-coins/5_1477146408.jpg,roi_dark_fraction_median,0.11596922499530869,4.318816640436807,high,statistical_outlier_for_review
1-coins/50_1477145226.jpg,roi_dark_fraction_median,0.11553381683251814,4.296862928123159,high,statistical_outlier_for_review
1-coins/10_1477147722.jpg,roi_dark_fraction_median,0.11550295857988166,4.295307024355665,high,statistical_outlier_for_review
1-coins/70_1477848918.jpg,roi_dark_fraction_median,0.11488159177156129,4.263977092312851,high,statistical_outlier_for_review
1-coins/100_1477194888.jpg,roi_dark_fraction_median,0.11481096080471731,4.260415808765502,high,statistical_outlier_for_review
1-coins/100_1477195182.jpg,roi_dark_fraction_median,0.11444444444444445,4.2419356896053415,high,statistical_outlier_for_review
1-coins/105_1479345054.jpg,roi_dark_fraction_median,0.11442991217651083,4.241202958212722,high,statistical_outlier_for_review
1-coins/55_1477842648.jpg,roi_dark_fraction_median,0.11428202479338843,4.233746329372603,high,statistical_outlier_for_review
1-coins/100_1477154676.jpg,roi_dark_fraction_median,0.11424262418701103,4.2317597116393735,high,statistical_outlier_for_review
1-coins/100_1477280484.jpg,roi_dark_fraction_median,0.11415882967607105,4.227534709115651,high,statistical_outlier_for_review
1-coins/25_1477191354.jpg,roi_dark_fraction_median,0.1141097424412094,4.225059681946848,high,statistical_outlier_for_review
1-coins/100_1477279926.jpg,roi_dark_fraction_median,0.11407407407407408,4.223261247425622,high,statistical_outlier_for_review
1-coins/50_1477192950.jpg,roi_dark_fraction_median,0.11400701112635268,4.219879866948635,high,statistical_outlier_for_review
1-coins/100_1477281702.jpg,roi_dark_fraction_median,0.11399589421567444,4.219319341263304,high,statistical_outlier_for_review
1-coins/100_1477154550.jpg,roi_dark_fraction_median,0.11380674718867138,4.209782360171371,high,statistical_outlier_for_review
1-coins/100_1477858260.jpg,roi_dark_fraction_median,0.1137554799923811,4.207197417180705,high,statistical_outlier_for_review
1-coins/25_1477286970.jpg,roi_dark_fraction_median,0.11337513061650993,4.188019823625648,high,statistical_outlier_for_review
1-coins/5_1477290900.jpg,roi_dark_fraction_median,0.11324786324786325,4.181602876409323,high,statistical_outlier_for_review
1-coins/100_1477155192.jpg,roi_dark_fraction_median,0.11317274305555555,4.177815241652318,high,statistical_outlier_for_review
1-coins/55_1477843416.jpg,roi_dark_fraction_median,0.11306644160821647,4.1724554170260415,high,statistical_outlier_for_review
1-coins/5_1477189134.jpg,roi_dark_fraction_median,0.1129746835443038,4.167828884246579,high,statistical_outlier_for_review
1-coins/50_1477140126.jpg,roi_dark_fraction_median,0.11296875,4.16752970904552,high,statistical_outlier_for_review
1-coins/70_1477846710.jpg,roi_dark_fraction_median,0.11284555745814308,4.161318218645844,high,statistical_outlier_for_review
1-coins/50_1477283466.jpg,roi_dark_fraction_median,0.11259040105193951,4.148452979048874,high,statistical_outlier_for_review
1-coins/5_1477156734.jpg,roi_dark_fraction_median,0.11258179654967282,4.148019131492698,high,statistical_outlier_for_review
1-coins/5_1477290162.jpg,roi_dark_fraction_median,0.11242603550295859,4.140165504708761,high,statistical_outlier_for_review
1-coins/100_1477195410.jpg,roi_dark_fraction_median,0.11203875489589775,4.120638431588273,high,statistical_outlier_for_review
1-coins/100_1477195470.jpg,roi_dark_fraction_median,0.11185133239831697,4.111188402983796,high,statistical_outlier_for_review
1-coins/50_1477140276.jpg,roi_dark_fraction_median,0.11166897506925208,4.101993765210085,high,statistical_outlier_for_review
1-coins/100_1477281228.jpg,roi_dark_fraction_median,0.11147582375962631,4.092254884208518,high,statistical_outlier_for_review
1-coins/80_1477851990.jpg,roi_dark_fraction_median,0.11107313738892687,4.07195103717381,high,statistical_outlier_for_review
1-coins/10_1477147398.jpg,roi_dark_fraction_median,0.11106233538191396,4.071406389244263,high,statistical_outlier_for_review
1-coins/5_1477146840.jpg,roi_dark_fraction_median,0.11061111917549717,4.048655619659599,high,statistical_outlier_for_review
1-coins/10_1477787658.jpg,roi_dark_fraction_median,0.11053305945913339,4.044719771178137,high,statistical_outlier_for_review
1-coins/100_1477858788.jpg,roi_dark_fraction_median,0.11052730343404016,4.0444295466721085,high,statistical_outlier_for_review
1-coins/100_1477280586.jpg,roi_dark_fraction_median,0.11023156899810964,4.0295183224864,high,statistical_outlier_for_review
1-coins/100_1477154994.jpg,roi_dark_fraction_median,0.11004995592124596,4.0203612106483755,high,statistical_outlier_for_review
1-coins/50_1477282590.jpg,roi_dark_fraction_median,0.10996835443037975,4.016246782376384,high,statistical_outlier_for_review
1-coins/105_1479344826.jpg,roi_dark_fraction_median,0.10990665462210178,4.01313581672048,high,statistical_outlier_for_review
1-coins/25_1477287024.jpg,roi_dark_fraction_median,0.10952783480256008,3.994035344915758,high,statistical_outlier_for_review
1-coins/100_1477280094.jpg,roi_dark_fraction_median,0.10952569692165412,3.993927550835671,high,statistical_outlier_for_review
1-coins/75_1477849710.jpg,roi_dark_fraction_median,0.10941039840960727,3.988114085264779,high,statistical_outlier_for_review
1-coins/50_1477282926.jpg,roi_dark_fraction_median,0.10938007140538786,3.9865849675704745,high,statistical_outlier_for_review
1-coins/55_1477842642.jpg,roi_dark_fraction_median,0.10924586776859505,3.979818286820367,high,statistical_outlier_for_review
1-coins/5_1477147056.jpg,roi_dark_fraction_median,0.10921373616063051,3.978198179211664,high,statistical_outlier_for_review
1-coins/50_1477282452.jpg,roi_dark_fraction_median,0.10912970583752477,3.9739612868041743,high,statistical_outlier_for_review
1-coins/10_1477288386.jpg,roi_dark_fraction_median,0.10912280701754386,3.973613441444101,high,statistical_outlier_for_review
1-coins/10_1477147560.jpg,roi_dark_fraction_median,0.10900104058272633,3.9674738567787387,high,statistical_outlier_for_review
1-coins/15_1477788114.jpg,roi_dark_fraction_median,0.10890625,3.9626944213867157,high,statistical_outlier_for_review
1-coins/55_1477843392.jpg,roi_dark_fraction_median,0.10882864749275237,3.958781625843303,high,statistical_outlier_for_review
1-coins/55_1477842606.jpg,roi_dark_fraction_median,0.10880355276907001,3.9575163249339633,high,statistical_outlier_for_review
1-coins/25_1477286994.jpg,roi_dark_fraction_median,0.10870181405895692,3.9523865580534583,high,statistical_outlier_for_review
1-coins/25_1477153896.jpg,roi_dark_fraction_median,0.10864197530864197,3.949369428789728,high,statistical_outlier_for_review
1-coins/50_1477282446.jpg,roi_dark_fraction_median,0.10852004267642128,3.943221464286116,high,statistical_outlier_for_review
1-coins/5_1477290024.jpg,roi_dark_fraction_median,0.10808782135485082,3.92142843567414,high,statistical_outlier_for_review
1-coins/100_1477195614.jpg,roi_dark_fraction_median,0.10786862003780719,3.9103760874078457,high,statistical_outlier_for_review
1-coins/5_1477188612.jpg,roi_dark_fraction_median,0.10764829870520927,3.8992672668441375,high,statistical_outlier_for_review
1-coins/25_1477192152.jpg,roi_dark_fraction_median,0.10743265173644921,3.8883941323509155,high,statistical_outlier_for_review
1-coins/5_1477189026.jpg,roi_dark_fraction_median,0.10741762229641458,3.88763633304683,high,statistical_outlier_for_review
1-coins/100_1477281444.jpg,roi_dark_fraction_median,0.10741000467508181,3.8872522450081908,high,statistical_outlier_for_review
1-coins/10_1477186524.jpg,roi_dark_fraction_median,0.10736764161421695,3.8851162573753633,high,statistical_outlier_for_review
1-coins/25_1477287186.jpg,roi_dark_fraction_median,0.10723615464994775,3.8784865539539566,high,statistical_outlier_for_review
1-coins/5_1477145448.jpg,roi_dark_fraction_median,0.10714285714285714,3.8737824009194326,high,statistical_outlier_for_review
1-coins/50_1477282878.jpg,roi_dark_fraction_median,0.10701241782322864,3.8672055207820484,high,statistical_outlier_for_review
1-coins/55_1477843536.jpg,roi_dark_fraction_median,0.10699693959927878,3.866425093346918,high,statistical_outlier_for_review
1-coins/10_1477147422.jpg,roi_dark_fraction_median,0.10696190654907112,3.8646586921366164,high,statistical_outlier_for_review
1-coins/55_1477843560.jpg,roi_dark_fraction_median,0.10687473187473187,3.860263258414809,high,statistical_outlier_for_review
1-coins/100_1477281342.jpg,roi_dark_fraction_median,0.10680529300567108,3.8567620816224966,high,statistical_outlier_for_review
1-coins/130_1477862028.jpg,roi_dark_fraction_median,0.10646242950769699,3.8394745632876717,high,statistical_outlier_for_review
1-coins/5_1477156818.jpg,roi_dark_fraction_median,0.1063111111111111,3.8318449393386893,high,statistical_outlier_for_review
1-coins/50_1477282308.jpg,roi_dark_fraction_median,0.10629665692956833,3.831116145139505,high,statistical_outlier_for_review
1-coins/5_1477292106.jpg,roi_dark_fraction_median,0.10614035087719298,3.8232350386284613,high,statistical_outlier_for_review
1-coins/100_1477154670.jpg,roi_dark_fraction_median,0.10575929752066116,3.8040219496688183,high,statistical_outlier_for_review
1-coins/50_1477283148.jpg,roi_dark_fraction_median,0.1056241426611797,3.7972073073253427,high,statistical_outlier_for_review
1-coins/75_1477849818.jpg,roi_dark_fraction_median,0.1051328849806414,3.772437606818842,high,statistical_outlier_for_review
1-coins/100_1477281330.jpg,roi_dark_fraction_median,0.1051122790253225,3.771398634071708,high,statistical_outlier_for_review
1-coins/50_1477282770.jpg,roi_dark_fraction_median,0.1050767414403778,3.7696067937185154,high,statistical_outlier_for_review
1-coins/25_1477287078.jpg,roi_dark_fraction_median,0.10505212510024058,3.7683656133829793,high,statistical_outlier_for_review
1-coins/100_1477155258.jpg,roi_dark_fraction_median,0.1050170068027211,3.766594913918489,high,statistical_outlier_for_review
1-coins/50_1477193370.jpg,roi_dark_fraction_median,0.10480476121352882,3.7558932803636553,high,statistical_outlier_for_review
1-coins/50_1477283160.jpg,roi_dark_fraction_median,0.10427423981640849,3.7291438642434596,high,statistical_outlier_for_review
1-coins/100_1477281522.jpg,roi_dark_fraction_median,0.10419753086419753,3.7252761226330877,high,statistical_outlier_for_review
1-coins/50_1477283262.jpg,roi_dark_fraction_median,0.10404339250493097,3.717504313363027,high,statistical_outlier_for_review
1-coins/45_1477835628.jpg,roi_dark_fraction_median,0.10393636024465523,3.71210764042214,high,statistical_outlier_for_review
1-coins/10_1477147392.jpg,roi_dark_fraction_median,0.10379812695109261,3.705137780372682,high,statistical_outlier_for_review
1-coins/55_1477842246.jpg,roi_dark_fraction_median,0.1037037037037037,3.700376866393461,high,statistical_outlier_for_review
1-coins/50_1477194222.jpg,roi_dark_fraction_median,0.1035587788834542,3.693069612917841,high,statistical_outlier_for_review
1-coins/10_1477147704.jpg,roi_dark_fraction_median,0.10355253212396069,3.692754645095616,high,statistical_outlier_for_review
1-coins/5_1477291950.jpg,roi_dark_fraction_median,0.10346666666666667,3.6884252233984403,high,statistical_outlier_for_review
1-coins/100_1477281138.jpg,roi_dark_fraction_median,0.1034349173553719,3.686824391567786,high,statistical_outlier_for_review
1-coins/100_1477155360.jpg,roi_dark_fraction_median,0.10341494845360824,3.6858175396940656,high,statistical_outlier_for_review
1-coins/100_1477194630.jpg,roi_dark_fraction_median,0.10339660339660339,3.684892563687,high,statistical_outlier_for_review
1-coins/5_1477290084.jpg,roi_dark_fraction_median,0.10318559556786704,3.674253339244545,high,statistical_outlier_for_review
1-coins/50_1477282746.jpg,roi_dark_fraction_median,0.10313158687142426,3.671530167091454,high,statistical_outlier_for_review
1-coins/50_1477193748.jpg,roi_dark_fraction_median,0.10288288288288289,3.6589902648059733,high,statistical_outlier_for_review
1-coins/90_1477857036.jpg,roi_dark_fraction_median,0.10277932092641826,3.653768568032327,high,statistical_outlier_for_review
1-coins/100_1477281354.jpg,roi_dark_fraction_median,0.10273492286115007,3.651529973454923,high,statistical_outlier_for_review
1-coins/10_1477149096.jpg,roi_dark_fraction_median,0.10249947490023105,3.6396584532571317,high,statistical_outlier_for_review
1-coins/10_1477149102.jpg,roi_dark_fraction_median,0.10247271107150813,3.638308994412747,high,statistical_outlier_for_review
1-coins/25_1477287216.jpg,roi_dark_fraction_median,0.10239133306909763,3.6342058346508144,high,statistical_outlier_for_review
1-coins/100_1477195116.jpg,roi_dark_fraction_median,0.10204881874326047,3.61693592192217,high,statistical_outlier_for_review
1-coins/70_1477848870.jpg,roi_dark_fraction_median,0.1018351458230351,3.606162320918045,high,statistical_outlier_for_review
1-coins/100_1477858992.jpg,roi_dark_fraction_median,0.10174967208926472,3.6018526503102595,high,statistical_outlier_for_review
1-coins/100_1477280250.jpg,roi_dark_fraction_median,0.10164835164835165,3.596743972978531,high,statistical_outlier_for_review
1-coins/100_1477195542.jpg,roi_dark_fraction_median,0.10131195335276968,3.5797824365739865,high,statistical_outlier_for_review
1-coins/70_1477846728.jpg,roi_dark_fraction_median,0.10105407547567584,3.566779977709898,high,statistical_outlier_for_review
1-coins/70_1477846860.jpg,roi_dark_fraction_median,0.10091266588313531,3.5596499655090974,high,statistical_outlier_for_review
1-coins/100_1477155048.jpg,roi_dark_fraction_median,0.10083323270136457,3.5556448655367494,high,statistical_outlier_for_review
1-coins/100_1477279836.jpg,roi_dark_fraction_median,0.10072430964237211,3.5501528566453286,high,statistical_outlier_for_review
1-coins/25_1477285962.jpg,roi_dark_fraction_median,0.10068399452804377,3.5481201285122963,high,statistical_outlier_for_review
1-coins/100_1477281534.jpg,roi_dark_fraction_median,0.10061860876152001,3.5448233131782194,high,statistical_outlier_for_review
1-coins/85_1477852038.jpg,roi_dark_fraction_median,0.10040312092806145,3.533958202445061,high,statistical_outlier_for_review
1-coins/50_1477283406.jpg,roi_dark_fraction_median,0.10018552875695733,3.5229869889163434,high,statistical_outlier_for_review
1-coins/50_1477193298.jpg,roi_dark_fraction_median,0.10013717421124829,3.520548904662824,high,statistical_outlier_for_review
1-coins/130_1477862088.jpg,roi_dark_fraction_median,0.09997826989466099,3.5125367910878373,high,statistical_outlier_for_review
1-coins/25_1477154196.jpg,roi_dark_fraction_median,0.09986320109439124,3.506734907813054,high,statistical_outlier_for_review
1-coins/5_1477188528.jpg,roi_dark_fraction_median,0.09979591836734694,3.5033424458441704,high,statistical_outlier_for_review
1-coins/100_1477858704.jpg,roi_laplacian_variance_median,2.6789940676324715,-10.837428218175774,low,statistical_outlier_for_review
1-coins/100_1477195020.jpg,roi_laplacian_variance_median,103.85911655369452,-4.744053298245948,low,statistical_outlier_for_review
1-coins/115_1479347616.jpg,roi_laplacian_variance_median,137.6332861687417,-4.236181737369373,low,statistical_outlier_for_review
1-coins/35_1477789530.jpg,roi_laplacian_variance_median,140.84204359466634,-4.1945612592057175,low,statistical_outlier_for_review
1-coins/5_1477145532.jpg,roi_laplacian_variance_median,151.97418680826374,-4.057131803961475,low,statistical_outlier_for_review
1-coins/25_1477149534.jpg,roi_laplacian_variance_median,174.4403715860792,-3.8078838221980456,low,statistical_outlier_for_review
1-coins/50_1477144656.jpg,roi_laplacian_variance_median,189.74684564596325,-3.655734156326098,low,statistical_outlier_for_review
1-coins/50_1477144596.jpg,roi_laplacian_variance_median,193.84091993634348,-3.6171068261304313,low,statistical_outlier_for_review
1-coins/25_1477191378.jpg,roi_laplacian_variance_median,195.60769473860876,-3.600687501751011,low,statistical_outlier_for_review
1-coins/25_1477191372.jpg,roi_laplacian_variance_median,197.4035021616709,-3.5841488826255934,low,statistical_outlier_for_review
1-coins/25_1477191288.jpg,roi_laplacian_variance_median,198.0431882265747,-3.5782937831534176,low,statistical_outlier_for_review
1-coins/25_1477191294.jpg,roi_laplacian_variance_median,198.116503801497,-3.577623921903964,low,statistical_outlier_for_review
1-coins/25_1477191936.jpg,roi_laplacian_variance_median,205.91987961903473,-3.507701421969335,low,statistical_outlier_for_review
1-coins/25_1477191384.jpg,roi_laplacian_variance_median,206.04420098338454,-3.5066089029181065,low,statistical_outlier_for_review
