annotation_relative_path,annotation_filename,annotation_stem,is_labelme,imagePath,imagePath_filename,n_shapes,labels,parse_error,matched_to_image
1-coins/100_1477154436.json,100_1477154436.json,100_1477154436,True,100_1477154436.jpg,100_1477154436.jpg,1,100,,True
1-coins/100_1477154442.json,100_1477154442.json,100_1477154442,True,100_1477154442.jpg,100_1477154442.jpg,1,100,,True
1-coins/100_1477154448.json,100_1477154448.json,100_1477154448,True,100_1477154448.jpg,100_1477154448.jpg,1,100,,True
1-coins/100_1477154454.json,100_1477154454.json,100_1477154454,True,100_1477154454.jpg,100_1477154454.jpg,1,100,,True
1-coins/100_1477154460.json,100_1477154460.json,100_1477154460,True,100_1477154460.jpg,100_1477154460.jpg,1,100,,True
1-coins/100_1477154466.json,100_1477154466.json,100_1477154466,True,100_1477154466.jpg,100_1477154466.jpg,1,100,,True
1-coins/100_1477154472.json,100_1477154472.json,100_1477154472,True,100_1477154472.jpg,100_1477154472.jpg,1,100,,True
1-coins/100_1477154478.json,100_1477154478.json,100_1477154478,True,100_1477154478.jpg,100_1477154478.jpg,1,100,,True
1-coins/100_1477154484.json,100_1477154484.json,100_1477154484,True,100_1477154484.jpg,100_1477154484.jpg,1,100,,True
1-coins/100_1477154490.json,100_1477154490.json,100_1477154490,True,100_1477154490.jpg,100_1477154490.jpg,1,100,,True
1-coins/100_1477154496.json,100_1477154496.json,100_1477154496,True,100_1477154496.jpg,100_1477154496.jpg,1,100,,True
1-coins/100_1477154502.json,100_1477154502.json,100_1477154502,True,100_1477154502.jpg,100_1477154502.jpg,1,100,,True
1-coins/100_1477154508.json,100_1477154508.json,100_1477154508,True,100_1477154508.jpg,100_1477154508.jpg,1,100,,True
1-coins/100_1477154514.json,100_1477154514.json,100_1477154514,True,100_1477154514.jpg,100_1477154514.jpg,1,100,,True
1-coins/100_1477154520.json,100_1477154520.json,100_1477154520,True,100_1477154520.jpg,100_1477154520.jpg,1,100,,True
1-coins/100_1477154526.json,100_1477154526.json,100_1477154526,True,100_1477154526.jpg,100_1477154526.jpg,1,100,,True
1-coins/100_1477154532.json,100_1477154532.json,100_1477154532,True,100_1477154532.jpg,100_1477154532.jpg,1,100,,True
1-coins/100_1477154538.json,100_1477154538.json,100_1477154538,True,100_1477154538.jpg,100_1477154538.jpg,1,100,,True
1-coins/100_1477154550.json,100_1477154550.json,100_1477154550,True,100_1477154550.jpg,100_1477154550.jpg,1,100,,True
1-coins/100_1477154556.json,100_1477154556.json,100_1477154556,True,100_1477154556.jpg,100_1477154556.jpg,1,100,,True
1-coins/100_1477154562.json,100_1477154562.json,100_1477154562,True,100_1477154562.jpg,100_1477154562.jpg,1,100,,True
1-coins/100_1477154568.json,100_1477154568.json,100_1477154568,True,100_1477154568.jpg,100_1477154568.jpg,1,100,,True
1-coins/100_1477154574.json,100_1477154574.json,100_1477154574,True,100_1477154574.jpg,100_1477154574.jpg,1,100,,True
1-coins/100_1477154580.json,100_1477154580.json,100_1477154580,True,100_1477154580.jpg,100_1477154580.jpg,1,100,,True
1-coins/100_1477154586.json,100_1477154586.json,100_1477154586,True,100_1477154586.jpg,100_1477154586.jpg,1,100,,True
1-coins/100_1477154592.json,100_1477154592.json,100_1477154592,True,100_1477154592.jpg,100_1477154592.jpg,1,100,,True
1-coins/100_1477154598.json,100_1477154598.json,100_1477154598,True,100_1477154598.jpg,100_1477154598.jpg,1,100,,True
1-coins/100_1477154604.json,100_1477154604.json,100_1477154604,True,100_1477154604.jpg,100_1477154604.jpg,1,100,,True
1-coins/100_1477154610.json,100_1477154610.json,100_1477154610,True,100_1477154610.jpg,100_1477154610.jpg,1,100,,True
1-coins/100_1477154622.json,100_1477154622.json,100_1477154622,True,100_1477154622.jpg,100_1477154622.jpg,1,100,,True
1-coins/100_1477154628.json,100_1477154628.json,100_1477154628,True,100_1477154628.jpg,100_1477154628.jpg,1,100,,True
1-coins/100_1477154634.json,100_1477154634.json,100_1477154634,True,100_1477154634.jpg,100_1477154634.jpg,1,100,,True
1-coins/100_1477154640.json,100_1477154640.json,100_1477154640,True,100_1477154640.jpg,100_1477154640.jpg,1,100,,True
1-coins/100_1477154646.json,100_1477154646.json,100_1477154646,True,100_1477154646.jpg,100_1477154646.jpg,1,100,,True
1-coins/100_1477154652.json,100_1477154652.json,100_1477154652,True,100_1477154652.jpg,100_1477154652.jpg,1,100,,True
1-coins/100_1477154658.json,100_1477154658.json,100_1477154658,True,100_1477154658.jpg,100_1477154658.jpg,1,100,,True
1-coins/100_1477154664.json,100_1477154664.json,100_1477154664,True,100_1477154664.jpg,100_1477154664.jpg,1,100,,True
1-coins/100_1477154670.json,100_1477154670.json,100_1477154670,True,100_1477154670.jpg,100_1477154670.jpg,1,100,,True
1-coins/100_1477154676.json,100_1477154676.json,100_1477154676,True,100_1477154676.jpg,100_1477154676.jpg,1,100,,True
1-coins/100_1477154682.json,100_1477154682.json,100_1477154682,True,100_1477154682.jpg,100_1477154682.jpg,1,100,,True
1-coins/100_1477154688.json,100_1477154688.json,100_1477154688,True,100_1477154688.jpg,100_1477154688.jpg,1,100,,True
1-coins/100_1477154694.json,100_1477154694.json,100_1477154694,True,100_1477154694.jpg,100_1477154694.jpg,1,100,,True
1-coins/100_1477154700.json,100_1477154700.json,100_1477154700,True,100_1477154700.jpg,100_1477154700.jpg,1,100,,True
1-coins/100_1477154706.json,100_1477154706.json,100_1477154706,True,100_1477154706.jpg,100_1477154706.jpg,1,100,,True
1-coins/100_1477154712.json,100_1477154712.json,100_1477154712,True,100_1477154712.jpg,100_1477154712.jpg,1,100,,True
1-coins/100_1477154718.json,100_1477154718.json,100_1477154718,True,100_1477154718.jpg,100_1477154718.jpg,1,100,,True
1-coins/100_1477154724.json,100_1477154724.json,100_1477154724,True,100_1477154724.jpg,100_1477154724.jpg,1,100,,True
1-coins/100_1477154730.json,100_1477154730.json,100_1477154730,True,100_1477154730.jpg,100_1477154730.jpg,1,100,,True
1-coins/100_1477154736.json,100_1477154736.json,100_1477154736,True,100_1477154736.jpg,100_1477154736.jpg,1,100,,True
1-coins/100_1477154742.json,100_1477154742.json,100_1477154742,True,100_1477154742.jpg,100_1477154742.jpg,1,100,,True
1-coins/100_1477154748.json,100_1477154748.json,100_1477154748,True,100_1477154748.jpg,100_1477154748.jpg,1,100,,True
1-coins/100_1477154754.json,100_1477154754.json,100_1477154754,True,100_1477154754.jpg,100_1477154754.jpg,1,100,,True
1-coins/100_1477154760.json,100_1477154760.json,100_1477154760,True,100_1477154760.jpg,100_1477154760.jpg,1,100,,True
1-coins/100_1477154766.json,100_1477154766.json,100_1477154766,True,100_1477154766.jpg,100_1477154766.jpg,1,100,,True
1-coins/100_1477154772.json,100_1477154772.json,100_1477154772,True,100_1477154772.jpg,100_1477154772.jpg,1,100,,True
1-coins/100_1477154778.json,100_1477154778.json,100_1477154778,True,100_1477154778.jpg,100_1477154778.jpg,1,100,,True
1-coins/100_1477154784.json,100_1477154784.json,100_1477154784,True,100_1477154784.jpg,100_1477154784.jpg,1,100,,True
1-coins/100_1477154790.json,100_1477154790.json,100_1477154790,True,100_1477154790.jpg,100_1477154790.jpg,1,100,,True
1-coins/100_1477154796.json,100_1477154796.json,100_1477154796,True,100_1477154796.jpg,100_1477154796.jpg,1,100,,True
1-coins/100_1477154874.json,100_1477154874.json,100_1477154874,True,100_1477154874.jpg,100_1477154874.jpg,1,100,,True
1-coins/100_1477154880.json,100_1477154880.json,100_1477154880,True,100_1477154880.jpg,100_1477154880.jpg,1,100,,True
1-coins/100_1477154886.json,100_1477154886.json,100_1477154886,True,100_1477154886.jpg,100_1477154886.jpg,1,100,,True
1-coins/100_1477154892.json,100_1477154892.json,100_1477154892,True,100_1477154892.jpg,100_1477154892.jpg,1,100,,True
1-coins/100_1477154898.json,100_1477154898.json,100_1477154898,True,100_1477154898.jpg,100_1477154898.jpg,1,100,,True
1-coins/100_1477154904.json,100_1477154904.json,100_1477154904,True,100_1477154904.jpg,100_1477154904.jpg,1,100,,True
1-coins/100_1477154910.json,100_1477154910.json,100_1477154910,True,100_1477154910.jpg,100_1477154910.jpg,4,100|finger,,True
1-coins/100_1477154916.json,100_1477154916.json,100_1477154916,True,100_1477154916.jpg,100_1477154916.jpg,1,100,,True
1-coins/100_1477154922.json,100_1477154922.json,100_1477154922,True,100_1477154922.jpg,100_1477154922.jpg,1,100,,True
1-coins/100_1477154928.json,100_1477154928.json,100_1477154928,True,100_1477154928.jpg,100_1477154928.jpg,1,100,,True
1-coins/100_1477154934.json,100_1477154934.json,100_1477154934,True,100_1477154934.jpg,100_1477154934.jpg,1,100,,True
1-coins/100_1477154940.json,100_1477154940.json,100_1477154940,True,100_1477154940.jpg,100_1477154940.jpg,1,100,,True
1-coins/100_1477154946.json,100_1477154946.json,100_1477154946,True,100_1477154946.jpg,100_1477154946.jpg,1,100,,True
1-coins/100_1477154952.json,100_1477154952.json,100_1477154952,True,100_1477154952.jpg,100_1477154952.jpg,3,100|finger,,True
1-coins/100_1477154958.json,100_1477154958.json,100_1477154958,True,100_1477154958.jpg,100_1477154958.jpg,1,100,,True
1-coins/100_1477154964.json,100_1477154964.json,100_1477154964,True,100_1477154964.jpg,100_1477154964.jpg,1,100,,True
1-coins/100_1477154970.json,100_1477154970.json,100_1477154970,True,100_1477154970.jpg,100_1477154970.jpg,1,100,,True
1-coins/100_1477154976.json,100_1477154976.json,100_1477154976,True,100_1477154976.jpg,100_1477154976.jpg,1,100,,True
1-coins/100_1477154982.json,100_1477154982.json,100_1477154982,True,100_1477154982.jpg,100_1477154982.jpg,1,100,,True
1-coins/100_1477154988.json,100_1477154988.json,100_1477154988,True,100_1477154988.jpg,100_1477154988.jpg,1,100,,True
1-coins/100_1477154994.json,100_1477154994.json,100_1477154994,True,100_1477154994.jpg,100_1477154994.jpg,1,100,,True
1-coins/100_1477155000.json,100_1477155000.json,100_1477155000,True,100_1477155000.jpg,100_1477155000.jpg,1,100,,True
1-coins/100_1477155006.json,100_1477155006.json,100_1477155006,True,100_1477155006.jpg,100_1477155006.jpg,1,100,,True
1-coins/100_1477155012.json,100_1477155012.json,100_1477155012,True,100_1477155012.jpg,100_1477155012.jpg,1,100,,True
1-coins/100_1477155018.json,100_1477155018.json,100_1477155018,True,100_1477155018.jpg,100_1477155018.jpg,1,100,,True
1-coins/100_1477155024.json,100_1477155024.json,100_1477155024,True,100_1477155024.jpg,100_1477155024.jpg,1,100,,True
1-coins/100_1477155030.json,100_1477155030.json,100_1477155030,True,100_1477155030.jpg,100_1477155030.jpg,1,100,,True
1-coins/100_1477155036.json,100_1477155036.json,100_1477155036,True,100_1477155036.jpg,100_1477155036.jpg,1,100,,True
1-coins/100_1477155042.json,100_1477155042.json,100_1477155042,True,100_1477155042.jpg,100_1477155042.jpg,1,100,,True
1-coins/100_1477155048.json,100_1477155048.json,100_1477155048,True,100_1477155048.jpg,100_1477155048.jpg,1,100,,True
1-coins/100_1477155054.json,100_1477155054.json,100_1477155054,True,100_1477155054.jpg,100_1477155054.jpg,1,100,,True
1-coins/100_1477155186.json,100_1477155186.json,100_1477155186,True,100_1477155186.jpg,100_1477155186.jpg,1,100,,True
1-coins/100_1477155192.json,100_1477155192.json,100_1477155192,True,100_1477155192.jpg,100_1477155192.jpg,1,100,,True
1-coins/100_1477155198.json,100_1477155198.json,100_1477155198,True,100_1477155198.jpg,100_1477155198.jpg,1,100,,True
1-coins/100_1477155204.json,100_1477155204.json,100_1477155204,True,100_1477155204.jpg,100_1477155204.jpg,1,100,,True
1-coins/100_1477155210.json,100_1477155210.json,100_1477155210,True,100_1477155210.jpg,100_1477155210.jpg,1,100,,True
1-coins/100_1477155216.json,100_1477155216.json,100_1477155216,True,100_1477155216.jpg,100_1477155216.jpg,1,100,,True
1-coins/100_1477155222.json,100_1477155222.json,100_1477155222,True,100_1477155222.jpg,100_1477155222.jpg,1,100,,True
1-coins/100_1477155228.json,100_1477155228.json,100_1477155228,True,100_1477155228.jpg,100_1477155228.jpg,1,100,,True
1-coins/100_1477155234.json,100_1477155234.json,100_1477155234,True,100_1477155234.jpg,100_1477155234.jpg,1,100,,True
1-coins/100_1477155240.json,100_1477155240.json,100_1477155240,True,100_1477155240.jpg,100_1477155240.jpg,1,100,,True
1-coins/100_1477155246.json,100_1477155246.json,100_1477155246,True,100_1477155246.jpg,100_1477155246.jpg,1,100,,True
1-coins/100_1477155252.json,100_1477155252.json,100_1477155252,True,100_1477155252.jpg,100_1477155252.jpg,1,100,,True
1-coins/100_1477155258.json,100_1477155258.json,100_1477155258,True,100_1477155258.jpg,100_1477155258.jpg,1,100,,True
1-coins/100_1477155264.json,100_1477155264.json,100_1477155264,True,100_1477155264.jpg,100_1477155264.jpg,1,100,,True
1-coins/100_1477155270.json,100_1477155270.json,100_1477155270,True,100_1477155270.jpg,100_1477155270.jpg,1,100,,True
1-coins/100_1477155276.json,100_1477155276.json,100_1477155276,True,100_1477155276.jpg,100_1477155276.jpg,1,100,,True
1-coins/100_1477155282.json,100_1477155282.json,100_1477155282,True,100_1477155282.jpg,100_1477155282.jpg,1,100,,True
1-coins/100_1477155288.json,100_1477155288.json,100_1477155288,True,100_1477155288.jpg,100_1477155288.jpg,1,100,,True
1-coins/100_1477155294.json,100_1477155294.json,100_1477155294,True,100_1477155294.jpg,100_1477155294.jpg,1,100,,True
1-coins/100_1477155300.json,100_1477155300.json,100_1477155300,True,100_1477155300.jpg,100_1477155300.jpg,1,100,,True
1-coins/100_1477155306.json,100_1477155306.json,100_1477155306,True,100_1477155306.jpg,100_1477155306.jpg,1,100,,True
1-coins/100_1477155312.json,100_1477155312.json,100_1477155312,True,100_1477155312.jpg,100_1477155312.jpg,1,100,,True
1-coins/100_1477155318.json,100_1477155318.json,100_1477155318,True,100_1477155318.jpg,100_1477155318.jpg,1,100,,True
1-coins/100_1477155324.json,100_1477155324.json,100_1477155324,True,100_1477155324.jpg,100_1477155324.jpg,1,100,,True
1-coins/100_1477155330.json,100_1477155330.json,100_1477155330,True,100_1477155330.jpg,100_1477155330.jpg,1,100,,True
1-coins/100_1477155336.json,100_1477155336.json,100_1477155336,True,100_1477155336.jpg,100_1477155336.jpg,1,100,,True
1-coins/100_1477155342.json,100_1477155342.json,100_1477155342,True,100_1477155342.jpg,100_1477155342.jpg,1,100,,True
1-coins/100_1477155348.json,100_1477155348.json,100_1477155348,True,100_1477155348.jpg,100_1477155348.jpg,1,100,,True
1-coins/100_1477155354.json,100_1477155354.json,100_1477155354,True,100_1477155354.jpg,100_1477155354.jpg,1,100,,True
1-coins/100_1477155360.json,100_1477155360.json,100_1477155360,True,100_1477155360.jpg,100_1477155360.jpg,1,100,,True
1-coins/100_1477194624.json,100_1477194624.json,100_1477194624,True,100_1477194624.jpg,100_1477194624.jpg,1,100,,True
1-coins/100_1477194630.json,100_1477194630.json,100_1477194630,True,100_1477194630.jpg,100_1477194630.jpg,1,100,,True
1-coins/100_1477194636.json,100_1477194636.json,100_1477194636,True,100_1477194636.jpg,100_1477194636.jpg,1,100,,True
1-coins/100_1477194642.json,100_1477194642.json,100_1477194642,True,100_1477194642.jpg,100_1477194642.jpg,1,100,,True
1-coins/100_1477194648.json,100_1477194648.json,100_1477194648,True,100_1477194648.jpg,100_1477194648.jpg,1,100,,True
1-coins/100_1477194654.json,100_1477194654.json,100_1477194654,True,100_1477194654.jpg,100_1477194654.jpg,1,100,,True
1-coins/100_1477194660.json,100_1477194660.json,100_1477194660,True,100_1477194660.jpg,100_1477194660.jpg,1,100,,True
1-coins/100_1477194666.json,100_1477194666.json,100_1477194666,True,100_1477194666.jpg,100_1477194666.jpg,1,100,,True
1-coins/100_1477194672.json,100_1477194672.json,100_1477194672,True,100_1477194672.jpg,100_1477194672.jpg,1,100,,True
1-coins/100_1477194678.json,100_1477194678.json,100_1477194678,True,100_1477194678.jpg,100_1477194678.jpg,1,100,,True
1-coins/100_1477194684.json,100_1477194684.json,100_1477194684,True,100_1477194684.jpg,100_1477194684.jpg,1,100,,True
1-coins/100_1477194690.json,100_1477194690.json,100_1477194690,True,100_1477194690.jpg,100_1477194690.jpg,1,100,,True
1-coins/100_1477194696.json,100_1477194696.json,100_1477194696,True,100_1477194696.jpg,100_1477194696.jpg,1,100,,True
1-coins/100_1477194702.json,100_1477194702.json,100_1477194702,True,100_1477194702.jpg,100_1477194702.jpg,1,100,,True
1-coins/100_1477194708.json,100_1477194708.json,100_1477194708,True,100_1477194708.jpg,100_1477194708.jpg,1,100,,True
1-coins/100_1477194714.json,100_1477194714.json,100_1477194714,True,100_1477194714.jpg,100_1477194714.jpg,1,100,,True
1-coins/100_1477194720.json,100_1477194720.json,100_1477194720,True,100_1477194720.jpg,100_1477194720.jpg,1,100,,True
1-coins/100_1477194726.json,100_1477194726.json,100_1477194726,True,100_1477194726.jpg,100_1477194726.jpg,1,100,,True
1-coins/100_1477194732.json,100_1477194732.json,100_1477194732,True,100_1477194732.jpg,100_1477194732.jpg,1,100,,True
1-coins/100_1477194738.json,100_1477194738.json,100_1477194738,True,100_1477194738.jpg,100_1477194738.jpg,1,100,,True
1-coins/100_1477194744.json,100_1477194744.json,100_1477194744,True,100_1477194744.jpg,100_1477194744.jpg,1,100,,True
1-coins/100_1477194750.json,100_1477194750.json,100_1477194750,True,100_1477194750.jpg,100_1477194750.jpg,1,100,,True
1-coins/100_1477194756.json,100_1477194756.json,100_1477194756,True,100_1477194756.jpg,100_1477194756.jpg,1,100,,True
1-coins/100_1477194762.json,100_1477194762.json,100_1477194762,True,100_1477194762.jpg,100_1477194762.jpg,1,100,,True
1-coins/100_1477194768.json,100_1477194768.json,100_1477194768,True,100_1477194768.jpg,100_1477194768.jpg,1,100,,True
1-coins/100_1477194774.json,100_1477194774.json,100_1477194774,True,100_1477194774.jpg,100_1477194774.jpg,1,100,,True
1-coins/100_1477194780.json,100_1477194780.json,100_1477194780,True,100_1477194780.jpg,100_1477194780.jpg,1,100,,True
1-coins/100_1477194786.json,100_1477194786.json,100_1477194786,True,100_1477194786.jpg,100_1477194786.jpg,1,100,,True
1-coins/100_1477194792.json,100_1477194792.json,100_1477194792,True,100_1477194792.jpg,100_1477194792.jpg,1,100,,True
1-coins/100_1477194798.json,100_1477194798.json,100_1477194798,True,100_1477194798.jpg,100_1477194798.jpg,1,100,,True
1-coins/100_1477194810.json,100_1477194810.json,100_1477194810,True,100_1477194810.jpg,100_1477194810.jpg,1,100,,True
1-coins/100_1477194816.json,100_1477194816.json,100_1477194816,True,100_1477194816.jpg,100_1477194816.jpg,1,100,,True
1-coins/100_1477194822.json,100_1477194822.json,100_1477194822,True,100_1477194822.jpg,100_1477194822.jpg,1,100,,True
1-coins/100_1477194828.json,100_1477194828.json,100_1477194828,True,100_1477194828.jpg,100_1477194828.jpg,1,100,,True
1-coins/100_1477194834.json,100_1477194834.json,100_1477194834,True,100_1477194834.jpg,100_1477194834.jpg,1,100,,True
1-coins/100_1477194840.json,100_1477194840.json,100_1477194840,True,100_1477194840.jpg,100_1477194840.jpg,1,100,,True
1-coins/100_1477194846.json,100_1477194846.json,100_1477194846,True,100_1477194846.jpg,100_1477194846.jpg,1,100,,True
1-coins/100_1477194852.json,100_1477194852.json,100_1477194852,True,100_1477194852.jpg,100_1477194852.jpg,1,100,,True
1-coins/100_1477194858.json,100_1477194858.json,100_1477194858,True,100_1477194858.jpg,100_1477194858.jpg,1,100,,True
1-coins/100_1477194864.json,100_1477194864.json,100_1477194864,True,100_1477194864.jpg,100_1477194864.jpg,1,100,,True
1-coins/100_1477194870.json,100_1477194870.json,100_1477194870,True,100_1477194870.jpg,100_1477194870.jpg,1,100,,True
1-coins/100_1477194876.json,100_1477194876.json,100_1477194876,True,100_1477194876.jpg,100_1477194876.jpg,1,100,,True
1-coins/100_1477194882.json,100_1477194882.json,100_1477194882,True,100_1477194882.jpg,100_1477194882.jpg,1,100,,True
1-coins/100_1477194888.json,100_1477194888.json,100_1477194888,True,100_1477194888.jpg,100_1477194888.jpg,1,100,,True
1-coins/100_1477194894.json,100_1477194894.json,100_1477194894,True,100_1477194894.jpg,100_1477194894.jpg,1,100,,True
1-coins/100_1477194900.json,100_1477194900.json,100_1477194900,True,100_1477194900.jpg,100_1477194900.jpg,1,100,,True
1-coins/100_1477194906.json,100_1477194906.json,100_1477194906,True,100_1477194906.jpg,100_1477194906.jpg,1,100,,True
1-coins/100_1477194912.json,100_1477194912.json,100_1477194912,True,100_1477194912.jpg,100_1477194912.jpg,1,100,,True
1-coins/100_1477194918.json,100_1477194918.json,100_1477194918,True,100_1477194918.jpg,100_1477194918.jpg,1,100,,True
1-coins/100_1477194924.json,100_1477194924.json,100_1477194924,True,100_1477194924.jpg,100_1477194924.jpg,1,100,,True
1-coins/100_1477194930.json,100_1477194930.json,100_1477194930,True,100_1477194930.jpg,100_1477194930.jpg,1,100,,True
1-coins/100_1477194936.json,100_1477194936.json,100_1477194936,True,100_1477194936.jpg,100_1477194936.jpg,1,100,,True
1-coins/100_1477194942.json,100_1477194942.json,100_1477194942,True,100_1477194942.jpg,100_1477194942.jpg,1,100,,True
1-coins/100_1477194948.json,100_1477194948.json,100_1477194948,True,100_1477194948.jpg,100_1477194948.jpg,1,100,,True
1-coins/100_1477194954.json,100_1477194954.json,100_1477194954,True,100_1477194954.jpg,100_1477194954.jpg,1,100,,True
1-coins/100_1477194960.json,100_1477194960.json,100_1477194960,True,100_1477194960.jpg,100_1477194960.jpg,1,100,,True
1-coins/100_1477194966.json,100_1477194966.json,100_1477194966,True,100_1477194966.jpg,100_1477194966.jpg,1,100,,True
1-coins/100_1477194972.json,100_1477194972.json,100_1477194972,True,100_1477194972.jpg,100_1477194972.jpg,1,100,,True
1-coins/100_1477194978.json,100_1477194978.json,100_1477194978,True,100_1477194978.jpg,100_1477194978.jpg,1,100,,True
1-coins/100_1477194984.json,100_1477194984.json,100_1477194984,True,100_1477194984.jpg,100_1477194984.jpg,1,100,,True
1-coins/100_1477195020.json,100_1477195020.json,100_1477195020,True,100_1477195020.jpg,100_1477195020.jpg,1,100,,True
1-coins/100_1477195026.json,100_1477195026.json,100_1477195026,True,100_1477195026.jpg,100_1477195026.jpg,1,100,,True
1-coins/100_1477195032.json,100_1477195032.json,100_1477195032,True,100_1477195032.jpg,100_1477195032.jpg,1,100,,True
1-coins/100_1477195038.json,100_1477195038.json,100_1477195038,True,100_1477195038.jpg,100_1477195038.jpg,1,100,,True
1-coins/100_1477195044.json,100_1477195044.json,100_1477195044,True,100_1477195044.jpg,100_1477195044.jpg,1,100,,True
1-coins/100_1477195050.json,100_1477195050.json,100_1477195050,True,100_1477195050.jpg,100_1477195050.jpg,1,100,,True
1-coins/100_1477195056.json,100_1477195056.json,100_1477195056,True,100_1477195056.jpg,100_1477195056.jpg,1,100,,True
1-coins/100_1477195062.json,100_1477195062.json,100_1477195062,True,100_1477195062.jpg,100_1477195062.jpg,1,100,,True
1-coins/100_1477195068.json,100_1477195068.json,100_1477195068,True,100_1477195068.jpg,100_1477195068.jpg,1,100,,True
1-coins/100_1477195074.json,100_1477195074.json,100_1477195074,True,100_1477195074.jpg,100_1477195074.jpg,1,100,,True
1-coins/100_1477195080.json,100_1477195080.json,100_1477195080,True,100_1477195080.jpg,100_1477195080.jpg,1,100,,True
1-coins/100_1477195086.json,100_1477195086.json,100_1477195086,True,100_1477195086.jpg,100_1477195086.jpg,1,100,,True
1-coins/100_1477195092.json,100_1477195092.json,100_1477195092,True,100_1477195092.jpg,100_1477195092.jpg,1,100,,True
1-coins/100_1477195098.json,100_1477195098.json,100_1477195098,True,100_1477195098.jpg,100_1477195098.jpg,1,100,,True
1-coins/100_1477195104.json,100_1477195104.json,100_1477195104,True,100_1477195104.jpg,100_1477195104.jpg,1,100,,True
1-coins/100_1477195110.json,100_1477195110.json,100_1477195110,True,100_1477195110.jpg,100_1477195110.jpg,1,100,,True
1-coins/100_1477195116.json,100_1477195116.json,100_1477195116,True,100_1477195116.jpg,100_1477195116.jpg,1,100,,True
1-coins/100_1477195122.json,100_1477195122.json,100_1477195122,True,100_1477195122.jpg,100_1477195122.jpg,1,100,,True
1-coins/100_1477195128.json,100_1477195128.json,100_1477195128,True,100_1477195128.jpg,100_1477195128.jpg,1,100,,True
1-coins/100_1477195134.json,100_1477195134.json,100_1477195134,True,100_1477195134.jpg,100_1477195134.jpg,1,100,,True
1-coins/100_1477195140.json,100_1477195140.json,100_1477195140,True,100_1477195140.jpg,100_1477195140.jpg,1,100,,True
1-coins/100_1477195146.json,100_1477195146.json,100_1477195146,True,100_1477195146.jpg,100_1477195146.jpg,1,100,,True
1-coins/100_1477195152.json,100_1477195152.json,100_1477195152,True,100_1477195152.jpg,100_1477195152.jpg,1,100,,True
1-coins/100_1477195158.json,100_1477195158.json,100_1477195158,True,100_1477195158.jpg,100_1477195158.jpg,1,100,,True
1-coins/100_1477195164.json,100_1477195164.json,100_1477195164,True,100_1477195164.jpg,100_1477195164.jpg,1,100,,True
1-coins/100_1477195170.json,100_1477195170.json,100_1477195170,True,100_1477195170.jpg,100_1477195170.jpg,1,100,,True
1-coins/100_1477195176.json,100_1477195176.json,100_1477195176,True,100_1477195176.jpg,100_1477195176.jpg,1,100,,True
1-coins/100_1477195182.json,100_1477195182.json,100_1477195182,True,100_1477195182.jpg,100_1477195182.jpg,1,100,,True
1-coins/100_1477195188.json,100_1477195188.json,100_1477195188,True,100_1477195188.jpg,100_1477195188.jpg,1,100,,True
1-coins/100_1477195194.json,100_1477195194.json,100_1477195194,True,100_1477195194.jpg,100_1477195194.jpg,1,100,,True
1-coins/100_1477195200.json,100_1477195200.json,100_1477195200,True,100_1477195200.jpg,100_1477195200.jpg,1,100,,True
1-coins/100_1477195212.json,100_1477195212.json,100_1477195212,True,100_1477195212.jpg,100_1477195212.jpg,1,100,,True
1-coins/100_1477195218.json,100_1477195218.json,100_1477195218,True,100_1477195218.jpg,100_1477195218.jpg,1,100,,True
1-coins/100_1477195224.json,100_1477195224.json,100_1477195224,True,100_1477195224.jpg,100_1477195224.jpg,1,100,,True
1-coins/100_1477195230.json,100_1477195230.json,100_1477195230,True,100_1477195230.jpg,100_1477195230.jpg,1,100,,True
1-coins/100_1477195236.json,100_1477195236.json,100_1477195236,True,100_1477195236.jpg,100_1477195236.jpg,1,100,,True
1-coins/100_1477195242.json,100_1477195242.json,100_1477195242,True,100_1477195242.jpg,100_1477195242.jpg,1,100,,True
1-coins/100_1477195248.json,100_1477195248.json,100_1477195248,True,100_1477195248.jpg,100_1477195248.jpg,1,100,,True
1-coins/100_1477195254.json,100_1477195254.json,100_1477195254,True,100_1477195254.jpg,100_1477195254.jpg,1,100,,True
1-coins/100_1477195260.json,100_1477195260.json,100_1477195260,True,100_1477195260.jpg,100_1477195260.jpg,4,100|finger,,True
1-coins/100_1477195266.json,100_1477195266.json,100_1477195266,True,100_1477195266.jpg,100_1477195266.jpg,1,100,,True
1-coins/100_1477195272.json,100_1477195272.json,100_1477195272,True,100_1477195272.jpg,100_1477195272.jpg,1,100,,True
1-coins/100_1477195278.json,100_1477195278.json,100_1477195278,True,100_1477195278.jpg,100_1477195278.jpg,4,100|finger,,True
1-coins/100_1477195284.json,100_1477195284.json,100_1477195284,True,100_1477195284.jpg,100_1477195284.jpg,1,100,,True
1-coins/100_1477195290.json,100_1477195290.json,100_1477195290,True,100_1477195290.jpg,100_1477195290.jpg,1,100,,True
1-coins/100_1477195296.json,100_1477195296.json,100_1477195296,True,100_1477195296.jpg,100_1477195296.jpg,1,100,,True
1-coins/100_1477195302.json,100_1477195302.json,100_1477195302,True,100_1477195302.jpg,100_1477195302.jpg,1,100,,True
1-coins/100_1477195308.json,100_1477195308.json,100_1477195308,True,100_1477195308.jpg,100_1477195308.jpg,1,100,,True
1-coins/100_1477195314.json,100_1477195314.json,100_1477195314,True,100_1477195314.jpg,100_1477195314.jpg,1,100,,True
1-coins/100_1477195320.json,100_1477195320.json,100_1477195320,True,100_1477195320.jpg,100_1477195320.jpg,1,100,,True
1-coins/100_1477195326.json,100_1477195326.json,100_1477195326,True,100_1477195326.jpg,100_1477195326.jpg,1,100,,True
1-coins/100_1477195332.json,100_1477195332.json,100_1477195332,True,100_1477195332.jpg,100_1477195332.jpg,1,100,,True
1-coins/100_1477195338.json,100_1477195338.json,100_1477195338,True,100_1477195338.jpg,100_1477195338.jpg,1,100,,True
1-coins/100_1477195344.json,100_1477195344.json,100_1477195344,True,100_1477195344.jpg,100_1477195344.jpg,1,100,,True
1-coins/100_1477195350.json,100_1477195350.json,100_1477195350,True,100_1477195350.jpg,100_1477195350.jpg,1,100,,True
1-coins/100_1477195356.json,100_1477195356.json,100_1477195356,True,100_1477195356.jpg,100_1477195356.jpg,1,100,,True
1-coins/100_1477195362.json,100_1477195362.json,100_1477195362,True,100_1477195362.jpg,100_1477195362.jpg,1,100,,True
1-coins/100_1477195368.json,100_1477195368.json,100_1477195368,True,100_1477195368.jpg,100_1477195368.jpg,1,100,,True
1-coins/100_1477195374.json,100_1477195374.json,100_1477195374,True,100_1477195374.jpg,100_1477195374.jpg,1,100,,True
1-coins/100_1477195380.json,100_1477195380.json,100_1477195380,True,100_1477195380.jpg,100_1477195380.jpg,1,100,,True
1-coins/100_1477195386.json,100_1477195386.json,100_1477195386,True,100_1477195386.jpg,100_1477195386.jpg,1,100,,True
1-coins/100_1477195404.json,100_1477195404.json,100_1477195404,True,100_1477195404.jpg,100_1477195404.jpg,1,100,,True
1-coins/100_1477195410.json,100_1477195410.json,100_1477195410,True,100_1477195410.jpg,100_1477195410.jpg,1,100,,True
1-coins/100_1477195416.json,100_1477195416.json,100_1477195416,True,100_1477195416.jpg,100_1477195416.jpg,1,100,,True
1-coins/100_1477195422.json,100_1477195422.json,100_1477195422,True,100_1477195422.jpg,100_1477195422.jpg,1,100,,True
1-coins/100_1477195428.json,100_1477195428.json,100_1477195428,True,100_1477195428.jpg,100_1477195428.jpg,1,100,,True
1-coins/100_1477195434.json,100_1477195434.json,100_1477195434,True,100_1477195434.jpg,100_1477195434.jpg,1,100,,True
1-coins/100_1477195440.json,100_1477195440.json,100_1477195440,True,100_1477195440.jpg,100_1477195440.jpg,1,100,,True
1-coins/100_1477195446.json,100_1477195446.json,100_1477195446,True,100_1477195446.jpg,100_1477195446.jpg,1,100,,True
1-coins/100_1477195452.json,100_1477195452.json,100_1477195452,True,100_1477195452.jpg,100_1477195452.jpg,1,100,,True
1-coins/100_1477195458.json,100_1477195458.json,100_1477195458,True,100_1477195458.jpg,100_1477195458.jpg,1,100,,True
1-coins/100_1477195464.json,100_1477195464.json,100_1477195464,True,100_1477195464.jpg,100_1477195464.jpg,1,100,,True
1-coins/100_1477195470.json,100_1477195470.json,100_1477195470,True,100_1477195470.jpg,100_1477195470.jpg,1,100,,True
1-coins/100_1477195476.json,100_1477195476.json,100_1477195476,True,100_1477195476.jpg,100_1477195476.jpg,1,100,,True
1-coins/100_1477195482.json,100_1477195482.json,100_1477195482,True,100_1477195482.jpg,100_1477195482.jpg,1,100,,True
1-coins/100_1477195488.json,100_1477195488.json,100_1477195488,True,100_1477195488.jpg,100_1477195488.jpg,1,100,,True
1-coins/100_1477195494.json,100_1477195494.json,100_1477195494,True,100_1477195494.jpg,100_1477195494.jpg,1,100,,True
1-coins/100_1477195500.json,100_1477195500.json,100_1477195500,True,100_1477195500.jpg,100_1477195500.jpg,1,100,,True
1-coins/100_1477195506.json,100_1477195506.json,100_1477195506,True,100_1477195506.jpg,100_1477195506.jpg,1,100,,True
1-coins/100_1477195512.json,100_1477195512.json,100_1477195512,True,100_1477195512.jpg,100_1477195512.jpg,1,100,,True
1-coins/100_1477195518.json,100_1477195518.json,100_1477195518,True,100_1477195518.jpg,100_1477195518.jpg,1,100,,True
1-coins/100_1477195524.json,100_1477195524.json,100_1477195524,True,100_1477195524.jpg,100_1477195524.jpg,1,100,,True
1-coins/100_1477195530.json,100_1477195530.json,100_1477195530,True,100_1477195530.jpg,100_1477195530.jpg,1,100,,True
1-coins/100_1477195536.json,100_1477195536.json,100_1477195536,True,100_1477195536.jpg,100_1477195536.jpg,1,100,,True
1-coins/100_1477195542.json,100_1477195542.json,100_1477195542,True,100_1477195542.jpg,100_1477195542.jpg,1,100,,True
1-coins/100_1477195548.json,100_1477195548.json,100_1477195548,True,100_1477195548.jpg,100_1477195548.jpg,1,100,,True
1-coins/100_1477195554.json,100_1477195554.json,100_1477195554,True,100_1477195554.jpg,100_1477195554.jpg,1,100,,True
1-coins/100_1477195560.json,100_1477195560.json,100_1477195560,True,100_1477195560.jpg,100_1477195560.jpg,1,100,,True
1-coins/100_1477195566.json,100_1477195566.json,100_1477195566,True,100_1477195566.jpg,100_1477195566.jpg,1,100,,True
1-coins/100_1477195572.json,100_1477195572.json,100_1477195572,True,100_1477195572.jpg,100_1477195572.jpg,1,100,,True
1-coins/100_1477195578.json,100_1477195578.json,100_1477195578,True,100_1477195578.jpg,100_1477195578.jpg,1,100,,True
1-coins/100_1477195596.json,100_1477195596.json,100_1477195596,True,100_1477195596.jpg,100_1477195596.jpg,1,100,,True
1-coins/100_1477195602.json,100_1477195602.json,100_1477195602,True,100_1477195602.jpg,100_1477195602.jpg,1,100,,True
1-coins/100_1477195608.json,100_1477195608.json,100_1477195608,True,100_1477195608.jpg,100_1477195608.jpg,1,100,,True
1-coins/100_1477195614.json,100_1477195614.json,100_1477195614,True,100_1477195614.jpg,100_1477195614.jpg,1,100,,True
1-coins/100_1477195620.json,100_1477195620.json,100_1477195620,True,100_1477195620.jpg,100_1477195620.jpg,1,100,,True
1-coins/100_1477195626.json,100_1477195626.json,100_1477195626,True,100_1477195626.jpg,100_1477195626.jpg,1,100,,True
1-coins/100_1477195632.json,100_1477195632.json,100_1477195632,True,100_1477195632.jpg,100_1477195632.jpg,1,100,,True
1-coins/100_1477195638.json,100_1477195638.json,100_1477195638,True,100_1477195638.jpg,100_1477195638.jpg,1,100,,True
1-coins/100_1477195644.json,100_1477195644.json,100_1477195644,True,100_1477195644.jpg,100_1477195644.jpg,1,100,,True
1-coins/100_1477195650.json,100_1477195650.json,100_1477195650,True,100_1477195650.jpg,100_1477195650.jpg,1,100,,True
1-coins/100_1477195656.json,100_1477195656.json,100_1477195656,True,100_1477195656.jpg,100_1477195656.jpg,1,100,,True
1-coins/100_1477195662.json,100_1477195662.json,100_1477195662,True,100_1477195662.jpg,100_1477195662.jpg,1,100,,True
1-coins/100_1477195668.json,100_1477195668.json,100_1477195668,True,100_1477195668.jpg,100_1477195668.jpg,1,100,,True
1-coins/100_1477195674.json,100_1477195674.json,100_1477195674,True,100_1477195674.jpg,100_1477195674.jpg,1,100,,True
1-coins/100_1477195680.json,100_1477195680.json,100_1477195680,True,100_1477195680.jpg,100_1477195680.jpg,1,100,,True
1-coins/100_1477195686.json,100_1477195686.json,100_1477195686,True,100_1477195686.jpg,100_1477195686.jpg,1,100,,True
1-coins/100_1477195692.json,100_1477195692.json,100_1477195692,True,100_1477195692.jpg,100_1477195692.jpg,1,100,,True
1-coins/100_1477195698.json,100_1477195698.json,100_1477195698,True,100_1477195698.jpg,100_1477195698.jpg,1,100,,True
1-coins/100_1477195704.json,100_1477195704.json,100_1477195704,True,100_1477195704.jpg,100_1477195704.jpg,1,100,,True
1-coins/100_1477195710.json,100_1477195710.json,100_1477195710,True,100_1477195710.jpg,100_1477195710.jpg,1,100,,True
1-coins/100_1477195716.json,100_1477195716.json,100_1477195716,True,100_1477195716.jpg,100_1477195716.jpg,1,100,,True
1-coins/100_1477195722.json,100_1477195722.json,100_1477195722,True,100_1477195722.jpg,100_1477195722.jpg,1,100,,True
1-coins/100_1477195728.json,100_1477195728.json,100_1477195728,True,100_1477195728.jpg,100_1477195728.jpg,1,100,,True
1-coins/100_1477195734.json,100_1477195734.json,100_1477195734,True,100_1477195734.jpg,100_1477195734.jpg,1,100,,True
1-coins/100_1477195740.json,100_1477195740.json,100_1477195740,True,100_1477195740.jpg,100_1477195740.jpg,1,100,,True
1-coins/100_1477195746.json,100_1477195746.json,100_1477195746,True,100_1477195746.jpg,100_1477195746.jpg,1,100,,True
1-coins/100_1477195752.json,100_1477195752.json,100_1477195752,True,100_1477195752.jpg,100_1477195752.jpg,1,100,,True
1-coins/100_1477195758.json,100_1477195758.json,100_1477195758,True,100_1477195758.jpg,100_1477195758.jpg,1,100,,True
1-coins/100_1477195764.json,100_1477195764.json,100_1477195764,True,100_1477195764.jpg,100_1477195764.jpg,1,100,,True
1-coins/100_1477195770.json,100_1477195770.json,100_1477195770,True,100_1477195770.jpg,100_1477195770.jpg,1,100,,True
1-coins/100_1477279578.json,100_1477279578.json,100_1477279578,True,100_1477279578.jpg,100_1477279578.jpg,1,100,,True
1-coins/100_1477279590.json,100_1477279590.json,100_1477279590,True,100_1477279590.jpg,100_1477279590.jpg,1,100,,True
1-coins/100_1477279596.json,100_1477279596.json,100_1477279596,True,100_1477279596.jpg,100_1477279596.jpg,1,100,,True
1-coins/100_1477279602.json,100_1477279602.json,100_1477279602,True,100_1477279602.jpg,100_1477279602.jpg,1,100,,True
1-coins/100_1477279608.json,100_1477279608.json,100_1477279608,True,100_1477279608.jpg,100_1477279608.jpg,1,100,,True
1-coins/100_1477279614.json,100_1477279614.json,100_1477279614,True,100_1477279614.jpg,100_1477279614.jpg,1,100,,True
1-coins/100_1477279620.json,100_1477279620.json,100_1477279620,True,100_1477279620.jpg,100_1477279620.jpg,1,100,,True
1-coins/100_1477279626.json,100_1477279626.json,100_1477279626,True,100_1477279626.jpg,100_1477279626.jpg,1,100,,True
1-coins/100_1477279806.json,100_1477279806.json,100_1477279806,True,100_1477279806.jpg,100_1477279806.jpg,1,100,,True
1-coins/100_1477279812.json,100_1477279812.json,100_1477279812,True,100_1477279812.jpg,100_1477279812.jpg,1,100,,True
1-coins/100_1477279818.json,100_1477279818.json,100_1477279818,True,100_1477279818.jpg,100_1477279818.jpg,1,100,,True
1-coins/100_1477279824.json,100_1477279824.json,100_1477279824,True,100_1477279824.jpg,100_1477279824.jpg,1,100,,True
1-coins/100_1477279830.json,100_1477279830.json,100_1477279830,True,100_1477279830.jpg,100_1477279830.jpg,1,100,,True
1-coins/100_1477279836.json,100_1477279836.json,100_1477279836,True,100_1477279836.jpg,100_1477279836.jpg,2,100|finger,,True
1-coins/100_1477279842.json,100_1477279842.json,100_1477279842,True,100_1477279842.jpg,100_1477279842.jpg,1,100,,True
1-coins/100_1477279848.json,100_1477279848.json,100_1477279848,True,100_1477279848.jpg,100_1477279848.jpg,1,100,,True
1-coins/100_1477279854.json,100_1477279854.json,100_1477279854,True,100_1477279854.jpg,100_1477279854.jpg,1,100,,True
1-coins/100_1477279860.json,100_1477279860.json,100_1477279860,True,100_1477279860.jpg,100_1477279860.jpg,1,100,,True
1-coins/100_1477279866.json,100_1477279866.json,100_1477279866,True,100_1477279866.jpg,100_1477279866.jpg,1,100,,True
1-coins/100_1477279872.json,100_1477279872.json,100_1477279872,True,100_1477279872.jpg,100_1477279872.jpg,1,100,,True
1-coins/100_1477279878.json,100_1477279878.json,100_1477279878,True,100_1477279878.jpg,100_1477279878.jpg,1,100,,True
1-coins/100_1477279884.json,100_1477279884.json,100_1477279884,True,100_1477279884.jpg,100_1477279884.jpg,1,100,,True
1-coins/100_1477279890.json,100_1477279890.json,100_1477279890,True,100_1477279890.jpg,100_1477279890.jpg,1,100,,True
1-coins/100_1477279896.json,100_1477279896.json,100_1477279896,True,100_1477279896.jpg,100_1477279896.jpg,1,100,,True
1-coins/100_1477279902.json,100_1477279902.json,100_1477279902,True,100_1477279902.jpg,100_1477279902.jpg,1,100,,True
1-coins/100_1477279908.json,100_1477279908.json,100_1477279908,True,100_1477279908.jpg,100_1477279908.jpg,1,100,,True
1-coins/100_1477279914.json,100_1477279914.json,100_1477279914,True,100_1477279914.jpg,100_1477279914.jpg,1,100,,True
1-coins/100_1477279920.json,100_1477279920.json,100_1477279920,True,100_1477279920.jpg,100_1477279920.jpg,1,100,,True
1-coins/100_1477279926.json,100_1477279926.json,100_1477279926,True,100_1477279926.jpg,100_1477279926.jpg,1,100,,True
1-coins/100_1477279932.json,100_1477279932.json,100_1477279932,True,100_1477279932.jpg,100_1477279932.jpg,1,100,,True
1-coins/100_1477279938.json,100_1477279938.json,100_1477279938,True,100_1477279938.jpg,100_1477279938.jpg,1,100,,True
1-coins/100_1477279944.json,100_1477279944.json,100_1477279944,True,100_1477279944.jpg,100_1477279944.jpg,1,100,,True
1-coins/100_1477279950.json,100_1477279950.json,100_1477279950,True,100_1477279950.jpg,100_1477279950.jpg,1,100,,True
1-coins/100_1477279956.json,100_1477279956.json,100_1477279956,True,100_1477279956.jpg,100_1477279956.jpg,1,100,,True
1-coins/100_1477279962.json,100_1477279962.json,100_1477279962,True,100_1477279962.jpg,100_1477279962.jpg,1,100,,True
1-coins/100_1477279968.json,100_1477279968.json,100_1477279968,True,100_1477279968.jpg,100_1477279968.jpg,1,100,,True
1-coins/100_1477279974.json,100_1477279974.json,100_1477279974,True,100_1477279974.jpg,100_1477279974.jpg,1,100,,True
1-coins/100_1477279980.json,100_1477279980.json,100_1477279980,True,100_1477279980.jpg,100_1477279980.jpg,1,100,,True
1-coins/100_1477280010.json,100_1477280010.json,100_1477280010,True,100_1477280010.jpg,100_1477280010.jpg,1,100,,True
1-coins/100_1477280016.json,100_1477280016.json,100_1477280016,True,100_1477280016.jpg,100_1477280016.jpg,1,100,,True
1-coins/100_1477280022.json,100_1477280022.json,100_1477280022,True,100_1477280022.jpg,100_1477280022.jpg,1,100,,True
1-coins/100_1477280028.json,100_1477280028.json,100_1477280028,True,100_1477280028.jpg,100_1477280028.jpg,1,100,,True
1-coins/100_1477280034.json,100_1477280034.json,100_1477280034,True,100_1477280034.jpg,100_1477280034.jpg,1,100,,True
1-coins/100_1477280040.json,100_1477280040.json,100_1477280040,True,100_1477280040.jpg,100_1477280040.jpg,1,100,,True
1-coins/100_1477280046.json,100_1477280046.json,100_1477280046,True,100_1477280046.jpg,100_1477280046.jpg,1,100,,True
1-coins/100_1477280052.json,100_1477280052.json,100_1477280052,True,100_1477280052.jpg,100_1477280052.jpg,1,100,,True
1-coins/100_1477280058.json,100_1477280058.json,100_1477280058,True,100_1477280058.jpg,100_1477280058.jpg,1,100,,True
1-coins/100_1477280064.json,100_1477280064.json,100_1477280064,True,100_1477280064.jpg,100_1477280064.jpg,1,100,,True
1-coins/100_1477280070.json,100_1477280070.json,100_1477280070,True,100_1477280070.jpg,100_1477280070.jpg,1,100,,True
1-coins/100_1477280076.json,100_1477280076.json,100_1477280076,True,100_1477280076.jpg,100_1477280076.jpg,1,100,,True
1-coins/100_1477280082.json,100_1477280082.json,100_1477280082,True,100_1477280082.jpg,100_1477280082.jpg,1,100,,True
1-coins/100_1477280088.json,100_1477280088.json,100_1477280088,True,100_1477280088.jpg,100_1477280088.jpg,1,100,,True
1-coins/100_1477280094.json,100_1477280094.json,100_1477280094,True,100_1477280094.jpg,100_1477280094.jpg,1,100,,True
1-coins/100_1477280100.json,100_1477280100.json,100_1477280100,True,100_1477280100.jpg,100_1477280100.jpg,1,100,,True
1-coins/100_1477280106.json,100_1477280106.json,100_1477280106,True,100_1477280106.jpg,100_1477280106.jpg,1,100,,True
1-coins/100_1477280112.json,100_1477280112.json,100_1477280112,True,100_1477280112.jpg,100_1477280112.jpg,1,100,,True
1-coins/100_1477280118.json,100_1477280118.json,100_1477280118,True,100_1477280118.jpg,100_1477280118.jpg,1,100,,True
1-coins/100_1477280124.json,100_1477280124.json,100_1477280124,True,100_1477280124.jpg,100_1477280124.jpg,1,100,,True
1-coins/100_1477280130.json,100_1477280130.json,100_1477280130,True,100_1477280130.jpg,100_1477280130.jpg,1,100,,True
1-coins/100_1477280136.json,100_1477280136.json,100_1477280136,True,100_1477280136.jpg,100_1477280136.jpg,1,100,,True
1-coins/100_1477280142.json,100_1477280142.json,100_1477280142,True,100_1477280142.jpg,100_1477280142.jpg,1,100,,True
1-coins/100_1477280148.json,100_1477280148.json,100_1477280148,True,100_1477280148.jpg,100_1477280148.jpg,1,100,,True
1-coins/100_1477280154.json,100_1477280154.json,100_1477280154,True,100_1477280154.jpg,100_1477280154.jpg,1,100,,True
1-coins/100_1477280160.json,100_1477280160.json,100_1477280160,True,100_1477280160.jpg,100_1477280160.jpg,1,100,,True
1-coins/100_1477280166.json,100_1477280166.json,100_1477280166,True,100_1477280166.jpg,100_1477280166.jpg,1,100,,True
1-coins/100_1477280172.json,100_1477280172.json,100_1477280172,True,100_1477280172.jpg,100_1477280172.jpg,1,100,,True
1-coins/100_1477280178.json,100_1477280178.json,100_1477280178,True,100_1477280178.jpg,100_1477280178.jpg,1,100,,True
1-coins/100_1477280184.json,100_1477280184.json,100_1477280184,True,100_1477280184.jpg,100_1477280184.jpg,1,100,,True
1-coins/100_1477280226.json,100_1477280226.json,100_1477280226,True,100_1477280226.jpg,100_1477280226.jpg,1,100,,True
1-coins/100_1477280232.json,100_1477280232.json,100_1477280232,True,100_1477280232.jpg,100_1477280232.jpg,1,100,,True
1-coins/100_1477280238.json,100_1477280238.json,100_1477280238,True,100_1477280238.jpg,100_1477280238.jpg,1,100,,True
1-coins/100_1477280244.json,100_1477280244.json,100_1477280244,True,100_1477280244.jpg,100_1477280244.jpg,1,100,,True
1-coins/100_1477280250.json,100_1477280250.json,100_1477280250,True,100_1477280250.jpg,100_1477280250.jpg,1,100,,True
1-coins/100_1477280256.json,100_1477280256.json,100_1477280256,True,100_1477280256.jpg,100_1477280256.jpg,1,100,,True
1-coins/100_1477280262.json,100_1477280262.json,100_1477280262,True,100_1477280262.jpg,100_1477280262.jpg,1,100,,True
1-coins/100_1477280268.json,100_1477280268.json,100_1477280268,True,100_1477280268.jpg,100_1477280268.jpg,1,100,,True
1-coins/100_1477280274.json,100_1477280274.json,100_1477280274,True,100_1477280274.jpg,100_1477280274.jpg,1,100,,True
1-coins/100_1477280280.json,100_1477280280.json,100_1477280280,True,100_1477280280.jpg,100_1477280280.jpg,1,100,,True
1-coins/100_1477280286.json,100_1477280286.json,100_1477280286,True,100_1477280286.jpg,100_1477280286.jpg,1,100,,True
1-coins/100_1477280292.json,100_1477280292.json,100_1477280292,True,100_1477280292.jpg,100_1477280292.jpg,1,100,,True
1-coins/100_1477280298.json,100_1477280298.json,100_1477280298,True,100_1477280298.jpg,100_1477280298.jpg,1,100,,True
1-coins/100_1477280304.json,100_1477280304.json,100_1477280304,True,100_1477280304.jpg,100_1477280304.jpg,1,100,,True
1-coins/100_1477280310.json,100_1477280310.json,100_1477280310,True,100_1477280310.jpg,100_1477280310.jpg,1,100,,True
1-coins/100_1477280316.json,100_1477280316.json,100_1477280316,True,100_1477280316.jpg,100_1477280316.jpg,1,100,,True
1-coins/100_1477280322.json,100_1477280322.json,100_1477280322,True,100_1477280322.jpg,100_1477280322.jpg,1,100,,True
1-coins/100_1477280328.json,100_1477280328.json,100_1477280328,True,100_1477280328.jpg,100_1477280328.jpg,1,100,,True
1-coins/100_1477280334.json,100_1477280334.json,100_1477280334,True,100_1477280334.jpg,100_1477280334.jpg,1,100,,True
1-coins/100_1477280340.json,100_1477280340.json,100_1477280340,True,100_1477280340.jpg,100_1477280340.jpg,1,100,,True
1-coins/100_1477280346.json,100_1477280346.json,100_1477280346,True,100_1477280346.jpg,100_1477280346.jpg,1,100,,True
1-coins/100_1477280352.json,100_1477280352.json,100_1477280352,True,100_1477280352.jpg,100_1477280352.jpg,1,100,,True
1-coins/100_1477280358.json,100_1477280358.json,100_1477280358,True,100_1477280358.jpg,100_1477280358.jpg,1,100,,True
1-coins/100_1477280364.json,100_1477280364.json,100_1477280364,True,100_1477280364.jpg,100_1477280364.jpg,1,100,,True
1-coins/100_1477280370.json,100_1477280370.json,100_1477280370,True,100_1477280370.jpg,100_1477280370.jpg,1,100,,True
1-coins/100_1477280376.json,100_1477280376.json,100_1477280376,True,100_1477280376.jpg,100_1477280376.jpg,1,100,,True
1-coins/100_1477280382.json,100_1477280382.json,100_1477280382,True,100_1477280382.jpg,100_1477280382.jpg,1,100,,True
1-coins/100_1477280388.json,100_1477280388.json,100_1477280388,True,100_1477280388.jpg,100_1477280388.jpg,1,100,,True
1-coins/100_1477280394.json,100_1477280394.json,100_1477280394,True,100_1477280394.jpg,100_1477280394.jpg,1,100,,True
1-coins/100_1477280400.json,100_1477280400.json,100_1477280400,True,100_1477280400.jpg,100_1477280400.jpg,1,100,,True
1-coins/100_1477280412.json,100_1477280412.json,100_1477280412,True,100_1477280412.jpg,100_1477280412.jpg,1,100,,True
1-coins/100_1477280418.json,100_1477280418.json,100_1477280418,True,100_1477280418.jpg,100_1477280418.jpg,1,100,,True
1-coins/100_1477280424.json,100_1477280424.json,100_1477280424,True,100_1477280424.jpg,100_1477280424.jpg,1,100,,True
1-coins/100_1477280430.json,100_1477280430.json,100_1477280430,True,100_1477280430.jpg,100_1477280430.jpg,1,100,,True
1-coins/100_1477280436.json,100_1477280436.json,100_1477280436,True,100_1477280436.jpg,100_1477280436.jpg,1,100,,True
1-coins/100_1477280442.json,100_1477280442.json,100_1477280442,True,100_1477280442.jpg,100_1477280442.jpg,1,100,,True
1-coins/100_1477280448.json,100_1477280448.json,100_1477280448,True,100_1477280448.jpg,100_1477280448.jpg,1,100,,True
1-coins/100_1477280454.json,100_1477280454.json,100_1477280454,True,100_1477280454.jpg,100_1477280454.jpg,1,100,,True
1-coins/100_1477280460.json,100_1477280460.json,100_1477280460,True,100_1477280460.jpg,100_1477280460.jpg,1,100,,True
1-coins/100_1477280466.json,100_1477280466.json,100_1477280466,True,100_1477280466.jpg,100_1477280466.jpg,1,100,,True
1-coins/100_1477280472.json,100_1477280472.json,100_1477280472,True,100_1477280472.jpg,100_1477280472.jpg,1,100,,True
1-coins/100_1477280478.json,100_1477280478.json,100_1477280478,True,100_1477280478.jpg,100_1477280478.jpg,1,100,,True
1-coins/100_1477280484.json,100_1477280484.json,100_1477280484,True,100_1477280484.jpg,100_1477280484.jpg,1,100,,True
1-coins/100_1477280490.json,100_1477280490.json,100_1477280490,True,100_1477280490.jpg,100_1477280490.jpg,1,100,,True
1-coins/100_1477280496.json,100_1477280496.json,100_1477280496,True,100_1477280496.jpg,100_1477280496.jpg,1,100,,True
1-coins/100_1477280502.json,100_1477280502.json,100_1477280502,True,100_1477280502.jpg,100_1477280502.jpg,1,100,,True
1-coins/100_1477280508.json,100_1477280508.json,100_1477280508,True,100_1477280508.jpg,100_1477280508.jpg,1,100,,True
1-coins/100_1477280514.json,100_1477280514.json,100_1477280514,True,100_1477280514.jpg,100_1477280514.jpg,1,100,,True
1-coins/100_1477280520.json,100_1477280520.json,100_1477280520,True,100_1477280520.jpg,100_1477280520.jpg,1,100,,True
1-coins/100_1477280526.json,100_1477280526.json,100_1477280526,True,100_1477280526.jpg,100_1477280526.jpg,1,100,,True
1-coins/100_1477280532.json,100_1477280532.json,100_1477280532,True,100_1477280532.jpg,100_1477280532.jpg,1,100,,True
1-coins/100_1477280538.json,100_1477280538.json,100_1477280538,True,100_1477280538.jpg,100_1477280538.jpg,1,100,,True
1-coins/100_1477280544.json,100_1477280544.json,100_1477280544,True,100_1477280544.jpg,100_1477280544.jpg,1,100,,True
1-coins/100_1477280550.json,100_1477280550.json,100_1477280550,True,100_1477280550.jpg,100_1477280550.jpg,1,100,,True
1-coins/100_1477280556.json,100_1477280556.json,100_1477280556,True,100_1477280556.jpg,100_1477280556.jpg,1,100,,True
1-coins/100_1477280562.json,100_1477280562.json,100_1477280562,True,100_1477280562.jpg,100_1477280562.jpg,1,100,,True
1-coins/100_1477280568.json,100_1477280568.json,100_1477280568,True,100_1477280568.jpg,100_1477280568.jpg,1,100,,True
1-coins/100_1477280574.json,100_1477280574.json,100_1477280574,True,100_1477280574.jpg,100_1477280574.jpg,1,100,,True
1-coins/100_1477280580.json,100_1477280580.json,100_1477280580,True,100_1477280580.jpg,100_1477280580.jpg,1,100,,True
1-coins/100_1477280586.json,100_1477280586.json,100_1477280586,True,100_1477280586.jpg,100_1477280586.jpg,1,100,,True
1-coins/100_1477280622.json,100_1477280622.json,100_1477280622,True,100_1477280622.jpg,100_1477280622.jpg,1,100,,True
1-coins/100_1477280628.json,100_1477280628.json,100_1477280628,True,100_1477280628.jpg,100_1477280628.jpg,1,100,,True
1-coins/100_1477280634.json,100_1477280634.json,100_1477280634,True,100_1477280634.jpg,100_1477280634.jpg,1,100,,True
1-coins/100_1477280640.json,100_1477280640.json,100_1477280640,True,100_1477280640.jpg,100_1477280640.jpg,1,100,,True
1-coins/100_1477280646.json,100_1477280646.json,100_1477280646,True,100_1477280646.jpg,100_1477280646.jpg,1,100,,True
1-coins/100_1477280652.json,100_1477280652.json,100_1477280652,True,100_1477280652.jpg,100_1477280652.jpg,1,100,,True
1-coins/100_1477280658.json,100_1477280658.json,100_1477280658,True,100_1477280658.jpg,100_1477280658.jpg,1,100,,True
1-coins/100_1477280664.json,100_1477280664.json,100_1477280664,True,100_1477280664.jpg,100_1477280664.jpg,1,100,,True
1-coins/100_1477280670.json,100_1477280670.json,100_1477280670,True,100_1477280670.jpg,100_1477280670.jpg,1,100,,True
1-coins/100_1477280676.json,100_1477280676.json,100_1477280676,True,100_1477280676.jpg,100_1477280676.jpg,1,100,,True
1-coins/100_1477280682.json,100_1477280682.json,100_1477280682,True,100_1477280682.jpg,100_1477280682.jpg,1,100,,True
1-coins/100_1477280688.json,100_1477280688.json,100_1477280688,True,100_1477280688.jpg,100_1477280688.jpg,1,100,,True
1-coins/100_1477280694.json,100_1477280694.json,100_1477280694,True,100_1477280694.jpg,100_1477280694.jpg,1,100,,True
1-coins/100_1477280700.json,100_1477280700.json,100_1477280700,True,100_1477280700.jpg,100_1477280700.jpg,1,100,,True
1-coins/100_1477280706.json,100_1477280706.json,100_1477280706,True,100_1477280706.jpg,100_1477280706.jpg,1,100,,True
1-coins/100_1477280712.json,100_1477280712.json,100_1477280712,True,100_1477280712.jpg,100_1477280712.jpg,1,100,,True
1-coins/100_1477280718.json,100_1477280718.json,100_1477280718,True,100_1477280718.jpg,100_1477280718.jpg,1,100,,True
1-coins/100_1477280724.json,100_1477280724.json,100_1477280724,True,100_1477280724.jpg,100_1477280724.jpg,1,100,,True
1-coins/100_1477280730.json,100_1477280730.json,100_1477280730,True,100_1477280730.jpg,100_1477280730.jpg,1,100,,True
1-coins/100_1477280736.json,100_1477280736.json,100_1477280736,True,100_1477280736.jpg,100_1477280736.jpg,1,100,,True
1-coins/100_1477280742.json,100_1477280742.json,100_1477280742,True,100_1477280742.jpg,100_1477280742.jpg,1,100,,True
1-coins/100_1477280748.json,100_1477280748.json,100_1477280748,True,100_1477280748.jpg,100_1477280748.jpg,1,100,,True
1-coins/100_1477280754.json,100_1477280754.json,100_1477280754,True,100_1477280754.jpg,100_1477280754.jpg,1,100,,True
1-coins/100_1477280760.json,100_1477280760.json,100_1477280760,True,100_1477280760.jpg,100_1477280760.jpg,1,100,,True
1-coins/100_1477280766.json,100_1477280766.json,100_1477280766,True,100_1477280766.jpg,100_1477280766.jpg,1,100,,True
1-coins/100_1477280772.json,100_1477280772.json,100_1477280772,True,100_1477280772.jpg,100_1477280772.jpg,1,100,,True
1-coins/100_1477280778.json,100_1477280778.json,100_1477280778,True,100_1477280778.jpg,100_1477280778.jpg,1,100,,True
1-coins/100_1477280784.json,100_1477280784.json,100_1477280784,True,100_1477280784.jpg,100_1477280784.jpg,1,100,,True
1-coins/100_1477280790.json,100_1477280790.json,100_1477280790,True,100_1477280790.jpg,100_1477280790.jpg,1,100,,True
1-coins/100_1477280796.json,100_1477280796.json,100_1477280796,True,100_1477280796.jpg,100_1477280796.jpg,1,100,,True
1-coins/100_1477280844.json,100_1477280844.json,100_1477280844,True,100_1477280844.jpg,100_1477280844.jpg,1,100,,True
1-coins/100_1477280850.json,100_1477280850.json,100_1477280850,True,100_1477280850.jpg,100_1477280850.jpg,1,100,,True
1-coins/100_1477280856.json,100_1477280856.json,100_1477280856,True,100_1477280856.jpg,100_1477280856.jpg,1,100,,True
1-coins/100_1477280862.json,100_1477280862.json,100_1477280862,True,100_1477280862.jpg,100_1477280862.jpg,1,100,,True
1-coins/100_1477280868.json,100_1477280868.json,100_1477280868,True,100_1477280868.jpg,100_1477280868.jpg,1,100,,True
1-coins/100_1477280874.json,100_1477280874.json,100_1477280874,True,100_1477280874.jpg,100_1477280874.jpg,1,100,,True
1-coins/100_1477280880.json,100_1477280880.json,100_1477280880,True,100_1477280880.jpg,100_1477280880.jpg,1,100,,True
1-coins/100_1477280886.json,100_1477280886.json,100_1477280886,True,100_1477280886.jpg,100_1477280886.jpg,1,100,,True
1-coins/100_1477280892.json,100_1477280892.json,100_1477280892,True,100_1477280892.jpg,100_1477280892.jpg,1,100,,True
1-coins/100_1477280898.json,100_1477280898.json,100_1477280898,True,100_1477280898.jpg,100_1477280898.jpg,1,100,,True
1-coins/100_1477280904.json,100_1477280904.json,100_1477280904,True,100_1477280904.jpg,100_1477280904.jpg,1,100,,True
1-coins/100_1477280910.json,100_1477280910.json,100_1477280910,True,100_1477280910.jpg,100_1477280910.jpg,1,100,,True
1-coins/100_1477280916.json,100_1477280916.json,100_1477280916,True,100_1477280916.jpg,100_1477280916.jpg,1,100,,True
1-coins/100_1477280922.json,100_1477280922.json,100_1477280922,True,100_1477280922.jpg,100_1477280922.jpg,1,100,,True
1-coins/100_1477280928.json,100_1477280928.json,100_1477280928,True,100_1477280928.jpg,100_1477280928.jpg,1,100,,True
1-coins/100_1477280934.json,100_1477280934.json,100_1477280934,True,100_1477280934.jpg,100_1477280934.jpg,1,100,,True
1-coins/100_1477280940.json,100_1477280940.json,100_1477280940,True,100_1477280940.jpg,100_1477280940.jpg,1,100,,True
1-coins/100_1477280946.json,100_1477280946.json,100_1477280946,True,100_1477280946.jpg,100_1477280946.jpg,1,100,,True
1-coins/100_1477280952.json,100_1477280952.json,100_1477280952,True,100_1477280952.jpg,100_1477280952.jpg,1,100,,True
1-coins/100_1477280958.json,100_1477280958.json,100_1477280958,True,100_1477280958.jpg,100_1477280958.jpg,1,100,,True
1-coins/100_1477280964.json,100_1477280964.json,100_1477280964,True,100_1477280964.jpg,100_1477280964.jpg,1,100,,True
1-coins/100_1477280970.json,100_1477280970.json,100_1477280970,True,100_1477280970.jpg,100_1477280970.jpg,1,100,,True
1-coins/100_1477280976.json,100_1477280976.json,100_1477280976,True,100_1477280976.jpg,100_1477280976.jpg,1,100,,True
1-coins/100_1477280982.json,100_1477280982.json,100_1477280982,True,100_1477280982.jpg,100_1477280982.jpg,1,100,,True
1-coins/100_1477280988.json,100_1477280988.json,100_1477280988,True,100_1477280988.jpg,100_1477280988.jpg,1,100,,True
1-coins/100_1477280994.json,100_1477280994.json,100_1477280994,True,100_1477280994.jpg,100_1477280994.jpg,1,100,,True
1-coins/100_1477281000.json,100_1477281000.json,100_1477281000,True,100_1477281000.jpg,100_1477281000.jpg,1,100,,True
1-coins/100_1477281006.json,100_1477281006.json,100_1477281006,True,100_1477281006.jpg,100_1477281006.jpg,1,100,,True
1-coins/100_1477281012.json,100_1477281012.json,100_1477281012,True,100_1477281012.jpg,100_1477281012.jpg,1,100,,True
1-coins/100_1477281018.json,100_1477281018.json,100_1477281018,True,100_1477281018.jpg,100_1477281018.jpg,1,100,,True
1-coins/100_1477281042.json,100_1477281042.json,100_1477281042,True,100_1477281042.jpg,100_1477281042.jpg,1,100,,True
1-coins/100_1477281048.json,100_1477281048.json,100_1477281048,True,100_1477281048.jpg,100_1477281048.jpg,1,100,,True
1-coins/100_1477281054.json,100_1477281054.json,100_1477281054,True,100_1477281054.jpg,100_1477281054.jpg,1,100,,True
1-coins/100_1477281060.json,100_1477281060.json,100_1477281060,True,100_1477281060.jpg,100_1477281060.jpg,1,100,,True
1-coins/100_1477281066.json,100_1477281066.json,100_1477281066,True,100_1477281066.jpg,100_1477281066.jpg,1,100,,True
1-coins/100_1477281072.json,100_1477281072.json,100_1477281072,True,100_1477281072.jpg,100_1477281072.jpg,1,100,,True
1-coins/100_1477281078.json,100_1477281078.json,100_1477281078,True,100_1477281078.jpg,100_1477281078.jpg,1,100,,True
1-coins/100_1477281084.json,100_1477281084.json,100_1477281084,True,100_1477281084.jpg,100_1477281084.jpg,1,100,,True
1-coins/100_1477281090.json,100_1477281090.json,100_1477281090,True,100_1477281090.jpg,100_1477281090.jpg,1,100,,True
1-coins/100_1477281096.json,100_1477281096.json,100_1477281096,True,100_1477281096.jpg,100_1477281096.jpg,1,100,,True
1-coins/100_1477281102.json,100_1477281102.json,100_1477281102,True,100_1477281102.jpg,100_1477281102.jpg,1,100,,True
1-coins/100_1477281108.json,100_1477281108.json,100_1477281108,True,100_1477281108.jpg,100_1477281108.jpg,1,100,,True
1-coins/100_1477281114.json,100_1477281114.json,100_1477281114,True,100_1477281114.jpg,100_1477281114.jpg,1,100,,True
1-coins/100_1477281120.json,100_1477281120.json,100_1477281120,True,100_1477281120.jpg,100_1477281120.jpg,1,100,,True
1-coins/100_1477281126.json,100_1477281126.json,100_1477281126,True,100_1477281126.jpg,100_1477281126.jpg,1,100,,True
1-coins/100_1477281132.json,100_1477281132.json,100_1477281132,True,100_1477281132.jpg,100_1477281132.jpg,1,100,,True
1-coins/100_1477281138.json,100_1477281138.json,100_1477281138,True,100_1477281138.jpg,100_1477281138.jpg,1,100,,True
1-coins/100_1477281144.json,100_1477281144.json,100_1477281144,True,100_1477281144.jpg,100_1477281144.jpg,1,100,,True
1-coins/100_1477281150.json,100_1477281150.json,100_1477281150,True,100_1477281150.jpg,100_1477281150.jpg,1,100,,True
1-coins/100_1477281156.json,100_1477281156.json,100_1477281156,True,100_1477281156.jpg,100_1477281156.jpg,1,100,,True
1-coins/100_1477281162.json,100_1477281162.json,100_1477281162,True,100_1477281162.jpg,100_1477281162.jpg,1,100,,True
1-coins/100_1477281168.json,100_1477281168.json,100_1477281168,True,100_1477281168.jpg,100_1477281168.jpg,1,100,,True
1-coins/100_1477281174.json,100_1477281174.json,100_1477281174,True,100_1477281174.jpg,100_1477281174.jpg,1,100,,True
1-coins/100_1477281180.json,100_1477281180.json,100_1477281180,True,100_1477281180.jpg,100_1477281180.jpg,1,100,,True
1-coins/100_1477281186.json,100_1477281186.json,100_1477281186,True,100_1477281186.jpg,100_1477281186.jpg,1,100,,True
1-coins/100_1477281192.json,100_1477281192.json,100_1477281192,True,100_1477281192.jpg,100_1477281192.jpg,1,100,,True
1-coins/100_1477281198.json,100_1477281198.json,100_1477281198,True,100_1477281198.jpg,100_1477281198.jpg,1,100,,True
1-coins/100_1477281204.json,100_1477281204.json,100_1477281204,True,100_1477281204.jpg,100_1477281204.jpg,1,100,,True
1-coins/100_1477281210.json,100_1477281210.json,100_1477281210,True,100_1477281210.jpg,100_1477281210.jpg,1,100,,True
1-coins/100_1477281216.json,100_1477281216.json,100_1477281216,True,100_1477281216.jpg,100_1477281216.jpg,1,100,,True
1-coins/100_1477281228.json,100_1477281228.json,100_1477281228,True,100_1477281228.jpg,100_1477281228.jpg,1,100,,True
1-coins/100_1477281234.json,100_1477281234.json,100_1477281234,True,100_1477281234.jpg,100_1477281234.jpg,1,100,,True
1-coins/100_1477281240.json,100_1477281240.json,100_1477281240,True,100_1477281240.jpg,100_1477281240.jpg,1,100,,True
1-coins/100_1477281246.json,100_1477281246.json,100_1477281246,True,100_1477281246.jpg,100_1477281246.jpg,1,100,,True
1-coins/100_1477281252.json,100_1477281252.json,100_1477281252,True,100_1477281252.jpg,100_1477281252.jpg,1,100,,True
1-coins/100_1477281258.json,100_1477281258.json,100_1477281258,True,100_1477281258.jpg,100_1477281258.jpg,1,100,,True
1-coins/100_1477281264.json,100_1477281264.json,100_1477281264,True,100_1477281264.jpg,100_1477281264.jpg,1,100,,True
1-coins/100_1477281270.json,100_1477281270.json,100_1477281270,True,100_1477281270.jpg,100_1477281270.jpg,1,100,,True
1-coins/100_1477281276.json,100_1477281276.json,100_1477281276,True,100_1477281276.jpg,100_1477281276.jpg,1,100,,True
1-coins/100_1477281282.json,100_1477281282.json,100_1477281282,True,100_1477281282.jpg,100_1477281282.jpg,1,100,,True
1-coins/100_1477281288.json,100_1477281288.json,100_1477281288,True,100_1477281288.jpg,100_1477281288.jpg,1,100,,True
1-coins/100_1477281294.json,100_1477281294.json,100_1477281294,True,100_1477281294.jpg,100_1477281294.jpg,1,100,,True
1-coins/100_1477281300.json,100_1477281300.json,100_1477281300,True,100_1477281300.jpg,100_1477281300.jpg,1,100,,True
1-coins/100_1477281306.json,100_1477281306.json,100_1477281306,True,100_1477281306.jpg,100_1477281306.jpg,1,100,,True
1-coins/100_1477281312.json,100_1477281312.json,100_1477281312,True,100_1477281312.jpg,100_1477281312.jpg,1,100,,True
1-coins/100_1477281318.json,100_1477281318.json,100_1477281318,True,100_1477281318.jpg,100_1477281318.jpg,1,100,,True
1-coins/100_1477281324.json,100_1477281324.json,100_1477281324,True,100_1477281324.jpg,100_1477281324.jpg,1,100,,True
1-coins/100_1477281330.json,100_1477281330.json,100_1477281330,True,100_1477281330.jpg,100_1477281330.jpg,1,100,,True
1-coins/100_1477281336.json,100_1477281336.json,100_1477281336,True,100_1477281336.jpg,100_1477281336.jpg,1,100,,True
1-coins/100_1477281342.json,100_1477281342.json,100_1477281342,True,100_1477281342.jpg,100_1477281342.jpg,1,100,,True
1-coins/100_1477281348.json,100_1477281348.json,100_1477281348,True,100_1477281348.jpg,100_1477281348.jpg,1,100,,True
1-coins/100_1477281354.json,100_1477281354.json,100_1477281354,True,100_1477281354.jpg,100_1477281354.jpg,1,100,,True
1-coins/100_1477281360.json,100_1477281360.json,100_1477281360,True,100_1477281360.jpg,100_1477281360.jpg,1,100,,True
1-coins/100_1477281366.json,100_1477281366.json,100_1477281366,True,100_1477281366.jpg,100_1477281366.jpg,1,100,,True
1-coins/100_1477281372.json,100_1477281372.json,100_1477281372,True,100_1477281372.jpg,100_1477281372.jpg,1,100,,True
1-coins/100_1477281378.json,100_1477281378.json,100_1477281378,True,100_1477281378.jpg,100_1477281378.jpg,1,100,,True
1-coins/100_1477281384.json,100_1477281384.json,100_1477281384,True,100_1477281384.jpg,100_1477281384.jpg,1,100,,True
1-coins/100_1477281390.json,100_1477281390.json,100_1477281390,True,100_1477281390.jpg,100_1477281390.jpg,1,100,,True
1-coins/100_1477281396.json,100_1477281396.json,100_1477281396,True,100_1477281396.jpg,100_1477281396.jpg,1,100,,True
1-coins/100_1477281402.json,100_1477281402.json,100_1477281402,True,100_1477281402.jpg,100_1477281402.jpg,1,100,,True
1-coins/100_1477281420.json,100_1477281420.json,100_1477281420,True,100_1477281420.jpg,100_1477281420.jpg,1,100,,True
1-coins/100_1477281426.json,100_1477281426.json,100_1477281426,True,100_1477281426.jpg,100_1477281426.jpg,1,100,,True
1-coins/100_1477281432.json,100_1477281432.json,100_1477281432,True,100_1477281432.jpg,100_1477281432.jpg,1,100,,True
1-coins/100_1477281438.json,100_1477281438.json,100_1477281438,True,100_1477281438.jpg,100_1477281438.jpg,1,100,,True
1-coins/100_1477281444.json,100_1477281444.json,100_1477281444,True,100_1477281444.jpg,100_1477281444.jpg,1,100,,True
1-coins/100_1477281450.json,100_1477281450.json,100_1477281450,True,100_1477281450.jpg,100_1477281450.jpg,1,100,,True
1-coins/100_1477281456.json,100_1477281456.json,100_1477281456,True,100_1477281456.jpg,100_1477281456.jpg,1,100,,True
1-coins/100_1477281462.json,100_1477281462.json,100_1477281462,True,100_1477281462.jpg,100_1477281462.jpg,1,100,,True
1-coins/100_1477281468.json,100_1477281468.json,100_1477281468,True,100_1477281468.jpg,100_1477281468.jpg,1,100,,True
1-coins/100_1477281474.json,100_1477281474.json,100_1477281474,True,100_1477281474.jpg,100_1477281474.jpg,1,100,,True
1-coins/100_1477281480.json,100_1477281480.json,100_1477281480,True,100_1477281480.jpg,100_1477281480.jpg,1,100,,True
1-coins/100_1477281486.json,100_1477281486.json,100_1477281486,True,100_1477281486.jpg,100_1477281486.jpg,1,100,,True
1-coins/100_1477281492.json,100_1477281492.json,100_1477281492,True,100_1477281492.jpg,100_1477281492.jpg,1,100,,True
1-coins/100_1477281498.json,100_1477281498.json,100_1477281498,True,100_1477281498.jpg,100_1477281498.jpg,1,100,,True
1-coins/100_1477281504.json,100_1477281504.json,100_1477281504,True,100_1477281504.jpg,100_1477281504.jpg,1,100,,True
1-coins/100_1477281510.json,100_1477281510.json,100_1477281510,True,100_1477281510.jpg,100_1477281510.jpg,1,100,,True
1-coins/100_1477281516.json,100_1477281516.json,100_1477281516,True,100_1477281516.jpg,100_1477281516.jpg,1,100,,True
1-coins/100_1477281522.json,100_1477281522.json,100_1477281522,True,100_1477281522.jpg,100_1477281522.jpg,1,100,,True
1-coins/100_1477281528.json,100_1477281528.json,100_1477281528,True,100_1477281528.jpg,100_1477281528.jpg,1,100,,True
1-coins/100_1477281534.json,100_1477281534.json,100_1477281534,True,100_1477281534.jpg,100_1477281534.jpg,1,100,,True
1-coins/100_1477281540.json,100_1477281540.json,100_1477281540,True,100_1477281540.jpg,100_1477281540.jpg,1,100,,True
1-coins/100_1477281546.json,100_1477281546.json,100_1477281546,True,100_1477281546.jpg,100_1477281546.jpg,1,100,,True
1-coins/100_1477281552.json,100_1477281552.json,100_1477281552,True,100_1477281552.jpg,100_1477281552.jpg,1,100,,True
1-coins/100_1477281558.json,100_1477281558.json,100_1477281558,True,100_1477281558.jpg,100_1477281558.jpg,1,100,,True
1-coins/100_1477281564.json,100_1477281564.json,100_1477281564,True,100_1477281564.jpg,100_1477281564.jpg,1,100,,True
1-coins/100_1477281570.json,100_1477281570.json,100_1477281570,True,100_1477281570.jpg,100_1477281570.jpg,1,100,,True
1-coins/100_1477281576.json,100_1477281576.json,100_1477281576,True,100_1477281576.jpg,100_1477281576.jpg,1,100,,True
1-coins/100_1477281582.json,100_1477281582.json,100_1477281582,True,100_1477281582.jpg,100_1477281582.jpg,1,100,,True
1-coins/100_1477281588.json,100_1477281588.json,100_1477281588,True,100_1477281588.jpg,100_1477281588.jpg,1,100,,True
1-coins/100_1477281594.json,100_1477281594.json,100_1477281594,True,100_1477281594.jpg,100_1477281594.jpg,1,100,,True
1-coins/100_1477281612.json,100_1477281612.json,100_1477281612,True,100_1477281612.jpg,100_1477281612.jpg,1,100,,True
1-coins/100_1477281618.json,100_1477281618.json,100_1477281618,True,100_1477281618.jpg,100_1477281618.jpg,1,100,,True
1-coins/100_1477281624.json,100_1477281624.json,100_1477281624,True,100_1477281624.jpg,100_1477281624.jpg,1,100,,True
1-coins/100_1477281630.json,100_1477281630.json,100_1477281630,True,100_1477281630.jpg,100_1477281630.jpg,1,100,,True
1-coins/100_1477281636.json,100_1477281636.json,100_1477281636,True,100_1477281636.jpg,100_1477281636.jpg,1,100,,True
1-coins/100_1477281642.json,100_1477281642.json,100_1477281642,True,100_1477281642.jpg,100_1477281642.jpg,1,100,,True
1-coins/100_1477281648.json,100_1477281648.json,100_1477281648,True,100_1477281648.jpg,100_1477281648.jpg,1,100,,True
1-coins/100_1477281654.json,100_1477281654.json,100_1477281654,True,100_1477281654.jpg,100_1477281654.jpg,1,100,,True
1-coins/100_1477281660.json,100_1477281660.json,100_1477281660,True,100_1477281660.jpg,100_1477281660.jpg,1,100,,True
1-coins/100_1477281666.json,100_1477281666.json,100_1477281666,True,100_1477281666.jpg,100_1477281666.jpg,1,100,,True
1-coins/100_1477281672.json,100_1477281672.json,100_1477281672,True,100_1477281672.jpg,100_1477281672.jpg,1,100,,True
1-coins/100_1477281678.json,100_1477281678.json,100_1477281678,True,100_1477281678.jpg,100_1477281678.jpg,1,100,,True
1-coins/100_1477281684.json,100_1477281684.json,100_1477281684,True,100_1477281684.jpg,100_1477281684.jpg,1,100,,True
1-coins/100_1477281690.json,100_1477281690.json,100_1477281690,True,100_1477281690.jpg,100_1477281690.jpg,1,100,,True
1-coins/100_1477281696.json,100_1477281696.json,100_1477281696,True,100_1477281696.jpg,100_1477281696.jpg,1,100,,True
1-coins/100_1477281702.json,100_1477281702.json,100_1477281702,True,100_1477281702.jpg,100_1477281702.jpg,1,100,,True
1-coins/100_1477281708.json,100_1477281708.json,100_1477281708,True,100_1477281708.jpg,100_1477281708.jpg,1,100,,True
1-coins/100_1477281714.json,100_1477281714.json,100_1477281714,True,100_1477281714.jpg,100_1477281714.jpg,1,100,,True
1-coins/100_1477281720.json,100_1477281720.json,100_1477281720,True,100_1477281720.jpg,100_1477281720.jpg,1,100,,True
1-coins/100_1477281726.json,100_1477281726.json,100_1477281726,True,100_1477281726.jpg,100_1477281726.jpg,1,100,,True
1-coins/100_1477281732.json,100_1477281732.json,100_1477281732,True,100_1477281732.jpg,100_1477281732.jpg,1,100,,True
1-coins/100_1477281738.json,100_1477281738.json,100_1477281738,True,100_1477281738.jpg,100_1477281738.jpg,1,100,,True
1-coins/100_1477281744.json,100_1477281744.json,100_1477281744,True,100_1477281744.jpg,100_1477281744.jpg,1,100,,True
1-coins/100_1477281750.json,100_1477281750.json,100_1477281750,True,100_1477281750.jpg,100_1477281750.jpg,1,100,,True
1-coins/100_1477281756.json,100_1477281756.json,100_1477281756,True,100_1477281756.jpg,100_1477281756.jpg,1,100,,True
1-coins/100_1477281762.json,100_1477281762.json,100_1477281762,True,100_1477281762.jpg,100_1477281762.jpg,1,100,,True
1-coins/100_1477281768.json,100_1477281768.json,100_1477281768,True,100_1477281768.jpg,100_1477281768.jpg,1,100,,True
1-coins/100_1477281774.json,100_1477281774.json,100_1477281774,True,100_1477281774.jpg,100_1477281774.jpg,1,100,,True
1-coins/100_1477281780.json,100_1477281780.json,100_1477281780,True,100_1477281780.jpg,100_1477281780.jpg,1,100,,True
1-coins/100_1477281786.json,100_1477281786.json,100_1477281786,True,100_1477281786.jpg,100_1477281786.jpg,1,100,,True
1-coins/100_1477858104.json,100_1477858104.json,100_1477858104,True,100_1477858104.jpg,100_1477858104.jpg,5,10|25|5|50,,True
1-coins/100_1477858110.json,100_1477858110.json,100_1477858110,True,100_1477858110.jpg,100_1477858110.jpg,5,10|25|5|50,,True
1-coins/100_1477858116.json,100_1477858116.json,100_1477858116,True,100_1477858116.jpg,100_1477858116.jpg,5,10|25|5|50,,True
1-coins/100_1477858122.json,100_1477858122.json,100_1477858122,True,100_1477858122.jpg,100_1477858122.jpg,5,10|25|5|50,,True
1-coins/100_1477858128.json,100_1477858128.json,100_1477858128,True,100_1477858128.jpg,100_1477858128.jpg,5,10|25|5|50,,True
1-coins/100_1477858134.json,100_1477858134.json,100_1477858134,True,100_1477858134.jpg,100_1477858134.jpg,5,10|25|5|50,,True
1-coins/100_1477858140.json,100_1477858140.json,100_1477858140,True,100_1477858140.jpg,100_1477858140.jpg,5,10|25|5|50,,True
1-coins/100_1477858146.json,100_1477858146.json,100_1477858146,True,100_1477858146.jpg,100_1477858146.jpg,5,10|25|5|50,,True
1-coins/100_1477858152.json,100_1477858152.json,100_1477858152,True,100_1477858152.jpg,100_1477858152.jpg,5,10|25|5|50,,True
1-coins/100_1477858158.json,100_1477858158.json,100_1477858158,True,100_1477858158.jpg,100_1477858158.jpg,5,10|25|5|50,,True
1-coins/100_1477858164.json,100_1477858164.json,100_1477858164,True,100_1477858164.jpg,100_1477858164.jpg,5,10|25|5|50,,True
1-coins/100_1477858170.json,100_1477858170.json,100_1477858170,True,100_1477858170.jpg,100_1477858170.jpg,5,10|25|5|50,,True
1-coins/100_1477858176.json,100_1477858176.json,100_1477858176,True,100_1477858176.jpg,100_1477858176.jpg,5,10|25|5|50,,True
1-coins/100_1477858182.json,100_1477858182.json,100_1477858182,True,100_1477858182.jpg,100_1477858182.jpg,5,10|25|5|50,,True
1-coins/100_1477858188.json,100_1477858188.json,100_1477858188,True,100_1477858188.jpg,100_1477858188.jpg,5,10|25|5|50,,True
1-coins/100_1477858194.json,100_1477858194.json,100_1477858194,True,100_1477858194.jpg,100_1477858194.jpg,5,10|25|5|50,,True
1-coins/100_1477858200.json,100_1477858200.json,100_1477858200,True,100_1477858200.jpg,100_1477858200.jpg,5,10|25|5|50,,True
1-coins/100_1477858206.json,100_1477858206.json,100_1477858206,True,100_1477858206.jpg,100_1477858206.jpg,5,10|25|5|50,,True
1-coins/100_1477858212.json,100_1477858212.json,100_1477858212,True,100_1477858212.jpg,100_1477858212.jpg,5,10|25|5|50,,True
1-coins/100_1477858218.json,100_1477858218.json,100_1477858218,True,100_1477858218.jpg,100_1477858218.jpg,5,10|25|5|50,,True
1-coins/100_1477858224.json,100_1477858224.json,100_1477858224,True,100_1477858224.jpg,100_1477858224.jpg,5,10|25|5|50,,True
1-coins/100_1477858230.json,100_1477858230.json,100_1477858230,True,100_1477858230.jpg,100_1477858230.jpg,5,10|25|5|50,,True
1-coins/100_1477858236.json,100_1477858236.json,100_1477858236,True,100_1477858236.jpg,100_1477858236.jpg,5,10|25|5|50,,True
1-coins/100_1477858242.json,100_1477858242.json,100_1477858242,True,100_1477858242.jpg,100_1477858242.jpg,5,10|25|5|50,,True
1-coins/100_1477858248.json,100_1477858248.json,100_1477858248,True,100_1477858248.jpg,100_1477858248.jpg,5,10|25|5|50,,True
1-coins/100_1477858254.json,100_1477858254.json,100_1477858254,True,100_1477858254.jpg,100_1477858254.jpg,5,10|25|5|50,,True
1-coins/100_1477858260.json,100_1477858260.json,100_1477858260,True,100_1477858260.jpg,100_1477858260.jpg,6,10|25|5|50,,True
1-coins/100_1477858266.json,100_1477858266.json,100_1477858266,True,100_1477858266.jpg,100_1477858266.jpg,6,10|25|5|50,,True
1-coins/100_1477858272.json,100_1477858272.json,100_1477858272,True,100_1477858272.jpg,100_1477858272.jpg,6,10|25|5|50,,True
1-coins/100_1477858278.json,100_1477858278.json,100_1477858278,True,100_1477858278.jpg,100_1477858278.jpg,6,10|25|5|50,,True
1-coins/100_1477858284.json,100_1477858284.json,100_1477858284,True,100_1477858284.jpg,100_1477858284.jpg,6,10|25|5|50,,True
1-coins/100_1477858620.json,100_1477858620.json,100_1477858620,True,100_1477858620.jpg,100_1477858620.jpg,6,10|25|5|50,,True
1-coins/100_1477858626.json,100_1477858626.json,100_1477858626,True,100_1477858626.jpg,100_1477858626.jpg,6,10|25|5|50,,True
1-coins/100_1477858632.json,100_1477858632.json,100_1477858632,True,100_1477858632.jpg,100_1477858632.jpg,6,10|25|5|50,,True
1-coins/100_1477858638.json,100_1477858638.json,100_1477858638,True,100_1477858638.jpg,100_1477858638.jpg,6,10|25|5|50,,True
1-coins/100_1477858644.json,100_1477858644.json,100_1477858644,True,100_1477858644.jpg,100_1477858644.jpg,5,10|25|5|50,,True
1-coins/100_1477858650.json,100_1477858650.json,100_1477858650,True,100_1477858650.jpg,100_1477858650.jpg,5,10|25|5|50,,True
1-coins/100_1477858656.json,100_1477858656.json,100_1477858656,True,100_1477858656.jpg,100_1477858656.jpg,5,10|25|5|50,,True
1-coins/100_1477858662.json,100_1477858662.json,100_1477858662,True,100_1477858662.jpg,100_1477858662.jpg,5,10|25|5|50,,True
1-coins/100_1477858668.json,100_1477858668.json,100_1477858668,True,100_1477858668.jpg,100_1477858668.jpg,5,10|25|5|50,,True
1-coins/100_1477858674.json,100_1477858674.json,100_1477858674,True,100_1477858674.jpg,100_1477858674.jpg,5,10|25|5|50,,True
1-coins/100_1477858680.json,100_1477858680.json,100_1477858680,True,100_1477858680.jpg,100_1477858680.jpg,5,10|25|5|50,,True
1-coins/100_1477858686.json,100_1477858686.json,100_1477858686,True,100_1477858686.jpg,100_1477858686.jpg,5,10|25|5|50,,True
1-coins/100_1477858692.json,100_1477858692.json,100_1477858692,True,100_1477858692.jpg,100_1477858692.jpg,5,10|25|5|50,,True
1-coins/100_1477858698.json,100_1477858698.json,100_1477858698,True,100_1477858698.jpg,100_1477858698.jpg,5,10|25|5|50,,True
1-coins/100_1477858704.json,100_1477858704.json,100_1477858704,True,100_1477858254.jpg,100_1477858254.jpg,5,10|25|5|50,,True
1-coins/100_1477858710.json,100_1477858710.json,100_1477858710,True,100_1477858710.jpg,100_1477858710.jpg,5,10|25|5|50,,True
1-coins/100_1477858716.json,100_1477858716.json,100_1477858716,True,100_1477858716.jpg,100_1477858716.jpg,5,10|25|5|50,,True
1-coins/100_1477858722.json,100_1477858722.json,100_1477858722,True,100_1477858722.jpg,100_1477858722.jpg,5,10|25|5|50,,True
1-coins/100_1477858728.json,100_1477858728.json,100_1477858728,True,100_1477858728.jpg,100_1477858728.jpg,5,10|25|5|50,,True
1-coins/100_1477858734.json,100_1477858734.json,100_1477858734,True,100_1477858734.jpg,100_1477858734.jpg,5,10|25|5|50,,True
1-coins/100_1477858740.json,100_1477858740.json,100_1477858740,True,100_1477858740.jpg,100_1477858740.jpg,5,10|25|5|50,,True
1-coins/100_1477858746.json,100_1477858746.json,100_1477858746,True,100_1477858746.jpg,100_1477858746.jpg,5,10|25|5|50,,True
1-coins/100_1477858752.json,100_1477858752.json,100_1477858752,True,100_1477858752.jpg,100_1477858752.jpg,5,10|25|5|50,,True
1-coins/100_1477858758.json,100_1477858758.json,100_1477858758,True,100_1477858758.jpg,100_1477858758.jpg,5,10|25|5|50,,True
1-coins/100_1477858764.json,100_1477858764.json,100_1477858764,True,100_1477858764.jpg,100_1477858764.jpg,5,10|25|5|50,,True
1-coins/100_1477858770.json,100_1477858770.json,100_1477858770,True,100_1477858770.jpg,100_1477858770.jpg,5,10|25|5|50,,True
1-coins/100_1477858776.json,100_1477858776.json,100_1477858776,True,100_1477858776.jpg,100_1477858776.jpg,5,10|25|5|50,,True
1-coins/100_1477858782.json,100_1477858782.json,100_1477858782,True,100_1477858782.jpg,100_1477858782.jpg,5,10|25|5|50,,True
1-coins/100_1477858788.json,100_1477858788.json,100_1477858788,True,100_1477858788.jpg,100_1477858788.jpg,5,10|25|5|50,,True
1-coins/100_1477858794.json,100_1477858794.json,100_1477858794,True,100_1477858794.jpg,100_1477858794.jpg,5,10|25|5|50,,True
1-coins/100_1477858830.json,100_1477858830.json,100_1477858830,True,100_1477858830.jpg,100_1477858830.jpg,3,25|50,,True
1-coins/100_1477858836.json,100_1477858836.json,100_1477858836,True,100_1477858836.jpg,100_1477858836.jpg,3,25|50,,True
1-coins/100_1477858842.json,100_1477858842.json,100_1477858842,True,100_1477858842.jpg,100_1477858842.jpg,3,25|50,,True
1-coins/100_1477858848.json,100_1477858848.json,100_1477858848,True,100_1477858848.jpg,100_1477858848.jpg,3,25|50,,True
1-coins/100_1477858854.json,100_1477858854.json,100_1477858854,True,100_1477858854.jpg,100_1477858854.jpg,3,25|50,,True
1-coins/100_1477858860.json,100_1477858860.json,100_1477858860,True,100_1477858860.jpg,100_1477858860.jpg,3,25|50,,True
1-coins/100_1477858866.json,100_1477858866.json,100_1477858866,True,100_1477858866.jpg,100_1477858866.jpg,3,25|50,,True
1-coins/100_1477858872.json,100_1477858872.json,100_1477858872,True,100_1477858872.jpg,100_1477858872.jpg,3,25|50,,True
1-coins/100_1477858878.json,100_1477858878.json,100_1477858878,True,100_1477858878.jpg,100_1477858878.jpg,3,25|50,,True
1-coins/100_1477858884.json,100_1477858884.json,100_1477858884,True,100_1477858884.jpg,100_1477858884.jpg,3,25|50,,True
1-coins/100_1477858890.json,100_1477858890.json,100_1477858890,True,100_1477858890.jpg,100_1477858890.jpg,3,25|50,,True
1-coins/100_1477858896.json,100_1477858896.json,100_1477858896,True,100_1477858896.jpg,100_1477858896.jpg,3,25|50,,True
1-coins/100_1477858902.json,100_1477858902.json,100_1477858902,True,100_1477858902.jpg,100_1477858902.jpg,3,25|50,,True
1-coins/100_1477858908.json,100_1477858908.json,100_1477858908,True,100_1477858908.jpg,100_1477858908.jpg,3,25|50,,True
1-coins/100_1477858914.json,100_1477858914.json,100_1477858914,True,100_1477858914.jpg,100_1477858914.jpg,3,25|50,,True
1-coins/100_1477858920.json,100_1477858920.json,100_1477858920,True,100_1477858920.jpg,100_1477858920.jpg,3,25|50,,True
1-coins/100_1477858926.json,100_1477858926.json,100_1477858926,True,100_1477858926.jpg,100_1477858926.jpg,3,25|50,,True
1-coins/100_1477858932.json,100_1477858932.json,100_1477858932,True,100_1477858932.jpg,100_1477858932.jpg,3,25|50,,True
1-coins/100_1477858938.json,100_1477858938.json,100_1477858938,True,100_1477858938.jpg,100_1477858938.jpg,3,25|50,,True
1-coins/100_1477858944.json,100_1477858944.json,100_1477858944,True,100_1477858944.jpg,100_1477858944.jpg,3,25|50,,True
1-coins/100_1477858950.json,100_1477858950.json,100_1477858950,True,100_1477858950.jpg,100_1477858950.jpg,3,25|50,,True
1-coins/100_1477858956.json,100_1477858956.json,100_1477858956,True,100_1477858956.jpg,100_1477858956.jpg,2,50,,True
1-coins/100_1477858962.json,100_1477858962.json,100_1477858962,True,100_1477858962.jpg,100_1477858962.jpg,2,50,,True
1-coins/100_1477858968.json,100_1477858968.json,100_1477858968,True,100_1477858968.jpg,100_1477858968.jpg,2,50,,True
1-coins/100_1477858974.json,100_1477858974.json,100_1477858974,True,100_1477858974.jpg,100_1477858974.jpg,2,50,,True
1-coins/100_1477858980.json,100_1477858980.json,100_1477858980,True,100_1477858980.jpg,100_1477858980.jpg,2,50,,True
1-coins/100_1477858986.json,100_1477858986.json,100_1477858986,True,100_1477858986.jpg,100_1477858986.jpg,2,50,,True
1-coins/100_1477858992.json,100_1477858992.json,100_1477858992,True,100_1477858992.jpg,100_1477858992.jpg,2,50,,True
1-coins/100_1477858998.json,100_1477858998.json,100_1477858998,True,100_1477858998.jpg,100_1477858998.jpg,2,50,,True
1-coins/100_1477859004.json,100_1477859004.json,100_1477859004,True,100_1477859004.jpg,100_1477859004.jpg,2,50,,True
1-coins/100_1477860546.json,100_1477860546.json,100_1477860546,True,100_1477860546.jpg,100_1477860546.jpg,10,10,,True
1-coins/100_1477860552.json,100_1477860552.json,100_1477860552,True,100_1477860552.jpg,100_1477860552.jpg,10,10,,True
1-coins/100_1477860558.json,100_1477860558.json,100_1477860558,True,100_1477860558.jpg,100_1477860558.jpg,10,10,,True
1-coins/100_1477860564.json,100_1477860564.json,100_1477860564,True,100_1477860564.jpg,100_1477860564.jpg,10,10,,True
1-coins/100_1477860570.json,100_1477860570.json,100_1477860570,True,100_1477860570.jpg,100_1477860570.jpg,10,10,,True
1-coins/100_1477860576.json,100_1477860576.json,100_1477860576,True,100_1477860576.jpg,100_1477860576.jpg,10,10,,True
1-coins/100_1477860582.json,100_1477860582.json,100_1477860582,True,100_1477860582.jpg,100_1477860582.jpg,10,10,,True
1-coins/100_1477860588.json,100_1477860588.json,100_1477860588,True,100_1477860588.jpg,100_1477860588.jpg,10,10,,True
1-coins/100_1477860594.json,100_1477860594.json,100_1477860594,True,100_1477860594.jpg,100_1477860594.jpg,10,10,,True
1-coins/100_1477860600.json,100_1477860600.json,100_1477860600,True,100_1477860600.jpg,100_1477860600.jpg,10,10,,True
1-coins/100_1477860606.json,100_1477860606.json,100_1477860606,True,100_1477860606.jpg,100_1477860606.jpg,10,10,,True
1-coins/100_1477860612.json,100_1477860612.json,100_1477860612,True,100_1477860612.jpg,100_1477860612.jpg,10,10,,True
1-coins/100_1477860618.json,100_1477860618.json,100_1477860618,True,100_1477860618.jpg,100_1477860618.jpg,10,10,,True
1-coins/100_1477860624.json,100_1477860624.json,100_1477860624,True,100_1477860624.jpg,100_1477860624.jpg,10,10,,True
1-coins/100_1477860630.json,100_1477860630.json,100_1477860630,True,100_1477860630.jpg,100_1477860630.jpg,10,10,,True
1-coins/100_1477860636.json,100_1477860636.json,100_1477860636,True,100_1477860636.jpg,100_1477860636.jpg,10,10,,True
1-coins/100_1477860642.json,100_1477860642.json,100_1477860642,True,100_1477860642.jpg,100_1477860642.jpg,10,10,,True
1-coins/100_1477860648.json,100_1477860648.json,100_1477860648,True,100_1477860648.jpg,100_1477860648.jpg,10,10,,True
1-coins/100_1477860654.json,100_1477860654.json,100_1477860654,True,100_1477860654.jpg,100_1477860654.jpg,10,10,,True
1-coins/100_1477860660.json,100_1477860660.json,100_1477860660,True,100_1477860660.jpg,100_1477860660.jpg,10,10,,True
1-coins/100_1477860666.json,100_1477860666.json,100_1477860666,True,100_1477860666.jpg,100_1477860666.jpg,10,10,,True
1-coins/100_1477860672.json,100_1477860672.json,100_1477860672,True,100_1477860672.jpg,100_1477860672.jpg,10,10,,True
1-coins/100_1477860678.json,100_1477860678.json,100_1477860678,True,100_1477860678.jpg,100_1477860678.jpg,10,10,,True
1-coins/100_1477860684.json,100_1477860684.json,100_1477860684,True,100_1477860684.jpg,100_1477860684.jpg,10,10,,True
1-coins/100_1477860690.json,100_1477860690.json,100_1477860690,True,100_1477860690.jpg,100_1477860690.jpg,10,10,,True
1-coins/100_1477860696.json,100_1477860696.json,100_1477860696,True,100_1477860696.jpg,100_1477860696.jpg,10,10,,True
1-coins/100_1477860702.json,100_1477860702.json,100_1477860702,True,100_1477860702.jpg,100_1477860702.jpg,10,10,,True
1-coins/100_1477860708.json,100_1477860708.json,100_1477860708,True,100_1477860708.jpg,100_1477860708.jpg,10,10,,True
1-coins/100_1477860714.json,100_1477860714.json,100_1477860714,True,100_1477860714.jpg,100_1477860714.jpg,10,10,,True
1-coins/100_1477860720.json,100_1477860720.json,100_1477860720,True,100_1477860720.jpg,100_1477860720.jpg,10,10,,True
1-coins/100_1477860774.json,100_1477860774.json,100_1477860774,True,100_1477860774.jpg,100_1477860774.jpg,11,10|5,,True
1-coins/100_1477860780.json,100_1477860780.json,100_1477860780,True,100_1477860780.jpg,100_1477860780.jpg,11,10|5,,True
1-coins/100_1477860786.json,100_1477860786.json,100_1477860786,True,100_1477860786.jpg,100_1477860786.jpg,11,10|5,,True
1-coins/100_1477860792.json,100_1477860792.json,100_1477860792,True,100_1477860792.jpg,100_1477860792.jpg,11,10|5,,True
1-coins/100_1477860798.json,100_1477860798.json,100_1477860798,True,100_1477860798.jpg,100_1477860798.jpg,11,10|5,,True
1-coins/100_1477860804.json,100_1477860804.json,100_1477860804,True,100_1477860804.jpg,100_1477860804.jpg,11,10|5,,True
1-coins/100_1477860810.json,100_1477860810.json,100_1477860810,True,100_1477860810.jpg,100_1477860810.jpg,11,10|5,,True
1-coins/100_1477860816.json,100_1477860816.json,100_1477860816,True,100_1477860816.jpg,100_1477860816.jpg,11,10|5,,True
1-coins/100_1477860822.json,100_1477860822.json,100_1477860822,True,100_1477860822.jpg,100_1477860822.jpg,11,10|5,,True
1-coins/100_1477860828.json,100_1477860828.json,100_1477860828,True,100_1477860828.jpg,100_1477860828.jpg,11,10|5,,True
1-coins/100_1477860834.json,100_1477860834.json,100_1477860834,True,100_1477860834.jpg,100_1477860834.jpg,11,10|5,,True
1-coins/100_1477860840.json,100_1477860840.json,100_1477860840,True,100_1477860840.jpg,100_1477860840.jpg,11,10|5,,True
1-coins/100_1477860846.json,100_1477860846.json,100_1477860846,True,100_1477860846.jpg,100_1477860846.jpg,11,10|5,,True
1-coins/100_1477860852.json,100_1477860852.json,100_1477860852,True,100_1477860852.jpg,100_1477860852.jpg,11,10|5,,True
1-coins/100_1477860858.json,100_1477860858.json,100_1477860858,True,100_1477860858.jpg,100_1477860858.jpg,11,10|5,,True
1-coins/100_1477860864.json,100_1477860864.json,100_1477860864,True,100_1477860864.jpg,100_1477860864.jpg,11,10|5,,True
1-coins/100_1477860870.json,100_1477860870.json,100_1477860870,True,100_1477860870.jpg,100_1477860870.jpg,11,10|5,,True
1-coins/100_1477860876.json,100_1477860876.json,100_1477860876,True,100_1477860876.jpg,100_1477860876.jpg,11,10|5,,True
1-coins/100_1477860882.json,100_1477860882.json,100_1477860882,True,100_1477860882.jpg,100_1477860882.jpg,11,10|5,,True
1-coins/100_1477860888.json,100_1477860888.json,100_1477860888,True,100_1477860888.jpg,100_1477860888.jpg,11,10|5,,True
1-coins/100_1477860894.json,100_1477860894.json,100_1477860894,True,100_1477860894.jpg,100_1477860894.jpg,11,10|5,,True
1-coins/100_1477860900.json,100_1477860900.json,100_1477860900,True,100_1477860900.jpg,100_1477860900.jpg,12,10|5,,True
1-coins/100_1477860906.json,100_1477860906.json,100_1477860906,True,100_1477860906.jpg,100_1477860906.jpg,12,10|5,,True
1-coins/100_1477860912.json,100_1477860912.json,100_1477860912,True,100_1477860912.jpg,100_1477860912.jpg,12,10|5,,True
1-coins/100_1477860918.json,100_1477860918.json,100_1477860918,True,100_1477860918.jpg,100_1477860918.jpg,12,10|5,,True
1-coins/100_1477860924.json,100_1477860924.json,100_1477860924,True,100_1477860924.jpg,100_1477860924.jpg,12,10|5,,True
1-coins/100_1477860930.json,100_1477860930.json,100_1477860930,True,100_1477860930.jpg,100_1477860930.jpg,12,10|5,,True
1-coins/100_1477860936.json,100_1477860936.json,100_1477860936,True,100_1477860936.jpg,100_1477860936.jpg,12,10|5,,True
1-coins/100_1477860942.json,100_1477860942.json,100_1477860942,True,100_1477860942.jpg,100_1477860942.jpg,12,10|5,,True
1-coins/100_1477860948.json,100_1477860948.json,100_1477860948,True,100_1477860948.jpg,100_1477860948.jpg,12,10|5,,True
1-coins/100_1477861038.json,100_1477861038.json,100_1477861038,True,100_1477861038.jpg,100_1477861038.jpg,13,10|5,,True
1-coins/100_1477861044.json,100_1477861044.json,100_1477861044,True,100_1477861044.jpg,100_1477861044.jpg,13,10|5,,True
1-coins/100_1477861050.json,100_1477861050.json,100_1477861050,True,100_1477861050.jpg,100_1477861050.jpg,13,10|5,,True
1-coins/100_1477861056.json,100_1477861056.json,100_1477861056,True,100_1477861056.jpg,100_1477861056.jpg,13,10|5,,True
1-coins/100_1477861062.json,100_1477861062.json,100_1477861062,True,100_1477861062.jpg,100_1477861062.jpg,13,10|5,,True
1-coins/100_1477861068.json,100_1477861068.json,100_1477861068,True,100_1477861068.jpg,100_1477861068.jpg,13,10|5,,True
1-coins/100_1477861074.json,100_1477861074.json,100_1477861074,True,100_1477861074.jpg,100_1477861074.jpg,13,10|5,,True
1-coins/100_1477861080.json,100_1477861080.json,100_1477861080,True,100_1477861080.jpg,100_1477861080.jpg,13,10|5,,True
1-coins/100_1477861086.json,100_1477861086.json,100_1477861086,True,100_1477861086.jpg,100_1477861086.jpg,13,10|5,,True
1-coins/100_1477861092.json,100_1477861092.json,100_1477861092,True,100_1477861092.jpg,100_1477861092.jpg,13,10|5,,True
1-coins/100_1477861098.json,100_1477861098.json,100_1477861098,True,100_1477861098.jpg,100_1477861098.jpg,13,10|5,,True
1-coins/100_1477861104.json,100_1477861104.json,100_1477861104,True,100_1477861104.jpg,100_1477861104.jpg,13,10|5,,True
1-coins/100_1477861110.json,100_1477861110.json,100_1477861110,True,100_1477861110.jpg,100_1477861110.jpg,13,10|5,,True
1-coins/100_1477861116.json,100_1477861116.json,100_1477861116,True,100_1477861116.jpg,100_1477861116.jpg,13,10|5,,True
1-coins/100_1477861122.json,100_1477861122.json,100_1477861122,True,100_1477861122.jpg,100_1477861122.jpg,13,10|5,,True
1-coins/100_1477861128.json,100_1477861128.json,100_1477861128,True,100_1477861128.jpg,100_1477861128.jpg,13,10|5,,True
1-coins/100_1477861134.json,100_1477861134.json,100_1477861134,True,100_1477861134.jpg,100_1477861134.jpg,13,10|5,,True
1-coins/100_1477861140.json,100_1477861140.json,100_1477861140,True,100_1477861140.jpg,100_1477861140.jpg,13,10|5,,True
1-coins/100_1477861146.json,100_1477861146.json,100_1477861146,True,100_1477861146.jpg,100_1477861146.jpg,13,10|5,,True
1-coins/100_1477861152.json,100_1477861152.json,100_1477861152,True,100_1477861152.jpg,100_1477861152.jpg,13,10|5,,True
1-coins/100_1477861158.json,100_1477861158.json,100_1477861158,True,100_1477861158.jpg,100_1477861158.jpg,13,10|5,,True
1-coins/100_1477861164.json,100_1477861164.json,100_1477861164,True,100_1477861164.jpg,100_1477861164.jpg,13,10|5,,True
1-coins/100_1477861170.json,100_1477861170.json,100_1477861170,True,100_1477861170.jpg,100_1477861170.jpg,13,10|5,,True
1-coins/100_1477861176.json,100_1477861176.json,100_1477861176,True,100_1477861176.jpg,100_1477861176.jpg,13,10|5,,True
1-coins/100_1477861182.json,100_1477861182.json,100_1477861182,True,100_1477861182.jpg,100_1477861182.jpg,13,10|5,,True
1-coins/100_1477861188.json,100_1477861188.json,100_1477861188,True,100_1477861188.jpg,100_1477861188.jpg,13,10|5,,True
1-coins/100_1477861194.json,100_1477861194.json,100_1477861194,True,100_1477861194.jpg,100_1477861194.jpg,13,10|5,,True
1-coins/100_1477861200.json,100_1477861200.json,100_1477861200,True,100_1477861200.jpg,100_1477861200.jpg,13,10|5,,True
1-coins/100_1477861206.json,100_1477861206.json,100_1477861206,True,100_1477861206.jpg,100_1477861206.jpg,13,10|5,,True
1-coins/100_1477861212.json,100_1477861212.json,100_1477861212,True,100_1477861212.jpg,100_1477861212.jpg,13,10|5,,True
1-coins/100_1477861296.json,100_1477861296.json,100_1477861296,True,100_1477861296.jpg,100_1477861296.jpg,11,10|25|5,,True
1-coins/100_1477861302.json,100_1477861302.json,100_1477861302,True,100_1477861302.jpg,100_1477861302.jpg,11,10|25|5,,True
1-coins/100_1477861308.json,100_1477861308.json,100_1477861308,True,100_1477861308.jpg,100_1477861308.jpg,11,10|25|5,,True
1-coins/100_1477861314.json,100_1477861314.json,100_1477861314,True,100_1477861314.jpg,100_1477861314.jpg,11,10|25|5,,True
1-coins/100_1477861320.json,100_1477861320.json,100_1477861320,True,100_1477861320.jpg,100_1477861320.jpg,11,10|25|5,,True
1-coins/100_1477861326.json,100_1477861326.json,100_1477861326,True,100_1477861326.jpg,100_1477861326.jpg,11,10|25|5,,True
1-coins/100_1477861332.json,100_1477861332.json,100_1477861332,True,100_1477861332.jpg,100_1477861332.jpg,11,10|25|5,,True
1-coins/100_1477861338.json,100_1477861338.json,100_1477861338,True,100_1477861338.jpg,100_1477861338.jpg,11,10|25|5,,True
1-coins/100_1477861344.json,100_1477861344.json,100_1477861344,True,100_1477861344.jpg,100_1477861344.jpg,11,10|25|5,,True
1-coins/100_1477861350.json,100_1477861350.json,100_1477861350,True,100_1477861350.jpg,100_1477861350.jpg,11,10|25|5,,True
1-coins/100_1477861356.json,100_1477861356.json,100_1477861356,True,100_1477861356.jpg,100_1477861356.jpg,11,10|25|5,,True
1-coins/100_1477861362.json,100_1477861362.json,100_1477861362,True,100_1477861362.jpg,100_1477861362.jpg,11,10|25|5,,True
1-coins/100_1477861368.json,100_1477861368.json,100_1477861368,True,100_1477861368.jpg,100_1477861368.jpg,11,10|25|5,,True
1-coins/100_1477861374.json,100_1477861374.json,100_1477861374,True,100_1477861374.jpg,100_1477861374.jpg,11,10|25|5,,True
1-coins/100_1477861380.json,100_1477861380.json,100_1477861380,True,100_1477861380.jpg,100_1477861380.jpg,11,10|25|5,,True
1-coins/100_1477861386.json,100_1477861386.json,100_1477861386,True,100_1477861386.jpg,100_1477861386.jpg,11,10|25|5,,True
1-coins/100_1477861392.json,100_1477861392.json,100_1477861392,True,100_1477861392.jpg,100_1477861392.jpg,11,10|25|5,,True
1-coins/100_1477861398.json,100_1477861398.json,100_1477861398,True,100_1477861398.jpg,100_1477861398.jpg,11,10|25|5,,True
1-coins/100_1477861404.json,100_1477861404.json,100_1477861404,True,100_1477861404.jpg,100_1477861404.jpg,11,10|25|5,,True
1-coins/100_1477861410.json,100_1477861410.json,100_1477861410,True,100_1477861410.jpg,100_1477861410.jpg,9,10|25|5,,True
1-coins/100_1477861416.json,100_1477861416.json,100_1477861416,True,100_1477861416.jpg,100_1477861416.jpg,9,10|25|5,,True
1-coins/100_1477861422.json,100_1477861422.json,100_1477861422,True,100_1477861422.jpg,100_1477861422.jpg,9,10|25|5,,True
1-coins/100_1477861428.json,100_1477861428.json,100_1477861428,True,100_1477861428.jpg,100_1477861428.jpg,9,10|25|5,,True
1-coins/100_1477861434.json,100_1477861434.json,100_1477861434,True,100_1477861434.jpg,100_1477861434.jpg,9,10|25|5,,True
1-coins/100_1477861440.json,100_1477861440.json,100_1477861440,True,100_1477861440.jpg,100_1477861440.jpg,9,10|25|5,,True
1-coins/100_1477861446.json,100_1477861446.json,100_1477861446,True,100_1477861446.jpg,100_1477861446.jpg,9,10|25|5,,True
1-coins/105_1479344412.json,105_1479344412.json,105_1479344412,True,105_1479344412.jpg,105_1479344412.jpg,8,10|25|5,,True
1-coins/105_1479344418.json,105_1479344418.json,105_1479344418,True,105_1479344418.jpg,105_1479344418.jpg,8,10|25|5,,True
1-coins/105_1479344424.json,105_1479344424.json,105_1479344424,True,105_1479344424.jpg,105_1479344424.jpg,8,10|25|5,,True
1-coins/105_1479344430.json,105_1479344430.json,105_1479344430,True,105_1479344430.jpg,105_1479344430.jpg,8,10|25|5,,True
1-coins/105_1479344436.json,105_1479344436.json,105_1479344436,True,105_1479344436.jpg,105_1479344436.jpg,8,10|25|5,,True
1-coins/105_1479344442.json,105_1479344442.json,105_1479344442,True,105_1479344442.jpg,105_1479344442.jpg,8,10|25|5,,True
1-coins/105_1479344448.json,105_1479344448.json,105_1479344448,True,105_1479344448.jpg,105_1479344448.jpg,8,10|25|5,,True
1-coins/105_1479344454.json,105_1479344454.json,105_1479344454,True,105_1479344454.jpg,105_1479344454.jpg,8,10|25|5,,True
1-coins/105_1479344460.json,105_1479344460.json,105_1479344460,True,105_1479344460.jpg,105_1479344460.jpg,8,10|25|5,,True
1-coins/105_1479344466.json,105_1479344466.json,105_1479344466,True,105_1479344466.jpg,105_1479344466.jpg,8,10|25|5,,True
1-coins/105_1479344472.json,105_1479344472.json,105_1479344472,True,105_1479344472.jpg,105_1479344472.jpg,8,10|25|5,,True
1-coins/105_1479344478.json,105_1479344478.json,105_1479344478,True,105_1479344478.jpg,105_1479344478.jpg,8,10|25|5,,True
1-coins/105_1479344484.json,105_1479344484.json,105_1479344484,True,105_1479344484.jpg,105_1479344484.jpg,8,10|25|5,,True
1-coins/105_1479344490.json,105_1479344490.json,105_1479344490,True,105_1479344490.jpg,105_1479344490.jpg,8,10|25|5,,True
1-coins/105_1479344496.json,105_1479344496.json,105_1479344496,True,105_1479344496.jpg,105_1479344496.jpg,8,10|25|5,,True
1-coins/105_1479344502.json,105_1479344502.json,105_1479344502,True,105_1479344502.jpg,105_1479344502.jpg,8,10|25|5,,True
1-coins/105_1479344508.json,105_1479344508.json,105_1479344508,True,105_1479344508.jpg,105_1479344508.jpg,8,10|25|5,,True
1-coins/105_1479344514.json,105_1479344514.json,105_1479344514,True,105_1479344514.jpg,105_1479344514.jpg,8,10|25|5,,True
1-coins/105_1479344520.json,105_1479344520.json,105_1479344520,True,105_1479344520.jpg,105_1479344520.jpg,8,10|25|5,,True
1-coins/105_1479344526.json,105_1479344526.json,105_1479344526,True,105_1479344526.jpg,105_1479344526.jpg,8,10|25|5,,True
1-coins/105_1479344532.json,105_1479344532.json,105_1479344532,True,105_1479344532.jpg,105_1479344532.jpg,8,10|25|5,,True
1-coins/105_1479344538.json,105_1479344538.json,105_1479344538,True,105_1479344538.jpg,105_1479344538.jpg,8,10|25|5,,True
1-coins/105_1479344544.json,105_1479344544.json,105_1479344544,True,105_1479344544.jpg,105_1479344544.jpg,8,10|25|5,,True
1-coins/105_1479344550.json,105_1479344550.json,105_1479344550,True,105_1479344550.jpg,105_1479344550.jpg,8,10|25|5,,True
1-coins/105_1479344556.json,105_1479344556.json,105_1479344556,True,105_1479344556.jpg,105_1479344556.jpg,8,10|25|5,,True
1-coins/105_1479344562.json,105_1479344562.json,105_1479344562,True,105_1479344562.jpg,105_1479344562.jpg,8,10|25|5,,True
1-coins/105_1479344568.json,105_1479344568.json,105_1479344568,True,105_1479344568.jpg,105_1479344568.jpg,8,10|25|5,,True
1-coins/105_1479344574.json,105_1479344574.json,105_1479344574,True,105_1479344574.jpg,105_1479344574.jpg,8,10|25|5,,True
1-coins/105_1479344580.json,105_1479344580.json,105_1479344580,True,105_1479344580.jpg,105_1479344580.jpg,8,10|25|5,,True
1-coins/105_1479344586.json,105_1479344586.json,105_1479344586,True,105_1479344586.jpg,105_1479344586.jpg,8,10|25|5,,True
1-coins/105_1479344592.json,105_1479344592.json,105_1479344592,True,105_1479344592.jpg,105_1479344592.jpg,8,10|25|5,,True
1-coins/105_1479344688.json,105_1479344688.json,105_1479344688,True,105_1479344688.jpg,105_1479344688.jpg,7,10|5|50,,True
1-coins/105_1479344694.json,105_1479344694.json,105_1479344694,True,105_1479344694.jpg,105_1479344694.jpg,7,10|5|50,,True
1-coins/105_1479344700.json,105_1479344700.json,105_1479344700,True,105_1479344700.jpg,105_1479344700.jpg,7,10|5|50,,True
1-coins/105_1479344706.json,105_1479344706.json,105_1479344706,True,105_1479344706.jpg,105_1479344706.jpg,7,10|5|50,,True
1-coins/105_1479344712.json,105_1479344712.json,105_1479344712,True,105_1479344712.jpg,105_1479344712.jpg,7,10|5|50,,True
1-coins/105_1479344718.json,105_1479344718.json,105_1479344718,True,105_1479344718.jpg,105_1479344718.jpg,7,10|5|50,,True
1-coins/105_1479344724.json,105_1479344724.json,105_1479344724,True,105_1479344724.jpg,105_1479344724.jpg,7,10|5|50,,True
1-coins/105_1479344730.json,105_1479344730.json,105_1479344730,True,105_1479344730.jpg,105_1479344730.jpg,7,10|5|50,,True
1-coins/105_1479344736.json,105_1479344736.json,105_1479344736,True,105_1479344736.jpg,105_1479344736.jpg,7,10|5|50,,True
1-coins/105_1479344742.json,105_1479344742.json,105_1479344742,True,105_1479344742.jpg,105_1479344742.jpg,7,10|5|50,,True
1-coins/105_1479344748.json,105_1479344748.json,105_1479344748,True,105_1479344748.jpg,105_1479344748.jpg,7,10|5|50,,True
1-coins/105_1479344754.json,105_1479344754.json,105_1479344754,True,105_1479344754.jpg,105_1479344754.jpg,7,10|5|50,,True
1-coins/105_1479344760.json,105_1479344760.json,105_1479344760,True,105_1479344760.jpg,105_1479344760.jpg,7,10|5|50,,True
1-coins/105_1479344766.json,105_1479344766.json,105_1479344766,True,105_1479344766.jpg,105_1479344766.jpg,7,10|5|50,,True
1-coins/105_1479344772.json,105_1479344772.json,105_1479344772,True,105_1479344772.jpg,105_1479344772.jpg,7,10|5|50,,True
1-coins/105_1479344778.json,105_1479344778.json,105_1479344778,True,105_1479344778.jpg,105_1479344778.jpg,7,10|5|50,,True
1-coins/105_1479344784.json,105_1479344784.json,105_1479344784,True,105_1479344784.jpg,105_1479344784.jpg,7,10|5|50,,True
1-coins/105_1479344790.json,105_1479344790.json,105_1479344790,True,105_1479344790.jpg,105_1479344790.jpg,7,10|5|50,,True
1-coins/105_1479344796.json,105_1479344796.json,105_1479344796,True,105_1479344796.jpg,105_1479344796.jpg,3,5|50,,True
1-coins/105_1479344802.json,105_1479344802.json,105_1479344802,True,105_1479344802.jpg,105_1479344802.jpg,3,5|50,,True
1-coins/105_1479344808.json,105_1479344808.json,105_1479344808,True,105_1479344808.jpg,105_1479344808.jpg,3,5|50,,True
1-coins/105_1479344814.json,105_1479344814.json,105_1479344814,True,105_1479344814.jpg,105_1479344814.jpg,3,5|50,,True
1-coins/105_1479344820.json,105_1479344820.json,105_1479344820,True,105_1479344820.jpg,105_1479344820.jpg,3,5|50,,True
1-coins/105_1479344826.json,105_1479344826.json,105_1479344826,True,105_1479344826.jpg,105_1479344826.jpg,3,5|50,,True
1-coins/105_1479344832.json,105_1479344832.json,105_1479344832,True,105_1479344832.jpg,105_1479344832.jpg,3,5|50,,True
1-coins/105_1479344838.json,105_1479344838.json,105_1479344838,True,105_1479344838.jpg,105_1479344838.jpg,3,5|50,,True
1-coins/105_1479344844.json,105_1479344844.json,105_1479344844,True,105_1479344844.jpg,105_1479344844.jpg,3,5|50,,True
1-coins/105_1479344850.json,105_1479344850.json,105_1479344850,True,105_1479344850.jpg,105_1479344850.jpg,3,5|50,,True
1-coins/105_1479344856.json,105_1479344856.json,105_1479344856,True,105_1479344856.jpg,105_1479344856.jpg,3,5|50,,True
1-coins/105_1479344862.json,105_1479344862.json,105_1479344862,True,105_1479344862.jpg,105_1479344862.jpg,3,5|50,,True
1-coins/105_1479344916.json,105_1479344916.json,105_1479344916,True,105_1479344916.jpg,105_1479344916.jpg,2,100|5,,True
1-coins/105_1479344922.json,105_1479344922.json,105_1479344922,True,105_1479344922.jpg,105_1479344922.jpg,2,100|5,,True
1-coins/105_1479344928.json,105_1479344928.json,105_1479344928,True,105_1479344928.jpg,105_1479344928.jpg,2,100|5,,True
1-coins/105_1479344934.json,105_1479344934.json,105_1479344934,True,105_1479344934.jpg,105_1479344934.jpg,2,100|5,,True
1-coins/105_1479344940.json,105_1479344940.json,105_1479344940,True,105_1479344940.jpg,105_1479344940.jpg,2,100|5,,True
1-coins/105_1479344946.json,105_1479344946.json,105_1479344946,True,105_1479344946.jpg,105_1479344946.jpg,2,100|5,,True
1-coins/105_1479344952.json,105_1479344952.json,105_1479344952,True,105_1479344952.jpg,105_1479344952.jpg,2,100|5,,True
1-coins/105_1479344958.json,105_1479344958.json,105_1479344958,True,105_1479344958.jpg,105_1479344958.jpg,2,100|5,,True
1-coins/105_1479344964.json,105_1479344964.json,105_1479344964,True,105_1479344964.jpg,105_1479344964.jpg,2,100|5,,True
1-coins/105_1479344970.json,105_1479344970.json,105_1479344970,True,105_1479344970.jpg,105_1479344970.jpg,2,100|5,,True
1-coins/105_1479344976.json,105_1479344976.json,105_1479344976,True,105_1479344976.jpg,105_1479344976.jpg,2,100|5,,True
1-coins/105_1479344982.json,105_1479344982.json,105_1479344982,True,105_1479344982.jpg,105_1479344982.jpg,2,100|5,,True
1-coins/105_1479344988.json,105_1479344988.json,105_1479344988,True,105_1479344988.jpg,105_1479344988.jpg,2,100|5,,True
1-coins/105_1479344994.json,105_1479344994.json,105_1479344994,True,105_1479344994.jpg,105_1479344994.jpg,2,100|5,,True
1-coins/105_1479345000.json,105_1479345000.json,105_1479345000,True,105_1479345000.jpg,105_1479345000.jpg,2,100|5,,True
1-coins/105_1479345006.json,105_1479345006.json,105_1479345006,True,105_1479345006.jpg,105_1479345006.jpg,2,100|5,,True
1-coins/105_1479345012.json,105_1479345012.json,105_1479345012,True,105_1479345012.jpg,105_1479345012.jpg,2,100|5,,True
1-coins/105_1479345018.json,105_1479345018.json,105_1479345018,True,105_1479345018.jpg,105_1479345018.jpg,2,100|5,,True
1-coins/105_1479345024.json,105_1479345024.json,105_1479345024,True,105_1479345024.jpg,105_1479345024.jpg,2,100|5,,True
1-coins/105_1479345030.json,105_1479345030.json,105_1479345030,True,105_1479345030.jpg,105_1479345030.jpg,2,100|5,,True
1-coins/105_1479345036.json,105_1479345036.json,105_1479345036,True,105_1479345036.jpg,105_1479345036.jpg,2,100|5,,True
1-coins/105_1479345042.json,105_1479345042.json,105_1479345042,True,105_1479345042.jpg,105_1479345042.jpg,2,100|5,,True
1-coins/105_1479345048.json,105_1479345048.json,105_1479345048,True,105_1479345048.jpg,105_1479345048.jpg,2,100|5,,True
1-coins/105_1479345054.json,105_1479345054.json,105_1479345054,True,105_1479345054.jpg,105_1479345054.jpg,2,100|5,,True
1-coins/105_1479345060.json,105_1479345060.json,105_1479345060,True,105_1479345060.jpg,105_1479345060.jpg,2,100|5,,True
1-coins/105_1479345066.json,105_1479345066.json,105_1479345066,True,105_1479345066.jpg,105_1479345066.jpg,2,100|5,,True
1-coins/105_1479345072.json,105_1479345072.json,105_1479345072,True,105_1479345072.jpg,105_1479345072.jpg,2,100|5,,True
1-coins/105_1479345078.json,105_1479345078.json,105_1479345078,True,105_1479345078.jpg,105_1479345078.jpg,2,100|5,,True
1-coins/105_1479345084.json,105_1479345084.json,105_1479345084,True,105_1479345084.jpg,105_1479345084.jpg,2,100|5,,True
1-coins/105_1479345090.json,105_1479345090.json,105_1479345090,True,105_1479345090.jpg,105_1479345090.jpg,2,100|5,,True
1-coins/105_1479345234.json,105_1479345234.json,105_1479345234,True,105_1479345234.jpg,105_1479345234.jpg,5,25|5,,True
1-coins/105_1479345240.json,105_1479345240.json,105_1479345240,True,105_1479345240.jpg,105_1479345240.jpg,5,25|5,,True
1-coins/105_1479345246.json,105_1479345246.json,105_1479345246,True,105_1479345246.jpg,105_1479345246.jpg,5,25|5,,True
1-coins/105_1479345252.json,105_1479345252.json,105_1479345252,True,105_1479345252.jpg,105_1479345252.jpg,5,25|5,,True
1-coins/105_1479345258.json,105_1479345258.json,105_1479345258,True,105_1479345258.jpg,105_1479345258.jpg,5,25|5,,True
1-coins/105_1479345264.json,105_1479345264.json,105_1479345264,True,105_1479345264.jpg,105_1479345264.jpg,5,25|5,,True
1-coins/105_1479345270.json,105_1479345270.json,105_1479345270,True,105_1479345270.jpg,105_1479345270.jpg,5,25|5,,True
1-coins/105_1479345276.json,105_1479345276.json,105_1479345276,True,105_1479345276.jpg,105_1479345276.jpg,5,25|5,,True
1-coins/105_1479345282.json,105_1479345282.json,105_1479345282,True,105_1479345282.jpg,105_1479345282.jpg,5,25|5,,True
1-coins/105_1479345288.json,105_1479345288.json,105_1479345288,True,105_1479345288.jpg,105_1479345288.jpg,5,25|5,,True
1-coins/105_1479345294.json,105_1479345294.json,105_1479345294,True,105_1479345294.jpg,105_1479345294.jpg,5,25|5,,True
1-coins/105_1479345300.json,105_1479345300.json,105_1479345300,True,105_1479345300.jpg,105_1479345300.jpg,5,25|5,,True
1-coins/105_1479345306.json,105_1479345306.json,105_1479345306,True,105_1479345306.jpg,105_1479345306.jpg,5,25|5,,True
1-coins/105_1479345312.json,105_1479345312.json,105_1479345312,True,105_1479345312.jpg,105_1479345312.jpg,5,25|5,,True
1-coins/105_1479345318.json,105_1479345318.json,105_1479345318,True,105_1479345318.jpg,105_1479345318.jpg,5,25|5,,True
1-coins/105_1479345324.json,105_1479345324.json,105_1479345324,True,105_1479345324.jpg,105_1479345324.jpg,5,25|5,,True
1-coins/105_1479345330.json,105_1479345330.json,105_1479345330,True,105_1479345330.jpg,105_1479345330.jpg,5,25|5,,True
1-coins/105_1479345336.json,105_1479345336.json,105_1479345336,True,105_1479345336.jpg,105_1479345336.jpg,5,25|5,,True
1-coins/105_1479345342.json,105_1479345342.json,105_1479345342,True,105_1479345342.jpg,105_1479345342.jpg,5,25|5,,True
1-coins/105_1479345348.json,105_1479345348.json,105_1479345348,True,105_1479345348.jpg,105_1479345348.jpg,5,25|5,,True
1-coins/105_1479345354.json,105_1479345354.json,105_1479345354,True,105_1479345354.jpg,105_1479345354.jpg,5,25|5,,True
1-coins/105_1479345360.json,105_1479345360.json,105_1479345360,True,105_1479345360.jpg,105_1479345360.jpg,5,25|5,,True
1-coins/105_1479345366.json,105_1479345366.json,105_1479345366,True,105_1479345366.jpg,105_1479345366.jpg,5,25|5,,True
1-coins/105_1479345372.json,105_1479345372.json,105_1479345372,True,105_1479345372.jpg,105_1479345372.jpg,5,25|5,,True
1-coins/105_1479345378.json,105_1479345378.json,105_1479345378,True,105_1479345378.jpg,105_1479345378.jpg,5,25|5,,True
1-coins/105_1479345384.json,105_1479345384.json,105_1479345384,True,105_1479345384.jpg,105_1479345384.jpg,5,25|5,,True
1-coins/105_1479345390.json,105_1479345390.json,105_1479345390,True,105_1479345390.jpg,105_1479345390.jpg,5,25|5,,True
1-coins/105_1479345396.json,105_1479345396.json,105_1479345396,True,105_1479345396.jpg,105_1479345396.jpg,5,25|5,,True
1-coins/105_1479345402.json,105_1479345402.json,105_1479345402,True,105_1479345402.jpg,105_1479345402.jpg,5,25|5,,True
1-coins/105_1479345408.json,105_1479345408.json,105_1479345408,True,105_1479345408.jpg,105_1479345408.jpg,5,25|5,,True
1-coins/105_1479345414.json,105_1479345414.json,105_1479345414,True,105_1479345414.jpg,105_1479345414.jpg,5,25|5,,True
1-coins/10_1477147368.json,10_1477147368.json,10_1477147368,True,10_1477147368.jpg,10_1477147368.jpg,1,10,,True
1-coins/10_1477147374.json,10_1477147374.json,10_1477147374,True,10_1477147374.jpg,10_1477147374.jpg,1,10,,True
1-coins/10_1477147380.json,10_1477147380.json,10_1477147380,True,10_1477147380.jpg,10_1477147380.jpg,1,10,,True
1-coins/10_1477147386.json,10_1477147386.json,10_1477147386,True,10_1477147386.jpg,10_1477147386.jpg,1,10,,True
1-coins/10_1477147392.json,10_1477147392.json,10_1477147392,True,10_1477147392.jpg,10_1477147392.jpg,1,10,,True
1-coins/10_1477147398.json,10_1477147398.json,10_1477147398,True,10_1477147398.jpg,10_1477147398.jpg,1,10,,True
1-coins/10_1477147404.json,10_1477147404.json,10_1477147404,True,10_1477147404.jpg,10_1477147404.jpg,1,10,,True
1-coins/10_1477147410.json,10_1477147410.json,10_1477147410,True,10_1477147410.jpg,10_1477147410.jpg,1,10,,True
1-coins/10_1477147416.json,10_1477147416.json,10_1477147416,True,10_1477147416.jpg,10_1477147416.jpg,1,10,,True
1-coins/10_1477147422.json,10_1477147422.json,10_1477147422,True,10_1477147422.jpg,10_1477147422.jpg,1,10,,True
1-coins/10_1477147428.json,10_1477147428.json,10_1477147428,True,10_1477147428.jpg,10_1477147428.jpg,1,10,,True
1-coins/10_1477147434.json,10_1477147434.json,10_1477147434,True,10_1477147434.jpg,10_1477147434.jpg,1,10,,True
1-coins/10_1477147440.json,10_1477147440.json,10_1477147440,True,10_1477147440.jpg,10_1477147440.jpg,1,10,,True
1-coins/10_1477147446.json,10_1477147446.json,10_1477147446,True,10_1477147446.jpg,10_1477147446.jpg,1,10,,True
1-coins/10_1477147452.json,10_1477147452.json,10_1477147452,True,10_1477147452.jpg,10_1477147452.jpg,1,10,,True
1-coins/10_1477147458.json,10_1477147458.json,10_1477147458,True,10_1477147458.jpg,10_1477147458.jpg,1,10,,True
1-coins/10_1477147464.json,10_1477147464.json,10_1477147464,True,10_1477147464.jpg,10_1477147464.jpg,1,10,,True
1-coins/10_1477147470.json,10_1477147470.json,10_1477147470,True,10_1477147470.jpg,10_1477147470.jpg,1,10,,True
1-coins/10_1477147476.json,10_1477147476.json,10_1477147476,True,10_1477147476.jpg,10_1477147476.jpg,1,10,,True
1-coins/10_1477147482.json,10_1477147482.json,10_1477147482,True,10_1477147482.jpg,10_1477147482.jpg,1,10,,True
1-coins/10_1477147488.json,10_1477147488.json,10_1477147488,True,10_1477147488.jpg,10_1477147488.jpg,1,10,,True
1-coins/10_1477147494.json,10_1477147494.json,10_1477147494,True,10_1477147494.jpg,10_1477147494.jpg,1,10,,True
1-coins/10_1477147500.json,10_1477147500.json,10_1477147500,True,10_1477147500.jpg,10_1477147500.jpg,1,10,,True
1-coins/10_1477147506.json,10_1477147506.json,10_1477147506,True,10_1477147506.jpg,10_1477147506.jpg,1,10,,True
1-coins/10_1477147512.json,10_1477147512.json,10_1477147512,True,10_1477147512.jpg,10_1477147512.jpg,1,10,,True
1-coins/10_1477147518.json,10_1477147518.json,10_1477147518,True,10_1477147518.jpg,10_1477147518.jpg,1,10,,True
1-coins/10_1477147524.json,10_1477147524.json,10_1477147524,True,10_1477147524.jpg,10_1477147524.jpg,1,10,,True
1-coins/10_1477147530.json,10_1477147530.json,10_1477147530,True,10_1477147530.jpg,10_1477147530.jpg,1,10,,True
1-coins/10_1477147536.json,10_1477147536.json,10_1477147536,True,10_1477147536.jpg,10_1477147536.jpg,1,10,,True
1-coins/10_1477147542.json,10_1477147542.json,10_1477147542,True,10_1477147542.jpg,10_1477147542.jpg,1,10,,True
1-coins/10_1477147560.json,10_1477147560.json,10_1477147560,True,10_1477147560.jpg,10_1477147560.jpg,1,10,,True
1-coins/10_1477147566.json,10_1477147566.json,10_1477147566,True,10_1477147566.jpg,10_1477147566.jpg,1,10,,True
1-coins/10_1477147572.json,10_1477147572.json,10_1477147572,True,10_1477147572.jpg,10_1477147572.jpg,1,10,,True
1-coins/10_1477147578.json,10_1477147578.json,10_1477147578,True,10_1477147578.jpg,10_1477147578.jpg,1,10,,True
1-coins/10_1477147584.json,10_1477147584.json,10_1477147584,True,10_1477147584.jpg,10_1477147584.jpg,1,10,,True
1-coins/10_1477147590.json,10_1477147590.json,10_1477147590,True,10_1477147590.jpg,10_1477147590.jpg,1,10,,True
1-coins/10_1477147596.json,10_1477147596.json,10_1477147596,True,10_1477147596.jpg,10_1477147596.jpg,1,10,,True
1-coins/10_1477147602.json,10_1477147602.json,10_1477147602,True,10_1477147602.jpg,10_1477147602.jpg,1,10,,True
1-coins/10_1477147608.json,10_1477147608.json,10_1477147608,True,10_1477147608.jpg,10_1477147608.jpg,1,10,,True
1-coins/10_1477147614.json,10_1477147614.json,10_1477147614,True,10_1477147614.jpg,10_1477147614.jpg,1,10,,True
1-coins/10_1477147620.json,10_1477147620.json,10_1477147620,True,10_1477147620.jpg,10_1477147620.jpg,1,10,,True
1-coins/10_1477147626.json,10_1477147626.json,10_1477147626,True,10_1477147626.jpg,10_1477147626.jpg,1,10,,True
1-coins/10_1477147632.json,10_1477147632.json,10_1477147632,True,10_1477147632.jpg,10_1477147632.jpg,1,10,,True
1-coins/10_1477147638.json,10_1477147638.json,10_1477147638,True,10_1477147638.jpg,10_1477147638.jpg,1,10,,True
1-coins/10_1477147644.json,10_1477147644.json,10_1477147644,True,10_1477147644.jpg,10_1477147644.jpg,1,10,,True
1-coins/10_1477147650.json,10_1477147650.json,10_1477147650,True,10_1477147650.jpg,10_1477147650.jpg,1,10,,True
1-coins/10_1477147656.json,10_1477147656.json,10_1477147656,True,10_1477147656.jpg,10_1477147656.jpg,1,10,,True
1-coins/10_1477147662.json,10_1477147662.json,10_1477147662,True,10_1477147662.jpg,10_1477147662.jpg,1,10,,True
1-coins/10_1477147668.json,10_1477147668.json,10_1477147668,True,10_1477147668.jpg,10_1477147668.jpg,1,10,,True
1-coins/10_1477147674.json,10_1477147674.json,10_1477147674,True,10_1477147674.jpg,10_1477147674.jpg,1,10,,True
1-coins/10_1477147680.json,10_1477147680.json,10_1477147680,True,10_1477147680.jpg,10_1477147680.jpg,1,10,,True
1-coins/10_1477147686.json,10_1477147686.json,10_1477147686,True,10_1477147686.jpg,10_1477147686.jpg,1,10,,True
1-coins/10_1477147692.json,10_1477147692.json,10_1477147692,True,10_1477147692.jpg,10_1477147692.jpg,1,10,,True
1-coins/10_1477147698.json,10_1477147698.json,10_1477147698,True,10_1477147698.jpg,10_1477147698.jpg,1,10,,True
1-coins/10_1477147704.json,10_1477147704.json,10_1477147704,True,10_1477147704.jpg,10_1477147704.jpg,1,10,,True
1-coins/10_1477147710.json,10_1477147710.json,10_1477147710,True,10_1477147710.jpg,10_1477147710.jpg,1,10,,True
1-coins/10_1477147716.json,10_1477147716.json,10_1477147716,True,10_1477147716.jpg,10_1477147716.jpg,1,10,,True
1-coins/10_1477147722.json,10_1477147722.json,10_1477147722,True,10_1477147722.jpg,10_1477147722.jpg,1,10,,True
1-coins/10_1477147728.json,10_1477147728.json,10_1477147728,True,10_1477147728.jpg,10_1477147728.jpg,1,10,,True
1-coins/10_1477147734.json,10_1477147734.json,10_1477147734,True,10_1477147734.jpg,10_1477147734.jpg,1,10,,True
1-coins/10_1477147740.json,10_1477147740.json,10_1477147740,True,10_1477147740.jpg,10_1477147740.jpg,1,10,,True
1-coins/10_1477148976.json,10_1477148976.json,10_1477148976,True,10_1477148976.jpg,10_1477148976.jpg,1,10,,True
1-coins/10_1477148982.json,10_1477148982.json,10_1477148982,True,10_1477148982.jpg,10_1477148982.jpg,1,10,,True
1-coins/10_1477148988.json,10_1477148988.json,10_1477148988,True,10_1477148988.jpg,10_1477148988.jpg,1,10,,True
1-coins/10_1477148994.json,10_1477148994.json,10_1477148994,True,10_1477148994.jpg,10_1477148994.jpg,1,10,,True
1-coins/10_1477149000.json,10_1477149000.json,10_1477149000,True,10_1477149000.jpg,10_1477149000.jpg,1,10,,True
1-coins/10_1477149006.json,10_1477149006.json,10_1477149006,True,10_1477149006.jpg,10_1477149006.jpg,1,10,,True
1-coins/10_1477149012.json,10_1477149012.json,10_1477149012,True,10_1477149012.jpg,10_1477149012.jpg,1,10,,True
1-coins/10_1477149018.json,10_1477149018.json,10_1477149018,True,10_1477149018.jpg,10_1477149018.jpg,1,10,,True
1-coins/10_1477149024.json,10_1477149024.json,10_1477149024,True,10_1477149024.jpg,10_1477149024.jpg,1,10,,True
1-coins/10_1477149030.json,10_1477149030.json,10_1477149030,True,10_1477149030.jpg,10_1477149030.jpg,1,10,,True
1-coins/10_1477149036.json,10_1477149036.json,10_1477149036,True,10_1477149036.jpg,10_1477149036.jpg,1,10,,True
1-coins/10_1477149042.json,10_1477149042.json,10_1477149042,True,10_1477149042.jpg,10_1477149042.jpg,1,10,,True
1-coins/10_1477149048.json,10_1477149048.json,10_1477149048,True,10_1477149048.jpg,10_1477149048.jpg,1,10,,True
1-coins/10_1477149054.json,10_1477149054.json,10_1477149054,True,10_1477149054.jpg,10_1477149054.jpg,1,10,,True
1-coins/10_1477149060.json,10_1477149060.json,10_1477149060,True,10_1477149060.jpg,10_1477149060.jpg,1,10,,True
1-coins/10_1477149066.json,10_1477149066.json,10_1477149066,True,10_1477149066.jpg,10_1477149066.jpg,1,10,,True
1-coins/10_1477149072.json,10_1477149072.json,10_1477149072,True,10_1477149072.jpg,10_1477149072.jpg,1,10,,True
1-coins/10_1477149078.json,10_1477149078.json,10_1477149078,True,10_1477149078.jpg,10_1477149078.jpg,1,10,,True
1-coins/10_1477149084.json,10_1477149084.json,10_1477149084,True,10_1477149084.jpg,10_1477149084.jpg,1,10,,True
1-coins/10_1477149090.json,10_1477149090.json,10_1477149090,True,10_1477149090.jpg,10_1477149090.jpg,1,10,,True
1-coins/10_1477149096.json,10_1477149096.json,10_1477149096,True,10_1477149096.jpg,10_1477149096.jpg,1,10,,True
1-coins/10_1477149102.json,10_1477149102.json,10_1477149102,True,10_1477149102.jpg,10_1477149102.jpg,1,10,,True
1-coins/10_1477149108.json,10_1477149108.json,10_1477149108,True,10_1477149108.jpg,10_1477149108.jpg,1,10,,True
1-coins/10_1477149114.json,10_1477149114.json,10_1477149114,True,10_1477149114.jpg,10_1477149114.jpg,1,10,,True
1-coins/10_1477149120.json,10_1477149120.json,10_1477149120,True,10_1477149120.jpg,10_1477149120.jpg,1,10,,True
1-coins/10_1477149126.json,10_1477149126.json,10_1477149126,True,10_1477149126.jpg,10_1477149126.jpg,1,10,,True
1-coins/10_1477149132.json,10_1477149132.json,10_1477149132,True,10_1477149132.jpg,10_1477149132.jpg,1,10,,True
1-coins/10_1477149138.json,10_1477149138.json,10_1477149138,True,10_1477149138.jpg,10_1477149138.jpg,1,10,,True
1-coins/10_1477149144.json,10_1477149144.json,10_1477149144,True,10_1477149144.jpg,10_1477149144.jpg,1,10,,True
1-coins/10_1477149150.json,10_1477149150.json,10_1477149150,True,10_1477149150.jpg,10_1477149150.jpg,1,10,,True
1-coins/10_1477185408.json,10_1477185408.json,10_1477185408,True,10_1477185408.jpg,10_1477185408.jpg,1,10,,True
1-coins/10_1477185414.json,10_1477185414.json,10_1477185414,True,10_1477185414.jpg,10_1477185414.jpg,1,10,,True
1-coins/10_1477185420.json,10_1477185420.json,10_1477185420,True,10_1477185420.jpg,10_1477185420.jpg,1,10,,True
1-coins/10_1477185426.json,10_1477185426.json,10_1477185426,True,10_1477185426.jpg,10_1477185426.jpg,1,10,,True
1-coins/10_1477185432.json,10_1477185432.json,10_1477185432,True,10_1477185432.jpg,10_1477185432.jpg,1,10,,True
1-coins/10_1477185438.json,10_1477185438.json,10_1477185438,True,10_1477185438.jpg,10_1477185438.jpg,1,10,,True
1-coins/10_1477185444.json,10_1477185444.json,10_1477185444,True,10_1477185444.jpg,10_1477185444.jpg,1,10,,True
1-coins/10_1477185450.json,10_1477185450.json,10_1477185450,True,10_1477185450.jpg,10_1477185450.jpg,1,10,,True
1-coins/10_1477185456.json,10_1477185456.json,10_1477185456,True,10_1477185456.jpg,10_1477185456.jpg,1,10,,True
1-coins/10_1477185462.json,10_1477185462.json,10_1477185462,True,10_1477185462.jpg,10_1477185462.jpg,1,10,,True
1-coins/10_1477185468.json,10_1477185468.json,10_1477185468,True,10_1477185468.jpg,10_1477185468.jpg,1,10,,True
1-coins/10_1477185474.json,10_1477185474.json,10_1477185474,True,10_1477185474.jpg,10_1477185474.jpg,1,10,,True
1-coins/10_1477185480.json,10_1477185480.json,10_1477185480,True,10_1477185480.jpg,10_1477185480.jpg,1,10,,True
1-coins/10_1477185486.json,10_1477185486.json,10_1477185486,True,10_1477185486.jpg,10_1477185486.jpg,1,10,,True
1-coins/10_1477185492.json,10_1477185492.json,10_1477185492,True,10_1477185492.jpg,10_1477185492.jpg,1,10,,True
1-coins/10_1477185498.json,10_1477185498.json,10_1477185498,True,10_1477185498.jpg,10_1477185498.jpg,1,10,,True
1-coins/10_1477185504.json,10_1477185504.json,10_1477185504,True,10_1477185504.jpg,10_1477185504.jpg,1,10,,True
1-coins/10_1477185510.json,10_1477185510.json,10_1477185510,True,10_1477185510.jpg,10_1477185510.jpg,1,10,,True
1-coins/10_1477185516.json,10_1477185516.json,10_1477185516,True,10_1477185516.jpg,10_1477185516.jpg,1,10,,True
1-coins/10_1477185522.json,10_1477185522.json,10_1477185522,True,10_1477185522.jpg,10_1477185522.jpg,1,10,,True
1-coins/10_1477185528.json,10_1477185528.json,10_1477185528,True,10_1477185528.jpg,10_1477185528.jpg,1,10,,True
1-coins/10_1477185534.json,10_1477185534.json,10_1477185534,True,10_1477185534.jpg,10_1477185534.jpg,1,10,,True
1-coins/10_1477185540.json,10_1477185540.json,10_1477185540,True,10_1477185540.jpg,10_1477185540.jpg,1,10,,True
1-coins/10_1477185546.json,10_1477185546.json,10_1477185546,True,10_1477185546.jpg,10_1477185546.jpg,1,10,,True
1-coins/10_1477185552.json,10_1477185552.json,10_1477185552,True,10_1477185552.jpg,10_1477185552.jpg,1,10,,True
1-coins/10_1477185558.json,10_1477185558.json,10_1477185558,True,10_1477185558.jpg,10_1477185558.jpg,1,10,,True
1-coins/10_1477185564.json,10_1477185564.json,10_1477185564,True,10_1477185564.jpg,10_1477185564.jpg,1,10,,True
1-coins/10_1477185570.json,10_1477185570.json,10_1477185570,True,10_1477185570.jpg,10_1477185570.jpg,1,10,,True
1-coins/10_1477185576.json,10_1477185576.json,10_1477185576,True,10_1477185576.jpg,10_1477185576.jpg,1,10,,True
1-coins/10_1477185582.json,10_1477185582.json,10_1477185582,True,10_1477185582.jpg,10_1477185582.jpg,1,10,,True
1-coins/10_1477186218.json,10_1477186218.json,10_1477186218,True,10_1477186218.jpg,10_1477186218.jpg,1,10,,True
1-coins/10_1477186224.json,10_1477186224.json,10_1477186224,True,10_1477186224.jpg,10_1477186224.jpg,3,10|finger,,True
1-coins/10_1477186230.json,10_1477186230.json,10_1477186230,True,10_1477186230.jpg,10_1477186230.jpg,1,10,,True
1-coins/10_1477186236.json,10_1477186236.json,10_1477186236,True,10_1477186236.jpg,10_1477186236.jpg,1,10,,True
1-coins/10_1477186242.json,10_1477186242.json,10_1477186242,True,10_1477186242.jpg,10_1477186242.jpg,1,10,,True
1-coins/10_1477186248.json,10_1477186248.json,10_1477186248,True,10_1477186248.jpg,10_1477186248.jpg,1,10,,True
1-coins/10_1477186254.json,10_1477186254.json,10_1477186254,True,10_1477186254.jpg,10_1477186254.jpg,1,10,,True
1-coins/10_1477186260.json,10_1477186260.json,10_1477186260,True,10_1477186260.jpg,10_1477186260.jpg,1,10,,True
1-coins/10_1477186266.json,10_1477186266.json,10_1477186266,True,10_1477186266.jpg,10_1477186266.jpg,1,10,,True
1-coins/10_1477186272.json,10_1477186272.json,10_1477186272,True,10_1477186272.jpg,10_1477186272.jpg,1,10,,True
1-coins/10_1477186278.json,10_1477186278.json,10_1477186278,True,10_1477186278.jpg,10_1477186278.jpg,1,10,,True
1-coins/10_1477186284.json,10_1477186284.json,10_1477186284,True,10_1477186284.jpg,10_1477186284.jpg,1,10,,True
1-coins/10_1477186290.json,10_1477186290.json,10_1477186290,True,10_1477186290.jpg,10_1477186290.jpg,1,10,,True
1-coins/10_1477186296.json,10_1477186296.json,10_1477186296,True,10_1477186296.jpg,10_1477186296.jpg,1,10,,True
1-coins/10_1477186302.json,10_1477186302.json,10_1477186302,True,10_1477186302.jpg,10_1477186302.jpg,1,10,,True
1-coins/10_1477186308.json,10_1477186308.json,10_1477186308,True,10_1477186308.jpg,10_1477186308.jpg,1,10,,True
1-coins/10_1477186314.json,10_1477186314.json,10_1477186314,True,10_1477186314.jpg,10_1477186314.jpg,1,10,,True
1-coins/10_1477186320.json,10_1477186320.json,10_1477186320,True,10_1477186320.jpg,10_1477186320.jpg,1,10,,True
1-coins/10_1477186326.json,10_1477186326.json,10_1477186326,True,10_1477186326.jpg,10_1477186326.jpg,1,10,,True
1-coins/10_1477186332.json,10_1477186332.json,10_1477186332,True,10_1477186332.jpg,10_1477186332.jpg,1,10,,True
1-coins/10_1477186338.json,10_1477186338.json,10_1477186338,True,10_1477186338.jpg,10_1477186338.jpg,1,10,,True
1-coins/10_1477186344.json,10_1477186344.json,10_1477186344,True,10_1477186344.jpg,10_1477186344.jpg,1,10,,True
1-coins/10_1477186350.json,10_1477186350.json,10_1477186350,True,10_1477186350.jpg,10_1477186350.jpg,1,10,,True
1-coins/10_1477186356.json,10_1477186356.json,10_1477186356,True,10_1477186356.jpg,10_1477186356.jpg,1,10,,True
1-coins/10_1477186362.json,10_1477186362.json,10_1477186362,True,10_1477186362.jpg,10_1477186362.jpg,1,10,,True
1-coins/10_1477186368.json,10_1477186368.json,10_1477186368,True,10_1477186368.jpg,10_1477186368.jpg,1,10,,True
1-coins/10_1477186374.json,10_1477186374.json,10_1477186374,True,10_1477186374.jpg,10_1477186374.jpg,1,10,,True
1-coins/10_1477186380.json,10_1477186380.json,10_1477186380,True,10_1477186380.jpg,10_1477186380.jpg,1,10,,True
1-coins/10_1477186386.json,10_1477186386.json,10_1477186386,True,10_1477186386.jpg,10_1477186386.jpg,1,10,,True
1-coins/10_1477186392.json,10_1477186392.json,10_1477186392,True,10_1477186392.jpg,10_1477186392.jpg,1,10,,True
1-coins/10_1477186416.json,10_1477186416.json,10_1477186416,True,10_1477186416.jpg,10_1477186416.jpg,1,10,,True
1-coins/10_1477186422.json,10_1477186422.json,10_1477186422,True,10_1477186422.jpg,10_1477186422.jpg,1,10,,True
1-coins/10_1477186428.json,10_1477186428.json,10_1477186428,True,10_1477186428.jpg,10_1477186428.jpg,1,10,,True
1-coins/10_1477186434.json,10_1477186434.json,10_1477186434,True,10_1477186434.jpg,10_1477186434.jpg,1,10,,True
1-coins/10_1477186440.json,10_1477186440.json,10_1477186440,True,10_1477186440.jpg,10_1477186440.jpg,1,10,,True
1-coins/10_1477186446.json,10_1477186446.json,10_1477186446,True,10_1477186446.jpg,10_1477186446.jpg,1,10,,True
1-coins/10_1477186452.json,10_1477186452.json,10_1477186452,True,10_1477186452.jpg,10_1477186452.jpg,1,10,,True
1-coins/10_1477186458.json,10_1477186458.json,10_1477186458,True,10_1477186458.jpg,10_1477186458.jpg,1,10,,True
1-coins/10_1477186464.json,10_1477186464.json,10_1477186464,True,10_1477186464.jpg,10_1477186464.jpg,1,10,,True
1-coins/10_1477186470.json,10_1477186470.json,10_1477186470,True,10_1477186470.jpg,10_1477186470.jpg,1,10,,True
1-coins/10_1477186476.json,10_1477186476.json,10_1477186476,True,10_1477186476.jpg,10_1477186476.jpg,1,10,,True
1-coins/10_1477186482.json,10_1477186482.json,10_1477186482,True,10_1477186482.jpg,10_1477186482.jpg,1,10,,True
1-coins/10_1477186488.json,10_1477186488.json,10_1477186488,True,10_1477186488.jpg,10_1477186488.jpg,1,10,,True
1-coins/10_1477186494.json,10_1477186494.json,10_1477186494,True,10_1477186494.jpg,10_1477186494.jpg,1,10,,True
1-coins/10_1477186500.json,10_1477186500.json,10_1477186500,True,10_1477186500.jpg,10_1477186500.jpg,1,10,,True
1-coins/10_1477186506.json,10_1477186506.json,10_1477186506,True,10_1477186506.jpg,10_1477186506.jpg,1,10,,True
1-coins/10_1477186512.json,10_1477186512.json,10_1477186512,True,10_1477186512.jpg,10_1477186512.jpg,1,10,,True
1-coins/10_1477186518.json,10_1477186518.json,10_1477186518,True,10_1477186518.jpg,10_1477186518.jpg,1,10,,True
1-coins/10_1477186524.json,10_1477186524.json,10_1477186524,True,10_1477186524.jpg,10_1477186524.jpg,1,10,,True
1-coins/10_1477186530.json,10_1477186530.json,10_1477186530,True,10_1477186530.jpg,10_1477186530.jpg,1,10,,True
1-coins/10_1477186536.json,10_1477186536.json,10_1477186536,True,10_1477186536.jpg,10_1477186536.jpg,1,10,,True
1-coins/10_1477186542.json,10_1477186542.json,10_1477186542,True,10_1477186542.jpg,10_1477186542.jpg,1,10,,True
1-coins/10_1477186548.json,10_1477186548.json,10_1477186548,True,10_1477186548.jpg,10_1477186548.jpg,1,10,,True
1-coins/10_1477186554.json,10_1477186554.json,10_1477186554,True,10_1477186554.jpg,10_1477186554.jpg,1,10,,True
1-coins/10_1477186560.json,10_1477186560.json,10_1477186560,True,10_1477186560.jpg,10_1477186560.jpg,1,10,,True
1-coins/10_1477186566.json,10_1477186566.json,10_1477186566,True,10_1477186566.jpg,10_1477186566.jpg,1,10,,True
1-coins/10_1477186572.json,10_1477186572.json,10_1477186572,True,10_1477186572.jpg,10_1477186572.jpg,1,10,,True
1-coins/10_1477186578.json,10_1477186578.json,10_1477186578,True,10_1477186578.jpg,10_1477186578.jpg,1,10,,True
1-coins/10_1477186584.json,10_1477186584.json,10_1477186584,True,10_1477186584.jpg,10_1477186584.jpg,1,10,,True
1-coins/10_1477186590.json,10_1477186590.json,10_1477186590,True,10_1477186590.jpg,10_1477186590.jpg,1,10,,True
1-coins/10_1477186650.json,10_1477186650.json,10_1477186650,True,10_1477186650.jpg,10_1477186650.jpg,1,10,,True
1-coins/10_1477186656.json,10_1477186656.json,10_1477186656,True,10_1477186656.jpg,10_1477186656.jpg,1,10,,True
1-coins/10_1477186662.json,10_1477186662.json,10_1477186662,True,10_1477186662.jpg,10_1477186662.jpg,1,10,,True
1-coins/10_1477186668.json,10_1477186668.json,10_1477186668,True,10_1477186668.jpg,10_1477186668.jpg,1,10,,True
1-coins/10_1477186674.json,10_1477186674.json,10_1477186674,True,10_1477186674.jpg,10_1477186674.jpg,1,10,,True
1-coins/10_1477186680.json,10_1477186680.json,10_1477186680,True,10_1477186680.jpg,10_1477186680.jpg,1,10,,True
1-coins/10_1477186686.json,10_1477186686.json,10_1477186686,True,10_1477186686.jpg,10_1477186686.jpg,1,10,,True
1-coins/10_1477186692.json,10_1477186692.json,10_1477186692,True,10_1477186692.jpg,10_1477186692.jpg,1,10,,True
1-coins/10_1477186698.json,10_1477186698.json,10_1477186698,True,10_1477186698.jpg,10_1477186698.jpg,1,10,,True
1-coins/10_1477186704.json,10_1477186704.json,10_1477186704,True,10_1477186704.jpg,10_1477186704.jpg,1,10,,True
1-coins/10_1477186710.json,10_1477186710.json,10_1477186710,True,10_1477186710.jpg,10_1477186710.jpg,4,10|finger,,True
1-coins/10_1477186716.json,10_1477186716.json,10_1477186716,True,10_1477186716.jpg,10_1477186716.jpg,1,10,,True
1-coins/10_1477186722.json,10_1477186722.json,10_1477186722,True,10_1477186722.jpg,10_1477186722.jpg,1,10,,True
1-coins/10_1477186728.json,10_1477186728.json,10_1477186728,True,10_1477186728.jpg,10_1477186728.jpg,1,10,,True
1-coins/10_1477186734.json,10_1477186734.json,10_1477186734,True,10_1477186734.jpg,10_1477186734.jpg,1,10,,True
1-coins/10_1477186740.json,10_1477186740.json,10_1477186740,True,10_1477186740.jpg,10_1477186740.jpg,1,10,,True
1-coins/10_1477186746.json,10_1477186746.json,10_1477186746,True,10_1477186746.jpg,10_1477186746.jpg,1,10,,True
1-coins/10_1477186752.json,10_1477186752.json,10_1477186752,True,10_1477186752.jpg,10_1477186752.jpg,1,10,,True
1-coins/10_1477186758.json,10_1477186758.json,10_1477186758,True,10_1477186758.jpg,10_1477186758.jpg,1,10,,True
1-coins/10_1477186764.json,10_1477186764.json,10_1477186764,True,10_1477186764.jpg,10_1477186764.jpg,1,10,,True
1-coins/10_1477186770.json,10_1477186770.json,10_1477186770,True,10_1477186770.jpg,10_1477186770.jpg,1,10,,True
1-coins/10_1477186776.json,10_1477186776.json,10_1477186776,True,10_1477186776.jpg,10_1477186776.jpg,1,10,,True
1-coins/10_1477186782.json,10_1477186782.json,10_1477186782,True,10_1477186782.jpg,10_1477186782.jpg,1,10,,True
1-coins/10_1477186788.json,10_1477186788.json,10_1477186788,True,10_1477186788.jpg,10_1477186788.jpg,1,10,,True
1-coins/10_1477186794.json,10_1477186794.json,10_1477186794,True,10_1477186794.jpg,10_1477186794.jpg,1,10,,True
1-coins/10_1477186800.json,10_1477186800.json,10_1477186800,True,10_1477186800.jpg,10_1477186800.jpg,1,10,,True
1-coins/10_1477186806.json,10_1477186806.json,10_1477186806,True,10_1477186806.jpg,10_1477186806.jpg,1,10,,True
1-coins/10_1477186812.json,10_1477186812.json,10_1477186812,True,10_1477186812.jpg,10_1477186812.jpg,1,10,,True
1-coins/10_1477186818.json,10_1477186818.json,10_1477186818,True,10_1477186818.jpg,10_1477186818.jpg,1,10,,True
1-coins/10_1477186824.json,10_1477186824.json,10_1477186824,True,10_1477186824.jpg,10_1477186824.jpg,1,10,,True
1-coins/10_1477186854.json,10_1477186854.json,10_1477186854,True,10_1477186854.jpg,10_1477186854.jpg,1,10,,True
1-coins/10_1477186860.json,10_1477186860.json,10_1477186860,True,10_1477186860.jpg,10_1477186860.jpg,1,10,,True
1-coins/10_1477186866.json,10_1477186866.json,10_1477186866,True,10_1477186866.jpg,10_1477186866.jpg,1,10,,True
1-coins/10_1477186872.json,10_1477186872.json,10_1477186872,True,10_1477186872.jpg,10_1477186872.jpg,1,10,,True
1-coins/10_1477186878.json,10_1477186878.json,10_1477186878,True,10_1477186878.jpg,10_1477186878.jpg,1,10,,True
1-coins/10_1477186884.json,10_1477186884.json,10_1477186884,True,10_1477186884.jpg,10_1477186884.jpg,1,10,,True
1-coins/10_1477186890.json,10_1477186890.json,10_1477186890,True,10_1477186890.jpg,10_1477186890.jpg,1,10,,True
1-coins/10_1477186896.json,10_1477186896.json,10_1477186896,True,10_1477186896.jpg,10_1477186896.jpg,1,10,,True
1-coins/10_1477186902.json,10_1477186902.json,10_1477186902,True,10_1477186902.jpg,10_1477186902.jpg,1,10,,True
1-coins/10_1477186908.json,10_1477186908.json,10_1477186908,True,10_1477186908.jpg,10_1477186908.jpg,1,10,,True
1-coins/10_1477186914.json,10_1477186914.json,10_1477186914,True,10_1477186914.jpg,10_1477186914.jpg,1,10,,True
1-coins/10_1477186920.json,10_1477186920.json,10_1477186920,True,10_1477186920.jpg,10_1477186920.jpg,1,10,,True
1-coins/10_1477186926.json,10_1477186926.json,10_1477186926,True,10_1477186926.jpg,10_1477186926.jpg,1,10,,True
1-coins/10_1477186932.json,10_1477186932.json,10_1477186932,True,10_1477186932.jpg,10_1477186932.jpg,1,10,,True
1-coins/10_1477186938.json,10_1477186938.json,10_1477186938,True,10_1477186938.jpg,10_1477186938.jpg,1,10,,True
1-coins/10_1477186944.json,10_1477186944.json,10_1477186944,True,10_1477186944.jpg,10_1477186944.jpg,1,10,,True
1-coins/10_1477186950.json,10_1477186950.json,10_1477186950,True,10_1477186950.jpg,10_1477186950.jpg,1,10,,True
1-coins/10_1477186956.json,10_1477186956.json,10_1477186956,True,10_1477186956.jpg,10_1477186956.jpg,1,10,,True
1-coins/10_1477186962.json,10_1477186962.json,10_1477186962,True,10_1477186962.jpg,10_1477186962.jpg,1,10,,True
1-coins/10_1477186968.json,10_1477186968.json,10_1477186968,True,10_1477186968.jpg,10_1477186968.jpg,1,10,,True
1-coins/10_1477186974.json,10_1477186974.json,10_1477186974,True,10_1477186974.jpg,10_1477186974.jpg,1,10,,True
1-coins/10_1477186980.json,10_1477186980.json,10_1477186980,True,10_1477186980.jpg,10_1477186980.jpg,1,10,,True
1-coins/10_1477186986.json,10_1477186986.json,10_1477186986,True,10_1477186986.jpg,10_1477186986.jpg,1,10,,True
1-coins/10_1477186992.json,10_1477186992.json,10_1477186992,True,10_1477186992.jpg,10_1477186992.jpg,1,10,,True
1-coins/10_1477186998.json,10_1477186998.json,10_1477186998,True,10_1477186998.jpg,10_1477186998.jpg,1,10,,True
1-coins/10_1477187004.json,10_1477187004.json,10_1477187004,True,10_1477187004.jpg,10_1477187004.jpg,1,10,,True
1-coins/10_1477187010.json,10_1477187010.json,10_1477187010,True,10_1477187010.jpg,10_1477187010.jpg,1,10,,True
1-coins/10_1477187016.json,10_1477187016.json,10_1477187016,True,10_1477187016.jpg,10_1477187016.jpg,1,10,,True
1-coins/10_1477187022.json,10_1477187022.json,10_1477187022,True,10_1477187022.jpg,10_1477187022.jpg,1,10,,True
1-coins/10_1477187028.json,10_1477187028.json,10_1477187028,True,10_1477187028.jpg,10_1477187028.jpg,1,10,,True
1-coins/10_1477187040.json,10_1477187040.json,10_1477187040,True,10_1477187040.jpg,10_1477187040.jpg,1,10,,True
1-coins/10_1477187046.json,10_1477187046.json,10_1477187046,True,10_1477187046.jpg,10_1477187046.jpg,1,10,,True
1-coins/10_1477187052.json,10_1477187052.json,10_1477187052,True,10_1477187052.jpg,10_1477187052.jpg,1,10,,True
1-coins/10_1477187058.json,10_1477187058.json,10_1477187058,True,10_1477187058.jpg,10_1477187058.jpg,1,10,,True
1-coins/10_1477187064.json,10_1477187064.json,10_1477187064,True,10_1477187064.jpg,10_1477187064.jpg,1,10,,True
1-coins/10_1477187070.json,10_1477187070.json,10_1477187070,True,10_1477187070.jpg,10_1477187070.jpg,1,10,,True
1-coins/10_1477187076.json,10_1477187076.json,10_1477187076,True,10_1477187076.jpg,10_1477187076.jpg,1,10,,True
1-coins/10_1477187082.json,10_1477187082.json,10_1477187082,True,10_1477187082.jpg,10_1477187082.jpg,1,10,,True
1-coins/10_1477187088.json,10_1477187088.json,10_1477187088,True,10_1477187088.jpg,10_1477187088.jpg,1,10,,True
1-coins/10_1477187094.json,10_1477187094.json,10_1477187094,True,10_1477187094.jpg,10_1477187094.jpg,1,10,,True
1-coins/10_1477187100.json,10_1477187100.json,10_1477187100,True,10_1477187100.jpg,10_1477187100.jpg,1,10,,True
1-coins/10_1477187106.json,10_1477187106.json,10_1477187106,True,10_1477187106.jpg,10_1477187106.jpg,1,10,,True
1-coins/10_1477187112.json,10_1477187112.json,10_1477187112,True,10_1477187112.jpg,10_1477187112.jpg,1,10,,True
1-coins/10_1477187118.json,10_1477187118.json,10_1477187118,True,10_1477187118.jpg,10_1477187118.jpg,1,10,,True
1-coins/10_1477187124.json,10_1477187124.json,10_1477187124,True,10_1477187124.jpg,10_1477187124.jpg,1,10,,True
1-coins/10_1477187130.json,10_1477187130.json,10_1477187130,True,10_1477187130.jpg,10_1477187130.jpg,1,10,,True
1-coins/10_1477187136.json,10_1477187136.json,10_1477187136,True,10_1477187136.jpg,10_1477187136.jpg,1,10,,True
1-coins/10_1477187142.json,10_1477187142.json,10_1477187142,True,10_1477187142.jpg,10_1477187142.jpg,1,10,,True
1-coins/10_1477187148.json,10_1477187148.json,10_1477187148,True,10_1477187148.jpg,10_1477187148.jpg,1,10,,True
1-coins/10_1477187154.json,10_1477187154.json,10_1477187154,True,10_1477187154.jpg,10_1477187154.jpg,1,10,,True
1-coins/10_1477187160.json,10_1477187160.json,10_1477187160,True,10_1477187160.jpg,10_1477187160.jpg,1,10,,True
1-coins/10_1477187166.json,10_1477187166.json,10_1477187166,True,10_1477187166.jpg,10_1477187166.jpg,1,10,,True
1-coins/10_1477187172.json,10_1477187172.json,10_1477187172,True,10_1477187172.jpg,10_1477187172.jpg,1,10,,True
1-coins/10_1477187178.json,10_1477187178.json,10_1477187178,True,10_1477187178.jpg,10_1477187178.jpg,1,10,,True
1-coins/10_1477187184.json,10_1477187184.json,10_1477187184,True,10_1477187184.jpg,10_1477187184.jpg,1,10,,True
1-coins/10_1477187190.json,10_1477187190.json,10_1477187190,True,10_1477187190.jpg,10_1477187190.jpg,1,10,,True
1-coins/10_1477187196.json,10_1477187196.json,10_1477187196,True,10_1477187196.jpg,10_1477187196.jpg,1,10,,True
1-coins/10_1477187202.json,10_1477187202.json,10_1477187202,True,10_1477187202.jpg,10_1477187202.jpg,1,10,,True
1-coins/10_1477187208.json,10_1477187208.json,10_1477187208,True,10_1477187208.jpg,10_1477187208.jpg,1,10,,True
1-coins/10_1477187214.json,10_1477187214.json,10_1477187214,True,10_1477187214.jpg,10_1477187214.jpg,1,10,,True
1-coins/10_1477187226.json,10_1477187226.json,10_1477187226,True,10_1477187226.jpg,10_1477187226.jpg,1,10,,True
1-coins/10_1477187232.json,10_1477187232.json,10_1477187232,True,10_1477187232.jpg,10_1477187232.jpg,1,10,,True
1-coins/10_1477187238.json,10_1477187238.json,10_1477187238,True,10_1477187238.jpg,10_1477187238.jpg,1,10,,True
1-coins/10_1477187244.json,10_1477187244.json,10_1477187244,True,10_1477187244.jpg,10_1477187244.jpg,1,10,,True
1-coins/10_1477187250.json,10_1477187250.json,10_1477187250,True,10_1477187250.jpg,10_1477187250.jpg,1,10,,True
1-coins/10_1477187256.json,10_1477187256.json,10_1477187256,True,10_1477187256.jpg,10_1477187256.jpg,1,10,,True
1-coins/10_1477187262.json,10_1477187262.json,10_1477187262,True,10_1477187262.jpg,10_1477187262.jpg,1,10,,True
1-coins/10_1477187268.json,10_1477187268.json,10_1477187268,True,10_1477187268.jpg,10_1477187268.jpg,1,10,,True
1-coins/10_1477187274.json,10_1477187274.json,10_1477187274,True,10_1477187274.jpg,10_1477187274.jpg,1,10,,True
1-coins/10_1477187280.json,10_1477187280.json,10_1477187280,True,10_1477187280.jpg,10_1477187280.jpg,1,10,,True
1-coins/10_1477187286.json,10_1477187286.json,10_1477187286,True,10_1477187286.jpg,10_1477187286.jpg,1,10,,True
1-coins/10_1477187292.json,10_1477187292.json,10_1477187292,True,10_1477187292.jpg,10_1477187292.jpg,1,10,,True
1-coins/10_1477187298.json,10_1477187298.json,10_1477187298,True,10_1477187298.jpg,10_1477187298.jpg,1,10,,True
1-coins/10_1477187304.json,10_1477187304.json,10_1477187304,True,10_1477187304.jpg,10_1477187304.jpg,1,10,,True
1-coins/10_1477187310.json,10_1477187310.json,10_1477187310,True,10_1477187310.jpg,10_1477187310.jpg,1,10,,True
1-coins/10_1477187316.json,10_1477187316.json,10_1477187316,True,10_1477187316.jpg,10_1477187316.jpg,1,10,,True
1-coins/10_1477187322.json,10_1477187322.json,10_1477187322,True,10_1477187322.jpg,10_1477187322.jpg,1,10,,True
1-coins/10_1477187328.json,10_1477187328.json,10_1477187328,True,10_1477187328.jpg,10_1477187328.jpg,1,10,,True
1-coins/10_1477187334.json,10_1477187334.json,10_1477187334,True,10_1477187334.jpg,10_1477187334.jpg,1,10,,True
1-coins/10_1477187340.json,10_1477187340.json,10_1477187340,True,10_1477187340.jpg,10_1477187340.jpg,1,10,,True
1-coins/10_1477187346.json,10_1477187346.json,10_1477187346,True,10_1477187346.jpg,10_1477187346.jpg,1,10,,True
1-coins/10_1477187352.json,10_1477187352.json,10_1477187352,True,10_1477187352.jpg,10_1477187352.jpg,1,10,,True
1-coins/10_1477187358.json,10_1477187358.json,10_1477187358,True,10_1477187358.jpg,10_1477187358.jpg,1,10,,True
1-coins/10_1477187364.json,10_1477187364.json,10_1477187364,True,10_1477187364.jpg,10_1477187364.jpg,1,10,,True
1-coins/10_1477187370.json,10_1477187370.json,10_1477187370,True,10_1477187370.jpg,10_1477187370.jpg,1,10,,True
1-coins/10_1477187376.json,10_1477187376.json,10_1477187376,True,10_1477187376.jpg,10_1477187376.jpg,1,10,,True
1-coins/10_1477187382.json,10_1477187382.json,10_1477187382,True,10_1477187382.jpg,10_1477187382.jpg,1,10,,True
1-coins/10_1477187388.json,10_1477187388.json,10_1477187388,True,10_1477187388.jpg,10_1477187388.jpg,1,10,,True
1-coins/10_1477187394.json,10_1477187394.json,10_1477187394,True,10_1477187394.jpg,10_1477187394.jpg,1,10,,True
1-coins/10_1477187400.json,10_1477187400.json,10_1477187400,True,10_1477187400.jpg,10_1477187400.jpg,1,10,,True
1-coins/10_1477287774.json,10_1477287774.json,10_1477287774,True,10_1477287774.jpg,10_1477287774.jpg,1,10,,True
1-coins/10_1477287780.json,10_1477287780.json,10_1477287780,True,10_1477287780.jpg,10_1477287780.jpg,1,10,,True
1-coins/10_1477287786.json,10_1477287786.json,10_1477287786,True,10_1477287786.jpg,10_1477287786.jpg,1,10,,True
1-coins/10_1477287792.json,10_1477287792.json,10_1477287792,True,10_1477287792.jpg,10_1477287792.jpg,1,10,,True
1-coins/10_1477287798.json,10_1477287798.json,10_1477287798,True,10_1477287798.jpg,10_1477287798.jpg,1,10,,True
1-coins/10_1477287804.json,10_1477287804.json,10_1477287804,True,10_1477287804.jpg,10_1477287804.jpg,1,10,,True
1-coins/10_1477287810.json,10_1477287810.json,10_1477287810,True,10_1477287810.jpg,10_1477287810.jpg,1,10,,True
1-coins/10_1477287816.json,10_1477287816.json,10_1477287816,True,10_1477287816.jpg,10_1477287816.jpg,1,10,,True
1-coins/10_1477287822.json,10_1477287822.json,10_1477287822,True,10_1477287822.jpg,10_1477287822.jpg,1,10,,True
1-coins/10_1477287828.json,10_1477287828.json,10_1477287828,True,10_1477287828.jpg,10_1477287828.jpg,1,10,,True
1-coins/10_1477287834.json,10_1477287834.json,10_1477287834,True,10_1477287834.jpg,10_1477287834.jpg,1,10,,True
1-coins/10_1477287840.json,10_1477287840.json,10_1477287840,True,10_1477287840.jpg,10_1477287840.jpg,1,10,,True
1-coins/10_1477287846.json,10_1477287846.json,10_1477287846,True,10_1477287846.jpg,10_1477287846.jpg,1,10,,True
1-coins/10_1477287852.json,10_1477287852.json,10_1477287852,True,10_1477287852.jpg,10_1477287852.jpg,1,10,,True
1-coins/10_1477287858.json,10_1477287858.json,10_1477287858,True,10_1477287858.jpg,10_1477287858.jpg,1,10,,True
1-coins/10_1477287864.json,10_1477287864.json,10_1477287864,True,10_1477287864.jpg,10_1477287864.jpg,1,10,,True
1-coins/10_1477287870.json,10_1477287870.json,10_1477287870,True,10_1477287870.jpg,10_1477287870.jpg,1,10,,True
1-coins/10_1477287876.json,10_1477287876.json,10_1477287876,True,10_1477287876.jpg,10_1477287876.jpg,1,10,,True
1-coins/10_1477287882.json,10_1477287882.json,10_1477287882,True,10_1477287882.jpg,10_1477287882.jpg,1,10,,True
1-coins/10_1477287888.json,10_1477287888.json,10_1477287888,True,10_1477287888.jpg,10_1477287888.jpg,1,10,,True
1-coins/10_1477287894.json,10_1477287894.json,10_1477287894,True,10_1477287894.jpg,10_1477287894.jpg,1,10,,True
1-coins/10_1477287900.json,10_1477287900.json,10_1477287900,True,10_1477287900.jpg,10_1477287900.jpg,1,10,,True
1-coins/10_1477287906.json,10_1477287906.json,10_1477287906,True,10_1477287906.jpg,10_1477287906.jpg,1,10,,True
1-coins/10_1477287912.json,10_1477287912.json,10_1477287912,True,10_1477287912.jpg,10_1477287912.jpg,1,10,,True
1-coins/10_1477287918.json,10_1477287918.json,10_1477287918,True,10_1477287918.jpg,10_1477287918.jpg,1,10,,True
1-coins/10_1477287924.json,10_1477287924.json,10_1477287924,True,10_1477287924.jpg,10_1477287924.jpg,1,10,,True
1-coins/10_1477287930.json,10_1477287930.json,10_1477287930,True,10_1477287930.jpg,10_1477287930.jpg,1,10,,True
1-coins/10_1477287936.json,10_1477287936.json,10_1477287936,True,10_1477287936.jpg,10_1477287936.jpg,1,10,,True
1-coins/10_1477287942.json,10_1477287942.json,10_1477287942,True,10_1477287942.jpg,10_1477287942.jpg,1,10,,True
1-coins/10_1477287948.json,10_1477287948.json,10_1477287948,True,10_1477287948.jpg,10_1477287948.jpg,1,10,,True
1-coins/10_1477287960.json,10_1477287960.json,10_1477287960,True,10_1477287960.jpg,10_1477287960.jpg,1,10,,True
1-coins/10_1477287966.json,10_1477287966.json,10_1477287966,True,10_1477287966.jpg,10_1477287966.jpg,1,10,,True
1-coins/10_1477287972.json,10_1477287972.json,10_1477287972,True,10_1477287972.jpg,10_1477287972.jpg,1,10,,True
1-coins/10_1477287978.json,10_1477287978.json,10_1477287978,True,10_1477287978.jpg,10_1477287978.jpg,1,10,,True
1-coins/10_1477287984.json,10_1477287984.json,10_1477287984,True,10_1477287984.jpg,10_1477287984.jpg,1,10,,True
1-coins/10_1477287990.json,10_1477287990.json,10_1477287990,True,10_1477287990.jpg,10_1477287990.jpg,1,10,,True
1-coins/10_1477287996.json,10_1477287996.json,10_1477287996,True,10_1477287996.jpg,10_1477287996.jpg,1,10,,True
1-coins/10_1477288002.json,10_1477288002.json,10_1477288002,True,10_1477288002.jpg,10_1477288002.jpg,1,10,,True
1-coins/10_1477288008.json,10_1477288008.json,10_1477288008,True,10_1477288008.jpg,10_1477288008.jpg,1,10,,True
1-coins/10_1477288014.json,10_1477288014.json,10_1477288014,True,10_1477288014.jpg,10_1477288014.jpg,1,10,,True
1-coins/10_1477288020.json,10_1477288020.json,10_1477288020,True,10_1477288020.jpg,10_1477288020.jpg,1,10,,True
1-coins/10_1477288026.json,10_1477288026.json,10_1477288026,True,10_1477288026.jpg,10_1477288026.jpg,1,10,,True
1-coins/10_1477288032.json,10_1477288032.json,10_1477288032,True,10_1477288032.jpg,10_1477288032.jpg,1,10,,True
1-coins/10_1477288038.json,10_1477288038.json,10_1477288038,True,10_1477288038.jpg,10_1477288038.jpg,1,10,,True
1-coins/10_1477288044.json,10_1477288044.json,10_1477288044,True,10_1477288044.jpg,10_1477288044.jpg,1,10,,True
1-coins/10_1477288050.json,10_1477288050.json,10_1477288050,True,10_1477288050.jpg,10_1477288050.jpg,1,10,,True
1-coins/10_1477288056.json,10_1477288056.json,10_1477288056,True,10_1477288056.jpg,10_1477288056.jpg,1,10,,True
1-coins/10_1477288062.json,10_1477288062.json,10_1477288062,True,10_1477288062.jpg,10_1477288062.jpg,1,10,,True
1-coins/10_1477288068.json,10_1477288068.json,10_1477288068,True,10_1477288068.jpg,10_1477288068.jpg,1,10,,True
1-coins/10_1477288074.json,10_1477288074.json,10_1477288074,True,10_1477288074.jpg,10_1477288074.jpg,1,10,,True
1-coins/10_1477288080.json,10_1477288080.json,10_1477288080,True,10_1477288080.jpg,10_1477288080.jpg,1,10,,True
1-coins/10_1477288086.json,10_1477288086.json,10_1477288086,True,10_1477288086.jpg,10_1477288086.jpg,1,10,,True
1-coins/10_1477288092.json,10_1477288092.json,10_1477288092,True,10_1477288092.jpg,10_1477288092.jpg,1,10,,True
1-coins/10_1477288098.json,10_1477288098.json,10_1477288098,True,10_1477288098.jpg,10_1477288098.jpg,1,10,,True
1-coins/10_1477288104.json,10_1477288104.json,10_1477288104,True,10_1477288104.jpg,10_1477288104.jpg,1,10,,True
1-coins/10_1477288110.json,10_1477288110.json,10_1477288110,True,10_1477288110.jpg,10_1477288110.jpg,1,10,,True
1-coins/10_1477288116.json,10_1477288116.json,10_1477288116,True,10_1477288116.jpg,10_1477288116.jpg,1,10,,True
1-coins/10_1477288122.json,10_1477288122.json,10_1477288122,True,10_1477288122.jpg,10_1477288122.jpg,1,10,,True
1-coins/10_1477288128.json,10_1477288128.json,10_1477288128,True,10_1477288128.jpg,10_1477288128.jpg,1,10,,True
1-coins/10_1477288134.json,10_1477288134.json,10_1477288134,True,10_1477288134.jpg,10_1477288134.jpg,1,10,,True
1-coins/10_1477288146.json,10_1477288146.json,10_1477288146,True,10_1477288146.jpg,10_1477288146.jpg,1,10,,True
1-coins/10_1477288152.json,10_1477288152.json,10_1477288152,True,10_1477288152.jpg,10_1477288152.jpg,1,10,,True
1-coins/10_1477288158.json,10_1477288158.json,10_1477288158,True,10_1477288158.jpg,10_1477288158.jpg,1,10,,True
1-coins/10_1477288164.json,10_1477288164.json,10_1477288164,True,10_1477288164.jpg,10_1477288164.jpg,1,10,,True
1-coins/10_1477288170.json,10_1477288170.json,10_1477288170,True,10_1477288170.jpg,10_1477288170.jpg,1,10,,True
1-coins/10_1477288176.json,10_1477288176.json,10_1477288176,True,10_1477288176.jpg,10_1477288176.jpg,1,10,,True
1-coins/10_1477288182.json,10_1477288182.json,10_1477288182,True,10_1477288182.jpg,10_1477288182.jpg,1,10,,True
1-coins/10_1477288188.json,10_1477288188.json,10_1477288188,True,10_1477288188.jpg,10_1477288188.jpg,1,10,,True
1-coins/10_1477288194.json,10_1477288194.json,10_1477288194,True,10_1477288194.jpg,10_1477288194.jpg,1,10,,True
1-coins/10_1477288200.json,10_1477288200.json,10_1477288200,True,10_1477288200.jpg,10_1477288200.jpg,1,10,,True
1-coins/10_1477288206.json,10_1477288206.json,10_1477288206,True,10_1477288206.jpg,10_1477288206.jpg,1,10,,True
1-coins/10_1477288212.json,10_1477288212.json,10_1477288212,True,10_1477288212.jpg,10_1477288212.jpg,1,10,,True
1-coins/10_1477288218.json,10_1477288218.json,10_1477288218,True,10_1477288218.jpg,10_1477288218.jpg,1,10,,True
1-coins/10_1477288224.json,10_1477288224.json,10_1477288224,True,10_1477288224.jpg,10_1477288224.jpg,1,10,,True
1-coins/10_1477288230.json,10_1477288230.json,10_1477288230,True,10_1477288230.jpg,10_1477288230.jpg,1,10,,True
1-coins/10_1477288236.json,10_1477288236.json,10_1477288236,True,10_1477288236.jpg,10_1477288236.jpg,1,10,,True
1-coins/10_1477288242.json,10_1477288242.json,10_1477288242,True,10_1477288242.jpg,10_1477288242.jpg,1,10,,True
1-coins/10_1477288248.json,10_1477288248.json,10_1477288248,True,10_1477288248.jpg,10_1477288248.jpg,1,10,,True
1-coins/10_1477288254.json,10_1477288254.json,10_1477288254,True,10_1477288254.jpg,10_1477288254.jpg,1,10,,True
1-coins/10_1477288260.json,10_1477288260.json,10_1477288260,True,10_1477288260.jpg,10_1477288260.jpg,2,10|finger,,True
1-coins/10_1477288266.json,10_1477288266.json,10_1477288266,True,10_1477288266.jpg,10_1477288266.jpg,1,10,,True
1-coins/10_1477288272.json,10_1477288272.json,10_1477288272,True,10_1477288272.jpg,10_1477288272.jpg,1,10,,True
1-coins/10_1477288278.json,10_1477288278.json,10_1477288278,True,10_1477288278.jpg,10_1477288278.jpg,1,10,,True
1-coins/10_1477288284.json,10_1477288284.json,10_1477288284,True,10_1477288284.jpg,10_1477288284.jpg,1,10,,True
1-coins/10_1477288290.json,10_1477288290.json,10_1477288290,True,10_1477288290.jpg,10_1477288290.jpg,1,10,,True
1-coins/10_1477288296.json,10_1477288296.json,10_1477288296,True,10_1477288296.jpg,10_1477288296.jpg,1,10,,True
1-coins/10_1477288302.json,10_1477288302.json,10_1477288302,True,10_1477288302.jpg,10_1477288302.jpg,1,10,,True
1-coins/10_1477288308.json,10_1477288308.json,10_1477288308,True,10_1477288308.jpg,10_1477288308.jpg,1,10,,True
1-coins/10_1477288314.json,10_1477288314.json,10_1477288314,True,10_1477288314.jpg,10_1477288314.jpg,1,10,,True
1-coins/10_1477288320.json,10_1477288320.json,10_1477288320,True,10_1477288320.jpg,10_1477288320.jpg,1,10,,True
1-coins/10_1477288344.json,10_1477288344.json,10_1477288344,True,10_1477288344.jpg,10_1477288344.jpg,1,10,,True
1-coins/10_1477288350.json,10_1477288350.json,10_1477288350,True,10_1477288350.jpg,10_1477288350.jpg,1,10,,True
1-coins/10_1477288356.json,10_1477288356.json,10_1477288356,True,10_1477288356.jpg,10_1477288356.jpg,1,10,,True
1-coins/10_1477288362.json,10_1477288362.json,10_1477288362,True,10_1477288362.jpg,10_1477288362.jpg,1,10,,True
1-coins/10_1477288368.json,10_1477288368.json,10_1477288368,True,10_1477288368.jpg,10_1477288368.jpg,1,10,,True
1-coins/10_1477288374.json,10_1477288374.json,10_1477288374,True,10_1477288374.jpg,10_1477288374.jpg,1,10,,True
1-coins/10_1477288380.json,10_1477288380.json,10_1477288380,True,10_1477288380.jpg,10_1477288380.jpg,1,10,,True
1-coins/10_1477288386.json,10_1477288386.json,10_1477288386,True,10_1477288386.jpg,10_1477288386.jpg,1,10,,True
1-coins/10_1477288392.json,10_1477288392.json,10_1477288392,True,10_1477288392.jpg,10_1477288392.jpg,1,10,,True
1-coins/10_1477288398.json,10_1477288398.json,10_1477288398,True,10_1477288398.jpg,10_1477288398.jpg,1,10,,True
1-coins/10_1477288404.json,10_1477288404.json,10_1477288404,True,10_1477288404.jpg,10_1477288404.jpg,1,10,,True
1-coins/10_1477288410.json,10_1477288410.json,10_1477288410,True,10_1477288410.jpg,10_1477288410.jpg,1,10,,True
1-coins/10_1477288416.json,10_1477288416.json,10_1477288416,True,10_1477288416.jpg,10_1477288416.jpg,1,10,,True
1-coins/10_1477288422.json,10_1477288422.json,10_1477288422,True,10_1477288422.jpg,10_1477288422.jpg,1,10,,True
1-coins/10_1477288428.json,10_1477288428.json,10_1477288428,True,10_1477288428.jpg,10_1477288428.jpg,1,10,,True
1-coins/10_1477288434.json,10_1477288434.json,10_1477288434,True,10_1477288434.jpg,10_1477288434.jpg,1,10,,True
1-coins/10_1477288440.json,10_1477288440.json,10_1477288440,True,10_1477288440.jpg,10_1477288440.jpg,1,10,,True
1-coins/10_1477288446.json,10_1477288446.json,10_1477288446,True,10_1477288446.jpg,10_1477288446.jpg,1,10,,True
1-coins/10_1477288452.json,10_1477288452.json,10_1477288452,True,10_1477288452.jpg,10_1477288452.jpg,1,10,,True
1-coins/10_1477288458.json,10_1477288458.json,10_1477288458,True,10_1477288458.jpg,10_1477288458.jpg,1,10,,True
1-coins/10_1477288464.json,10_1477288464.json,10_1477288464,True,10_1477288464.jpg,10_1477288464.jpg,1,10,,True
1-coins/10_1477288470.json,10_1477288470.json,10_1477288470,True,10_1477288470.jpg,10_1477288470.jpg,1,10,,True
1-coins/10_1477288476.json,10_1477288476.json,10_1477288476,True,10_1477288476.jpg,10_1477288476.jpg,1,10,,True
1-coins/10_1477288482.json,10_1477288482.json,10_1477288482,True,10_1477288482.jpg,10_1477288482.jpg,1,10,,True
1-coins/10_1477288488.json,10_1477288488.json,10_1477288488,True,10_1477288488.jpg,10_1477288488.jpg,1,10,,True
1-coins/10_1477288494.json,10_1477288494.json,10_1477288494,True,10_1477288494.jpg,10_1477288494.jpg,1,10,,True
1-coins/10_1477288500.json,10_1477288500.json,10_1477288500,True,10_1477288500.jpg,10_1477288500.jpg,1,10,,True
1-coins/10_1477288506.json,10_1477288506.json,10_1477288506,True,10_1477288506.jpg,10_1477288506.jpg,1,10,,True
1-coins/10_1477288512.json,10_1477288512.json,10_1477288512,True,10_1477288512.jpg,10_1477288512.jpg,1,10,,True
1-coins/10_1477288518.json,10_1477288518.json,10_1477288518,True,10_1477288518.jpg,10_1477288518.jpg,1,10,,True
1-coins/10_1477288542.json,10_1477288542.json,10_1477288542,True,10_1477288542.jpg,10_1477288542.jpg,1,10,,True
1-coins/10_1477288548.json,10_1477288548.json,10_1477288548,True,10_1477288548.jpg,10_1477288548.jpg,1,10,,True
1-coins/10_1477288554.json,10_1477288554.json,10_1477288554,True,10_1477288554.jpg,10_1477288554.jpg,1,10,,True
1-coins/10_1477288560.json,10_1477288560.json,10_1477288560,True,10_1477288560.jpg,10_1477288560.jpg,1,10,,True
1-coins/10_1477288566.json,10_1477288566.json,10_1477288566,True,10_1477288566.jpg,10_1477288566.jpg,1,10,,True
1-coins/10_1477288572.json,10_1477288572.json,10_1477288572,True,10_1477288572.jpg,10_1477288572.jpg,1,10,,True
1-coins/10_1477288578.json,10_1477288578.json,10_1477288578,True,10_1477288578.jpg,10_1477288578.jpg,1,10,,True
1-coins/10_1477288584.json,10_1477288584.json,10_1477288584,True,10_1477288584.jpg,10_1477288584.jpg,1,10,,True
1-coins/10_1477288590.json,10_1477288590.json,10_1477288590,True,10_1477288590.jpg,10_1477288590.jpg,1,10,,True
1-coins/10_1477288596.json,10_1477288596.json,10_1477288596,True,10_1477288596.jpg,10_1477288596.jpg,1,10,,True
1-coins/10_1477288602.json,10_1477288602.json,10_1477288602,True,10_1477288602.jpg,10_1477288602.jpg,1,10,,True
1-coins/10_1477288608.json,10_1477288608.json,10_1477288608,True,10_1477288608.jpg,10_1477288608.jpg,1,10,,True
1-coins/10_1477288614.json,10_1477288614.json,10_1477288614,True,10_1477288614.jpg,10_1477288614.jpg,1,10,,True
1-coins/10_1477288620.json,10_1477288620.json,10_1477288620,True,10_1477288620.jpg,10_1477288620.jpg,1,10,,True
1-coins/10_1477288626.json,10_1477288626.json,10_1477288626,True,10_1477288626.jpg,10_1477288626.jpg,1,10,,True
1-coins/10_1477288632.json,10_1477288632.json,10_1477288632,True,10_1477288632.jpg,10_1477288632.jpg,1,10,,True
1-coins/10_1477288638.json,10_1477288638.json,10_1477288638,True,10_1477288638.jpg,10_1477288638.jpg,1,10,,True
1-coins/10_1477288644.json,10_1477288644.json,10_1477288644,True,10_1477288644.jpg,10_1477288644.jpg,1,10,,True
1-coins/10_1477288650.json,10_1477288650.json,10_1477288650,True,10_1477288650.jpg,10_1477288650.jpg,1,10,,True
1-coins/10_1477288656.json,10_1477288656.json,10_1477288656,True,10_1477288656.jpg,10_1477288656.jpg,1,10,,True
1-coins/10_1477288662.json,10_1477288662.json,10_1477288662,True,10_1477288662.jpg,10_1477288662.jpg,1,10,,True
1-coins/10_1477288668.json,10_1477288668.json,10_1477288668,True,10_1477288668.jpg,10_1477288668.jpg,3,10|finger,,True
1-coins/10_1477288674.json,10_1477288674.json,10_1477288674,True,10_1477288674.jpg,10_1477288674.jpg,1,10,,True
1-coins/10_1477288680.json,10_1477288680.json,10_1477288680,True,10_1477288680.jpg,10_1477288680.jpg,1,10,,True
1-coins/10_1477288686.json,10_1477288686.json,10_1477288686,True,10_1477288686.jpg,10_1477288686.jpg,1,10,,True
1-coins/10_1477288692.json,10_1477288692.json,10_1477288692,True,10_1477288692.jpg,10_1477288692.jpg,1,10,,True
1-coins/10_1477288698.json,10_1477288698.json,10_1477288698,True,10_1477288698.jpg,10_1477288698.jpg,1,10,,True
1-coins/10_1477288704.json,10_1477288704.json,10_1477288704,True,10_1477288704.jpg,10_1477288704.jpg,1,10,,True
1-coins/10_1477288710.json,10_1477288710.json,10_1477288710,True,10_1477288710.jpg,10_1477288710.jpg,1,10,,True
1-coins/10_1477288716.json,10_1477288716.json,10_1477288716,True,10_1477288716.jpg,10_1477288716.jpg,1,10,,True
1-coins/10_1477288734.json,10_1477288734.json,10_1477288734,True,10_1477288734.jpg,10_1477288734.jpg,1,10,,True
1-coins/10_1477288740.json,10_1477288740.json,10_1477288740,True,10_1477288740.jpg,10_1477288740.jpg,1,10,,True
1-coins/10_1477288746.json,10_1477288746.json,10_1477288746,True,10_1477288746.jpg,10_1477288746.jpg,1,10,,True
1-coins/10_1477288752.json,10_1477288752.json,10_1477288752,True,10_1477288752.jpg,10_1477288752.jpg,1,10,,True
1-coins/10_1477288758.json,10_1477288758.json,10_1477288758,True,10_1477288758.jpg,10_1477288758.jpg,1,10,,True
1-coins/10_1477288764.json,10_1477288764.json,10_1477288764,True,10_1477288764.jpg,10_1477288764.jpg,1,10,,True
1-coins/10_1477288770.json,10_1477288770.json,10_1477288770,True,10_1477288770.jpg,10_1477288770.jpg,1,10,,True
1-coins/10_1477288776.json,10_1477288776.json,10_1477288776,True,10_1477288776.jpg,10_1477288776.jpg,1,10,,True
1-coins/10_1477288782.json,10_1477288782.json,10_1477288782,True,10_1477288782.jpg,10_1477288782.jpg,1,10,,True
1-coins/10_1477288788.json,10_1477288788.json,10_1477288788,True,10_1477288788.jpg,10_1477288788.jpg,1,10,,True
1-coins/10_1477288794.json,10_1477288794.json,10_1477288794,True,10_1477288794.jpg,10_1477288794.jpg,1,10,,True
1-coins/10_1477288800.json,10_1477288800.json,10_1477288800,True,10_1477288800.jpg,10_1477288800.jpg,1,10,,True
1-coins/10_1477288806.json,10_1477288806.json,10_1477288806,True,10_1477288806.jpg,10_1477288806.jpg,1,10,,True
1-coins/10_1477288812.json,10_1477288812.json,10_1477288812,True,10_1477288812.jpg,10_1477288812.jpg,1,10,,True
1-coins/10_1477288818.json,10_1477288818.json,10_1477288818,True,10_1477288818.jpg,10_1477288818.jpg,1,10,,True
1-coins/10_1477288824.json,10_1477288824.json,10_1477288824,True,10_1477288824.jpg,10_1477288824.jpg,2,10|finger,,True
1-coins/10_1477288830.json,10_1477288830.json,10_1477288830,True,10_1477288830.jpg,10_1477288830.jpg,1,10,,True
1-coins/10_1477288836.json,10_1477288836.json,10_1477288836,True,10_1477288836.jpg,10_1477288836.jpg,1,10,,True
1-coins/10_1477288842.json,10_1477288842.json,10_1477288842,True,10_1477288842.jpg,10_1477288842.jpg,1,10,,True
1-coins/10_1477288848.json,10_1477288848.json,10_1477288848,True,10_1477288848.jpg,10_1477288848.jpg,1,10,,True
1-coins/10_1477288854.json,10_1477288854.json,10_1477288854,True,10_1477288854.jpg,10_1477288854.jpg,1,10,,True
1-coins/10_1477288860.json,10_1477288860.json,10_1477288860,True,10_1477288860.jpg,10_1477288860.jpg,1,10,,True
1-coins/10_1477288866.json,10_1477288866.json,10_1477288866,True,10_1477288866.jpg,10_1477288866.jpg,1,10,,True
1-coins/10_1477288872.json,10_1477288872.json,10_1477288872,True,10_1477288872.jpg,10_1477288872.jpg,1,10,,True
1-coins/10_1477288878.json,10_1477288878.json,10_1477288878,True,10_1477288878.jpg,10_1477288878.jpg,1,10,,True
1-coins/10_1477288884.json,10_1477288884.json,10_1477288884,True,10_1477288884.jpg,10_1477288884.jpg,1,10,,True
1-coins/10_1477288890.json,10_1477288890.json,10_1477288890,True,10_1477288890.jpg,10_1477288890.jpg,1,10,,True
1-coins/10_1477288896.json,10_1477288896.json,10_1477288896,True,10_1477288896.jpg,10_1477288896.jpg,1,10,,True
1-coins/10_1477288902.json,10_1477288902.json,10_1477288902,True,10_1477288902.jpg,10_1477288902.jpg,1,10,,True
1-coins/10_1477288908.json,10_1477288908.json,10_1477288908,True,10_1477288908.jpg,10_1477288908.jpg,1,10,,True
1-coins/10_1477288932.json,10_1477288932.json,10_1477288932,True,10_1477288932.jpg,10_1477288932.jpg,1,10,,True
1-coins/10_1477288938.json,10_1477288938.json,10_1477288938,True,10_1477288938.jpg,10_1477288938.jpg,3,10|finger,,True
1-coins/10_1477288944.json,10_1477288944.json,10_1477288944,True,10_1477288944.jpg,10_1477288944.jpg,1,10,,True
1-coins/10_1477288950.json,10_1477288950.json,10_1477288950,True,10_1477288950.jpg,10_1477288950.jpg,1,10,,True
1-coins/10_1477288956.json,10_1477288956.json,10_1477288956,True,10_1477288956.jpg,10_1477288956.jpg,1,10,,True
1-coins/10_1477288962.json,10_1477288962.json,10_1477288962,True,10_1477288962.jpg,10_1477288962.jpg,1,10,,True
1-coins/10_1477288968.json,10_1477288968.json,10_1477288968,True,10_1477288968.jpg,10_1477288968.jpg,1,10,,True
1-coins/10_1477288974.json,10_1477288974.json,10_1477288974,True,10_1477288974.jpg,10_1477288974.jpg,1,10,,True
1-coins/10_1477288980.json,10_1477288980.json,10_1477288980,True,10_1477288980.jpg,10_1477288980.jpg,1,10,,True
1-coins/10_1477288986.json,10_1477288986.json,10_1477288986,True,10_1477288986.jpg,10_1477288986.jpg,1,10,,True
1-coins/10_1477288992.json,10_1477288992.json,10_1477288992,True,10_1477288992.jpg,10_1477288992.jpg,1,10,,True
1-coins/10_1477288998.json,10_1477288998.json,10_1477288998,True,10_1477288998.jpg,10_1477288998.jpg,1,10,,True
1-coins/10_1477289004.json,10_1477289004.json,10_1477289004,True,10_1477289004.jpg,10_1477289004.jpg,1,10,,True
1-coins/10_1477289010.json,10_1477289010.json,10_1477289010,True,10_1477289010.jpg,10_1477289010.jpg,1,10,,True
1-coins/10_1477289016.json,10_1477289016.json,10_1477289016,True,10_1477289016.jpg,10_1477289016.jpg,5,10|finger,,True
1-coins/10_1477289022.json,10_1477289022.json,10_1477289022,True,10_1477289022.jpg,10_1477289022.jpg,1,10,,True
1-coins/10_1477289028.json,10_1477289028.json,10_1477289028,True,10_1477289028.jpg,10_1477289028.jpg,1,10,,True
1-coins/10_1477289034.json,10_1477289034.json,10_1477289034,True,10_1477289034.jpg,10_1477289034.jpg,1,10,,True
1-coins/10_1477289040.json,10_1477289040.json,10_1477289040,True,10_1477289040.jpg,10_1477289040.jpg,1,10,,True
1-coins/10_1477289046.json,10_1477289046.json,10_1477289046,True,10_1477289046.jpg,10_1477289046.jpg,1,10,,True
1-coins/10_1477289052.json,10_1477289052.json,10_1477289052,True,10_1477289052.jpg,10_1477289052.jpg,1,10,,True
1-coins/10_1477289058.json,10_1477289058.json,10_1477289058,True,10_1477289058.jpg,10_1477289058.jpg,1,10,,True
1-coins/10_1477289064.json,10_1477289064.json,10_1477289064,True,10_1477289064.jpg,10_1477289064.jpg,1,10,,True
1-coins/10_1477289070.json,10_1477289070.json,10_1477289070,True,10_1477289070.jpg,10_1477289070.jpg,1,10,,True
1-coins/10_1477289076.json,10_1477289076.json,10_1477289076,True,10_1477289076.jpg,10_1477289076.jpg,1,10,,True
1-coins/10_1477289082.json,10_1477289082.json,10_1477289082,True,10_1477289082.jpg,10_1477289082.jpg,1,10,,True
1-coins/10_1477289088.json,10_1477289088.json,10_1477289088,True,10_1477289088.jpg,10_1477289088.jpg,1,10,,True
1-coins/10_1477289094.json,10_1477289094.json,10_1477289094,True,10_1477289094.jpg,10_1477289094.jpg,1,10,,True
1-coins/10_1477289100.json,10_1477289100.json,10_1477289100,True,10_1477289100.jpg,10_1477289100.jpg,1,10,,True
1-coins/10_1477289106.json,10_1477289106.json,10_1477289106,True,10_1477289106.jpg,10_1477289106.jpg,1,10,,True
1-coins/10_1477289124.json,10_1477289124.json,10_1477289124,True,10_1477289124.jpg,10_1477289124.jpg,1,10,,True
1-coins/10_1477289130.json,10_1477289130.json,10_1477289130,True,10_1477289130.jpg,10_1477289130.jpg,1,10,,True
1-coins/10_1477289136.json,10_1477289136.json,10_1477289136,True,10_1477289136.jpg,10_1477289136.jpg,1,10,,True
1-coins/10_1477289142.json,10_1477289142.json,10_1477289142,True,10_1477289142.jpg,10_1477289142.jpg,1,10,,True
1-coins/10_1477289148.json,10_1477289148.json,10_1477289148,True,10_1477289148.jpg,10_1477289148.jpg,1,10,,True
1-coins/10_1477289154.json,10_1477289154.json,10_1477289154,True,10_1477289154.jpg,10_1477289154.jpg,1,10,,True
1-coins/10_1477289160.json,10_1477289160.json,10_1477289160,True,10_1477289160.jpg,10_1477289160.jpg,1,10,,True
1-coins/10_1477289166.json,10_1477289166.json,10_1477289166,True,10_1477289166.jpg,10_1477289166.jpg,1,10,,True
1-coins/10_1477289172.json,10_1477289172.json,10_1477289172,True,10_1477289172.jpg,10_1477289172.jpg,1,10,,True
1-coins/10_1477289178.json,10_1477289178.json,10_1477289178,True,10_1477289178.jpg,10_1477289178.jpg,1,10,,True
1-coins/10_1477289184.json,10_1477289184.json,10_1477289184,True,10_1477289184.jpg,10_1477289184.jpg,1,10,,True
1-coins/10_1477289190.json,10_1477289190.json,10_1477289190,True,10_1477289190.jpg,10_1477289190.jpg,1,10,,True
1-coins/10_1477289196.json,10_1477289196.json,10_1477289196,True,10_1477289196.jpg,10_1477289196.jpg,1,10,,True
1-coins/10_1477289202.json,10_1477289202.json,10_1477289202,True,10_1477289202.jpg,10_1477289202.jpg,1,10,,True
1-coins/10_1477289208.json,10_1477289208.json,10_1477289208,True,10_1477289208.jpg,10_1477289208.jpg,1,10,,True
1-coins/10_1477289214.json,10_1477289214.json,10_1477289214,True,10_1477289214.jpg,10_1477289214.jpg,1,10,,True
1-coins/10_1477289220.json,10_1477289220.json,10_1477289220,True,10_1477289220.jpg,10_1477289220.jpg,1,10,,True
1-coins/10_1477289226.json,10_1477289226.json,10_1477289226,True,10_1477289226.jpg,10_1477289226.jpg,1,10,,True
1-coins/10_1477289232.json,10_1477289232.json,10_1477289232,True,10_1477289232.jpg,10_1477289232.jpg,1,10,,True
1-coins/10_1477289238.json,10_1477289238.json,10_1477289238,True,10_1477289238.jpg,10_1477289238.jpg,1,10,,True
1-coins/10_1477289244.json,10_1477289244.json,10_1477289244,True,10_1477289244.jpg,10_1477289244.jpg,1,10,,True
1-coins/10_1477289250.json,10_1477289250.json,10_1477289250,True,10_1477289250.jpg,10_1477289250.jpg,1,10,,True
1-coins/10_1477289256.json,10_1477289256.json,10_1477289256,True,10_1477289256.jpg,10_1477289256.jpg,1,10,,True
1-coins/10_1477289262.json,10_1477289262.json,10_1477289262,True,10_1477289262.jpg,10_1477289262.jpg,1,10,,True
1-coins/10_1477289268.json,10_1477289268.json,10_1477289268,True,10_1477289268.jpg,10_1477289268.jpg,1,10,,True
1-coins/10_1477289274.json,10_1477289274.json,10_1477289274,True,10_1477289274.jpg,10_1477289274.jpg,1,10,,True
1-coins/10_1477289280.json,10_1477289280.json,10_1477289280,True,10_1477289280.jpg,10_1477289280.jpg,1,10,,True
1-coins/10_1477289286.json,10_1477289286.json,10_1477289286,True,10_1477289286.jpg,10_1477289286.jpg,1,10,,True
1-coins/10_1477289292.json,10_1477289292.json,10_1477289292,True,10_1477289292.jpg,10_1477289292.jpg,1,10,,True
1-coins/10_1477289298.json,10_1477289298.json,10_1477289298,True,10_1477289298.jpg,10_1477289298.jpg,1,10,,True
1-coins/10_1477289316.json,10_1477289316.json,10_1477289316,True,10_1477289316.jpg,10_1477289316.jpg,1,10,,True
1-coins/10_1477289322.json,10_1477289322.json,10_1477289322,True,10_1477289322.jpg,10_1477289322.jpg,1,10,,True
1-coins/10_1477289328.json,10_1477289328.json,10_1477289328,True,10_1477289328.jpg,10_1477289328.jpg,1,10,,True
1-coins/10_1477289334.json,10_1477289334.json,10_1477289334,True,10_1477289334.jpg,10_1477289334.jpg,1,10,,True
1-coins/10_1477289340.json,10_1477289340.json,10_1477289340,True,10_1477289340.jpg,10_1477289340.jpg,1,10,,True
1-coins/10_1477289346.json,10_1477289346.json,10_1477289346,True,10_1477289346.jpg,10_1477289346.jpg,1,10,,True
1-coins/10_1477289352.json,10_1477289352.json,10_1477289352,True,10_1477289352.jpg,10_1477289352.jpg,1,10,,True
1-coins/10_1477289358.json,10_1477289358.json,10_1477289358,True,10_1477289358.jpg,10_1477289358.jpg,1,10,,True
1-coins/10_1477289364.json,10_1477289364.json,10_1477289364,True,10_1477289364.jpg,10_1477289364.jpg,1,10,,True
1-coins/10_1477289370.json,10_1477289370.json,10_1477289370,True,10_1477289370.jpg,10_1477289370.jpg,1,10,,True
1-coins/10_1477289376.json,10_1477289376.json,10_1477289376,True,10_1477289376.jpg,10_1477289376.jpg,1,10,,True
1-coins/10_1477289382.json,10_1477289382.json,10_1477289382,True,10_1477289382.jpg,10_1477289382.jpg,1,10,,True
1-coins/10_1477289388.json,10_1477289388.json,10_1477289388,True,10_1477289388.jpg,10_1477289388.jpg,1,10,,True
1-coins/10_1477289394.json,10_1477289394.json,10_1477289394,True,10_1477289394.jpg,10_1477289394.jpg,1,10,,True
1-coins/10_1477289400.json,10_1477289400.json,10_1477289400,True,10_1477289400.jpg,10_1477289400.jpg,1,10,,True
1-coins/10_1477289406.json,10_1477289406.json,10_1477289406,True,10_1477289406.jpg,10_1477289406.jpg,1,10,,True
1-coins/10_1477289412.json,10_1477289412.json,10_1477289412,True,10_1477289412.jpg,10_1477289412.jpg,1,10,,True
1-coins/10_1477289418.json,10_1477289418.json,10_1477289418,True,10_1477289418.jpg,10_1477289418.jpg,1,10,,True
1-coins/10_1477289424.json,10_1477289424.json,10_1477289424,True,10_1477289424.jpg,10_1477289424.jpg,1,10,,True
1-coins/10_1477289430.json,10_1477289430.json,10_1477289430,True,10_1477289430.jpg,10_1477289430.jpg,1,10,,True
1-coins/10_1477289436.json,10_1477289436.json,10_1477289436,True,10_1477289436.jpg,10_1477289436.jpg,1,10,,True
1-coins/10_1477289442.json,10_1477289442.json,10_1477289442,True,10_1477289442.jpg,10_1477289442.jpg,1,10,,True
1-coins/10_1477289448.json,10_1477289448.json,10_1477289448,True,10_1477289448.jpg,10_1477289448.jpg,1,10,,True
1-coins/10_1477289454.json,10_1477289454.json,10_1477289454,True,10_1477289454.jpg,10_1477289454.jpg,1,10,,True
1-coins/10_1477289460.json,10_1477289460.json,10_1477289460,True,10_1477289460.jpg,10_1477289460.jpg,1,10,,True
1-coins/10_1477289466.json,10_1477289466.json,10_1477289466,True,10_1477289466.jpg,10_1477289466.jpg,1,10,,True
1-coins/10_1477289472.json,10_1477289472.json,10_1477289472,True,10_1477289472.jpg,10_1477289472.jpg,1,10,,True
1-coins/10_1477289478.json,10_1477289478.json,10_1477289478,True,10_1477289478.jpg,10_1477289478.jpg,1,10,,True
1-coins/10_1477289484.json,10_1477289484.json,10_1477289484,True,10_1477289484.jpg,10_1477289484.jpg,3,10|finger,,True
1-coins/10_1477289490.json,10_1477289490.json,10_1477289490,True,10_1477289490.jpg,10_1477289490.jpg,1,10,,True
1-coins/10_1477289496.json,10_1477289496.json,10_1477289496,True,10_1477289496.jpg,10_1477289496.jpg,1,10,,True
1-coins/10_1477289520.json,10_1477289520.json,10_1477289520,True,10_1477289520.jpg,10_1477289520.jpg,1,10,,True
1-coins/10_1477289526.json,10_1477289526.json,10_1477289526,True,10_1477289526.jpg,10_1477289526.jpg,1,10,,True
1-coins/10_1477289532.json,10_1477289532.json,10_1477289532,True,10_1477289532.jpg,10_1477289532.jpg,1,10,,True
1-coins/10_1477289538.json,10_1477289538.json,10_1477289538,True,10_1477289538.jpg,10_1477289538.jpg,1,10,,True
1-coins/10_1477289544.json,10_1477289544.json,10_1477289544,True,10_1477289544.jpg,10_1477289544.jpg,1,10,,True
1-coins/10_1477289550.json,10_1477289550.json,10_1477289550,True,10_1477289550.jpg,10_1477289550.jpg,1,10,,True
1-coins/10_1477289556.json,10_1477289556.json,10_1477289556,True,10_1477289556.jpg,10_1477289556.jpg,1,10,,True
1-coins/10_1477289562.json,10_1477289562.json,10_1477289562,True,10_1477289562.jpg,10_1477289562.jpg,1,10,,True
1-coins/10_1477289568.json,10_1477289568.json,10_1477289568,True,10_1477289568.jpg,10_1477289568.jpg,1,10,,True
1-coins/10_1477289574.json,10_1477289574.json,10_1477289574,True,10_1477289574.jpg,10_1477289574.jpg,1,10,,True
1-coins/10_1477289580.json,10_1477289580.json,10_1477289580,True,10_1477289580.jpg,10_1477289580.jpg,1,10,,True
1-coins/10_1477289586.json,10_1477289586.json,10_1477289586,True,10_1477289586.jpg,10_1477289586.jpg,1,10,,True
1-coins/10_1477289592.json,10_1477289592.json,10_1477289592,True,10_1477289592.jpg,10_1477289592.jpg,1,10,,True
1-coins/10_1477289598.json,10_1477289598.json,10_1477289598,True,10_1477289598.jpg,10_1477289598.jpg,1,10,,True
1-coins/10_1477289604.json,10_1477289604.json,10_1477289604,True,10_1477289604.jpg,10_1477289604.jpg,1,10,,True
1-coins/10_1477289610.json,10_1477289610.json,10_1477289610,True,10_1477289610.jpg,10_1477289610.jpg,1,10,,True
1-coins/10_1477289616.json,10_1477289616.json,10_1477289616,True,10_1477289616.jpg,10_1477289616.jpg,1,10,,True
1-coins/10_1477289622.json,10_1477289622.json,10_1477289622,True,10_1477289622.jpg,10_1477289622.jpg,1,10,,True
1-coins/10_1477289628.json,10_1477289628.json,10_1477289628,True,10_1477289628.jpg,10_1477289628.jpg,1,10,,True
1-coins/10_1477289634.json,10_1477289634.json,10_1477289634,True,10_1477289634.jpg,10_1477289634.jpg,1,10,,True
1-coins/10_1477289640.json,10_1477289640.json,10_1477289640,True,10_1477289640.jpg,10_1477289640.jpg,5,10|finger,,True
1-coins/10_1477289646.json,10_1477289646.json,10_1477289646,True,10_1477289646.jpg,10_1477289646.jpg,1,10,,True
1-coins/10_1477289652.json,10_1477289652.json,10_1477289652,True,10_1477289652.jpg,10_1477289652.jpg,1,10,,True
1-coins/10_1477289658.json,10_1477289658.json,10_1477289658,True,10_1477289658.jpg,10_1477289658.jpg,1,10,,True
1-coins/10_1477289664.json,10_1477289664.json,10_1477289664,True,10_1477289664.jpg,10_1477289664.jpg,1,10,,True
1-coins/10_1477289670.json,10_1477289670.json,10_1477289670,True,10_1477289670.jpg,10_1477289670.jpg,1,10,,True
1-coins/10_1477289676.json,10_1477289676.json,10_1477289676,True,10_1477289676.jpg,10_1477289676.jpg,1,10,,True
1-coins/10_1477289682.json,10_1477289682.json,10_1477289682,True,10_1477289682.jpg,10_1477289682.jpg,1,10,,True
1-coins/10_1477289688.json,10_1477289688.json,10_1477289688,True,10_1477289688.jpg,10_1477289688.jpg,1,10,,True
1-coins/10_1477289694.json,10_1477289694.json,10_1477289694,True,10_1477289694.jpg,10_1477289694.jpg,1,10,,True
1-coins/10_1477787610.json,10_1477787610.json,10_1477787610,True,10_1477787610.jpg,10_1477787610.jpg,2,5,,True
1-coins/10_1477787616.json,10_1477787616.json,10_1477787616,True,10_1477787616.jpg,10_1477787616.jpg,2,5,,True
1-coins/10_1477787622.json,10_1477787622.json,10_1477787622,True,10_1477787622.jpg,10_1477787622.jpg,2,5,,True
1-coins/10_1477787628.json,10_1477787628.json,10_1477787628,True,10_1477787628.jpg,10_1477787628.jpg,2,5,,True
1-coins/10_1477787634.json,10_1477787634.json,10_1477787634,True,10_1477787634.jpg,10_1477787634.jpg,2,5,,True
1-coins/10_1477787640.json,10_1477787640.json,10_1477787640,True,10_1477787640.jpg,10_1477787640.jpg,2,5,,True
1-coins/10_1477787646.json,10_1477787646.json,10_1477787646,True,10_1477787646.jpg,10_1477787646.jpg,2,5,,True
1-coins/10_1477787652.json,10_1477787652.json,10_1477787652,True,10_1477787652.jpg,10_1477787652.jpg,2,5,,True
1-coins/10_1477787658.json,10_1477787658.json,10_1477787658,True,10_1477787658.jpg,10_1477787658.jpg,2,5,,True
1-coins/10_1477787664.json,10_1477787664.json,10_1477787664,True,10_1477787664.jpg,10_1477787664.jpg,2,5,,True
1-coins/10_1477787670.json,10_1477787670.json,10_1477787670,True,10_1477787670.jpg,10_1477787670.jpg,2,5,,True
1-coins/10_1477787676.json,10_1477787676.json,10_1477787676,True,10_1477787676.jpg,10_1477787676.jpg,2,5,,True
1-coins/10_1477787682.json,10_1477787682.json,10_1477787682,True,10_1477787682.jpg,10_1477787682.jpg,2,5,,True
1-coins/10_1477787688.json,10_1477787688.json,10_1477787688,True,10_1477787688.jpg,10_1477787688.jpg,2,5,,True
1-coins/10_1477787694.json,10_1477787694.json,10_1477787694,True,10_1477787694.jpg,10_1477787694.jpg,2,5,,True
1-coins/10_1477787700.json,10_1477787700.json,10_1477787700,True,10_1477787700.jpg,10_1477787700.jpg,2,5,,True
1-coins/10_1477787706.json,10_1477787706.json,10_1477787706,True,10_1477787706.jpg,10_1477787706.jpg,2,5,,True
1-coins/10_1477787712.json,10_1477787712.json,10_1477787712,True,10_1477787712.jpg,10_1477787712.jpg,2,5,,True
1-coins/10_1477787718.json,10_1477787718.json,10_1477787718,True,10_1477787718.jpg,10_1477787718.jpg,2,5,,True
1-coins/10_1477787724.json,10_1477787724.json,10_1477787724,True,10_1477787724.jpg,10_1477787724.jpg,2,5,,True
1-coins/10_1477787730.json,10_1477787730.json,10_1477787730,True,10_1477787730.jpg,10_1477787730.jpg,2,5,,True
1-coins/10_1477787736.json,10_1477787736.json,10_1477787736,True,10_1477787736.jpg,10_1477787736.jpg,2,5,,True
1-coins/10_1477787742.json,10_1477787742.json,10_1477787742,True,10_1477787742.jpg,10_1477787742.jpg,2,5,,True
1-coins/10_1477787748.json,10_1477787748.json,10_1477787748,True,10_1477787748.jpg,10_1477787748.jpg,2,5,,True
1-coins/10_1477787754.json,10_1477787754.json,10_1477787754,True,10_1477787754.jpg,10_1477787754.jpg,2,5,,True
1-coins/10_1477787760.json,10_1477787760.json,10_1477787760,True,10_1477787760.jpg,10_1477787760.jpg,2,5,,True
1-coins/10_1477787766.json,10_1477787766.json,10_1477787766,True,10_1477787766.jpg,10_1477787766.jpg,2,5,,True
1-coins/10_1477787772.json,10_1477787772.json,10_1477787772,True,10_1477787772.jpg,10_1477787772.jpg,2,5,,True
1-coins/10_1477787778.json,10_1477787778.json,10_1477787778,True,10_1477787778.jpg,10_1477787778.jpg,2,5,,True
1-coins/10_1477787784.json,10_1477787784.json,10_1477787784,True,10_1477787784.jpg,10_1477787784.jpg,2,5,,True
1-coins/10_1477787910.json,10_1477787910.json,10_1477787910,True,10_1477787910.jpg,10_1477787910.jpg,2,5,,True
1-coins/10_1477787916.json,10_1477787916.json,10_1477787916,True,10_1477787916.jpg,10_1477787916.jpg,2,5,,True
1-coins/10_1477787922.json,10_1477787922.json,10_1477787922,True,10_1477787922.jpg,10_1477787922.jpg,2,5,,True
1-coins/10_1477787928.json,10_1477787928.json,10_1477787928,True,10_1477787928.jpg,10_1477787928.jpg,2,5,,True
1-coins/10_1477787934.json,10_1477787934.json,10_1477787934,True,10_1477787934.jpg,10_1477787934.jpg,2,5,,True
1-coins/10_1477787940.json,10_1477787940.json,10_1477787940,True,10_1477787940.jpg,10_1477787940.jpg,2,5,,True
1-coins/10_1477787946.json,10_1477787946.json,10_1477787946,True,10_1477787946.jpg,10_1477787946.jpg,2,5,,True
1-coins/10_1477787952.json,10_1477787952.json,10_1477787952,True,10_1477787952.jpg,10_1477787952.jpg,2,5,,True
1-coins/10_1477787958.json,10_1477787958.json,10_1477787958,True,10_1477787958.jpg,10_1477787958.jpg,2,5,,True
1-coins/10_1477787964.json,10_1477787964.json,10_1477787964,True,10_1477787964.jpg,10_1477787964.jpg,2,5,,True
1-coins/10_1477787970.json,10_1477787970.json,10_1477787970,True,10_1477787970.jpg,10_1477787970.jpg,2,5,,True
1-coins/10_1477787976.json,10_1477787976.json,10_1477787976,True,10_1477787976.jpg,10_1477787976.jpg,2,5,,True
1-coins/10_1477787982.json,10_1477787982.json,10_1477787982,True,10_1477787982.jpg,10_1477787982.jpg,2,5,,True
1-coins/10_1477787988.json,10_1477787988.json,10_1477787988,True,10_1477787988.jpg,10_1477787988.jpg,2,5,,True
1-coins/10_1477787994.json,10_1477787994.json,10_1477787994,True,10_1477787994.jpg,10_1477787994.jpg,2,5,,True
1-coins/10_1477788000.json,10_1477788000.json,10_1477788000,True,10_1477788000.jpg,10_1477788000.jpg,2,5,,True
1-coins/10_1477788006.json,10_1477788006.json,10_1477788006,True,10_1477788006.jpg,10_1477788006.jpg,2,5,,True
1-coins/10_1477788012.json,10_1477788012.json,10_1477788012,True,10_1477788012.jpg,10_1477788012.jpg,2,5,,True
1-coins/10_1477788018.json,10_1477788018.json,10_1477788018,True,10_1477788018.jpg,10_1477788018.jpg,2,5,,True
1-coins/10_1477788024.json,10_1477788024.json,10_1477788024,True,10_1477788024.jpg,10_1477788024.jpg,2,5,,True
1-coins/10_1477788030.json,10_1477788030.json,10_1477788030,True,10_1477788030.jpg,10_1477788030.jpg,2,5,,True
1-coins/10_1477788036.json,10_1477788036.json,10_1477788036,True,10_1477788036.jpg,10_1477788036.jpg,2,5,,True
1-coins/10_1477788042.json,10_1477788042.json,10_1477788042,True,10_1477788042.jpg,10_1477788042.jpg,2,5,,True
1-coins/10_1477788048.json,10_1477788048.json,10_1477788048,True,10_1477788048.jpg,10_1477788048.jpg,2,5,,True
1-coins/10_1477788054.json,10_1477788054.json,10_1477788054,True,10_1477788054.jpg,10_1477788054.jpg,2,5,,True
1-coins/10_1477788060.json,10_1477788060.json,10_1477788060,True,10_1477788060.jpg,10_1477788060.jpg,2,5,,True
1-coins/10_1477788066.json,10_1477788066.json,10_1477788066,True,10_1477788066.jpg,10_1477788066.jpg,2,5,,True
1-coins/10_1477788072.json,10_1477788072.json,10_1477788072,True,10_1477788072.jpg,10_1477788072.jpg,2,5,,True
1-coins/10_1477788078.json,10_1477788078.json,10_1477788078,True,10_1477788078.jpg,10_1477788078.jpg,2,5,,True
1-coins/10_1477788084.json,10_1477788084.json,10_1477788084,True,10_1477788084.jpg,10_1477788084.jpg,2,5,,True
1-coins/110_1479345618.json,110_1479345618.json,110_1479345618,True,110_1479345618.jpg,110_1479345618.jpg,6,25|5,,True
1-coins/110_1479345624.json,110_1479345624.json,110_1479345624,True,110_1479345624.jpg,110_1479345624.jpg,6,25|5,,True
1-coins/110_1479345630.json,110_1479345630.json,110_1479345630,True,110_1479345630.jpg,110_1479345630.jpg,6,25|5,,True
1-coins/110_1479345636.json,110_1479345636.json,110_1479345636,True,110_1479345636.jpg,110_1479345636.jpg,6,25|5,,True
1-coins/110_1479345642.json,110_1479345642.json,110_1479345642,True,110_1479345642.jpg,110_1479345642.jpg,6,25|5,,True
1-coins/110_1479345648.json,110_1479345648.json,110_1479345648,True,110_1479345648.jpg,110_1479345648.jpg,6,25|5,,True
1-coins/110_1479345654.json,110_1479345654.json,110_1479345654,True,110_1479345654.jpg,110_1479345654.jpg,6,25|5,,True
1-coins/110_1479345660.json,110_1479345660.json,110_1479345660,True,110_1479345660.jpg,110_1479345660.jpg,6,25|5,,True
1-coins/110_1479345666.json,110_1479345666.json,110_1479345666,True,110_1479345666.jpg,110_1479345666.jpg,6,25|5,,True
1-coins/110_1479345672.json,110_1479345672.json,110_1479345672,True,110_1479345672.jpg,110_1479345672.jpg,6,25|5,,True
1-coins/110_1479345678.json,110_1479345678.json,110_1479345678,True,110_1479345678.jpg,110_1479345678.jpg,6,25|5,,True
1-coins/110_1479345684.json,110_1479345684.json,110_1479345684,True,110_1479345684.jpg,110_1479345684.jpg,6,25|5,,True
1-coins/110_1479345690.json,110_1479345690.json,110_1479345690,True,110_1479345690.jpg,110_1479345690.jpg,6,25|5,,True
1-coins/110_1479345696.json,110_1479345696.json,110_1479345696,True,110_1479345696.jpg,110_1479345696.jpg,6,25|5,,True
1-coins/110_1479345702.json,110_1479345702.json,110_1479345702,True,110_1479345702.jpg,110_1479345702.jpg,6,25|5,,True
1-coins/110_1479345708.json,110_1479345708.json,110_1479345708,True,110_1479345708.jpg,110_1479345708.jpg,6,25|5,,True
1-coins/110_1479345714.json,110_1479345714.json,110_1479345714,True,110_1479345714.jpg,110_1479345714.jpg,6,25|5,,True
1-coins/110_1479345720.json,110_1479345720.json,110_1479345720,True,110_1479345720.jpg,110_1479345720.jpg,6,25|5,,True
1-coins/110_1479345726.json,110_1479345726.json,110_1479345726,True,110_1479345726.jpg,110_1479345726.jpg,6,25|5,,True
1-coins/110_1479345732.json,110_1479345732.json,110_1479345732,True,110_1479345732.jpg,110_1479345732.jpg,6,25|5,,True
1-coins/110_1479345738.json,110_1479345738.json,110_1479345738,True,110_1479345738.jpg,110_1479345738.jpg,6,25|5,,True
1-coins/110_1479345744.json,110_1479345744.json,110_1479345744,True,110_1479345744.jpg,110_1479345744.jpg,6,25|5,,True
1-coins/110_1479345750.json,110_1479345750.json,110_1479345750,True,110_1479345750.jpg,110_1479345750.jpg,6,25|5,,True
1-coins/110_1479345756.json,110_1479345756.json,110_1479345756,True,110_1479345756.jpg,110_1479345756.jpg,6,25|5,,True
1-coins/110_1479345762.json,110_1479345762.json,110_1479345762,True,110_1479345762.jpg,110_1479345762.jpg,6,25|5,,True
1-coins/110_1479345768.json,110_1479345768.json,110_1479345768,True,110_1479345768.jpg,110_1479345768.jpg,6,25|5,,True
1-coins/110_1479345774.json,110_1479345774.json,110_1479345774,True,110_1479345774.jpg,110_1479345774.jpg,6,25|5,,True
1-coins/110_1479345780.json,110_1479345780.json,110_1479345780,True,110_1479345780.jpg,110_1479345780.jpg,6,25|5,,True
1-coins/110_1479345786.json,110_1479345786.json,110_1479345786,True,110_1479345786.jpg,110_1479345786.jpg,6,25|5,,True
1-coins/110_1479345792.json,110_1479345792.json,110_1479345792,True,110_1479345792.jpg,110_1479345792.jpg,6,25|5,,True
1-coins/110_1479346104.json,110_1479346104.json,110_1479346104,True,110_1479346104.jpg,110_1479346104.jpg,8,10|25|5,,True
1-coins/110_1479346110.json,110_1479346110.json,110_1479346110,True,110_1479346110.jpg,110_1479346110.jpg,8,10|25|5,,True
1-coins/110_1479346116.json,110_1479346116.json,110_1479346116,True,110_1479346116.jpg,110_1479346116.jpg,8,10|25|5,,True
1-coins/110_1479346122.json,110_1479346122.json,110_1479346122,True,110_1479346122.jpg,110_1479346122.jpg,8,10|25|5,,True
1-coins/110_1479346128.json,110_1479346128.json,110_1479346128,True,110_1479346128.jpg,110_1479346128.jpg,8,10|25|5,,True
1-coins/110_1479346134.json,110_1479346134.json,110_1479346134,True,110_1479346134.jpg,110_1479346134.jpg,8,10|25|5,,True
1-coins/110_1479346140.json,110_1479346140.json,110_1479346140,True,110_1479346140.jpg,110_1479346140.jpg,8,10|25|5,,True
1-coins/110_1479346146.json,110_1479346146.json,110_1479346146,True,110_1479346146.jpg,110_1479346146.jpg,8,10|25|5,,True
1-coins/110_1479346152.json,110_1479346152.json,110_1479346152,True,110_1479346152.jpg,110_1479346152.jpg,8,10|25|5,,True
1-coins/110_1479346158.json,110_1479346158.json,110_1479346158,True,110_1479346158.jpg,110_1479346158.jpg,8,10|25|5,,True
1-coins/110_1479346164.json,110_1479346164.json,110_1479346164,True,110_1479346164.jpg,110_1479346164.jpg,8,10|25|5,,True
1-coins/110_1479346170.json,110_1479346170.json,110_1479346170,True,110_1479346170.jpg,110_1479346170.jpg,8,10|25|5,,True
1-coins/110_1479346176.json,110_1479346176.json,110_1479346176,True,110_1479346176.jpg,110_1479346176.jpg,8,10|25|5,,True
1-coins/110_1479346182.json,110_1479346182.json,110_1479346182,True,110_1479346182.jpg,110_1479346182.jpg,8,10|25|5,,True
1-coins/110_1479346188.json,110_1479346188.json,110_1479346188,True,110_1479346188.jpg,110_1479346188.jpg,8,10|25|5,,True
1-coins/110_1479346194.json,110_1479346194.json,110_1479346194,True,110_1479346194.jpg,110_1479346194.jpg,8,10|25|5,,True
1-coins/110_1479346200.json,110_1479346200.json,110_1479346200,True,110_1479346200.jpg,110_1479346200.jpg,8,10|25|5,,True
1-coins/110_1479346206.json,110_1479346206.json,110_1479346206,True,110_1479346206.jpg,110_1479346206.jpg,8,10|25|5,,True
1-coins/110_1479346212.json,110_1479346212.json,110_1479346212,True,110_1479346212.jpg,110_1479346212.jpg,8,10|25|5,,True
1-coins/110_1479346218.json,110_1479346218.json,110_1479346218,True,110_1479346218.jpg,110_1479346218.jpg,8,10|25|5,,True
1-coins/110_1479346224.json,110_1479346224.json,110_1479346224,True,110_1479346224.jpg,110_1479346224.jpg,8,10|25|5,,True
1-coins/110_1479346230.json,110_1479346230.json,110_1479346230,True,110_1479346230.jpg,110_1479346230.jpg,8,10|25|5,,True
1-coins/110_1479346236.json,110_1479346236.json,110_1479346236,True,110_1479346236.jpg,110_1479346236.jpg,8,10|25|5,,True
1-coins/110_1479346242.json,110_1479346242.json,110_1479346242,True,110_1479346242.jpg,110_1479346242.jpg,8,10|25|5,,True
1-coins/110_1479346248.json,110_1479346248.json,110_1479346248,True,110_1479346248.jpg,110_1479346248.jpg,8,10|25|5,,True
1-coins/110_1479346254.json,110_1479346254.json,110_1479346254,True,110_1479346254.jpg,110_1479346254.jpg,8,10|25|5,,True
1-coins/110_1479346260.json,110_1479346260.json,110_1479346260,True,110_1479346260.jpg,110_1479346260.jpg,8,10|25|5,,True
1-coins/110_1479346266.json,110_1479346266.json,110_1479346266,True,110_1479346266.jpg,110_1479346266.jpg,8,10|25|5,,True
1-coins/110_1479346272.json,110_1479346272.json,110_1479346272,True,110_1479346272.jpg,110_1479346272.jpg,8,10|25|5,,True
1-coins/110_1479346278.json,110_1479346278.json,110_1479346278,True,110_1479346278.jpg,110_1479346278.jpg,8,10|25|5,,True
1-coins/110_1479346284.json,110_1479346284.json,110_1479346284,True,110_1479346284.jpg,110_1479346284.jpg,8,10|25|5,,True
1-coins/110_1479347334.json,110_1479347334.json,110_1479347334,True,110_1479347334.jpg,110_1479347334.jpg,8,10|25|5,,True
1-coins/110_1479347340.json,110_1479347340.json,110_1479347340,True,110_1479347340.jpg,110_1479347340.jpg,8,10|25|5,,True
1-coins/110_1479347346.json,110_1479347346.json,110_1479347346,True,110_1479347346.jpg,110_1479347346.jpg,8,10|25|5,,True
1-coins/110_1479347352.json,110_1479347352.json,110_1479347352,True,110_1479347352.jpg,110_1479347352.jpg,8,10|25|5,,True
1-coins/110_1479347358.json,110_1479347358.json,110_1479347358,True,110_1479347358.jpg,110_1479347358.jpg,8,10|25|5,,True
1-coins/110_1479347364.json,110_1479347364.json,110_1479347364,True,110_1479347364.jpg,110_1479347364.jpg,8,10|25|5,,True
1-coins/110_1479347370.json,110_1479347370.json,110_1479347370,True,110_1479347370.jpg,110_1479347370.jpg,8,10|25|5,,True
1-coins/110_1479347376.json,110_1479347376.json,110_1479347376,True,110_1479347376.jpg,110_1479347376.jpg,8,10|25|5,,True
1-coins/110_1479347382.json,110_1479347382.json,110_1479347382,True,110_1479347382.jpg,110_1479347382.jpg,8,10|25|5,,True
1-coins/110_1479347388.json,110_1479347388.json,110_1479347388,True,110_1479347388.jpg,110_1479347388.jpg,8,10|25|5,,True
1-coins/110_1479347394.json,110_1479347394.json,110_1479347394,True,110_1479347394.jpg,110_1479347394.jpg,8,10|25|5,,True
1-coins/110_1479347400.json,110_1479347400.json,110_1479347400,True,110_1479347400.jpg,110_1479347400.jpg,8,10|25|5,,True
1-coins/110_1479347406.json,110_1479347406.json,110_1479347406,True,110_1479347406.jpg,110_1479347406.jpg,8,10|25|5,,True
1-coins/110_1479347412.json,110_1479347412.json,110_1479347412,True,110_1479347412.jpg,110_1479347412.jpg,8,10|25|5,,True
1-coins/110_1479347418.json,110_1479347418.json,110_1479347418,True,110_1479347418.jpg,110_1479347418.jpg,8,10|25|5,,True
1-coins/110_1479347424.json,110_1479347424.json,110_1479347424,True,110_1479347424.jpg,110_1479347424.jpg,8,10|25|5,,True
1-coins/110_1479347430.json,110_1479347430.json,110_1479347430,True,110_1479347430.jpg,110_1479347430.jpg,8,10|25|5,,True
1-coins/110_1479347436.json,110_1479347436.json,110_1479347436,True,110_1479347436.jpg,110_1479347436.jpg,8,10|25|5,,True
1-coins/110_1479347442.json,110_1479347442.json,110_1479347442,True,110_1479347442.jpg,110_1479347442.jpg,8,10|25|5,,True
1-coins/110_1479347448.json,110_1479347448.json,110_1479347448,True,110_1479347448.jpg,110_1479347448.jpg,8,10|25|5,,True
1-coins/110_1479347454.json,110_1479347454.json,110_1479347454,True,110_1479347454.jpg,110_1479347454.jpg,8,10|25|5,,True
1-coins/110_1479347460.json,110_1479347460.json,110_1479347460,True,110_1479347460.jpg,110_1479347460.jpg,8,10|25|5,,True
1-coins/110_1479347466.json,110_1479347466.json,110_1479347466,True,110_1479347466.jpg,110_1479347466.jpg,8,10|25|5,,True
1-coins/110_1479347472.json,110_1479347472.json,110_1479347472,True,110_1479347472.jpg,110_1479347472.jpg,8,10|25|5,,True
1-coins/110_1479347478.json,110_1479347478.json,110_1479347478,True,110_1479347478.jpg,110_1479347478.jpg,8,10|25|5,,True
1-coins/110_1479347484.json,110_1479347484.json,110_1479347484,True,110_1479347484.jpg,110_1479347484.jpg,8,10|25|5,,True
1-coins/110_1479347490.json,110_1479347490.json,110_1479347490,True,110_1479347490.jpg,110_1479347490.jpg,8,10|25|5,,True
1-coins/110_1479347496.json,110_1479347496.json,110_1479347496,True,110_1479347496.jpg,110_1479347496.jpg,8,10|25|5,,True
1-coins/110_1479347502.json,110_1479347502.json,110_1479347502,True,110_1479347502.jpg,110_1479347502.jpg,8,10|25|5,,True
1-coins/110_1479347508.json,110_1479347508.json,110_1479347508,True,110_1479347508.jpg,110_1479347508.jpg,8,10|25|5,,True
1-coins/115_1479347550.json,115_1479347550.json,115_1479347550,True,115_1479347550.jpg,115_1479347550.jpg,9,10|25|5,,True
1-coins/115_1479347556.json,115_1479347556.json,115_1479347556,True,115_1479347556.jpg,115_1479347556.jpg,9,10|25|5,,True
1-coins/115_1479347562.json,115_1479347562.json,115_1479347562,True,115_1479347562.jpg,115_1479347562.jpg,9,10|25|5,,True
1-coins/115_1479347568.json,115_1479347568.json,115_1479347568,True,115_1479347568.jpg,115_1479347568.jpg,9,10|25|5,,True
1-coins/115_1479347574.json,115_1479347574.json,115_1479347574,True,115_1479347574.jpg,115_1479347574.jpg,9,10|25|5,,True
1-coins/115_1479347580.json,115_1479347580.json,115_1479347580,True,115_1479347580.jpg,115_1479347580.jpg,9,10|25|5,,True
1-coins/115_1479347586.json,115_1479347586.json,115_1479347586,True,115_1479347586.jpg,115_1479347586.jpg,9,10|25|5,,True
1-coins/115_1479347592.json,115_1479347592.json,115_1479347592,True,115_1479347592.jpg,115_1479347592.jpg,9,10|25|5,,True
1-coins/115_1479347598.json,115_1479347598.json,115_1479347598,True,115_1479347598.jpg,115_1479347598.jpg,9,10|25|5,,True
1-coins/115_1479347604.json,115_1479347604.json,115_1479347604,True,115_1479347604.jpg,115_1479347604.jpg,9,10|25|5,,True
1-coins/115_1479347610.json,115_1479347610.json,115_1479347610,True,115_1479347610.jpg,115_1479347610.jpg,9,10|25|5,,True
1-coins/115_1479347616.json,115_1479347616.json,115_1479347616,True,115_1479347592.jpg,115_1479347592.jpg,9,10|25|5,,True
1-coins/115_1479347622.json,115_1479347622.json,115_1479347622,True,115_1479347622.jpg,115_1479347622.jpg,9,10|25|5,,True
1-coins/115_1479347628.json,115_1479347628.json,115_1479347628,True,115_1479347628.jpg,115_1479347628.jpg,9,10|25|5,,True
1-coins/115_1479347634.json,115_1479347634.json,115_1479347634,True,115_1479347634.jpg,115_1479347634.jpg,9,10|25|5,,True
1-coins/115_1479347640.json,115_1479347640.json,115_1479347640,True,115_1479347640.jpg,115_1479347640.jpg,9,10|25|5,,True
1-coins/115_1479347646.json,115_1479347646.json,115_1479347646,True,115_1479347646.jpg,115_1479347646.jpg,9,10|25|5,,True
1-coins/115_1479347652.json,115_1479347652.json,115_1479347652,True,115_1479347652.jpg,115_1479347652.jpg,9,10|25|5,,True
1-coins/115_1479347658.json,115_1479347658.json,115_1479347658,True,115_1479347658.jpg,115_1479347658.jpg,9,10|25|5,,True
1-coins/115_1479347664.json,115_1479347664.json,115_1479347664,True,115_1479347664.jpg,115_1479347664.jpg,9,10|25|5,,True
1-coins/115_1479347670.json,115_1479347670.json,115_1479347670,True,115_1479347670.jpg,115_1479347670.jpg,9,10|25|5,,True
1-coins/115_1479347682.json,115_1479347682.json,115_1479347682,True,115_1479347682.jpg,115_1479347682.jpg,9,10|25|5,,True
1-coins/115_1479347688.json,115_1479347688.json,115_1479347688,True,115_1479347688.jpg,115_1479347688.jpg,9,10|25|5,,True
1-coins/115_1479347694.json,115_1479347694.json,115_1479347694,True,115_1479347694.jpg,115_1479347694.jpg,9,10|25|5,,True
1-coins/115_1479347700.json,115_1479347700.json,115_1479347700,True,115_1479347700.jpg,115_1479347700.jpg,9,10|25|5,,True
1-coins/115_1479347706.json,115_1479347706.json,115_1479347706,True,115_1479347706.jpg,115_1479347706.jpg,9,10|25|5,,True
1-coins/115_1479347712.json,115_1479347712.json,115_1479347712,True,115_1479347712.jpg,115_1479347712.jpg,9,10|25|5,,True
1-coins/115_1479347718.json,115_1479347718.json,115_1479347718,True,115_1479347718.jpg,115_1479347718.jpg,9,10|25|5,,True
1-coins/115_1479347724.json,115_1479347724.json,115_1479347724,True,115_1479347724.jpg,115_1479347724.jpg,9,10|25|5,,True
1-coins/115_1479347922.json,115_1479347922.json,115_1479347922,True,115_1479347922.jpg,115_1479347922.jpg,4,100|5,,True
1-coins/115_1479347928.json,115_1479347928.json,115_1479347928,True,115_1479347928.jpg,115_1479347928.jpg,4,100|5,,True
1-coins/115_1479347934.json,115_1479347934.json,115_1479347934,True,115_1479347934.jpg,115_1479347934.jpg,4,100|5,,True
1-coins/115_1479347940.json,115_1479347940.json,115_1479347940,True,115_1479347940.jpg,115_1479347940.jpg,4,100|5,,True
1-coins/115_1479347946.json,115_1479347946.json,115_1479347946,True,115_1479347946.jpg,115_1479347946.jpg,4,100|5,,True
1-coins/115_1479347952.json,115_1479347952.json,115_1479347952,True,115_1479347952.jpg,115_1479347952.jpg,4,100|5,,True
1-coins/115_1479347958.json,115_1479347958.json,115_1479347958,True,115_1479347958.jpg,115_1479347958.jpg,4,100|5,,True
1-coins/115_1479347964.json,115_1479347964.json,115_1479347964,True,115_1479347964.jpg,115_1479347964.jpg,4,100|5,,True
1-coins/115_1479347970.json,115_1479347970.json,115_1479347970,True,115_1479347970.jpg,115_1479347970.jpg,4,100|5,,True
1-coins/115_1479347976.json,115_1479347976.json,115_1479347976,True,115_1479347976.jpg,115_1479347976.jpg,4,100|5,,True
1-coins/115_1479347982.json,115_1479347982.json,115_1479347982,True,115_1479347982.jpg,115_1479347982.jpg,4,100|5,,True
1-coins/115_1479347988.json,115_1479347988.json,115_1479347988,True,115_1479347988.jpg,115_1479347988.jpg,4,100|5,,True
1-coins/115_1479347994.json,115_1479347994.json,115_1479347994,True,115_1479347994.jpg,115_1479347994.jpg,4,100|5,,True
1-coins/115_1479348000.json,115_1479348000.json,115_1479348000,True,115_1479348000.jpg,115_1479348000.jpg,4,100|5,,True
1-coins/115_1479348006.json,115_1479348006.json,115_1479348006,True,115_1479348006.jpg,115_1479348006.jpg,4,100|5,,True
1-coins/115_1479348012.json,115_1479348012.json,115_1479348012,True,115_1479348012.jpg,115_1479348012.jpg,4,100|5,,True
1-coins/115_1479348018.json,115_1479348018.json,115_1479348018,True,115_1479348018.jpg,115_1479348018.jpg,4,100|5,,True
1-coins/115_1479348024.json,115_1479348024.json,115_1479348024,True,115_1479348024.jpg,115_1479348024.jpg,4,100|5,,True
1-coins/115_1479348030.json,115_1479348030.json,115_1479348030,True,115_1479348030.jpg,115_1479348030.jpg,4,100|5,,True
1-coins/115_1479348036.json,115_1479348036.json,115_1479348036,True,115_1479348036.jpg,115_1479348036.jpg,4,100|5,,True
1-coins/115_1479348042.json,115_1479348042.json,115_1479348042,True,115_1479348042.jpg,115_1479348042.jpg,4,100|5,,True
1-coins/115_1479348048.json,115_1479348048.json,115_1479348048,True,115_1479348048.jpg,115_1479348048.jpg,4,100|5,,True
1-coins/115_1479348054.json,115_1479348054.json,115_1479348054,True,115_1479348054.jpg,115_1479348054.jpg,4,100|5,,True
1-coins/115_1479348060.json,115_1479348060.json,115_1479348060,True,115_1479348060.jpg,115_1479348060.jpg,4,100|5,,True
1-coins/115_1479348066.json,115_1479348066.json,115_1479348066,True,115_1479348066.jpg,115_1479348066.jpg,4,100|5,,True
1-coins/115_1479348072.json,115_1479348072.json,115_1479348072,True,115_1479348072.jpg,115_1479348072.jpg,4,100|5,,True
1-coins/115_1479348078.json,115_1479348078.json,115_1479348078,True,115_1479348078.jpg,115_1479348078.jpg,4,100|5,,True
1-coins/115_1479348084.json,115_1479348084.json,115_1479348084,True,115_1479348084.jpg,115_1479348084.jpg,4,100|5,,True
1-coins/115_1479348090.json,115_1479348090.json,115_1479348090,True,115_1479348090.jpg,115_1479348090.jpg,4,100|5,,True
1-coins/115_1479348096.json,115_1479348096.json,115_1479348096,True,115_1479348096.jpg,115_1479348096.jpg,4,100|5,,True
1-coins/115_1479348216.json,115_1479348216.json,115_1479348216,True,115_1479348216.jpg,115_1479348216.jpg,4,100|5,,True
1-coins/115_1479348222.json,115_1479348222.json,115_1479348222,True,115_1479348222.jpg,115_1479348222.jpg,4,100|5,,True
1-coins/115_1479348228.json,115_1479348228.json,115_1479348228,True,115_1479348228.jpg,115_1479348228.jpg,4,100|5,,True
1-coins/115_1479348234.json,115_1479348234.json,115_1479348234,True,115_1479348234.jpg,115_1479348234.jpg,4,100|5,,True
1-coins/115_1479348240.json,115_1479348240.json,115_1479348240,True,115_1479348240.jpg,115_1479348240.jpg,4,100|5,,True
1-coins/115_1479348246.json,115_1479348246.json,115_1479348246,True,115_1479348246.jpg,115_1479348246.jpg,4,100|5,,True
1-coins/115_1479348252.json,115_1479348252.json,115_1479348252,True,115_1479348252.jpg,115_1479348252.jpg,4,100|5,,True
1-coins/115_1479348258.json,115_1479348258.json,115_1479348258,True,115_1479348258.jpg,115_1479348258.jpg,4,100|5,,True
1-coins/115_1479348264.json,115_1479348264.json,115_1479348264,True,115_1479348264.jpg,115_1479348264.jpg,4,100|5,,True
1-coins/115_1479348270.json,115_1479348270.json,115_1479348270,True,115_1479348270.jpg,115_1479348270.jpg,4,100|5,,True
1-coins/115_1479348276.json,115_1479348276.json,115_1479348276,True,115_1479348276.jpg,115_1479348276.jpg,4,100|5,,True
1-coins/115_1479348282.json,115_1479348282.json,115_1479348282,True,115_1479348282.jpg,115_1479348282.jpg,4,100|5,,True
1-coins/115_1479348288.json,115_1479348288.json,115_1479348288,True,115_1479348288.jpg,115_1479348288.jpg,4,100|5,,True
1-coins/115_1479348294.json,115_1479348294.json,115_1479348294,True,115_1479348294.jpg,115_1479348294.jpg,4,100|5,,True
1-coins/115_1479348300.json,115_1479348300.json,115_1479348300,True,115_1479348300.jpg,115_1479348300.jpg,4,100|5,,True
1-coins/115_1479348306.json,115_1479348306.json,115_1479348306,True,115_1479348306.jpg,115_1479348306.jpg,4,100|5,,True
1-coins/115_1479348312.json,115_1479348312.json,115_1479348312,True,115_1479348312.jpg,115_1479348312.jpg,4,100|5,,True
1-coins/115_1479348318.json,115_1479348318.json,115_1479348318,True,115_1479348318.jpg,115_1479348318.jpg,4,100|5,,True
1-coins/115_1479348324.json,115_1479348324.json,115_1479348324,True,115_1479348324.jpg,115_1479348324.jpg,4,100|5,,True
1-coins/115_1479348330.json,115_1479348330.json,115_1479348330,True,115_1479348330.jpg,115_1479348330.jpg,4,100|5,,True
1-coins/115_1479348336.json,115_1479348336.json,115_1479348336,True,115_1479348336.jpg,115_1479348336.jpg,4,100|5,,True
1-coins/115_1479348342.json,115_1479348342.json,115_1479348342,True,115_1479348342.jpg,115_1479348342.jpg,4,100|5,,True
1-coins/115_1479348348.json,115_1479348348.json,115_1479348348,True,115_1479348348.jpg,115_1479348348.jpg,4,100|5,,True
1-coins/115_1479348354.json,115_1479348354.json,115_1479348354,True,115_1479348354.jpg,115_1479348354.jpg,4,100|5,,True
1-coins/115_1479348360.json,115_1479348360.json,115_1479348360,True,115_1479348360.jpg,115_1479348360.jpg,4,100|5,,True
1-coins/115_1479348366.json,115_1479348366.json,115_1479348366,True,115_1479348366.jpg,115_1479348366.jpg,4,100|5,,True
1-coins/115_1479348372.json,115_1479348372.json,115_1479348372,True,115_1479348372.jpg,115_1479348372.jpg,4,100|5,,True
1-coins/115_1479348378.json,115_1479348378.json,115_1479348378,True,115_1479348378.jpg,115_1479348378.jpg,4,100|5,,True
1-coins/115_1479348384.json,115_1479348384.json,115_1479348384,True,115_1479348384.jpg,115_1479348384.jpg,4,100|5,,True
1-coins/115_1479348390.json,115_1479348390.json,115_1479348390,True,115_1479348390.jpg,115_1479348390.jpg,4,100|5,,True
1-coins/115_1479348396.json,115_1479348396.json,115_1479348396,True,115_1479348396.jpg,115_1479348396.jpg,4,100|5,,True
1-coins/115_1479349500.json,115_1479349500.json,115_1479349500,True,115_1479349500.jpg,115_1479349500.jpg,3,10|100|5,,True
1-coins/115_1479349506.json,115_1479349506.json,115_1479349506,True,115_1479349506.jpg,115_1479349506.jpg,3,10|100|5,,True
1-coins/115_1479349512.json,115_1479349512.json,115_1479349512,True,115_1479349512.jpg,115_1479349512.jpg,3,10|100|5,,True
1-coins/115_1479349518.json,115_1479349518.json,115_1479349518,True,115_1479349518.jpg,115_1479349518.jpg,3,10|100|5,,True
1-coins/115_1479349524.json,115_1479349524.json,115_1479349524,True,115_1479349524.jpg,115_1479349524.jpg,3,10|100|5,,True
1-coins/115_1479349530.json,115_1479349530.json,115_1479349530,True,115_1479349530.jpg,115_1479349530.jpg,3,10|100|5,,True
1-coins/115_1479349536.json,115_1479349536.json,115_1479349536,True,115_1479349536.jpg,115_1479349536.jpg,3,10|100|5,,True
1-coins/115_1479349542.json,115_1479349542.json,115_1479349542,True,115_1479349542.jpg,115_1479349542.jpg,3,10|100|5,,True
1-coins/115_1479349548.json,115_1479349548.json,115_1479349548,True,115_1479349548.jpg,115_1479349548.jpg,3,10|100|5,,True
1-coins/115_1479349554.json,115_1479349554.json,115_1479349554,True,115_1479349554.jpg,115_1479349554.jpg,3,10|100|5,,True
1-coins/115_1479349560.json,115_1479349560.json,115_1479349560,True,115_1479349560.jpg,115_1479349560.jpg,3,10|100|5,,True
1-coins/115_1479349566.json,115_1479349566.json,115_1479349566,True,115_1479349566.jpg,115_1479349566.jpg,3,10|100|5,,True
1-coins/115_1479349572.json,115_1479349572.json,115_1479349572,True,115_1479349572.jpg,115_1479349572.jpg,3,10|100|5,,True
1-coins/115_1479349578.json,115_1479349578.json,115_1479349578,True,115_1479349578.jpg,115_1479349578.jpg,3,10|100|5,,True
1-coins/115_1479349584.json,115_1479349584.json,115_1479349584,True,115_1479349584.jpg,115_1479349584.jpg,3,10|100|5,,True
1-coins/115_1479349590.json,115_1479349590.json,115_1479349590,True,115_1479349590.jpg,115_1479349590.jpg,3,10|100|5,,True
1-coins/115_1479349596.json,115_1479349596.json,115_1479349596,True,115_1479349596.jpg,115_1479349596.jpg,3,10|100|5,,True
1-coins/115_1479349602.json,115_1479349602.json,115_1479349602,True,115_1479349602.jpg,115_1479349602.jpg,4,10|5|50,,True
1-coins/115_1479349608.json,115_1479349608.json,115_1479349608,True,115_1479349608.jpg,115_1479349608.jpg,4,10|5|50,,True
1-coins/115_1479349614.json,115_1479349614.json,115_1479349614,True,115_1479349614.jpg,115_1479349614.jpg,4,10|5|50,,True
1-coins/115_1479349620.json,115_1479349620.json,115_1479349620,True,115_1479349620.jpg,115_1479349620.jpg,4,10|5|50,,True
1-coins/115_1479349626.json,115_1479349626.json,115_1479349626,True,115_1479349626.jpg,115_1479349626.jpg,4,10|5|50,,True
1-coins/115_1479349632.json,115_1479349632.json,115_1479349632,True,115_1479349632.jpg,115_1479349632.jpg,4,10|5|50,,True
1-coins/115_1479349638.json,115_1479349638.json,115_1479349638,True,115_1479349638.jpg,115_1479349638.jpg,4,10|5|50,,True
1-coins/115_1479349644.json,115_1479349644.json,115_1479349644,True,115_1479349644.jpg,115_1479349644.jpg,4,10|5|50,,True
1-coins/115_1479349650.json,115_1479349650.json,115_1479349650,True,115_1479349650.jpg,115_1479349650.jpg,4,10|5|50,,True
1-coins/115_1479349656.json,115_1479349656.json,115_1479349656,True,115_1479349656.jpg,115_1479349656.jpg,4,10|5|50,,True
1-coins/115_1479349662.json,115_1479349662.json,115_1479349662,True,115_1479349662.jpg,115_1479349662.jpg,4,10|5|50,,True
1-coins/115_1479349668.json,115_1479349668.json,115_1479349668,True,115_1479349668.jpg,115_1479349668.jpg,4,10|5|50,,True
1-coins/115_1479349674.json,115_1479349674.json,115_1479349674,True,115_1479349674.jpg,115_1479349674.jpg,4,10|5|50,,True
1-coins/115_1479350526.json,115_1479350526.json,115_1479350526,True,115_1479350526.jpg,115_1479350526.jpg,8,10|5|50,,True
1-coins/115_1479350532.json,115_1479350532.json,115_1479350532,True,115_1479350532.jpg,115_1479350532.jpg,8,10|5|50,,True
1-coins/115_1479350538.json,115_1479350538.json,115_1479350538,True,115_1479350538.jpg,115_1479350538.jpg,8,10|5|50,,True
1-coins/115_1479350544.json,115_1479350544.json,115_1479350544,True,115_1479350544.jpg,115_1479350544.jpg,8,10|5|50,,True
1-coins/115_1479350550.json,115_1479350550.json,115_1479350550,True,115_1479350550.jpg,115_1479350550.jpg,8,10|5|50,,True
1-coins/115_1479350556.json,115_1479350556.json,115_1479350556,True,115_1479350556.jpg,115_1479350556.jpg,8,10|5|50,,True
1-coins/115_1479350562.json,115_1479350562.json,115_1479350562,True,115_1479350562.jpg,115_1479350562.jpg,8,10|5|50,,True
1-coins/115_1479350568.json,115_1479350568.json,115_1479350568,True,115_1479350568.jpg,115_1479350568.jpg,8,10|5|50,,True
1-coins/115_1479350574.json,115_1479350574.json,115_1479350574,True,115_1479350574.jpg,115_1479350574.jpg,8,10|5|50,,True
1-coins/115_1479350580.json,115_1479350580.json,115_1479350580,True,115_1479350580.jpg,115_1479350580.jpg,8,10|5|50,,True
1-coins/115_1479350586.json,115_1479350586.json,115_1479350586,True,115_1479350586.jpg,115_1479350586.jpg,8,10|5|50,,True
1-coins/115_1479350592.json,115_1479350592.json,115_1479350592,True,115_1479350592.jpg,115_1479350592.jpg,8,10|5|50,,True
1-coins/115_1479350598.json,115_1479350598.json,115_1479350598,True,115_1479350598.jpg,115_1479350598.jpg,8,10|5|50,,True
1-coins/115_1479350604.json,115_1479350604.json,115_1479350604,True,115_1479350604.jpg,115_1479350604.jpg,8,10|5|50,,True
1-coins/115_1479350610.json,115_1479350610.json,115_1479350610,True,115_1479350610.jpg,115_1479350610.jpg,8,10|5|50,,True
1-coins/115_1479350616.json,115_1479350616.json,115_1479350616,True,115_1479350616.jpg,115_1479350616.jpg,8,10|5|50,,True
1-coins/115_1479350622.json,115_1479350622.json,115_1479350622,True,115_1479350622.jpg,115_1479350622.jpg,8,10|5|50,,True
1-coins/115_1479350628.json,115_1479350628.json,115_1479350628,True,115_1479350628.jpg,115_1479350628.jpg,8,10|5|50,,True
1-coins/115_1479350634.json,115_1479350634.json,115_1479350634,True,115_1479350634.jpg,115_1479350634.jpg,8,10|5|50,,True
1-coins/115_1479350640.json,115_1479350640.json,115_1479350640,True,115_1479350640.jpg,115_1479350640.jpg,8,10|5|50,,True
1-coins/115_1479350646.json,115_1479350646.json,115_1479350646,True,115_1479350646.jpg,115_1479350646.jpg,8,10|5|50,,True
1-coins/115_1479350652.json,115_1479350652.json,115_1479350652,True,115_1479350652.jpg,115_1479350652.jpg,8,10|5|50,,True
1-coins/115_1479350658.json,115_1479350658.json,115_1479350658,True,115_1479350658.jpg,115_1479350658.jpg,8,10|5|50,,True
1-coins/115_1479350664.json,115_1479350664.json,115_1479350664,True,115_1479350664.jpg,115_1479350664.jpg,8,10|5|50,,True
1-coins/115_1479350670.json,115_1479350670.json,115_1479350670,True,115_1479350670.jpg,115_1479350670.jpg,8,10|5|50,,True
1-coins/115_1479350676.json,115_1479350676.json,115_1479350676,True,115_1479350676.jpg,115_1479350676.jpg,8,10|5|50,,True
1-coins/115_1479350682.json,115_1479350682.json,115_1479350682,True,115_1479350682.jpg,115_1479350682.jpg,8,10|5|50,,True
1-coins/115_1479350688.json,115_1479350688.json,115_1479350688,True,115_1479350688.jpg,115_1479350688.jpg,8,10|5|50,,True
1-coins/115_1479350694.json,115_1479350694.json,115_1479350694,True,115_1479350694.jpg,115_1479350694.jpg,8,10|5|50,,True
1-coins/115_1479350700.json,115_1479350700.json,115_1479350700,True,115_1479350700.jpg,115_1479350700.jpg,8,10|5|50,,True
1-coins/120_1479351288.json,120_1479351288.json,120_1479351288,True,120_1479351288.jpg,120_1479351288.jpg,9,10|5|50,,True
1-coins/120_1479351294.json,120_1479351294.json,120_1479351294,True,120_1479351294.jpg,120_1479351294.jpg,9,10|5|50,,True
1-coins/120_1479351300.json,120_1479351300.json,120_1479351300,True,120_1479351300.jpg,120_1479351300.jpg,9,10|5|50,,True
1-coins/120_1479351306.json,120_1479351306.json,120_1479351306,True,120_1479351306.jpg,120_1479351306.jpg,9,10|5|50,,True
1-coins/120_1479351312.json,120_1479351312.json,120_1479351312,True,120_1479351312.jpg,120_1479351312.jpg,9,10|5|50,,True
1-coins/120_1479351318.json,120_1479351318.json,120_1479351318,True,120_1479351318.jpg,120_1479351318.jpg,9,10|5|50,,True
1-coins/120_1479351324.json,120_1479351324.json,120_1479351324,True,120_1479351324.jpg,120_1479351324.jpg,9,10|5|50,,True
1-coins/120_1479351330.json,120_1479351330.json,120_1479351330,True,120_1479351330.jpg,120_1479351330.jpg,9,10|5|50,,True
1-coins/120_1479351336.json,120_1479351336.json,120_1479351336,True,120_1479351336.jpg,120_1479351336.jpg,9,10|5|50,,True
1-coins/120_1479351342.json,120_1479351342.json,120_1479351342,True,120_1479351342.jpg,120_1479351342.jpg,9,10|5|50,,True
1-coins/120_1479351348.json,120_1479351348.json,120_1479351348,True,120_1479351348.jpg,120_1479351348.jpg,9,10|5|50,,True
1-coins/120_1479351354.json,120_1479351354.json,120_1479351354,True,120_1479351354.jpg,120_1479351354.jpg,9,10|5|50,,True
1-coins/120_1479351360.json,120_1479351360.json,120_1479351360,True,120_1479351360.jpg,120_1479351360.jpg,9,10|5|50,,True
1-coins/120_1479351366.json,120_1479351366.json,120_1479351366,True,120_1479351366.jpg,120_1479351366.jpg,9,10|5|50,,True
1-coins/120_1479351372.json,120_1479351372.json,120_1479351372,True,120_1479351372.jpg,120_1479351372.jpg,9,10|5|50,,True
1-coins/120_1479351378.json,120_1479351378.json,120_1479351378,True,120_1479351378.jpg,120_1479351378.jpg,9,10|5|50,,True
1-coins/120_1479351384.json,120_1479351384.json,120_1479351384,True,120_1479351384.jpg,120_1479351384.jpg,9,10|5|50,,True
1-coins/120_1479351390.json,120_1479351390.json,120_1479351390,True,120_1479351390.jpg,120_1479351390.jpg,9,10|5|50,,True
1-coins/120_1479351396.json,120_1479351396.json,120_1479351396,True,120_1479351396.jpg,120_1479351396.jpg,9,10|5|50,,True
1-coins/120_1479351402.json,120_1479351402.json,120_1479351402,True,120_1479351402.jpg,120_1479351402.jpg,9,10|5|50,,True
1-coins/120_1479351408.json,120_1479351408.json,120_1479351408,True,120_1479351408.jpg,120_1479351408.jpg,9,10|5|50,,True
1-coins/120_1479351414.json,120_1479351414.json,120_1479351414,True,120_1479351414.jpg,120_1479351414.jpg,9,10|5|50,,True
1-coins/120_1479351420.json,120_1479351420.json,120_1479351420,True,120_1479351420.jpg,120_1479351420.jpg,9,10|5|50,,True
1-coins/120_1479351426.json,120_1479351426.json,120_1479351426,True,120_1479351426.jpg,120_1479351426.jpg,9,10|5|50,,True
1-coins/120_1479351432.json,120_1479351432.json,120_1479351432,True,120_1479351432.jpg,120_1479351432.jpg,9,10|5|50,,True
1-coins/120_1479351438.json,120_1479351438.json,120_1479351438,True,120_1479351438.jpg,120_1479351438.jpg,9,10|5|50,,True
1-coins/120_1479351444.json,120_1479351444.json,120_1479351444,True,120_1479351444.jpg,120_1479351444.jpg,9,10|5|50,,True
1-coins/120_1479351450.json,120_1479351450.json,120_1479351450,True,120_1479351450.jpg,120_1479351450.jpg,9,10|5|50,,True
1-coins/120_1479351456.json,120_1479351456.json,120_1479351456,True,120_1479351456.jpg,120_1479351456.jpg,9,10|5|50,,True
1-coins/120_1479351462.json,120_1479351462.json,120_1479351462,True,120_1479351462.jpg,120_1479351462.jpg,9,10|5|50,,True
1-coins/120_1479351474.json,120_1479351474.json,120_1479351474,True,120_1479351474.jpg,120_1479351474.jpg,10,10|25|5,,True
1-coins/120_1479351480.json,120_1479351480.json,120_1479351480,True,120_1479351480.jpg,120_1479351480.jpg,10,10|25|5,,True
1-coins/120_1479351486.json,120_1479351486.json,120_1479351486,True,120_1479351486.jpg,120_1479351486.jpg,10,10|25|5,,True
1-coins/120_1479351492.json,120_1479351492.json,120_1479351492,True,120_1479351492.jpg,120_1479351492.jpg,10,10|25|5,,True
1-coins/120_1479351498.json,120_1479351498.json,120_1479351498,True,120_1479351498.jpg,120_1479351498.jpg,10,10|25|5,,True
1-coins/120_1479351504.json,120_1479351504.json,120_1479351504,True,120_1479351504.jpg,120_1479351504.jpg,10,10|25|5,,True
1-coins/120_1479351510.json,120_1479351510.json,120_1479351510,True,120_1479351510.jpg,120_1479351510.jpg,10,10|25|5,,True
1-coins/120_1479351516.json,120_1479351516.json,120_1479351516,True,120_1479351516.jpg,120_1479351516.jpg,10,10|25|5,,True
1-coins/120_1479351522.json,120_1479351522.json,120_1479351522,True,120_1479351522.jpg,120_1479351522.jpg,10,10|25|5,,True
1-coins/120_1479351528.json,120_1479351528.json,120_1479351528,True,120_1479351528.jpg,120_1479351528.jpg,10,10|25|5,,True
1-coins/120_1479351534.json,120_1479351534.json,120_1479351534,True,120_1479351534.jpg,120_1479351534.jpg,10,10|25|5,,True
1-coins/120_1479351540.json,120_1479351540.json,120_1479351540,True,120_1479351540.jpg,120_1479351540.jpg,10,10|25|5,,True
1-coins/120_1479351546.json,120_1479351546.json,120_1479351546,True,120_1479351546.jpg,120_1479351546.jpg,10,10|25|5,,True
1-coins/120_1479351552.json,120_1479351552.json,120_1479351552,True,120_1479351552.jpg,120_1479351552.jpg,10,10|25|5,,True
1-coins/120_1479351558.json,120_1479351558.json,120_1479351558,True,120_1479351558.jpg,120_1479351558.jpg,12,10|25|5,,True
1-coins/120_1479351564.json,120_1479351564.json,120_1479351564,True,120_1479351564.jpg,120_1479351564.jpg,12,10|25|5,,True
1-coins/120_1479351570.json,120_1479351570.json,120_1479351570,True,120_1479351570.jpg,120_1479351570.jpg,12,10|25|5,,True
1-coins/120_1479351576.json,120_1479351576.json,120_1479351576,True,120_1479351576.jpg,120_1479351576.jpg,12,10|25|5,,True
1-coins/120_1479351582.json,120_1479351582.json,120_1479351582,True,120_1479351582.jpg,120_1479351582.jpg,12,10|25|5,,True
1-coins/120_1479351588.json,120_1479351588.json,120_1479351588,True,120_1479351588.jpg,120_1479351588.jpg,14,10|5,,True
1-coins/120_1479351594.json,120_1479351594.json,120_1479351594,True,120_1479351594.jpg,120_1479351594.jpg,14,10|5,,True
1-coins/120_1479351600.json,120_1479351600.json,120_1479351600,True,120_1479351600.jpg,120_1479351600.jpg,14,10|5,,True
1-coins/120_1479351606.json,120_1479351606.json,120_1479351606,True,120_1479351606.jpg,120_1479351606.jpg,14,10|5,,True
1-coins/120_1479351612.json,120_1479351612.json,120_1479351612,True,120_1479351612.jpg,120_1479351612.jpg,14,10|5,,True
1-coins/120_1479351618.json,120_1479351618.json,120_1479351618,True,120_1479351618.jpg,120_1479351618.jpg,14,10|5,,True
1-coins/120_1479351624.json,120_1479351624.json,120_1479351624,True,120_1479351624.jpg,120_1479351624.jpg,14,10|5,,True
1-coins/120_1479351630.json,120_1479351630.json,120_1479351630,True,120_1479351630.jpg,120_1479351630.jpg,14,10|5,,True
1-coins/120_1479351636.json,120_1479351636.json,120_1479351636,True,120_1479351636.jpg,120_1479351636.jpg,14,10|5,,True
1-coins/120_1479351642.json,120_1479351642.json,120_1479351642,True,120_1479351642.jpg,120_1479351642.jpg,14,10|5,,True
1-coins/120_1479351648.json,120_1479351648.json,120_1479351648,True,120_1479351648.jpg,120_1479351648.jpg,14,10|5,,True
1-coins/120_1479351654.json,120_1479351654.json,120_1479351654,True,120_1479351654.jpg,120_1479351654.jpg,14,10|5,,True
1-coins/120_1479422904.json,120_1479422904.json,120_1479422904,True,120_1479422904.jpg,120_1479422904.jpg,14,10|5,,True
1-coins/120_1479422910.json,120_1479422910.json,120_1479422910,True,120_1479422910.jpg,120_1479422910.jpg,14,10|5,,True
1-coins/120_1479422916.json,120_1479422916.json,120_1479422916,True,120_1479422916.jpg,120_1479422916.jpg,14,10|5,,True
1-coins/120_1479422922.json,120_1479422922.json,120_1479422922,True,120_1479422922.jpg,120_1479422922.jpg,14,10|5,,True
1-coins/120_1479422928.json,120_1479422928.json,120_1479422928,True,120_1479422928.jpg,120_1479422928.jpg,14,10|5,,True
1-coins/120_1479422934.json,120_1479422934.json,120_1479422934,True,120_1479422934.jpg,120_1479422934.jpg,14,10|5,,True
1-coins/120_1479422940.json,120_1479422940.json,120_1479422940,True,120_1479422940.jpg,120_1479422940.jpg,14,10|5,,True
1-coins/120_1479422946.json,120_1479422946.json,120_1479422946,True,120_1479422946.jpg,120_1479422946.jpg,14,10|5,,True
1-coins/120_1479422952.json,120_1479422952.json,120_1479422952,True,120_1479422952.jpg,120_1479422952.jpg,14,10|5,,True
1-coins/120_1479422958.json,120_1479422958.json,120_1479422958,True,120_1479422958.jpg,120_1479422958.jpg,14,10|5,,True
1-coins/120_1479422964.json,120_1479422964.json,120_1479422964,True,120_1479422964.jpg,120_1479422964.jpg,14,10|5,,True
1-coins/120_1479422970.json,120_1479422970.json,120_1479422970,True,120_1479422970.jpg,120_1479422970.jpg,14,10|5,,True
1-coins/120_1479422976.json,120_1479422976.json,120_1479422976,True,120_1479422976.jpg,120_1479422976.jpg,14,10|5,,True
1-coins/120_1479422982.json,120_1479422982.json,120_1479422982,True,120_1479422982.jpg,120_1479422982.jpg,14,10|5,,True
1-coins/120_1479422988.json,120_1479422988.json,120_1479422988,True,120_1479422988.jpg,120_1479422988.jpg,14,10|5,,True
1-coins/120_1479422994.json,120_1479422994.json,120_1479422994,True,120_1479422994.jpg,120_1479422994.jpg,14,10|5,,True
1-coins/120_1479423000.json,120_1479423000.json,120_1479423000,True,120_1479423000.jpg,120_1479423000.jpg,14,10|5,,True
1-coins/120_1479423006.json,120_1479423006.json,120_1479423006,True,120_1479423006.jpg,120_1479423006.jpg,14,10|5,,True
1-coins/120_1479423012.json,120_1479423012.json,120_1479423012,True,120_1479423012.jpg,120_1479423012.jpg,14,10|5,,True
1-coins/120_1479423018.json,120_1479423018.json,120_1479423018,True,120_1479423018.jpg,120_1479423018.jpg,14,10|5,,True
1-coins/120_1479423024.json,120_1479423024.json,120_1479423024,True,120_1479423024.jpg,120_1479423024.jpg,14,10|5,,True
1-coins/120_1479423030.json,120_1479423030.json,120_1479423030,True,120_1479423030.jpg,120_1479423030.jpg,14,10|5,,True
1-coins/120_1479423036.json,120_1479423036.json,120_1479423036,True,120_1479423036.jpg,120_1479423036.jpg,14,10|5,,True
1-coins/120_1479423042.json,120_1479423042.json,120_1479423042,True,120_1479423042.jpg,120_1479423042.jpg,14,10|5,,True
1-coins/120_1479423048.json,120_1479423048.json,120_1479423048,True,120_1479423048.jpg,120_1479423048.jpg,14,10|5,,True
1-coins/120_1479423054.json,120_1479423054.json,120_1479423054,True,120_1479423054.jpg,120_1479423054.jpg,14,10|5,,True
1-coins/120_1479423060.json,120_1479423060.json,120_1479423060,True,120_1479423060.jpg,120_1479423060.jpg,14,10|5,,True
1-coins/120_1479423066.json,120_1479423066.json,120_1479423066,True,120_1479423066.jpg,120_1479423066.jpg,14,10|5,,True
1-coins/120_1479423072.json,120_1479423072.json,120_1479423072,True,120_1479423072.jpg,120_1479423072.jpg,14,10|5,,True
1-coins/120_1479423078.json,120_1479423078.json,120_1479423078,True,120_1479423078.jpg,120_1479423078.jpg,14,10|5,,True
1-coins/125_1479424440.json,125_1479424440.json,125_1479424440,True,125_1479424440.jpg,125_1479424440.jpg,3,25|50,,True
1-coins/125_1479424446.json,125_1479424446.json,125_1479424446,True,125_1479424446.jpg,125_1479424446.jpg,3,25|50,,True
1-coins/125_1479424452.json,125_1479424452.json,125_1479424452,True,125_1479424452.jpg,125_1479424452.jpg,3,25|50,,True
1-coins/125_1479424458.json,125_1479424458.json,125_1479424458,True,125_1479424458.jpg,125_1479424458.jpg,3,25|50,,True
1-coins/125_1479424464.json,125_1479424464.json,125_1479424464,True,125_1479424464.jpg,125_1479424464.jpg,3,25|50,,True
1-coins/125_1479424470.json,125_1479424470.json,125_1479424470,True,125_1479424470.jpg,125_1479424470.jpg,3,25|50,,True
1-coins/125_1479424476.json,125_1479424476.json,125_1479424476,True,125_1479424476.jpg,125_1479424476.jpg,3,25|50,,True
1-coins/125_1479424482.json,125_1479424482.json,125_1479424482,True,125_1479424482.jpg,125_1479424482.jpg,3,25|50,,True
1-coins/125_1479424488.json,125_1479424488.json,125_1479424488,True,125_1479424488.jpg,125_1479424488.jpg,3,25|50,,True
1-coins/125_1479424494.json,125_1479424494.json,125_1479424494,True,125_1479424494.jpg,125_1479424494.jpg,3,25|50,,True
1-coins/125_1479424500.json,125_1479424500.json,125_1479424500,True,125_1479424500.jpg,125_1479424500.jpg,3,25|50,,True
1-coins/125_1479424506.json,125_1479424506.json,125_1479424506,True,125_1479424506.jpg,125_1479424506.jpg,3,25|50,,True
1-coins/125_1479424512.json,125_1479424512.json,125_1479424512,True,125_1479424512.jpg,125_1479424512.jpg,3,25|50,,True
1-coins/125_1479424518.json,125_1479424518.json,125_1479424518,True,125_1479424518.jpg,125_1479424518.jpg,3,25|50,,True
1-coins/125_1479424524.json,125_1479424524.json,125_1479424524,True,125_1479424524.jpg,125_1479424524.jpg,3,25|50,,True
1-coins/125_1479424530.json,125_1479424530.json,125_1479424530,True,125_1479424530.jpg,125_1479424530.jpg,3,25|50,,True
1-coins/125_1479424536.json,125_1479424536.json,125_1479424536,True,125_1479424536.jpg,125_1479424536.jpg,3,25|50,,True
1-coins/125_1479424542.json,125_1479424542.json,125_1479424542,True,125_1479424542.jpg,125_1479424542.jpg,3,25|50,,True
1-coins/125_1479424548.json,125_1479424548.json,125_1479424548,True,125_1479424548.jpg,125_1479424548.jpg,4,25|50,,True
1-coins/125_1479424554.json,125_1479424554.json,125_1479424554,True,125_1479424554.jpg,125_1479424554.jpg,4,25|50,,True
1-coins/125_1479424560.json,125_1479424560.json,125_1479424560,True,125_1479424560.jpg,125_1479424560.jpg,4,25|50,,True
1-coins/125_1479424566.json,125_1479424566.json,125_1479424566,True,125_1479424566.jpg,125_1479424566.jpg,4,25|50,,True
1-coins/125_1479424572.json,125_1479424572.json,125_1479424572,True,125_1479424572.jpg,125_1479424572.jpg,4,25|50,,True
1-coins/125_1479424578.json,125_1479424578.json,125_1479424578,True,125_1479424578.jpg,125_1479424578.jpg,4,25|50,,True
1-coins/125_1479424584.json,125_1479424584.json,125_1479424584,True,125_1479424584.jpg,125_1479424584.jpg,2,100|25,,True
1-coins/125_1479424590.json,125_1479424590.json,125_1479424590,True,125_1479424590.jpg,125_1479424590.jpg,2,100|25,,True
1-coins/125_1479424596.json,125_1479424596.json,125_1479424596,True,125_1479424596.jpg,125_1479424596.jpg,2,100|25,,True
1-coins/125_1479424602.json,125_1479424602.json,125_1479424602,True,125_1479424602.jpg,125_1479424602.jpg,2,100|25,,True
1-coins/125_1479424608.json,125_1479424608.json,125_1479424608,True,125_1479424608.jpg,125_1479424608.jpg,2,100|25,,True
1-coins/125_1479424614.json,125_1479424614.json,125_1479424614,True,125_1479424614.jpg,125_1479424614.jpg,2,100|25,,True
1-coins/125_1479424668.json,125_1479424668.json,125_1479424668,True,125_1479424668.jpg,125_1479424668.jpg,4,10|100|5,,True
1-coins/125_1479424674.json,125_1479424674.json,125_1479424674,True,125_1479424674.jpg,125_1479424674.jpg,4,10|100|5,,True
1-coins/125_1479424680.json,125_1479424680.json,125_1479424680,True,125_1479424680.jpg,125_1479424680.jpg,4,10|100|5,,True
1-coins/125_1479424686.json,125_1479424686.json,125_1479424686,True,125_1479424686.jpg,125_1479424686.jpg,4,10|100|5,,True
1-coins/125_1479424692.json,125_1479424692.json,125_1479424692,True,125_1479424692.jpg,125_1479424692.jpg,4,10|100|5,,True
1-coins/125_1479424698.json,125_1479424698.json,125_1479424698,True,125_1479424698.jpg,125_1479424698.jpg,4,10|100|5,,True
1-coins/125_1479424704.json,125_1479424704.json,125_1479424704,True,125_1479424704.jpg,125_1479424704.jpg,4,10|100|5,,True
1-coins/125_1479424710.json,125_1479424710.json,125_1479424710,True,125_1479424710.jpg,125_1479424710.jpg,4,10|100|5,,True
1-coins/125_1479424716.json,125_1479424716.json,125_1479424716,True,125_1479424716.jpg,125_1479424716.jpg,4,10|100|5,,True
1-coins/125_1479424722.json,125_1479424722.json,125_1479424722,True,125_1479424722.jpg,125_1479424722.jpg,4,10|100|5,,True
1-coins/125_1479424728.json,125_1479424728.json,125_1479424728,True,125_1479424728.jpg,125_1479424728.jpg,4,10|100|5,,True
1-coins/125_1479424734.json,125_1479424734.json,125_1479424734,True,125_1479424734.jpg,125_1479424734.jpg,4,10|100|5,,True
1-coins/125_1479424740.json,125_1479424740.json,125_1479424740,True,125_1479424740.jpg,125_1479424740.jpg,4,10|100|5,,True
1-coins/125_1479424746.json,125_1479424746.json,125_1479424746,True,125_1479424746.jpg,125_1479424746.jpg,4,10|100|5,,True
1-coins/125_1479424752.json,125_1479424752.json,125_1479424752,True,125_1479424752.jpg,125_1479424752.jpg,4,10|100|5,,True
1-coins/125_1479424758.json,125_1479424758.json,125_1479424758,True,125_1479424758.jpg,125_1479424758.jpg,4,10|100|5,,True
1-coins/125_1479424764.json,125_1479424764.json,125_1479424764,True,125_1479424764.jpg,125_1479424764.jpg,4,10|100|5,,True
1-coins/125_1479424770.json,125_1479424770.json,125_1479424770,True,125_1479424770.jpg,125_1479424770.jpg,4,10|100|5,,True
1-coins/125_1479424776.json,125_1479424776.json,125_1479424776,True,125_1479424776.jpg,125_1479424776.jpg,4,10|100|5,,True
1-coins/125_1479424782.json,125_1479424782.json,125_1479424782,True,125_1479424782.jpg,125_1479424782.jpg,4,10|100|5,,True
1-coins/125_1479424788.json,125_1479424788.json,125_1479424788,True,125_1479424788.jpg,125_1479424788.jpg,4,10|100|5,,True
1-coins/125_1479424794.json,125_1479424794.json,125_1479424794,True,125_1479424794.jpg,125_1479424794.jpg,4,10|100|5,,True
1-coins/125_1479424800.json,125_1479424800.json,125_1479424800,True,125_1479424800.jpg,125_1479424800.jpg,4,10|100|5,,True
1-coins/125_1479424806.json,125_1479424806.json,125_1479424806,True,125_1479424806.jpg,125_1479424806.jpg,4,10|100|5,,True
1-coins/125_1479424812.json,125_1479424812.json,125_1479424812,True,125_1479424812.jpg,125_1479424812.jpg,4,10|100|5,,True
1-coins/125_1479424818.json,125_1479424818.json,125_1479424818,True,125_1479424818.jpg,125_1479424818.jpg,4,10|100|5,,True
1-coins/125_1479424824.json,125_1479424824.json,125_1479424824,True,125_1479424824.jpg,125_1479424824.jpg,4,10|100|5,,True
1-coins/125_1479424830.json,125_1479424830.json,125_1479424830,True,125_1479424830.jpg,125_1479424830.jpg,4,10|100|5,,True
1-coins/125_1479424836.json,125_1479424836.json,125_1479424836,True,125_1479424836.jpg,125_1479424836.jpg,4,10|100|5,,True
1-coins/125_1479424842.json,125_1479424842.json,125_1479424842,True,125_1479424842.jpg,125_1479424842.jpg,4,10|100|5,,True
1-coins/125_1479424848.json,125_1479424848.json,125_1479424848,True,125_1479424848.jpg,125_1479424848.jpg,4,10|100|5,,True
1-coins/130_1477861908.json,130_1477861908.json,130_1477861908,True,130_1477861908.jpg,130_1477861908.jpg,12,10|25|5,,True
1-coins/130_1477861914.json,130_1477861914.json,130_1477861914,True,130_1477861914.jpg,130_1477861914.jpg,12,10|25|5,,True
1-coins/130_1477861920.json,130_1477861920.json,130_1477861920,True,130_1477861920.jpg,130_1477861920.jpg,12,10|25|5,,True
1-coins/130_1477861926.json,130_1477861926.json,130_1477861926,True,130_1477861926.jpg,130_1477861926.jpg,12,10|25|5,,True
1-coins/130_1477861932.json,130_1477861932.json,130_1477861932,True,130_1477861932.jpg,130_1477861932.jpg,12,10|25|5,,True
1-coins/130_1477861938.json,130_1477861938.json,130_1477861938,True,130_1477861938.jpg,130_1477861938.jpg,12,10|25|5,,True
1-coins/130_1477861944.json,130_1477861944.json,130_1477861944,True,130_1477861944.jpg,130_1477861944.jpg,12,10|25|5,,True
1-coins/130_1477861950.json,130_1477861950.json,130_1477861950,True,130_1477861950.jpg,130_1477861950.jpg,12,10|25|5,,True
1-coins/130_1477861956.json,130_1477861956.json,130_1477861956,True,130_1477861956.jpg,130_1477861956.jpg,12,10|25|5,,True
1-coins/130_1477861962.json,130_1477861962.json,130_1477861962,True,130_1477861962.jpg,130_1477861962.jpg,12,10|25|5,,True
1-coins/130_1477861968.json,130_1477861968.json,130_1477861968,True,130_1477861968.jpg,130_1477861968.jpg,12,10|25|5,,True
1-coins/130_1477861974.json,130_1477861974.json,130_1477861974,True,130_1477861974.jpg,130_1477861974.jpg,12,10|25|5,,True
1-coins/130_1477861980.json,130_1477861980.json,130_1477861980,True,130_1477861980.jpg,130_1477861980.jpg,12,10|25|5,,True
1-coins/130_1477861986.json,130_1477861986.json,130_1477861986,True,130_1477861986.jpg,130_1477861986.jpg,12,10|25|5,,True
1-coins/130_1477861992.json,130_1477861992.json,130_1477861992,True,130_1477861992.jpg,130_1477861992.jpg,12,10|25|5,,True
1-coins/130_1477861998.json,130_1477861998.json,130_1477861998,True,130_1477861998.jpg,130_1477861998.jpg,12,10|25|5,,True
1-coins/130_1477862004.json,130_1477862004.json,130_1477862004,True,130_1477862004.jpg,130_1477862004.jpg,12,10|25|5,,True
1-coins/130_1477862010.json,130_1477862010.json,130_1477862010,True,130_1477862010.jpg,130_1477862010.jpg,12,10|25|5,,True
1-coins/130_1477862016.json,130_1477862016.json,130_1477862016,True,130_1477862016.jpg,130_1477862016.jpg,12,10|25|5,,True
1-coins/130_1477862022.json,130_1477862022.json,130_1477862022,True,130_1477862022.jpg,130_1477862022.jpg,6,10|100|5,,True
1-coins/130_1477862028.json,130_1477862028.json,130_1477862028,True,130_1477862028.jpg,130_1477862028.jpg,6,10|100|5,,True
1-coins/130_1477862034.json,130_1477862034.json,130_1477862034,True,130_1477862034.jpg,130_1477862034.jpg,6,10|100|5,,True
1-coins/130_1477862040.json,130_1477862040.json,130_1477862040,True,130_1477862040.jpg,130_1477862040.jpg,6,10|100|5,,True
1-coins/130_1477862046.json,130_1477862046.json,130_1477862046,True,130_1477862046.jpg,130_1477862046.jpg,6,10|100|5,,True
1-coins/130_1477862052.json,130_1477862052.json,130_1477862052,True,130_1477862052.jpg,130_1477862052.jpg,6,10|100|5,,True
1-coins/130_1477862058.json,130_1477862058.json,130_1477862058,True,130_1477862058.jpg,130_1477862058.jpg,6,10|100|5,,True
1-coins/130_1477862064.json,130_1477862064.json,130_1477862064,True,130_1477862064.jpg,130_1477862064.jpg,6,10|100|5,,True
1-coins/130_1477862070.json,130_1477862070.json,130_1477862070,True,130_1477862070.jpg,130_1477862070.jpg,6,10|100|5,,True
1-coins/130_1477862076.json,130_1477862076.json,130_1477862076,True,130_1477862076.jpg,130_1477862076.jpg,6,10|100|5,,True
1-coins/130_1477862082.json,130_1477862082.json,130_1477862082,True,130_1477862082.jpg,130_1477862082.jpg,6,10|100|5,,True
1-coins/130_1477862088.json,130_1477862088.json,130_1477862088,True,130_1477862088.jpg,130_1477862088.jpg,6,10|100|5,,True
1-coins/130_1477862328.json,130_1477862328.json,130_1477862328,True,130_1477862328.jpg,130_1477862328.jpg,5,10|100|5,,True
1-coins/130_1477862334.json,130_1477862334.json,130_1477862334,True,130_1477862334.jpg,130_1477862334.jpg,5,10|100|5,,True
1-coins/130_1477862340.json,130_1477862340.json,130_1477862340,True,130_1477862340.jpg,130_1477862340.jpg,5,10|100|5,,True
1-coins/130_1477862346.json,130_1477862346.json,130_1477862346,True,130_1477862346.jpg,130_1477862346.jpg,5,10|100|5,,True
1-coins/130_1477862352.json,130_1477862352.json,130_1477862352,True,130_1477862352.jpg,130_1477862352.jpg,5,10|100|5,,True
1-coins/130_1477862358.json,130_1477862358.json,130_1477862358,True,130_1477862358.jpg,130_1477862358.jpg,5,10|100|5,,True
1-coins/130_1477862364.json,130_1477862364.json,130_1477862364,True,130_1477862364.jpg,130_1477862364.jpg,10,10|100|5|finger,,True
1-coins/130_1477862370.json,130_1477862370.json,130_1477862370,True,130_1477862370.jpg,130_1477862370.jpg,5,10|100|5,,True
1-coins/130_1477862376.json,130_1477862376.json,130_1477862376,True,130_1477862376.jpg,130_1477862376.jpg,5,10|100|5,,True
1-coins/130_1477862382.json,130_1477862382.json,130_1477862382,True,130_1477862382.jpg,130_1477862382.jpg,5,10|100|5,,True
1-coins/130_1477862388.json,130_1477862388.json,130_1477862388,True,130_1477862388.jpg,130_1477862388.jpg,5,10|100|5,,True
1-coins/130_1477862394.json,130_1477862394.json,130_1477862394,True,130_1477862394.jpg,130_1477862394.jpg,5,10|100|5,,True
1-coins/130_1477862400.json,130_1477862400.json,130_1477862400,True,130_1477862400.jpg,130_1477862400.jpg,5,10|100|5,,True
1-coins/130_1477862406.json,130_1477862406.json,130_1477862406,True,130_1477862406.jpg,130_1477862406.jpg,5,10|100|5,,True
1-coins/130_1477862412.json,130_1477862412.json,130_1477862412,True,130_1477862412.jpg,130_1477862412.jpg,5,10|100|5,,True
1-coins/130_1477862418.json,130_1477862418.json,130_1477862418,True,130_1477862418.jpg,130_1477862418.jpg,5,10|100|5,,True
1-coins/130_1477862424.json,130_1477862424.json,130_1477862424,True,130_1477862424.jpg,130_1477862424.jpg,5,10|100|5,,True
1-coins/130_1477862430.json,130_1477862430.json,130_1477862430,True,130_1477862430.jpg,130_1477862430.jpg,5,10|100|5,,True
1-coins/130_1477862436.json,130_1477862436.json,130_1477862436,True,130_1477862436.jpg,130_1477862436.jpg,5,10|100|5,,True
1-coins/130_1477862442.json,130_1477862442.json,130_1477862442,True,130_1477862442.jpg,130_1477862442.jpg,5,10|100|5,,True
1-coins/130_1477862448.json,130_1477862448.json,130_1477862448,True,130_1477862448.jpg,130_1477862448.jpg,5,10|100|5,,True
1-coins/130_1477862454.json,130_1477862454.json,130_1477862454,True,130_1477862454.jpg,130_1477862454.jpg,5,10|100|5,,True
1-coins/130_1477862460.json,130_1477862460.json,130_1477862460,True,130_1477862460.jpg,130_1477862460.jpg,5,10|100|5,,True
1-coins/130_1477862466.json,130_1477862466.json,130_1477862466,True,130_1477862466.jpg,130_1477862466.jpg,4,10|100,,True
1-coins/130_1477862472.json,130_1477862472.json,130_1477862472,True,130_1477862472.jpg,130_1477862472.jpg,4,10|100,,True
1-coins/130_1477862478.json,130_1477862478.json,130_1477862478,True,130_1477862478.jpg,130_1477862478.jpg,4,10|100,,True
1-coins/130_1477862484.json,130_1477862484.json,130_1477862484,True,130_1477862484.jpg,130_1477862484.jpg,4,10|100,,True
1-coins/130_1477862490.json,130_1477862490.json,130_1477862490,True,130_1477862490.jpg,130_1477862490.jpg,4,10|100,,True
1-coins/130_1477862496.json,130_1477862496.json,130_1477862496,True,130_1477862496.jpg,130_1477862496.jpg,4,10|100,,True
1-coins/130_1477862502.json,130_1477862502.json,130_1477862502,True,130_1477862502.jpg,130_1477862502.jpg,4,10|100,,True
1-coins/130_1477862508.json,130_1477862508.json,130_1477862508,True,130_1477862508.jpg,130_1477862508.jpg,4,10|100,,True
1-coins/130_1477862826.json,130_1477862826.json,130_1477862826,True,130_1477862826.jpg,130_1477862826.jpg,4,10|100,,True
1-coins/130_1477862832.json,130_1477862832.json,130_1477862832,True,130_1477862832.jpg,130_1477862832.jpg,4,10|100,,True
1-coins/130_1477862838.json,130_1477862838.json,130_1477862838,True,130_1477862838.jpg,130_1477862838.jpg,4,10|100,,True
1-coins/130_1477862844.json,130_1477862844.json,130_1477862844,True,130_1477862844.jpg,130_1477862844.jpg,3,100|25|5,,True
1-coins/130_1477862850.json,130_1477862850.json,130_1477862850,True,130_1477862850.jpg,130_1477862850.jpg,3,100|25|5,,True
1-coins/130_1477862856.json,130_1477862856.json,130_1477862856,True,130_1477862856.jpg,130_1477862856.jpg,3,100|25|5,,True
1-coins/130_1477862862.json,130_1477862862.json,130_1477862862,True,130_1477862862.jpg,130_1477862862.jpg,3,100|25|5,,True
1-coins/130_1477862868.json,130_1477862868.json,130_1477862868,True,130_1477862868.jpg,130_1477862868.jpg,3,100|25|5,,True
1-coins/130_1477862874.json,130_1477862874.json,130_1477862874,True,130_1477862874.jpg,130_1477862874.jpg,3,100|25|5,,True
1-coins/130_1477862880.json,130_1477862880.json,130_1477862880,True,130_1477862880.jpg,130_1477862880.jpg,3,100|25|5,,True
1-coins/130_1477862886.json,130_1477862886.json,130_1477862886,True,130_1477862886.jpg,130_1477862886.jpg,3,100|25|5,,True
1-coins/130_1477862892.json,130_1477862892.json,130_1477862892,True,130_1477862892.jpg,130_1477862892.jpg,3,100|25|5,,True
1-coins/130_1477862898.json,130_1477862898.json,130_1477862898,True,130_1477862898.jpg,130_1477862898.jpg,3,100|25|5,,True
1-coins/130_1477862904.json,130_1477862904.json,130_1477862904,True,130_1477862904.jpg,130_1477862904.jpg,3,100|25|5,,True
1-coins/130_1477862910.json,130_1477862910.json,130_1477862910,True,130_1477862910.jpg,130_1477862910.jpg,3,100|25|5,,True
1-coins/130_1477862916.json,130_1477862916.json,130_1477862916,True,130_1477862916.jpg,130_1477862916.jpg,3,100|25|5,,True
1-coins/130_1477862922.json,130_1477862922.json,130_1477862922,True,130_1477862922.jpg,130_1477862922.jpg,3,100|25|5,,True
1-coins/130_1477862928.json,130_1477862928.json,130_1477862928,True,130_1477862928.jpg,130_1477862928.jpg,3,100|25|5,,True
1-coins/130_1477862934.json,130_1477862934.json,130_1477862934,True,130_1477862934.jpg,130_1477862934.jpg,3,100|25|5,,True
1-coins/130_1477862940.json,130_1477862940.json,130_1477862940,True,130_1477862940.jpg,130_1477862940.jpg,3,100|25|5,,True
1-coins/130_1477862946.json,130_1477862946.json,130_1477862946,True,130_1477862946.jpg,130_1477862946.jpg,7,100|5,,True
1-coins/130_1477862952.json,130_1477862952.json,130_1477862952,True,130_1477862952.jpg,130_1477862952.jpg,7,100|5,,True
1-coins/130_1477862958.json,130_1477862958.json,130_1477862958,True,130_1477862958.jpg,130_1477862958.jpg,7,100|5,,True
1-coins/130_1477862964.json,130_1477862964.json,130_1477862964,True,130_1477862964.jpg,130_1477862964.jpg,7,100|5,,True
1-coins/130_1477862970.json,130_1477862970.json,130_1477862970,True,130_1477862970.jpg,130_1477862970.jpg,7,100|5,,True
1-coins/130_1477862976.json,130_1477862976.json,130_1477862976,True,130_1477862976.jpg,130_1477862976.jpg,7,100|5,,True
1-coins/130_1477862982.json,130_1477862982.json,130_1477862982,True,130_1477862982.jpg,130_1477862982.jpg,7,100|5,,True
1-coins/130_1477862988.json,130_1477862988.json,130_1477862988,True,130_1477862988.jpg,130_1477862988.jpg,7,100|5,,True
1-coins/130_1477862994.json,130_1477862994.json,130_1477862994,True,130_1477862994.jpg,130_1477862994.jpg,8,100|5|finger,,True
1-coins/130_1477863000.json,130_1477863000.json,130_1477863000,True,130_1477863000.jpg,130_1477863000.jpg,7,100|5,,True
1-coins/135_1479425904.json,135_1479425904.json,135_1479425904,True,135_1479425904.jpg,135_1479425904.jpg,5,10|100|5,,True
1-coins/135_1479425910.json,135_1479425910.json,135_1479425910,True,135_1479425910.jpg,135_1479425910.jpg,5,10|100|5,,True
1-coins/135_1479425916.json,135_1479425916.json,135_1479425916,True,135_1479425916.jpg,135_1479425916.jpg,5,10|100|5,,True
1-coins/135_1479425922.json,135_1479425922.json,135_1479425922,True,135_1479425922.jpg,135_1479425922.jpg,5,10|100|5,,True
1-coins/135_1479425928.json,135_1479425928.json,135_1479425928,True,135_1479425928.jpg,135_1479425928.jpg,5,10|100|5,,True
1-coins/135_1479425934.json,135_1479425934.json,135_1479425934,True,135_1479425934.jpg,135_1479425934.jpg,5,10|100|5,,True
1-coins/135_1479425940.json,135_1479425940.json,135_1479425940,True,135_1479425940.jpg,135_1479425940.jpg,5,10|100|5,,True
1-coins/135_1479425946.json,135_1479425946.json,135_1479425946,True,135_1479425946.jpg,135_1479425946.jpg,5,10|100|5,,True
1-coins/135_1479425952.json,135_1479425952.json,135_1479425952,True,135_1479425952.jpg,135_1479425952.jpg,5,10|100|5,,True
1-coins/135_1479425958.json,135_1479425958.json,135_1479425958,True,135_1479425958.jpg,135_1479425958.jpg,5,10|100|5,,True
1-coins/135_1479425964.json,135_1479425964.json,135_1479425964,True,135_1479425964.jpg,135_1479425964.jpg,5,10|100|5,,True
1-coins/135_1479425970.json,135_1479425970.json,135_1479425970,True,135_1479425970.jpg,135_1479425970.jpg,5,10|100|5,,True
1-coins/135_1479425976.json,135_1479425976.json,135_1479425976,True,135_1479425976.jpg,135_1479425976.jpg,5,10|100|5,,True
1-coins/135_1479425982.json,135_1479425982.json,135_1479425982,True,135_1479425982.jpg,135_1479425982.jpg,5,10|100|5,,True
1-coins/135_1479425988.json,135_1479425988.json,135_1479425988,True,135_1479425988.jpg,135_1479425988.jpg,5,10|100|5,,True
1-coins/135_1479425994.json,135_1479425994.json,135_1479425994,True,135_1479425994.jpg,135_1479425994.jpg,5,10|100|5,,True
1-coins/135_1479426000.json,135_1479426000.json,135_1479426000,True,135_1479426000.jpg,135_1479426000.jpg,5,10|100|5,,True
1-coins/135_1479426006.json,135_1479426006.json,135_1479426006,True,135_1479426006.jpg,135_1479426006.jpg,5,10|100|5,,True
1-coins/135_1479426012.json,135_1479426012.json,135_1479426012,True,135_1479426012.jpg,135_1479426012.jpg,5,10|100|5,,True
1-coins/135_1479426018.json,135_1479426018.json,135_1479426018,True,135_1479426018.jpg,135_1479426018.jpg,5,10|100|5,,True
1-coins/135_1479426024.json,135_1479426024.json,135_1479426024,True,135_1479426024.jpg,135_1479426024.jpg,5,10|100|5,,True
1-coins/135_1479426030.json,135_1479426030.json,135_1479426030,True,135_1479426030.jpg,135_1479426030.jpg,5,10|100|5,,True
1-coins/135_1479426036.json,135_1479426036.json,135_1479426036,True,135_1479426036.jpg,135_1479426036.jpg,5,10|100|5,,True
1-coins/135_1479426042.json,135_1479426042.json,135_1479426042,True,135_1479426042.jpg,135_1479426042.jpg,5,10|100|5,,True
1-coins/135_1479426048.json,135_1479426048.json,135_1479426048,True,135_1479426048.jpg,135_1479426048.jpg,5,10|100|5,,True
1-coins/135_1479426054.json,135_1479426054.json,135_1479426054,True,135_1479426054.jpg,135_1479426054.jpg,5,10|100|5,,True
1-coins/135_1479426060.json,135_1479426060.json,135_1479426060,True,135_1479426060.jpg,135_1479426060.jpg,5,10|100|5,,True
1-coins/135_1479426066.json,135_1479426066.json,135_1479426066,True,135_1479426066.jpg,135_1479426066.jpg,5,10|100|5,,True
1-coins/135_1479426072.json,135_1479426072.json,135_1479426072,True,135_1479426072.jpg,135_1479426072.jpg,5,10|100|5,,True
1-coins/135_1479426078.json,135_1479426078.json,135_1479426078,True,135_1479426078.jpg,135_1479426078.jpg,5,10|100|5,,True
1-coins/135_1479426810.json,135_1479426810.json,135_1479426810,True,135_1479426810.jpg,135_1479426810.jpg,6,10|5|50,,True
1-coins/135_1479426816.json,135_1479426816.json,135_1479426816,True,135_1479426816.jpg,135_1479426816.jpg,6,10|5|50,,True
1-coins/135_1479426822.json,135_1479426822.json,135_1479426822,True,135_1479426822.jpg,135_1479426822.jpg,6,10|5|50,,True
1-coins/135_1479426828.json,135_1479426828.json,135_1479426828,True,135_1479426828.jpg,135_1479426828.jpg,6,10|5|50,,True
1-coins/135_1479426834.json,135_1479426834.json,135_1479426834,True,135_1479426834.jpg,135_1479426834.jpg,6,10|5|50,,True
1-coins/135_1479426840.json,135_1479426840.json,135_1479426840,True,135_1479426840.jpg,135_1479426840.jpg,6,10|5|50,,True
1-coins/135_1479426846.json,135_1479426846.json,135_1479426846,True,135_1479426846.jpg,135_1479426846.jpg,6,10|5|50,,True
1-coins/135_1479426852.json,135_1479426852.json,135_1479426852,True,135_1479426852.jpg,135_1479426852.jpg,6,10|5|50,,True
1-coins/135_1479426858.json,135_1479426858.json,135_1479426858,True,135_1479426858.jpg,135_1479426858.jpg,6,10|5|50,,True
1-coins/135_1479426864.json,135_1479426864.json,135_1479426864,True,135_1479426864.jpg,135_1479426864.jpg,6,10|5|50,,True
1-coins/135_1479426870.json,135_1479426870.json,135_1479426870,True,135_1479426870.jpg,135_1479426870.jpg,6,10|5|50,,True
1-coins/135_1479426876.json,135_1479426876.json,135_1479426876,True,135_1479426876.jpg,135_1479426876.jpg,6,10|5|50,,True
1-coins/135_1479426882.json,135_1479426882.json,135_1479426882,True,135_1479426882.jpg,135_1479426882.jpg,6,10|5|50,,True
1-coins/135_1479426888.json,135_1479426888.json,135_1479426888,True,135_1479426888.jpg,135_1479426888.jpg,6,10|5|50,,True
1-coins/135_1479426894.json,135_1479426894.json,135_1479426894,True,135_1479426894.jpg,135_1479426894.jpg,6,10|5|50,,True
1-coins/135_1479426900.json,135_1479426900.json,135_1479426900,True,135_1479426900.jpg,135_1479426900.jpg,6,10|5|50,,True
1-coins/135_1479426906.json,135_1479426906.json,135_1479426906,True,135_1479426906.jpg,135_1479426906.jpg,6,10|5|50,,True
1-coins/135_1479426912.json,135_1479426912.json,135_1479426912,True,135_1479426912.jpg,135_1479426912.jpg,6,10|5|50,,True
1-coins/135_1479426918.json,135_1479426918.json,135_1479426918,True,135_1479426918.jpg,135_1479426918.jpg,6,10|5|50,,True
1-coins/135_1479426924.json,135_1479426924.json,135_1479426924,True,135_1479426924.jpg,135_1479426924.jpg,6,10|5|50,,True
1-coins/135_1479426930.json,135_1479426930.json,135_1479426930,True,135_1479426930.jpg,135_1479426930.jpg,6,10|5|50,,True
1-coins/135_1479426936.json,135_1479426936.json,135_1479426936,True,135_1479426936.jpg,135_1479426936.jpg,6,10|5|50,,True
1-coins/135_1479426942.json,135_1479426942.json,135_1479426942,True,135_1479426942.jpg,135_1479426942.jpg,6,10|5|50,,True
1-coins/135_1479426948.json,135_1479426948.json,135_1479426948,True,135_1479426948.jpg,135_1479426948.jpg,6,10|5|50,,True
1-coins/135_1479426954.json,135_1479426954.json,135_1479426954,True,135_1479426954.jpg,135_1479426954.jpg,6,10|5|50,,True
1-coins/135_1479426960.json,135_1479426960.json,135_1479426960,True,135_1479426960.jpg,135_1479426960.jpg,6,10|5|50,,True
1-coins/135_1479426966.json,135_1479426966.json,135_1479426966,True,135_1479426966.jpg,135_1479426966.jpg,6,10|5|50,,True
1-coins/135_1479426972.json,135_1479426972.json,135_1479426972,True,135_1479426972.jpg,135_1479426972.jpg,6,10|5|50,,True
1-coins/135_1479426978.json,135_1479426978.json,135_1479426978,True,135_1479426978.jpg,135_1479426978.jpg,4,10|25|50,,True
1-coins/135_1479426984.json,135_1479426984.json,135_1479426984,True,135_1479426984.jpg,135_1479426984.jpg,4,10|25|50,,True
1-coins/135_1479426990.json,135_1479426990.json,135_1479426990,True,135_1479426990.jpg,135_1479426990.jpg,4,10|25|50,,True
1-coins/140_1479427092.json,140_1479427092.json,140_1479427092,True,140_1479427092.jpg,140_1479427092.jpg,5,10|25|5|50,,True
1-coins/140_1479427098.json,140_1479427098.json,140_1479427098,True,140_1479427098.jpg,140_1479427098.jpg,5,10|25|5|50,,True
1-coins/140_1479427104.json,140_1479427104.json,140_1479427104,True,140_1479427104.jpg,140_1479427104.jpg,5,10|25|5|50,,True
1-coins/140_1479427110.json,140_1479427110.json,140_1479427110,True,140_1479427110.jpg,140_1479427110.jpg,5,10|25|5|50,,True
1-coins/140_1479427116.json,140_1479427116.json,140_1479427116,True,140_1479427116.jpg,140_1479427116.jpg,5,10|25|5|50,,True
1-coins/140_1479427122.json,140_1479427122.json,140_1479427122,True,140_1479427122.jpg,140_1479427122.jpg,5,10|25|5|50,,True
1-coins/140_1479427128.json,140_1479427128.json,140_1479427128,True,140_1479427128.jpg,140_1479427128.jpg,5,10|25|5|50,,True
1-coins/140_1479427134.json,140_1479427134.json,140_1479427134,True,140_1479427134.jpg,140_1479427134.jpg,5,10|25|5|50,,True
1-coins/140_1479427140.json,140_1479427140.json,140_1479427140,True,140_1479427140.jpg,140_1479427140.jpg,5,10|25|5|50,,True
1-coins/140_1479427146.json,140_1479427146.json,140_1479427146,True,140_1479427146.jpg,140_1479427146.jpg,5,10|25|5|50,,True
1-coins/140_1479427152.json,140_1479427152.json,140_1479427152,True,140_1479427152.jpg,140_1479427152.jpg,5,10|25|5|50,,True
1-coins/140_1479427158.json,140_1479427158.json,140_1479427158,True,140_1479427158.jpg,140_1479427158.jpg,5,10|25|5|50,,True
1-coins/140_1479427164.json,140_1479427164.json,140_1479427164,True,140_1479427164.jpg,140_1479427164.jpg,5,10|25|5|50,,True
1-coins/140_1479427170.json,140_1479427170.json,140_1479427170,True,140_1479427170.jpg,140_1479427170.jpg,5,10|25|5|50,,True
1-coins/140_1479427176.json,140_1479427176.json,140_1479427176,True,140_1479427176.jpg,140_1479427176.jpg,5,10|25|5|50,,True
1-coins/140_1479427182.json,140_1479427182.json,140_1479427182,True,140_1479427182.jpg,140_1479427182.jpg,5,10|25|5|50,,True
1-coins/140_1479427188.json,140_1479427188.json,140_1479427188,True,140_1479427188.jpg,140_1479427188.jpg,5,10|25|5|50,,True
1-coins/140_1479427194.json,140_1479427194.json,140_1479427194,True,140_1479427194.jpg,140_1479427194.jpg,5,10|25|5|50,,True
1-coins/140_1479427200.json,140_1479427200.json,140_1479427200,True,140_1479427200.jpg,140_1479427200.jpg,5,10|25|5|50,,True
1-coins/140_1479427206.json,140_1479427206.json,140_1479427206,True,140_1479427206.jpg,140_1479427206.jpg,5,10|25|5|50,,True
1-coins/140_1479427212.json,140_1479427212.json,140_1479427212,True,140_1479427212.jpg,140_1479427212.jpg,5,10|25|5|50,,True
1-coins/140_1479427218.json,140_1479427218.json,140_1479427218,True,140_1479427218.jpg,140_1479427218.jpg,5,10|25|5|50,,True
1-coins/140_1479427224.json,140_1479427224.json,140_1479427224,True,140_1479427224.jpg,140_1479427224.jpg,5,10|25|5|50,,True
1-coins/140_1479427230.json,140_1479427230.json,140_1479427230,True,140_1479427230.jpg,140_1479427230.jpg,5,10|25|5|50,,True
1-coins/140_1479427236.json,140_1479427236.json,140_1479427236,True,140_1479427236.jpg,140_1479427236.jpg,5,10|25|5|50,,True
1-coins/140_1479427242.json,140_1479427242.json,140_1479427242,True,140_1479427242.jpg,140_1479427242.jpg,5,10|25|5|50,,True
1-coins/140_1479427248.json,140_1479427248.json,140_1479427248,True,140_1479427248.jpg,140_1479427248.jpg,5,10|25|5|50,,True
1-coins/140_1479427254.json,140_1479427254.json,140_1479427254,True,140_1479427254.jpg,140_1479427254.jpg,5,10|25|5|50,,True
1-coins/140_1479427260.json,140_1479427260.json,140_1479427260,True,140_1479427260.jpg,140_1479427260.jpg,5,10|25|5|50,,True
1-coins/140_1479427266.json,140_1479427266.json,140_1479427266,True,140_1479427266.jpg,140_1479427266.jpg,5,10|25|5|50,,True
1-coins/140_1479427290.json,140_1479427290.json,140_1479427290,True,140_1479427290.jpg,140_1479427290.jpg,7,10|5|50,,True
1-coins/140_1479427296.json,140_1479427296.json,140_1479427296,True,140_1479427296.jpg,140_1479427296.jpg,7,10|5|50,,True
1-coins/140_1479427302.json,140_1479427302.json,140_1479427302,True,140_1479427302.jpg,140_1479427302.jpg,7,10|5|50,,True
1-coins/140_1479427308.json,140_1479427308.json,140_1479427308,True,140_1479427308.jpg,140_1479427308.jpg,7,10|5|50,,True
1-coins/140_1479427314.json,140_1479427314.json,140_1479427314,True,140_1479427314.jpg,140_1479427314.jpg,7,10|5|50,,True
1-coins/140_1479427320.json,140_1479427320.json,140_1479427320,True,140_1479427320.jpg,140_1479427320.jpg,7,10|5|50,,True
1-coins/140_1479427326.json,140_1479427326.json,140_1479427326,True,140_1479427326.jpg,140_1479427326.jpg,7,10|5|50,,True
1-coins/140_1479427332.json,140_1479427332.json,140_1479427332,True,140_1479427332.jpg,140_1479427332.jpg,7,10|5|50,,True
1-coins/140_1479427338.json,140_1479427338.json,140_1479427338,True,140_1479427338.jpg,140_1479427338.jpg,7,10|5|50,,True
1-coins/140_1479427344.json,140_1479427344.json,140_1479427344,True,140_1479427344.jpg,140_1479427344.jpg,7,10|5|50,,True
1-coins/140_1479427350.json,140_1479427350.json,140_1479427350,True,140_1479427350.jpg,140_1479427350.jpg,7,10|5|50,,True
1-coins/140_1479427356.json,140_1479427356.json,140_1479427356,True,140_1479427356.jpg,140_1479427356.jpg,7,10|5|50,,True
1-coins/140_1479427362.json,140_1479427362.json,140_1479427362,True,140_1479427362.jpg,140_1479427362.jpg,7,10|5|50,,True
1-coins/140_1479427368.json,140_1479427368.json,140_1479427368,True,140_1479427368.jpg,140_1479427368.jpg,7,10|5|50,,True
1-coins/140_1479427374.json,140_1479427374.json,140_1479427374,True,140_1479427374.jpg,140_1479427374.jpg,7,10|5|50,,True
1-coins/140_1479427380.json,140_1479427380.json,140_1479427380,True,140_1479427380.jpg,140_1479427380.jpg,7,10|5|50,,True
1-coins/140_1479427386.json,140_1479427386.json,140_1479427386,True,140_1479427386.jpg,140_1479427386.jpg,7,10|5|50,,True
1-coins/140_1479427392.json,140_1479427392.json,140_1479427392,True,140_1479427392.jpg,140_1479427392.jpg,7,10|5|50,,True
1-coins/140_1479427398.json,140_1479427398.json,140_1479427398,True,140_1479427398.jpg,140_1479427398.jpg,7,10|5|50,,True
1-coins/140_1479427404.json,140_1479427404.json,140_1479427404,True,140_1479427404.jpg,140_1479427404.jpg,7,10|5|50,,True
1-coins/140_1479427410.json,140_1479427410.json,140_1479427410,True,140_1479427410.jpg,140_1479427410.jpg,7,10|5|50,,True
1-coins/140_1479427416.json,140_1479427416.json,140_1479427416,True,140_1479427416.jpg,140_1479427416.jpg,7,10|5|50,,True
1-coins/140_1479427422.json,140_1479427422.json,140_1479427422,True,140_1479427422.jpg,140_1479427422.jpg,7,10|5|50,,True
1-coins/140_1479427428.json,140_1479427428.json,140_1479427428,True,140_1479427428.jpg,140_1479427428.jpg,7,10|5|50,,True
1-coins/140_1479427434.json,140_1479427434.json,140_1479427434,True,140_1479427434.jpg,140_1479427434.jpg,7,10|5|50,,True
1-coins/140_1479427440.json,140_1479427440.json,140_1479427440,True,140_1479427440.jpg,140_1479427440.jpg,7,10|5|50,,True
1-coins/140_1479427446.json,140_1479427446.json,140_1479427446,True,140_1479427446.jpg,140_1479427446.jpg,7,10|5|50,,True
1-coins/140_1479427452.json,140_1479427452.json,140_1479427452,True,140_1479427452.jpg,140_1479427452.jpg,7,10|5|50,,True
1-coins/140_1479427458.json,140_1479427458.json,140_1479427458,True,140_1479427458.jpg,140_1479427458.jpg,7,10|5|50,,True
1-coins/140_1479427464.json,140_1479427464.json,140_1479427464,True,140_1479427464.jpg,140_1479427464.jpg,7,10|5|50,,True
1-coins/145_1479427536.json,145_1479427536.json,145_1479427536,True,145_1479427536.jpg,145_1479427536.jpg,8,10|5|50,,True
1-coins/145_1479427542.json,145_1479427542.json,145_1479427542,True,145_1479427542.jpg,145_1479427542.jpg,8,10|5|50,,True
1-coins/145_1479427548.json,145_1479427548.json,145_1479427548,True,145_1479427548.jpg,145_1479427548.jpg,8,10|5|50,,True
1-coins/145_1479427554.json,145_1479427554.json,145_1479427554,True,145_1479427554.jpg,145_1479427554.jpg,8,10|5|50,,True
1-coins/145_1479427560.json,145_1479427560.json,145_1479427560,True,145_1479427560.jpg,145_1479427560.jpg,8,10|5|50,,True
1-coins/145_1479427566.json,145_1479427566.json,145_1479427566,True,145_1479427566.jpg,145_1479427566.jpg,8,10|5|50,,True
1-coins/145_1479427572.json,145_1479427572.json,145_1479427572,True,145_1479427572.jpg,145_1479427572.jpg,8,10|5|50,,True
1-coins/145_1479427578.json,145_1479427578.json,145_1479427578,True,145_1479427578.jpg,145_1479427578.jpg,8,10|5|50,,True
1-coins/145_1479427584.json,145_1479427584.json,145_1479427584,True,145_1479427584.jpg,145_1479427584.jpg,8,10|5|50,,True
1-coins/145_1479427590.json,145_1479427590.json,145_1479427590,True,145_1479427590.jpg,145_1479427590.jpg,8,10|5|50,,True
1-coins/145_1479427596.json,145_1479427596.json,145_1479427596,True,145_1479427596.jpg,145_1479427596.jpg,8,10|5|50,,True
1-coins/145_1479427602.json,145_1479427602.json,145_1479427602,True,145_1479427602.jpg,145_1479427602.jpg,8,10|5|50,,True
1-coins/145_1479427608.json,145_1479427608.json,145_1479427608,True,145_1479427608.jpg,145_1479427608.jpg,8,10|5|50,,True
1-coins/145_1479427614.json,145_1479427614.json,145_1479427614,True,145_1479427614.jpg,145_1479427614.jpg,8,10|5|50,,True
1-coins/145_1479427620.json,145_1479427620.json,145_1479427620,True,145_1479427620.jpg,145_1479427620.jpg,8,10|5|50,,True
1-coins/145_1479427626.json,145_1479427626.json,145_1479427626,True,145_1479427626.jpg,145_1479427626.jpg,8,10|5|50,,True
1-coins/145_1479427632.json,145_1479427632.json,145_1479427632,True,145_1479427632.jpg,145_1479427632.jpg,8,10|5|50,,True
1-coins/145_1479427638.json,145_1479427638.json,145_1479427638,True,145_1479427638.jpg,145_1479427638.jpg,8,10|5|50,,True
1-coins/145_1479427644.json,145_1479427644.json,145_1479427644,True,145_1479427644.jpg,145_1479427644.jpg,8,10|5|50,,True
1-coins/145_1479427650.json,145_1479427650.json,145_1479427650,True,145_1479427650.jpg,145_1479427650.jpg,8,10|5|50,,True
1-coins/145_1479427656.json,145_1479427656.json,145_1479427656,True,145_1479427656.jpg,145_1479427656.jpg,8,10|5|50,,True
1-coins/145_1479427662.json,145_1479427662.json,145_1479427662,True,145_1479427662.jpg,145_1479427662.jpg,8,10|5|50,,True
1-coins/145_1479427668.json,145_1479427668.json,145_1479427668,True,145_1479427668.jpg,145_1479427668.jpg,8,10|5|50,,True
1-coins/145_1479427674.json,145_1479427674.json,145_1479427674,True,145_1479427674.jpg,145_1479427674.jpg,8,10|5|50,,True
1-coins/145_1479427680.json,145_1479427680.json,145_1479427680,True,145_1479427680.jpg,145_1479427680.jpg,8,10|5|50,,True
1-coins/145_1479427686.json,145_1479427686.json,145_1479427686,True,145_1479427686.jpg,145_1479427686.jpg,8,10|5|50,,True
1-coins/145_1479427692.json,145_1479427692.json,145_1479427692,True,145_1479427692.jpg,145_1479427692.jpg,8,10|5|50,,True
1-coins/145_1479427698.json,145_1479427698.json,145_1479427698,True,145_1479427698.jpg,145_1479427698.jpg,8,10|5|50,,True
1-coins/145_1479427704.json,145_1479427704.json,145_1479427704,True,145_1479427704.jpg,145_1479427704.jpg,8,10|5|50,,True
1-coins/145_1479427710.json,145_1479427710.json,145_1479427710,True,145_1479427710.jpg,145_1479427710.jpg,8,10|5|50,,True
1-coins/145_1479427752.json,145_1479427752.json,145_1479427752,True,145_1479427752.jpg,145_1479427752.jpg,9,10|25|5|50,,True
1-coins/145_1479427758.json,145_1479427758.json,145_1479427758,True,145_1479427758.jpg,145_1479427758.jpg,9,10|25|5|50,,True
1-coins/145_1479427764.json,145_1479427764.json,145_1479427764,True,145_1479427764.jpg,145_1479427764.jpg,9,10|25|5|50,,True
1-coins/145_1479427770.json,145_1479427770.json,145_1479427770,True,145_1479427770.jpg,145_1479427770.jpg,9,10|25|5|50,,True
1-coins/145_1479427776.json,145_1479427776.json,145_1479427776,True,145_1479427776.jpg,145_1479427776.jpg,9,10|25|5|50,,True
1-coins/145_1479427782.json,145_1479427782.json,145_1479427782,True,145_1479427782.jpg,145_1479427782.jpg,9,10|25|5|50,,True
1-coins/145_1479427788.json,145_1479427788.json,145_1479427788,True,145_1479427788.jpg,145_1479427788.jpg,9,10|25|5|50,,True
1-coins/145_1479427794.json,145_1479427794.json,145_1479427794,True,145_1479427794.jpg,145_1479427794.jpg,9,10|25|5|50,,True
1-coins/145_1479427800.json,145_1479427800.json,145_1479427800,True,145_1479427800.jpg,145_1479427800.jpg,9,10|25|5|50,,True
1-coins/145_1479427806.json,145_1479427806.json,145_1479427806,True,145_1479427806.jpg,145_1479427806.jpg,9,10|25|5|50,,True
1-coins/145_1479427812.json,145_1479427812.json,145_1479427812,True,145_1479427812.jpg,145_1479427812.jpg,9,10|25|5|50,,True
1-coins/145_1479427818.json,145_1479427818.json,145_1479427818,True,145_1479427818.jpg,145_1479427818.jpg,9,10|25|5|50,,True
1-coins/145_1479427824.json,145_1479427824.json,145_1479427824,True,145_1479427824.jpg,145_1479427824.jpg,9,10|25|5|50,,True
1-coins/145_1479427830.json,145_1479427830.json,145_1479427830,True,145_1479427830.jpg,145_1479427830.jpg,9,10|25|5|50,,True
1-coins/145_1479427836.json,145_1479427836.json,145_1479427836,True,145_1479427836.jpg,145_1479427836.jpg,9,10|25|5|50,,True
1-coins/145_1479427842.json,145_1479427842.json,145_1479427842,True,145_1479427842.jpg,145_1479427842.jpg,9,10|25|5|50,,True
1-coins/145_1479427848.json,145_1479427848.json,145_1479427848,True,145_1479427848.jpg,145_1479427848.jpg,9,10|25|5|50,,True
1-coins/145_1479427854.json,145_1479427854.json,145_1479427854,True,145_1479427854.jpg,145_1479427854.jpg,9,10|25|5|50,,True
1-coins/145_1479427860.json,145_1479427860.json,145_1479427860,True,145_1479427860.jpg,145_1479427860.jpg,9,10|25|5|50,,True
1-coins/145_1479427866.json,145_1479427866.json,145_1479427866,True,145_1479427866.jpg,145_1479427866.jpg,9,10|25|5|50,,True
1-coins/145_1479427872.json,145_1479427872.json,145_1479427872,True,145_1479427872.jpg,145_1479427872.jpg,9,10|25|5|50,,True
1-coins/145_1479427878.json,145_1479427878.json,145_1479427878,True,145_1479427878.jpg,145_1479427878.jpg,9,10|25|5|50,,True
1-coins/145_1479427884.json,145_1479427884.json,145_1479427884,True,145_1479427884.jpg,145_1479427884.jpg,9,10|25|5|50,,True
1-coins/145_1479427890.json,145_1479427890.json,145_1479427890,True,145_1479427890.jpg,145_1479427890.jpg,9,10|25|5|50,,True
1-coins/145_1479427896.json,145_1479427896.json,145_1479427896,True,145_1479427896.jpg,145_1479427896.jpg,9,10|25|5|50,,True
1-coins/145_1479427902.json,145_1479427902.json,145_1479427902,True,145_1479427902.jpg,145_1479427902.jpg,9,10|25|5|50,,True
1-coins/145_1479427908.json,145_1479427908.json,145_1479427908,True,145_1479427908.jpg,145_1479427908.jpg,9,10|25|5|50,,True
1-coins/145_1479427914.json,145_1479427914.json,145_1479427914,True,145_1479427914.jpg,145_1479427914.jpg,9,10|25|5|50,,True
1-coins/145_1479427920.json,145_1479427920.json,145_1479427920,True,145_1479427920.jpg,145_1479427920.jpg,9,10|25|5|50,,True
1-coins/145_1479427926.json,145_1479427926.json,145_1479427926,True,145_1479427926.jpg,145_1479427926.jpg,9,10|25|5|50,,True
1-coins/145_1479428850.json,145_1479428850.json,145_1479428850,True,145_1479428850.jpg,145_1479428850.jpg,13,10|25|5,,True
1-coins/145_1479428856.json,145_1479428856.json,145_1479428856,True,145_1479428856.jpg,145_1479428856.jpg,13,10|25|5,,True
1-coins/145_1479428862.json,145_1479428862.json,145_1479428862,True,145_1479428862.jpg,145_1479428862.jpg,13,10|25|5,,True
1-coins/145_1479428868.json,145_1479428868.json,145_1479428868,True,145_1479428868.jpg,145_1479428868.jpg,13,10|25|5,,True
1-coins/145_1479428874.json,145_1479428874.json,145_1479428874,True,145_1479428874.jpg,145_1479428874.jpg,13,10|25|5,,True
1-coins/145_1479428880.json,145_1479428880.json,145_1479428880,True,145_1479428880.jpg,145_1479428880.jpg,13,10|25|5,,True
1-coins/145_1479428886.json,145_1479428886.json,145_1479428886,True,145_1479428886.jpg,145_1479428886.jpg,13,10|25|5,,True
1-coins/145_1479428892.json,145_1479428892.json,145_1479428892,True,145_1479428892.jpg,145_1479428892.jpg,13,10|25|5,,True
1-coins/145_1479428898.json,145_1479428898.json,145_1479428898,True,145_1479428898.jpg,145_1479428898.jpg,13,10|25|5,,True
1-coins/145_1479428904.json,145_1479428904.json,145_1479428904,True,145_1479428904.jpg,145_1479428904.jpg,13,10|25|5,,True
1-coins/145_1479428910.json,145_1479428910.json,145_1479428910,True,145_1479428910.jpg,145_1479428910.jpg,13,10|25|5,,True
1-coins/145_1479428916.json,145_1479428916.json,145_1479428916,True,145_1479428916.jpg,145_1479428916.jpg,13,10|25|5,,True
1-coins/145_1479428922.json,145_1479428922.json,145_1479428922,True,145_1479428922.jpg,145_1479428922.jpg,13,10|25|5,,True
1-coins/145_1479428928.json,145_1479428928.json,145_1479428928,True,145_1479428928.jpg,145_1479428928.jpg,13,10|25|5,,True
1-coins/145_1479428934.json,145_1479428934.json,145_1479428934,True,145_1479428934.jpg,145_1479428934.jpg,13,10|25|5,,True
1-coins/145_1479428940.json,145_1479428940.json,145_1479428940,True,145_1479428940.jpg,145_1479428940.jpg,13,10|25|5,,True
1-coins/145_1479428946.json,145_1479428946.json,145_1479428946,True,145_1479428946.jpg,145_1479428946.jpg,13,10|25|5,,True
1-coins/145_1479428952.json,145_1479428952.json,145_1479428952,True,145_1479428952.jpg,145_1479428952.jpg,13,10|25|5,,True
1-coins/145_1479428958.json,145_1479428958.json,145_1479428958,True,145_1479428958.jpg,145_1479428958.jpg,13,10|25|5,,True
1-coins/145_1479428964.json,145_1479428964.json,145_1479428964,True,145_1479428964.jpg,145_1479428964.jpg,13,10|25|5,,True
1-coins/145_1479428970.json,145_1479428970.json,145_1479428970,True,145_1479428970.jpg,145_1479428970.jpg,13,10|25|5,,True
1-coins/145_1479428976.json,145_1479428976.json,145_1479428976,True,145_1479428976.jpg,145_1479428976.jpg,13,10|25|5,,True
1-coins/145_1479428982.json,145_1479428982.json,145_1479428982,True,145_1479428982.jpg,145_1479428982.jpg,13,10|25|5,,True
1-coins/145_1479428988.json,145_1479428988.json,145_1479428988,True,145_1479428988.jpg,145_1479428988.jpg,13,10|25|5,,True
1-coins/145_1479428994.json,145_1479428994.json,145_1479428994,True,145_1479428994.jpg,145_1479428994.jpg,13,10|25|5,,True
1-coins/145_1479429000.json,145_1479429000.json,145_1479429000,True,145_1479429000.jpg,145_1479429000.jpg,13,10|25|5,,True
1-coins/145_1479429006.json,145_1479429006.json,145_1479429006,True,145_1479429006.jpg,145_1479429006.jpg,13,10|25|5,,True
1-coins/145_1479429012.json,145_1479429012.json,145_1479429012,True,145_1479429012.jpg,145_1479429012.jpg,13,10|25|5,,True
1-coins/145_1479429018.json,145_1479429018.json,145_1479429018,True,145_1479429018.jpg,145_1479429018.jpg,14,10|25|5|finger,,True
1-coins/145_1479429024.json,145_1479429024.json,145_1479429024,True,145_1479429024.jpg,145_1479429024.jpg,13,10|25|5,,True
1-coins/150_1477864176.json,150_1477864176.json,150_1477864176,True,150_1477864176.jpg,150_1477864176.jpg,9,10|100|5,,True
1-coins/150_1477864182.json,150_1477864182.json,150_1477864182,True,150_1477864182.jpg,150_1477864182.jpg,9,10|100|5,,True
1-coins/150_1477864188.json,150_1477864188.json,150_1477864188,True,150_1477864188.jpg,150_1477864188.jpg,9,10|100|5,,True
1-coins/150_1477864194.json,150_1477864194.json,150_1477864194,True,150_1477864194.jpg,150_1477864194.jpg,9,10|100|5,,True
1-coins/150_1477864200.json,150_1477864200.json,150_1477864200,True,150_1477864200.jpg,150_1477864200.jpg,9,10|100|5,,True
1-coins/150_1477864206.json,150_1477864206.json,150_1477864206,True,150_1477864206.jpg,150_1477864206.jpg,9,10|100|5,,True
1-coins/150_1477864212.json,150_1477864212.json,150_1477864212,True,150_1477864212.jpg,150_1477864212.jpg,9,10|100|5,,True
1-coins/150_1477864218.json,150_1477864218.json,150_1477864218,True,150_1477864218.jpg,150_1477864218.jpg,9,10|100|5,,True
1-coins/150_1477864224.json,150_1477864224.json,150_1477864224,True,150_1477864224.jpg,150_1477864224.jpg,9,10|100|5,,True
1-coins/150_1477864230.json,150_1477864230.json,150_1477864230,True,150_1477864230.jpg,150_1477864230.jpg,7,100|25|5,,True
1-coins/150_1477864236.json,150_1477864236.json,150_1477864236,True,150_1477864236.jpg,150_1477864236.jpg,7,100|25|5,,True
1-coins/150_1477864242.json,150_1477864242.json,150_1477864242,True,150_1477864242.jpg,150_1477864242.jpg,7,100|25|5,,True
1-coins/150_1477864248.json,150_1477864248.json,150_1477864248,True,150_1477864248.jpg,150_1477864248.jpg,7,100|25|5,,True
1-coins/150_1477864254.json,150_1477864254.json,150_1477864254,True,150_1477864254.jpg,150_1477864254.jpg,7,100|25|5,,True
1-coins/150_1477864260.json,150_1477864260.json,150_1477864260,True,150_1477864260.jpg,150_1477864260.jpg,7,100|25|5,,True
1-coins/150_1477864266.json,150_1477864266.json,150_1477864266,True,150_1477864266.jpg,150_1477864266.jpg,7,100|25|5,,True
1-coins/150_1477864272.json,150_1477864272.json,150_1477864272,True,150_1477864272.jpg,150_1477864272.jpg,7,100|25|5,,True
1-coins/150_1477864278.json,150_1477864278.json,150_1477864278,True,150_1477864278.jpg,150_1477864278.jpg,7,100|25|5,,True
1-coins/150_1477864284.json,150_1477864284.json,150_1477864284,True,150_1477864284.jpg,150_1477864284.jpg,7,100|25|5,,True
1-coins/150_1477864290.json,150_1477864290.json,150_1477864290,True,150_1477864290.jpg,150_1477864290.jpg,7,100|25|5,,True
1-coins/150_1477864296.json,150_1477864296.json,150_1477864296,True,150_1477864296.jpg,150_1477864296.jpg,7,100|25|5,,True
1-coins/150_1477864302.json,150_1477864302.json,150_1477864302,True,150_1477864302.jpg,150_1477864302.jpg,7,100|25|5,,True
1-coins/150_1477864308.json,150_1477864308.json,150_1477864308,True,150_1477864308.jpg,150_1477864308.jpg,7,100|25|5,,True
1-coins/150_1477864314.json,150_1477864314.json,150_1477864314,True,150_1477864314.jpg,150_1477864314.jpg,2,100|50,,True
1-coins/150_1477864320.json,150_1477864320.json,150_1477864320,True,150_1477864320.jpg,150_1477864320.jpg,2,100|50,,True
1-coins/150_1477864326.json,150_1477864326.json,150_1477864326,True,150_1477864326.jpg,150_1477864326.jpg,2,100|50,,True
1-coins/150_1477864332.json,150_1477864332.json,150_1477864332,True,150_1477864332.jpg,150_1477864332.jpg,3,100|25,,True
1-coins/150_1477864338.json,150_1477864338.json,150_1477864338,True,150_1477864338.jpg,150_1477864338.jpg,3,100|25,,True
1-coins/150_1477864344.json,150_1477864344.json,150_1477864344,True,150_1477864344.jpg,150_1477864344.jpg,3,100|25,,True
1-coins/150_1477864350.json,150_1477864350.json,150_1477864350,True,150_1477864350.jpg,150_1477864350.jpg,3,100|25,,True
1-coins/150_1477864368.json,150_1477864368.json,150_1477864368,True,150_1477864368.jpg,150_1477864368.jpg,4,25|50,,True
1-coins/150_1477864374.json,150_1477864374.json,150_1477864374,True,150_1477864374.jpg,150_1477864374.jpg,4,25|50,,True
1-coins/150_1477864380.json,150_1477864380.json,150_1477864380,True,150_1477864380.jpg,150_1477864380.jpg,4,25|50,,True
1-coins/150_1477864386.json,150_1477864386.json,150_1477864386,True,150_1477864386.jpg,150_1477864386.jpg,4,25|50,,True
1-coins/150_1477864392.json,150_1477864392.json,150_1477864392,True,150_1477864392.jpg,150_1477864392.jpg,4,25|50,,True
1-coins/150_1477864398.json,150_1477864398.json,150_1477864398,True,150_1477864398.jpg,150_1477864398.jpg,4,25|50,,True
1-coins/150_1477864404.json,150_1477864404.json,150_1477864404,True,150_1477864404.jpg,150_1477864404.jpg,4,25|50,,True
1-coins/150_1477864410.json,150_1477864410.json,150_1477864410,True,150_1477864410.jpg,150_1477864410.jpg,5,25|50,,True
1-coins/150_1477864416.json,150_1477864416.json,150_1477864416,True,150_1477864416.jpg,150_1477864416.jpg,5,25|50,,True
1-coins/150_1477864422.json,150_1477864422.json,150_1477864422,True,150_1477864422.jpg,150_1477864422.jpg,6,25,,True
1-coins/150_1477864428.json,150_1477864428.json,150_1477864428,True,150_1477864428.jpg,150_1477864428.jpg,6,25,,True
1-coins/150_1477864434.json,150_1477864434.json,150_1477864434,True,150_1477864434.jpg,150_1477864434.jpg,6,25,,True
1-coins/150_1477864440.json,150_1477864440.json,150_1477864440,True,150_1477864440.jpg,150_1477864440.jpg,6,25,,True
1-coins/150_1477864446.json,150_1477864446.json,150_1477864446,True,150_1477864446.jpg,150_1477864446.jpg,3,100|25,,True
1-coins/150_1477864452.json,150_1477864452.json,150_1477864452,True,150_1477864452.jpg,150_1477864452.jpg,3,100|25,,True
1-coins/150_1477864458.json,150_1477864458.json,150_1477864458,True,150_1477864458.jpg,150_1477864458.jpg,3,100|25,,True
1-coins/150_1477864464.json,150_1477864464.json,150_1477864464,True,150_1477864464.jpg,150_1477864464.jpg,3,100|25,,True
1-coins/150_1477864470.json,150_1477864470.json,150_1477864470,True,150_1477864470.jpg,150_1477864470.jpg,3,100|25,,True
1-coins/150_1477864476.json,150_1477864476.json,150_1477864476,True,150_1477864476.jpg,150_1477864476.jpg,3,100|25,,True
1-coins/150_1477864482.json,150_1477864482.json,150_1477864482,True,150_1477864482.jpg,150_1477864482.jpg,3,100|25,,True
1-coins/150_1477864488.json,150_1477864488.json,150_1477864488,True,150_1477864488.jpg,150_1477864488.jpg,3,100|25,,True
1-coins/150_1477864494.json,150_1477864494.json,150_1477864494,True,150_1477864494.jpg,150_1477864494.jpg,3,100|25,,True
1-coins/150_1477864500.json,150_1477864500.json,150_1477864500,True,150_1477864500.jpg,150_1477864500.jpg,3,100|25,,True
1-coins/150_1477864506.json,150_1477864506.json,150_1477864506,True,150_1477864506.jpg,150_1477864506.jpg,3,100|25,,True
1-coins/150_1477864512.json,150_1477864512.json,150_1477864512,True,150_1477864512.jpg,150_1477864512.jpg,3,100|25,,True
1-coins/150_1477864518.json,150_1477864518.json,150_1477864518,True,150_1477864518.jpg,150_1477864518.jpg,3,100|25,,True
1-coins/150_1477864524.json,150_1477864524.json,150_1477864524,True,150_1477864524.jpg,150_1477864524.jpg,6,10|100,,True
1-coins/150_1477864530.json,150_1477864530.json,150_1477864530,True,150_1477864530.jpg,150_1477864530.jpg,6,10|100,,True
1-coins/150_1477864536.json,150_1477864536.json,150_1477864536,True,150_1477864536.jpg,150_1477864536.jpg,6,10|100,,True
1-coins/150_1477864542.json,150_1477864542.json,150_1477864542,True,150_1477864542.jpg,150_1477864542.jpg,6,10|100,,True
1-coins/150_1479429492.json,150_1479429492.json,150_1479429492,True,150_1479429492.jpg,150_1479429492.jpg,13,10|25|5,,True
1-coins/150_1479429498.json,150_1479429498.json,150_1479429498,True,150_1479429498.jpg,150_1479429498.jpg,13,10|25|5,,True
1-coins/150_1479429504.json,150_1479429504.json,150_1479429504,True,150_1479429504.jpg,150_1479429504.jpg,13,10|25|5,,True
1-coins/150_1479429510.json,150_1479429510.json,150_1479429510,True,150_1479429510.jpg,150_1479429510.jpg,13,10|25|5,,True
1-coins/150_1479429516.json,150_1479429516.json,150_1479429516,True,150_1479429516.jpg,150_1479429516.jpg,13,10|25|5,,True
1-coins/150_1479429522.json,150_1479429522.json,150_1479429522,True,150_1479429522.jpg,150_1479429522.jpg,13,10|25|5,,True
1-coins/150_1479429528.json,150_1479429528.json,150_1479429528,True,150_1479429528.jpg,150_1479429528.jpg,13,10|25|5,,True
1-coins/150_1479429534.json,150_1479429534.json,150_1479429534,True,150_1479429534.jpg,150_1479429534.jpg,13,10|25|5,,True
1-coins/150_1479429540.json,150_1479429540.json,150_1479429540,True,150_1479429540.jpg,150_1479429540.jpg,13,10|25|5,,True
1-coins/150_1479429546.json,150_1479429546.json,150_1479429546,True,150_1479429546.jpg,150_1479429546.jpg,13,10|25|5,,True
1-coins/150_1479429552.json,150_1479429552.json,150_1479429552,True,150_1479429552.jpg,150_1479429552.jpg,13,10|25|5,,True
1-coins/150_1479429558.json,150_1479429558.json,150_1479429558,True,150_1479429558.jpg,150_1479429558.jpg,13,10|25|5,,True
1-coins/150_1479429564.json,150_1479429564.json,150_1479429564,True,150_1479429564.jpg,150_1479429564.jpg,13,10|25|5,,True
1-coins/150_1479429570.json,150_1479429570.json,150_1479429570,True,150_1479429570.jpg,150_1479429570.jpg,13,10|25|5,,True
1-coins/150_1479429576.json,150_1479429576.json,150_1479429576,True,150_1479429576.jpg,150_1479429576.jpg,13,10|25|5,,True
1-coins/150_1479429582.json,150_1479429582.json,150_1479429582,True,150_1479429582.jpg,150_1479429582.jpg,13,10|25|5,,True
1-coins/150_1479429588.json,150_1479429588.json,150_1479429588,True,150_1479429588.jpg,150_1479429588.jpg,13,10|25|5,,True
1-coins/150_1479429594.json,150_1479429594.json,150_1479429594,True,150_1479429594.jpg,150_1479429594.jpg,13,10|25|5,,True
1-coins/150_1479429600.json,150_1479429600.json,150_1479429600,True,150_1479429600.jpg,150_1479429600.jpg,13,10|25|5,,True
1-coins/150_1479429606.json,150_1479429606.json,150_1479429606,True,150_1479429606.jpg,150_1479429606.jpg,13,10|25|5,,True
1-coins/150_1479429612.json,150_1479429612.json,150_1479429612,True,150_1479429612.jpg,150_1479429612.jpg,13,10|25|5,,True
1-coins/150_1479429618.json,150_1479429618.json,150_1479429618,True,150_1479429618.jpg,150_1479429618.jpg,13,10|25|5,,True
1-coins/150_1479429624.json,150_1479429624.json,150_1479429624,True,150_1479429624.jpg,150_1479429624.jpg,13,10|25|5,,True
1-coins/150_1479429630.json,150_1479429630.json,150_1479429630,True,150_1479429630.jpg,150_1479429630.jpg,12,10|5|50,,True
1-coins/150_1479429636.json,150_1479429636.json,150_1479429636,True,150_1479429636.jpg,150_1479429636.jpg,12,10|5|50,,True
1-coins/150_1479429642.json,150_1479429642.json,150_1479429642,True,150_1479429642.jpg,150_1479429642.jpg,11,10|50,,True
1-coins/150_1479429648.json,150_1479429648.json,150_1479429648,True,150_1479429648.jpg,150_1479429648.jpg,11,10|50,,True
1-coins/150_1479429654.json,150_1479429654.json,150_1479429654,True,150_1479429654.jpg,150_1479429654.jpg,11,10|50,,True
1-coins/150_1479429660.json,150_1479429660.json,150_1479429660,True,150_1479429660.jpg,150_1479429660.jpg,11,10|50,,True
1-coins/150_1479429666.json,150_1479429666.json,150_1479429666,True,150_1479429666.jpg,150_1479429666.jpg,11,10|50,,True
1-coins/150_1479429678.json,150_1479429678.json,150_1479429678,True,150_1479429678.jpg,150_1479429678.jpg,11,10|50,,True
1-coins/150_1479429684.json,150_1479429684.json,150_1479429684,True,150_1479429684.jpg,150_1479429684.jpg,7,10|50,,True
1-coins/150_1479429690.json,150_1479429690.json,150_1479429690,True,150_1479429690.jpg,150_1479429690.jpg,7,10|50,,True
1-coins/150_1479429696.json,150_1479429696.json,150_1479429696,True,150_1479429696.jpg,150_1479429696.jpg,7,10|50,,True
1-coins/150_1479429702.json,150_1479429702.json,150_1479429702,True,150_1479429702.jpg,150_1479429702.jpg,7,10|50,,True
1-coins/150_1479429708.json,150_1479429708.json,150_1479429708,True,150_1479429708.jpg,150_1479429708.jpg,3,50,,True
1-coins/150_1479429714.json,150_1479429714.json,150_1479429714,True,150_1479429714.jpg,150_1479429714.jpg,3,50,,True
1-coins/150_1479429720.json,150_1479429720.json,150_1479429720,True,150_1479429720.jpg,150_1479429720.jpg,3,50,,True
1-coins/150_1479429726.json,150_1479429726.json,150_1479429726,True,150_1479429726.jpg,150_1479429726.jpg,3,50,,True
1-coins/150_1479429732.json,150_1479429732.json,150_1479429732,True,150_1479429732.jpg,150_1479429732.jpg,4,25|50,,True
1-coins/150_1479429738.json,150_1479429738.json,150_1479429738,True,150_1479429738.jpg,150_1479429738.jpg,4,25|50,,True
1-coins/150_1479429744.json,150_1479429744.json,150_1479429744,True,150_1479429744.jpg,150_1479429744.jpg,4,25|50,,True
1-coins/150_1479429750.json,150_1479429750.json,150_1479429750,True,150_1479429750.jpg,150_1479429750.jpg,5,25|50,,True
1-coins/150_1479429756.json,150_1479429756.json,150_1479429756,True,150_1479429756.jpg,150_1479429756.jpg,5,25|50,,True
1-coins/150_1479429762.json,150_1479429762.json,150_1479429762,True,150_1479429762.jpg,150_1479429762.jpg,6,25,,True
1-coins/150_1479429768.json,150_1479429768.json,150_1479429768,True,150_1479429768.jpg,150_1479429768.jpg,6,25,,True
1-coins/150_1479429774.json,150_1479429774.json,150_1479429774,True,150_1479429774.jpg,150_1479429774.jpg,6,25,,True
1-coins/150_1479429780.json,150_1479429780.json,150_1479429780,True,150_1479429780.jpg,150_1479429780.jpg,6,25,,True
1-coins/150_1479429786.json,150_1479429786.json,150_1479429786,True,150_1479429786.jpg,150_1479429786.jpg,6,25,,True
1-coins/150_1479429792.json,150_1479429792.json,150_1479429792,True,150_1479429792.jpg,150_1479429792.jpg,6,25,,True
1-coins/150_1479429798.json,150_1479429798.json,150_1479429798,True,150_1479429798.jpg,150_1479429798.jpg,3,100|25,,True
1-coins/150_1479429804.json,150_1479429804.json,150_1479429804,True,150_1479429804.jpg,150_1479429804.jpg,3,100|25,,True
1-coins/150_1479429810.json,150_1479429810.json,150_1479429810,True,150_1479429810.jpg,150_1479429810.jpg,3,100|25,,True
1-coins/150_1479429816.json,150_1479429816.json,150_1479429816,True,150_1479429816.jpg,150_1479429816.jpg,3,100|25,,True
1-coins/150_1479429822.json,150_1479429822.json,150_1479429822,True,150_1479429822.jpg,150_1479429822.jpg,3,100|25,,True
1-coins/150_1479429828.json,150_1479429828.json,150_1479429828,True,150_1479429828.jpg,150_1479429828.jpg,3,100|25,,True
1-coins/150_1479429834.json,150_1479429834.json,150_1479429834,True,150_1479429834.jpg,150_1479429834.jpg,2,100|50,,True
1-coins/150_1479429840.json,150_1479429840.json,150_1479429840,True,150_1479429840.jpg,150_1479429840.jpg,2,100|50,,True
1-coins/150_1479429846.json,150_1479429846.json,150_1479429846,True,150_1479429846.jpg,150_1479429846.jpg,2,100|50,,True
1-coins/150_1479429852.json,150_1479429852.json,150_1479429852,True,150_1479429852.jpg,150_1479429852.jpg,2,100|50,,True
1-coins/150_1479429966.json,150_1479429966.json,150_1479429966,True,150_1479429966.jpg,150_1479429966.jpg,6,10|100,,True
1-coins/150_1479429972.json,150_1479429972.json,150_1479429972,True,150_1479429972.jpg,150_1479429972.jpg,6,10|100,,True
1-coins/150_1479429978.json,150_1479429978.json,150_1479429978,True,150_1479429978.jpg,150_1479429978.jpg,6,10|100,,True
1-coins/150_1479429984.json,150_1479429984.json,150_1479429984,True,150_1479429984.jpg,150_1479429984.jpg,6,10|100,,True
1-coins/150_1479429990.json,150_1479429990.json,150_1479429990,True,150_1479429990.jpg,150_1479429990.jpg,6,10|100,,True
1-coins/150_1479429996.json,150_1479429996.json,150_1479429996,True,150_1479429996.jpg,150_1479429996.jpg,6,10|100,,True
1-coins/150_1479430002.json,150_1479430002.json,150_1479430002,True,150_1479430002.jpg,150_1479430002.jpg,6,10|100,,True
1-coins/150_1479430008.json,150_1479430008.json,150_1479430008,True,150_1479430008.jpg,150_1479430008.jpg,6,10|100,,True
1-coins/150_1479430014.json,150_1479430014.json,150_1479430014,True,150_1479430014.jpg,150_1479430014.jpg,6,10|100,,True
1-coins/150_1479430020.json,150_1479430020.json,150_1479430020,True,150_1479430020.jpg,150_1479430020.jpg,6,10|100,,True
1-coins/150_1479430026.json,150_1479430026.json,150_1479430026,True,150_1479430026.jpg,150_1479430026.jpg,6,10|100,,True
1-coins/150_1479430032.json,150_1479430032.json,150_1479430032,True,150_1479430032.jpg,150_1479430032.jpg,6,10|100,,True
1-coins/150_1479430038.json,150_1479430038.json,150_1479430038,True,150_1479430038.jpg,150_1479430038.jpg,6,10|100,,True
1-coins/150_1479430044.json,150_1479430044.json,150_1479430044,True,150_1479430044.jpg,150_1479430044.jpg,6,10|100,,True
1-coins/150_1479430050.json,150_1479430050.json,150_1479430050,True,150_1479430050.jpg,150_1479430050.jpg,6,10|100,,True
1-coins/150_1479430056.json,150_1479430056.json,150_1479430056,True,150_1479430056.jpg,150_1479430056.jpg,6,10|100,,True
1-coins/150_1479430062.json,150_1479430062.json,150_1479430062,True,150_1479430062.jpg,150_1479430062.jpg,6,10|100,,True
1-coins/150_1479430068.json,150_1479430068.json,150_1479430068,True,150_1479430068.jpg,150_1479430068.jpg,6,10|100,,True
1-coins/150_1479430074.json,150_1479430074.json,150_1479430074,True,150_1479430074.jpg,150_1479430074.jpg,6,10|100,,True
1-coins/150_1479430080.json,150_1479430080.json,150_1479430080,True,150_1479430080.jpg,150_1479430080.jpg,6,10|100,,True
1-coins/150_1479430086.json,150_1479430086.json,150_1479430086,True,150_1479430086.jpg,150_1479430086.jpg,6,10|100,,True
1-coins/150_1479430092.json,150_1479430092.json,150_1479430092,True,150_1479430092.jpg,150_1479430092.jpg,6,10|100,,True
1-coins/150_1479430098.json,150_1479430098.json,150_1479430098,True,150_1479430098.jpg,150_1479430098.jpg,6,10|100,,True
1-coins/150_1479430104.json,150_1479430104.json,150_1479430104,True,150_1479430104.jpg,150_1479430104.jpg,3,100|25,,True
1-coins/150_1479430110.json,150_1479430110.json,150_1479430110,True,150_1479430110.jpg,150_1479430110.jpg,3,100|25,,True
1-coins/150_1479430116.json,150_1479430116.json,150_1479430116,True,150_1479430116.jpg,150_1479430116.jpg,3,100|25,,True
1-coins/150_1479430122.json,150_1479430122.json,150_1479430122,True,150_1479430122.jpg,150_1479430122.jpg,3,100|25,,True
1-coins/150_1479430128.json,150_1479430128.json,150_1479430128,True,150_1479430128.jpg,150_1479430128.jpg,3,100|25,,True
1-coins/150_1479430134.json,150_1479430134.json,150_1479430134,True,150_1479430134.jpg,150_1479430134.jpg,3,100|25,,True
1-coins/150_1479430140.json,150_1479430140.json,150_1479430140,True,150_1479430140.jpg,150_1479430140.jpg,3,100|25,,True
1-coins/150_1479430230.json,150_1479430230.json,150_1479430230,True,150_1479430230.jpg,150_1479430230.jpg,4,25|50,,True
1-coins/150_1479430236.json,150_1479430236.json,150_1479430236,True,150_1479430236.jpg,150_1479430236.jpg,4,25|50,,True
1-coins/150_1479430242.json,150_1479430242.json,150_1479430242,True,150_1479430242.jpg,150_1479430242.jpg,4,25|50,,True
1-coins/150_1479430248.json,150_1479430248.json,150_1479430248,True,150_1479430248.jpg,150_1479430248.jpg,4,25|50,,True
1-coins/150_1479430254.json,150_1479430254.json,150_1479430254,True,150_1479430254.jpg,150_1479430254.jpg,4,25|50,,True
1-coins/150_1479430260.json,150_1479430260.json,150_1479430260,True,150_1479430260.jpg,150_1479430260.jpg,4,25|50,,True
1-coins/150_1479430266.json,150_1479430266.json,150_1479430266,True,150_1479430266.jpg,150_1479430266.jpg,4,25|50,,True
1-coins/150_1479430272.json,150_1479430272.json,150_1479430272,True,150_1479430272.jpg,150_1479430272.jpg,4,25|50,,True
1-coins/150_1479430278.json,150_1479430278.json,150_1479430278,True,150_1479430278.jpg,150_1479430278.jpg,4,25|50,,True
1-coins/150_1479430284.json,150_1479430284.json,150_1479430284,True,150_1479430284.jpg,150_1479430284.jpg,4,25|50,,True
1-coins/150_1479430290.json,150_1479430290.json,150_1479430290,True,150_1479430290.jpg,150_1479430290.jpg,4,25|50,,True
1-coins/150_1479430296.json,150_1479430296.json,150_1479430296,True,150_1479430296.jpg,150_1479430296.jpg,4,25|50,,True
1-coins/150_1479430302.json,150_1479430302.json,150_1479430302,True,150_1479430302.jpg,150_1479430302.jpg,4,25|50,,True
1-coins/150_1479430308.json,150_1479430308.json,150_1479430308,True,150_1479430308.jpg,150_1479430308.jpg,4,25|50,,True
1-coins/150_1479430314.json,150_1479430314.json,150_1479430314,True,150_1479430314.jpg,150_1479430314.jpg,4,25|50,,True
1-coins/150_1479430320.json,150_1479430320.json,150_1479430320,True,150_1479430320.jpg,150_1479430320.jpg,4,25|50,,True
1-coins/150_1479430326.json,150_1479430326.json,150_1479430326,True,150_1479430326.jpg,150_1479430326.jpg,4,25|50,,True
1-coins/150_1479430332.json,150_1479430332.json,150_1479430332,True,150_1479430332.jpg,150_1479430332.jpg,4,25|50,,True
1-coins/150_1479430338.json,150_1479430338.json,150_1479430338,True,150_1479430338.jpg,150_1479430338.jpg,4,25|50,,True
1-coins/150_1479430344.json,150_1479430344.json,150_1479430344,True,150_1479430344.jpg,150_1479430344.jpg,4,25|50,,True
1-coins/150_1479430350.json,150_1479430350.json,150_1479430350,True,150_1479430350.jpg,150_1479430350.jpg,4,25|50,,True
1-coins/150_1479430356.json,150_1479430356.json,150_1479430356,True,150_1479430356.jpg,150_1479430356.jpg,4,25|50,,True
1-coins/150_1479430362.json,150_1479430362.json,150_1479430362,True,150_1479430362.jpg,150_1479430362.jpg,4,25|50,,True
1-coins/150_1479430368.json,150_1479430368.json,150_1479430368,True,150_1479430368.jpg,150_1479430368.jpg,4,25|50,,True
1-coins/150_1479430374.json,150_1479430374.json,150_1479430374,True,150_1479430374.jpg,150_1479430374.jpg,4,25|50,,True
1-coins/150_1479430380.json,150_1479430380.json,150_1479430380,True,150_1479430380.jpg,150_1479430380.jpg,4,25|50,,True
1-coins/150_1479430386.json,150_1479430386.json,150_1479430386,True,150_1479430386.jpg,150_1479430386.jpg,4,25|50,,True
1-coins/150_1479430392.json,150_1479430392.json,150_1479430392,True,150_1479430392.jpg,150_1479430392.jpg,4,25|50,,True
1-coins/150_1479430398.json,150_1479430398.json,150_1479430398,True,150_1479430398.jpg,150_1479430398.jpg,4,25|50,,True
1-coins/150_1479430404.json,150_1479430404.json,150_1479430404,True,150_1479430404.jpg,150_1479430404.jpg,6,10|25|5|50,,True
1-coins/15_1477788114.json,15_1477788114.json,15_1477788114,True,15_1477788114.jpg,15_1477788114.jpg,3,5,,True
1-coins/15_1477788120.json,15_1477788120.json,15_1477788120,True,15_1477788120.jpg,15_1477788120.jpg,3,5,,True
1-coins/15_1477788126.json,15_1477788126.json,15_1477788126,True,15_1477788126.jpg,15_1477788126.jpg,3,5,,True
1-coins/15_1477788132.json,15_1477788132.json,15_1477788132,True,15_1477788132.jpg,15_1477788132.jpg,3,5,,True
1-coins/15_1477788138.json,15_1477788138.json,15_1477788138,True,15_1477788138.jpg,15_1477788138.jpg,3,5,,True
1-coins/15_1477788144.json,15_1477788144.json,15_1477788144,True,15_1477788144.jpg,15_1477788144.jpg,3,5,,True
1-coins/15_1477788150.json,15_1477788150.json,15_1477788150,True,15_1477788150.jpg,15_1477788150.jpg,3,5,,True
1-coins/15_1477788156.json,15_1477788156.json,15_1477788156,True,15_1477788156.jpg,15_1477788156.jpg,3,5,,True
1-coins/15_1477788162.json,15_1477788162.json,15_1477788162,True,15_1477788162.jpg,15_1477788162.jpg,3,5,,True
1-coins/15_1477788168.json,15_1477788168.json,15_1477788168,True,15_1477788168.jpg,15_1477788168.jpg,3,5,,True
1-coins/15_1477788174.json,15_1477788174.json,15_1477788174,True,15_1477788174.jpg,15_1477788174.jpg,3,5,,True
1-coins/15_1477788180.json,15_1477788180.json,15_1477788180,True,15_1477788180.jpg,15_1477788180.jpg,3,5,,True
1-coins/15_1477788186.json,15_1477788186.json,15_1477788186,True,15_1477788186.jpg,15_1477788186.jpg,3,5,,True
1-coins/15_1477788192.json,15_1477788192.json,15_1477788192,True,15_1477788192.jpg,15_1477788192.jpg,3,5,,True
1-coins/15_1477788198.json,15_1477788198.json,15_1477788198,True,15_1477788198.jpg,15_1477788198.jpg,3,5,,True
1-coins/15_1477788204.json,15_1477788204.json,15_1477788204,True,15_1477788204.jpg,15_1477788204.jpg,3,5,,True
1-coins/15_1477788210.json,15_1477788210.json,15_1477788210,True,15_1477788210.jpg,15_1477788210.jpg,3,5,,True
1-coins/15_1477788216.json,15_1477788216.json,15_1477788216,True,15_1477788216.jpg,15_1477788216.jpg,3,5,,True
1-coins/15_1477788222.json,15_1477788222.json,15_1477788222,True,15_1477788222.jpg,15_1477788222.jpg,3,5,,True
1-coins/15_1477788228.json,15_1477788228.json,15_1477788228,True,15_1477788228.jpg,15_1477788228.jpg,3,5,,True
1-coins/15_1477788234.json,15_1477788234.json,15_1477788234,True,15_1477788234.jpg,15_1477788234.jpg,3,5,,True
1-coins/15_1477788240.json,15_1477788240.json,15_1477788240,True,15_1477788240.jpg,15_1477788240.jpg,3,5,,True
1-coins/15_1477788246.json,15_1477788246.json,15_1477788246,True,15_1477788246.jpg,15_1477788246.jpg,3,5,,True
1-coins/15_1477788252.json,15_1477788252.json,15_1477788252,True,15_1477788252.jpg,15_1477788252.jpg,3,5,,True
1-coins/15_1477788258.json,15_1477788258.json,15_1477788258,True,15_1477788258.jpg,15_1477788258.jpg,3,5,,True
1-coins/15_1477788264.json,15_1477788264.json,15_1477788264,True,15_1477788264.jpg,15_1477788264.jpg,3,5,,True
1-coins/15_1477788270.json,15_1477788270.json,15_1477788270,True,15_1477788270.jpg,15_1477788270.jpg,3,5,,True
1-coins/15_1477788276.json,15_1477788276.json,15_1477788276,True,15_1477788276.jpg,15_1477788276.jpg,3,5,,True
1-coins/15_1477788282.json,15_1477788282.json,15_1477788282,True,15_1477788282.jpg,15_1477788282.jpg,3,5,,True
1-coins/15_1477788288.json,15_1477788288.json,15_1477788288,True,15_1477788288.jpg,15_1477788288.jpg,3,5,,True
1-coins/15_1477788324.json,15_1477788324.json,15_1477788324,True,15_1477788324.jpg,15_1477788324.jpg,2,10|5,,True
1-coins/15_1477788330.json,15_1477788330.json,15_1477788330,True,15_1477788330.jpg,15_1477788330.jpg,2,10|5,,True
1-coins/15_1477788336.json,15_1477788336.json,15_1477788336,True,15_1477788336.jpg,15_1477788336.jpg,2,10|5,,True
1-coins/15_1477788342.json,15_1477788342.json,15_1477788342,True,15_1477788342.jpg,15_1477788342.jpg,2,10|5,,True
1-coins/15_1477788348.json,15_1477788348.json,15_1477788348,True,15_1477788348.jpg,15_1477788348.jpg,2,10|5,,True
1-coins/15_1477788354.json,15_1477788354.json,15_1477788354,True,15_1477788354.jpg,15_1477788354.jpg,2,10|5,,True
1-coins/15_1477788360.json,15_1477788360.json,15_1477788360,True,15_1477788360.jpg,15_1477788360.jpg,2,10|5,,True
1-coins/15_1477788366.json,15_1477788366.json,15_1477788366,True,15_1477788366.jpg,15_1477788366.jpg,2,10|5,,True
1-coins/15_1477788372.json,15_1477788372.json,15_1477788372,True,15_1477788372.jpg,15_1477788372.jpg,2,10|5,,True
1-coins/15_1477788378.json,15_1477788378.json,15_1477788378,True,15_1477788378.jpg,15_1477788378.jpg,2,10|5,,True
1-coins/15_1477788384.json,15_1477788384.json,15_1477788384,True,15_1477788384.jpg,15_1477788384.jpg,2,10|5,,True
1-coins/15_1477788390.json,15_1477788390.json,15_1477788390,True,15_1477788390.jpg,15_1477788390.jpg,2,10|5,,True
1-coins/15_1477788396.json,15_1477788396.json,15_1477788396,True,15_1477788396.jpg,15_1477788396.jpg,2,10|5,,True
1-coins/15_1477788402.json,15_1477788402.json,15_1477788402,True,15_1477788402.jpg,15_1477788402.jpg,2,10|5,,True
1-coins/15_1477788408.json,15_1477788408.json,15_1477788408,True,15_1477788408.jpg,15_1477788408.jpg,2,10|5,,True
1-coins/15_1477788414.json,15_1477788414.json,15_1477788414,True,15_1477788414.jpg,15_1477788414.jpg,2,10|5,,True
1-coins/15_1477788420.json,15_1477788420.json,15_1477788420,True,15_1477788420.jpg,15_1477788420.jpg,2,10|5,,True
1-coins/15_1477788426.json,15_1477788426.json,15_1477788426,True,15_1477788426.jpg,15_1477788426.jpg,2,10|5,,True
1-coins/15_1477788432.json,15_1477788432.json,15_1477788432,True,15_1477788432.jpg,15_1477788432.jpg,2,10|5,,True
1-coins/15_1477788438.json,15_1477788438.json,15_1477788438,True,15_1477788438.jpg,15_1477788438.jpg,2,10|5,,True
1-coins/15_1477788444.json,15_1477788444.json,15_1477788444,True,15_1477788444.jpg,15_1477788444.jpg,2,10|5,,True
1-coins/15_1477788450.json,15_1477788450.json,15_1477788450,True,15_1477788450.jpg,15_1477788450.jpg,2,10|5,,True
1-coins/15_1477788456.json,15_1477788456.json,15_1477788456,True,15_1477788456.jpg,15_1477788456.jpg,2,10|5,,True
1-coins/15_1477788462.json,15_1477788462.json,15_1477788462,True,15_1477788462.jpg,15_1477788462.jpg,2,10|5,,True
1-coins/15_1477788468.json,15_1477788468.json,15_1477788468,True,15_1477788468.jpg,15_1477788468.jpg,2,10|5,,True
1-coins/15_1477788474.json,15_1477788474.json,15_1477788474,True,15_1477788474.jpg,15_1477788474.jpg,2,10|5,,True
1-coins/15_1477788480.json,15_1477788480.json,15_1477788480,True,15_1477788480.jpg,15_1477788480.jpg,2,10|5,,True
1-coins/15_1477788486.json,15_1477788486.json,15_1477788486,True,15_1477788486.jpg,15_1477788486.jpg,2,10|5,,True
1-coins/15_1477788492.json,15_1477788492.json,15_1477788492,True,15_1477788492.jpg,15_1477788492.jpg,2,10|5,,True
1-coins/15_1477788498.json,15_1477788498.json,15_1477788498,True,15_1477788498.jpg,15_1477788498.jpg,2,10|5,,True
1-coins/170_1479423132.json,170_1479423132.json,170_1479423132,True,170_1479423132.jpg,170_1479423132.jpg,13,10|25|5|50,,True
1-coins/170_1479423138.json,170_1479423138.json,170_1479423138,True,170_1479423138.jpg,170_1479423138.jpg,13,10|25|5|50,,True
1-coins/170_1479423144.json,170_1479423144.json,170_1479423144,True,170_1479423144.jpg,170_1479423144.jpg,13,10|25|5|50,,True
1-coins/170_1479423150.json,170_1479423150.json,170_1479423150,True,170_1479423150.jpg,170_1479423150.jpg,13,10|25|5|50,,True
1-coins/170_1479423156.json,170_1479423156.json,170_1479423156,True,170_1479423156.jpg,170_1479423156.jpg,13,10|25|5|50,,True
1-coins/170_1479423162.json,170_1479423162.json,170_1479423162,True,170_1479423162.jpg,170_1479423162.jpg,13,10|25|5|50,,True
1-coins/170_1479423168.json,170_1479423168.json,170_1479423168,True,170_1479423168.jpg,170_1479423168.jpg,13,10|25|5|50,,True
1-coins/170_1479423174.json,170_1479423174.json,170_1479423174,True,170_1479423174.jpg,170_1479423174.jpg,13,10|25|5|50,,True
1-coins/170_1479423180.json,170_1479423180.json,170_1479423180,True,170_1479423180.jpg,170_1479423180.jpg,13,10|25|5|50,,True
1-coins/170_1479423186.json,170_1479423186.json,170_1479423186,True,170_1479423186.jpg,170_1479423186.jpg,13,10|25|5|50,,True
1-coins/170_1479423192.json,170_1479423192.json,170_1479423192,True,170_1479423192.jpg,170_1479423192.jpg,13,10|25|5|50,,True
1-coins/170_1479423198.json,170_1479423198.json,170_1479423198,True,170_1479423198.jpg,170_1479423198.jpg,13,10|25|5|50,,True
1-coins/170_1479423204.json,170_1479423204.json,170_1479423204,True,170_1479423204.jpg,170_1479423204.jpg,13,10|25|5|50,,True
1-coins/170_1479423210.json,170_1479423210.json,170_1479423210,True,170_1479423210.jpg,170_1479423210.jpg,13,10|25|5|50,,True
1-coins/170_1479423216.json,170_1479423216.json,170_1479423216,True,170_1479423216.jpg,170_1479423216.jpg,13,10|25|5|50,,True
1-coins/170_1479423222.json,170_1479423222.json,170_1479423222,True,170_1479423222.jpg,170_1479423222.jpg,13,10|25|5|50,,True
1-coins/170_1479423228.json,170_1479423228.json,170_1479423228,True,170_1479423228.jpg,170_1479423228.jpg,13,10|25|5|50,,True
1-coins/170_1479423234.json,170_1479423234.json,170_1479423234,True,170_1479423234.jpg,170_1479423234.jpg,13,10|25|5|50,,True
1-coins/170_1479423240.json,170_1479423240.json,170_1479423240,True,170_1479423240.jpg,170_1479423240.jpg,13,10|25|5|50,,True
1-coins/170_1479423246.json,170_1479423246.json,170_1479423246,True,170_1479423246.jpg,170_1479423246.jpg,13,10|25|5|50,,True
1-coins/170_1479423252.json,170_1479423252.json,170_1479423252,True,170_1479423252.jpg,170_1479423252.jpg,13,10|25|5|50,,True
1-coins/170_1479423258.json,170_1479423258.json,170_1479423258,True,170_1479423258.jpg,170_1479423258.jpg,13,10|25|5|50,,True
1-coins/170_1479423264.json,170_1479423264.json,170_1479423264,True,170_1479423264.jpg,170_1479423264.jpg,13,10|25|5|50,,True
1-coins/170_1479423270.json,170_1479423270.json,170_1479423270,True,170_1479423270.jpg,170_1479423270.jpg,13,10|25|5|50,,True
1-coins/170_1479423276.json,170_1479423276.json,170_1479423276,True,170_1479423276.jpg,170_1479423276.jpg,13,10|25|5|50,,True
1-coins/170_1479423282.json,170_1479423282.json,170_1479423282,True,170_1479423282.jpg,170_1479423282.jpg,13,10|25|5|50,,True
1-coins/170_1479423288.json,170_1479423288.json,170_1479423288,True,170_1479423288.jpg,170_1479423288.jpg,13,10|25|5|50,,True
1-coins/170_1479423294.json,170_1479423294.json,170_1479423294,True,170_1479423294.jpg,170_1479423294.jpg,13,10|25|5|50,,True
1-coins/170_1479423300.json,170_1479423300.json,170_1479423300,True,170_1479423300.jpg,170_1479423300.jpg,13,10|25|5|50,,True
1-coins/170_1479423306.json,170_1479423306.json,170_1479423306,True,170_1479423306.jpg,170_1479423306.jpg,13,10|25|5|50,,True
1-coins/175_1479423390.json,175_1479423390.json,175_1479423390,True,175_1479423390.jpg,175_1479423390.jpg,14,10|25|5|50,,True
1-coins/175_1479423396.json,175_1479423396.json,175_1479423396,True,175_1479423396.jpg,175_1479423396.jpg,14,10|25|5|50,,True
1-coins/175_1479423402.json,175_1479423402.json,175_1479423402,True,175_1479423402.jpg,175_1479423402.jpg,14,10|25|5|50,,True
1-coins/175_1479423408.json,175_1479423408.json,175_1479423408,True,175_1479423408.jpg,175_1479423408.jpg,14,10|25|5|50,,True
1-coins/175_1479423414.json,175_1479423414.json,175_1479423414,True,175_1479423414.jpg,175_1479423414.jpg,14,10|25|5|50,,True
1-coins/175_1479423420.json,175_1479423420.json,175_1479423420,True,175_1479423420.jpg,175_1479423420.jpg,14,10|25|5|50,,True
1-coins/175_1479423426.json,175_1479423426.json,175_1479423426,True,175_1479423426.jpg,175_1479423426.jpg,14,10|25|5|50,,True
1-coins/175_1479423432.json,175_1479423432.json,175_1479423432,True,175_1479423432.jpg,175_1479423432.jpg,14,10|25|5|50,,True
1-coins/175_1479423438.json,175_1479423438.json,175_1479423438,True,175_1479423438.jpg,175_1479423438.jpg,14,10|25|5|50,,True
1-coins/175_1479423444.json,175_1479423444.json,175_1479423444,True,175_1479423444.jpg,175_1479423444.jpg,14,10|25|5|50,,True
1-coins/175_1479423450.json,175_1479423450.json,175_1479423450,True,175_1479423450.jpg,175_1479423450.jpg,14,10|25|5|50,,True
1-coins/175_1479423456.json,175_1479423456.json,175_1479423456,True,175_1479423456.jpg,175_1479423456.jpg,14,10|25|5|50,,True
1-coins/175_1479423462.json,175_1479423462.json,175_1479423462,True,175_1479423462.jpg,175_1479423462.jpg,14,10|25|5|50,,True
1-coins/175_1479423468.json,175_1479423468.json,175_1479423468,True,175_1479423468.jpg,175_1479423468.jpg,14,10|25|5|50,,True
1-coins/175_1479423474.json,175_1479423474.json,175_1479423474,True,175_1479423474.jpg,175_1479423474.jpg,14,10|25|5|50,,True
1-coins/175_1479423480.json,175_1479423480.json,175_1479423480,True,175_1479423480.jpg,175_1479423480.jpg,14,10|25|5|50,,True
1-coins/175_1479423486.json,175_1479423486.json,175_1479423486,True,175_1479423486.jpg,175_1479423486.jpg,14,10|25|5|50,,True
1-coins/175_1479423492.json,175_1479423492.json,175_1479423492,True,175_1479423492.jpg,175_1479423492.jpg,14,10|25|5|50,,True
1-coins/175_1479423498.json,175_1479423498.json,175_1479423498,True,175_1479423498.jpg,175_1479423498.jpg,14,10|25|5|50,,True
1-coins/175_1479423504.json,175_1479423504.json,175_1479423504,True,175_1479423504.jpg,175_1479423504.jpg,14,10|25|5|50,,True
1-coins/175_1479423510.json,175_1479423510.json,175_1479423510,True,175_1479423510.jpg,175_1479423510.jpg,14,10|25|5|50,,True
1-coins/175_1479423516.json,175_1479423516.json,175_1479423516,True,175_1479423516.jpg,175_1479423516.jpg,14,10|25|5|50,,True
1-coins/175_1479423522.json,175_1479423522.json,175_1479423522,True,175_1479423522.jpg,175_1479423522.jpg,14,10|25|5|50,,True
1-coins/175_1479423528.json,175_1479423528.json,175_1479423528,True,175_1479423528.jpg,175_1479423528.jpg,14,10|25|5|50,,True
1-coins/175_1479423534.json,175_1479423534.json,175_1479423534,True,175_1479423534.jpg,175_1479423534.jpg,14,10|25|5|50,,True
1-coins/175_1479423540.json,175_1479423540.json,175_1479423540,True,175_1479423540.jpg,175_1479423540.jpg,14,10|25|5|50,,True
1-coins/175_1479423546.json,175_1479423546.json,175_1479423546,True,175_1479423546.jpg,175_1479423546.jpg,14,10|25|5|50,,True
1-coins/175_1479423552.json,175_1479423552.json,175_1479423552,True,175_1479423552.jpg,175_1479423552.jpg,14,10|25|5|50,,True
1-coins/175_1479423558.json,175_1479423558.json,175_1479423558,True,175_1479423558.jpg,175_1479423558.jpg,14,10|25|5|50,,True
1-coins/175_1479423564.json,175_1479423564.json,175_1479423564,True,175_1479423564.jpg,175_1479423564.jpg,14,10|25|5|50,,True
1-coins/175_1479423732.json,175_1479423732.json,175_1479423732,True,175_1479423732.jpg,175_1479423732.jpg,10,10|25|5|50,,True
1-coins/175_1479423738.json,175_1479423738.json,175_1479423738,True,175_1479423738.jpg,175_1479423738.jpg,10,10|25|5|50,,True
1-coins/175_1479423744.json,175_1479423744.json,175_1479423744,True,175_1479423744.jpg,175_1479423744.jpg,10,10|25|5|50,,True
1-coins/175_1479423750.json,175_1479423750.json,175_1479423750,True,175_1479423750.jpg,175_1479423750.jpg,10,10|25|5|50,,True
1-coins/175_1479423756.json,175_1479423756.json,175_1479423756,True,175_1479423756.jpg,175_1479423756.jpg,10,10|25|5|50,,True
1-coins/175_1479423762.json,175_1479423762.json,175_1479423762,True,175_1479423762.jpg,175_1479423762.jpg,10,10|25|5|50,,True
1-coins/175_1479423768.json,175_1479423768.json,175_1479423768,True,175_1479423768.jpg,175_1479423768.jpg,10,10|25|5|50,,True
1-coins/175_1479423774.json,175_1479423774.json,175_1479423774,True,175_1479423774.jpg,175_1479423774.jpg,10,10|25|5|50,,True
1-coins/175_1479423780.json,175_1479423780.json,175_1479423780,True,175_1479423780.jpg,175_1479423780.jpg,10,10|25|5|50,,True
1-coins/20_1477788648.json,20_1477788648.json,20_1477788648,True,20_1477788648.jpg,20_1477788648.jpg,3,10|5,,True
1-coins/20_1477788654.json,20_1477788654.json,20_1477788654,True,20_1477788654.jpg,20_1477788654.jpg,3,10|5,,True
1-coins/20_1477788660.json,20_1477788660.json,20_1477788660,True,20_1477788660.jpg,20_1477788660.jpg,3,10|5,,True
1-coins/20_1477788666.json,20_1477788666.json,20_1477788666,True,20_1477788666.jpg,20_1477788666.jpg,3,10|5,,True
1-coins/20_1477788672.json,20_1477788672.json,20_1477788672,True,20_1477788672.jpg,20_1477788672.jpg,3,10|5,,True
1-coins/20_1477788678.json,20_1477788678.json,20_1477788678,True,20_1477788678.jpg,20_1477788678.jpg,3,10|5,,True
1-coins/20_1477788684.json,20_1477788684.json,20_1477788684,True,20_1477788684.jpg,20_1477788684.jpg,3,10|5,,True
1-coins/20_1477788690.json,20_1477788690.json,20_1477788690,True,20_1477788690.jpg,20_1477788690.jpg,3,10|5,,True
1-coins/20_1477788696.json,20_1477788696.json,20_1477788696,True,20_1477788696.jpg,20_1477788696.jpg,3,10|5,,True
1-coins/20_1477788702.json,20_1477788702.json,20_1477788702,True,20_1477788702.jpg,20_1477788702.jpg,3,10|5,,True
1-coins/20_1477788708.json,20_1477788708.json,20_1477788708,True,20_1477788708.jpg,20_1477788708.jpg,3,10|5,,True
1-coins/20_1477788714.json,20_1477788714.json,20_1477788714,True,20_1477788714.jpg,20_1477788714.jpg,3,10|5,,True
1-coins/20_1477788720.json,20_1477788720.json,20_1477788720,True,20_1477788720.jpg,20_1477788720.jpg,3,10|5,,True
1-coins/20_1477788726.json,20_1477788726.json,20_1477788726,True,20_1477788726.jpg,20_1477788726.jpg,3,10|5,,True
1-coins/20_1477788732.json,20_1477788732.json,20_1477788732,True,20_1477788732.jpg,20_1477788732.jpg,3,10|5,,True
1-coins/20_1477788738.json,20_1477788738.json,20_1477788738,True,20_1477788738.jpg,20_1477788738.jpg,3,10|5,,True
1-coins/20_1477788744.json,20_1477788744.json,20_1477788744,True,20_1477788744.jpg,20_1477788744.jpg,3,10|5,,True
1-coins/20_1477788750.json,20_1477788750.json,20_1477788750,True,20_1477788750.jpg,20_1477788750.jpg,3,10|5,,True
1-coins/20_1477788756.json,20_1477788756.json,20_1477788756,True,20_1477788756.jpg,20_1477788756.jpg,3,10|5,,True
1-coins/20_1477788762.json,20_1477788762.json,20_1477788762,True,20_1477788762.jpg,20_1477788762.jpg,3,10|5,,True
1-coins/20_1477788768.json,20_1477788768.json,20_1477788768,True,20_1477788768.jpg,20_1477788768.jpg,3,10|5,,True
1-coins/20_1477788774.json,20_1477788774.json,20_1477788774,True,20_1477788774.jpg,20_1477788774.jpg,3,10|5,,True
1-coins/20_1477788780.json,20_1477788780.json,20_1477788780,True,20_1477788780.jpg,20_1477788780.jpg,3,10|5,,True
1-coins/20_1477788786.json,20_1477788786.json,20_1477788786,True,20_1477788786.jpg,20_1477788786.jpg,3,10|5,,True
1-coins/20_1477788792.json,20_1477788792.json,20_1477788792,True,20_1477788792.jpg,20_1477788792.jpg,3,10|5,,True
1-coins/20_1477788798.json,20_1477788798.json,20_1477788798,True,20_1477788798.jpg,20_1477788798.jpg,3,10|5,,True
1-coins/20_1477788804.json,20_1477788804.json,20_1477788804,True,20_1477788804.jpg,20_1477788804.jpg,3,10|5,,True
1-coins/20_1477788810.json,20_1477788810.json,20_1477788810,True,20_1477788810.jpg,20_1477788810.jpg,3,10|5,,True
1-coins/20_1477788816.json,20_1477788816.json,20_1477788816,True,20_1477788816.jpg,20_1477788816.jpg,3,10|5,,True
1-coins/20_1477788822.json,20_1477788822.json,20_1477788822,True,20_1477788822.jpg,20_1477788822.jpg,3,10|5,,True
1-coins/20_1477788894.json,20_1477788894.json,20_1477788894,True,20_1477788894.jpg,20_1477788894.jpg,2,10,,True
1-coins/20_1477788900.json,20_1477788900.json,20_1477788900,True,20_1477788900.jpg,20_1477788900.jpg,2,10,,True
1-coins/20_1477788906.json,20_1477788906.json,20_1477788906,True,20_1477788906.jpg,20_1477788906.jpg,2,10,,True
1-coins/20_1477788912.json,20_1477788912.json,20_1477788912,True,20_1477788912.jpg,20_1477788912.jpg,2,10,,True
1-coins/20_1477788918.json,20_1477788918.json,20_1477788918,True,20_1477788918.jpg,20_1477788918.jpg,2,10,,True
1-coins/20_1477788924.json,20_1477788924.json,20_1477788924,True,20_1477788924.jpg,20_1477788924.jpg,2,10,,True
1-coins/20_1477788930.json,20_1477788930.json,20_1477788930,True,20_1477788930.jpg,20_1477788930.jpg,2,10,,True
1-coins/20_1477788936.json,20_1477788936.json,20_1477788936,True,20_1477788936.jpg,20_1477788936.jpg,2,10,,True
1-coins/20_1477788942.json,20_1477788942.json,20_1477788942,True,20_1477788942.jpg,20_1477788942.jpg,2,10,,True
1-coins/20_1477788948.json,20_1477788948.json,20_1477788948,True,20_1477788948.jpg,20_1477788948.jpg,2,10,,True
1-coins/20_1477788954.json,20_1477788954.json,20_1477788954,True,20_1477788954.jpg,20_1477788954.jpg,2,10,,True
1-coins/20_1477788960.json,20_1477788960.json,20_1477788960,True,20_1477788960.jpg,20_1477788960.jpg,2,10,,True
1-coins/20_1477788966.json,20_1477788966.json,20_1477788966,True,20_1477788966.jpg,20_1477788966.jpg,2,10,,True
1-coins/20_1477788972.json,20_1477788972.json,20_1477788972,True,20_1477788972.jpg,20_1477788972.jpg,2,10,,True
1-coins/20_1477788978.json,20_1477788978.json,20_1477788978,True,20_1477788978.jpg,20_1477788978.jpg,2,10,,True
1-coins/20_1477788984.json,20_1477788984.json,20_1477788984,True,20_1477788984.jpg,20_1477788984.jpg,2,10,,True
1-coins/20_1477788990.json,20_1477788990.json,20_1477788990,True,20_1477788990.jpg,20_1477788990.jpg,2,10,,True
1-coins/20_1477788996.json,20_1477788996.json,20_1477788996,True,20_1477788996.jpg,20_1477788996.jpg,2,10,,True
1-coins/20_1477789002.json,20_1477789002.json,20_1477789002,True,20_1477789002.jpg,20_1477789002.jpg,2,10,,True
1-coins/20_1477789008.json,20_1477789008.json,20_1477789008,True,20_1477789008.jpg,20_1477789008.jpg,2,10,,True
1-coins/20_1477789014.json,20_1477789014.json,20_1477789014,True,20_1477789014.jpg,20_1477789014.jpg,2,10,,True
1-coins/20_1477789020.json,20_1477789020.json,20_1477789020,True,20_1477789020.jpg,20_1477789020.jpg,2,10,,True
1-coins/20_1477789026.json,20_1477789026.json,20_1477789026,True,20_1477789026.jpg,20_1477789026.jpg,2,10,,True
1-coins/20_1477789032.json,20_1477789032.json,20_1477789032,True,20_1477789032.jpg,20_1477789032.jpg,2,10,,True
1-coins/20_1477789038.json,20_1477789038.json,20_1477789038,True,20_1477789038.jpg,20_1477789038.jpg,2,10,,True
1-coins/20_1477789044.json,20_1477789044.json,20_1477789044,True,20_1477789044.jpg,20_1477789044.jpg,2,10,,True
1-coins/20_1477789050.json,20_1477789050.json,20_1477789050,True,20_1477789050.jpg,20_1477789050.jpg,2,10,,True
1-coins/20_1477789056.json,20_1477789056.json,20_1477789056,True,20_1477789056.jpg,20_1477789056.jpg,2,10,,True
1-coins/20_1477789062.json,20_1477789062.json,20_1477789062,True,20_1477789062.jpg,20_1477789062.jpg,2,10,,True
1-coins/20_1477789068.json,20_1477789068.json,20_1477789068,True,20_1477789068.jpg,20_1477789068.jpg,2,10,,True
1-coins/25_1477149204.json,25_1477149204.json,25_1477149204,True,25_1477149204.jpg,25_1477149204.jpg,1,25,,True
1-coins/25_1477149210.json,25_1477149210.json,25_1477149210,True,25_1477149210.jpg,25_1477149210.jpg,1,25,,True
1-coins/25_1477149216.json,25_1477149216.json,25_1477149216,True,25_1477149216.jpg,25_1477149216.jpg,1,25,,True
1-coins/25_1477149222.json,25_1477149222.json,25_1477149222,True,25_1477149222.jpg,25_1477149222.jpg,1,25,,True
1-coins/25_1477149228.json,25_1477149228.json,25_1477149228,True,25_1477149228.jpg,25_1477149228.jpg,1,25,,True
1-coins/25_1477149234.json,25_1477149234.json,25_1477149234,True,25_1477149234.jpg,25_1477149234.jpg,1,25,,True
1-coins/25_1477149240.json,25_1477149240.json,25_1477149240,True,25_1477149240.jpg,25_1477149240.jpg,1,25,,True
1-coins/25_1477149246.json,25_1477149246.json,25_1477149246,True,25_1477149246.jpg,25_1477149246.jpg,1,25,,True
1-coins/25_1477149252.json,25_1477149252.json,25_1477149252,True,25_1477149252.jpg,25_1477149252.jpg,1,25,,True
1-coins/25_1477149258.json,25_1477149258.json,25_1477149258,True,25_1477149258.jpg,25_1477149258.jpg,1,25,,True
1-coins/25_1477149264.json,25_1477149264.json,25_1477149264,True,25_1477149264.jpg,25_1477149264.jpg,1,25,,True
1-coins/25_1477149270.json,25_1477149270.json,25_1477149270,True,25_1477149270.jpg,25_1477149270.jpg,1,25,,True
1-coins/25_1477149276.json,25_1477149276.json,25_1477149276,True,25_1477149276.jpg,25_1477149276.jpg,1,25,,True
1-coins/25_1477149282.json,25_1477149282.json,25_1477149282,True,25_1477149282.jpg,25_1477149282.jpg,1,25,,True
1-coins/25_1477149288.json,25_1477149288.json,25_1477149288,True,25_1477149288.jpg,25_1477149288.jpg,1,25,,True
1-coins/25_1477149294.json,25_1477149294.json,25_1477149294,True,25_1477149294.jpg,25_1477149294.jpg,1,25,,True
1-coins/25_1477149300.json,25_1477149300.json,25_1477149300,True,25_1477149300.jpg,25_1477149300.jpg,1,25,,True
1-coins/25_1477149306.json,25_1477149306.json,25_1477149306,True,25_1477149306.jpg,25_1477149306.jpg,1,25,,True
1-coins/25_1477149312.json,25_1477149312.json,25_1477149312,True,25_1477149312.jpg,25_1477149312.jpg,1,25,,True
1-coins/25_1477149318.json,25_1477149318.json,25_1477149318,True,25_1477149318.jpg,25_1477149318.jpg,1,25,,True
1-coins/25_1477149324.json,25_1477149324.json,25_1477149324,True,25_1477149324.jpg,25_1477149324.jpg,1,25,,True
1-coins/25_1477149330.json,25_1477149330.json,25_1477149330,True,25_1477149330.jpg,25_1477149330.jpg,1,25,,True
1-coins/25_1477149336.json,25_1477149336.json,25_1477149336,True,25_1477149336.jpg,25_1477149336.jpg,1,25,,True
1-coins/25_1477149342.json,25_1477149342.json,25_1477149342,True,25_1477149342.jpg,25_1477149342.jpg,1,25,,True
1-coins/25_1477149348.json,25_1477149348.json,25_1477149348,True,25_1477149348.jpg,25_1477149348.jpg,1,25,,True
1-coins/25_1477149354.json,25_1477149354.json,25_1477149354,True,25_1477149354.jpg,25_1477149354.jpg,1,25,,True
1-coins/25_1477149360.json,25_1477149360.json,25_1477149360,True,25_1477149360.jpg,25_1477149360.jpg,1,25,,True
1-coins/25_1477149366.json,25_1477149366.json,25_1477149366,True,25_1477149366.jpg,25_1477149366.jpg,1,25,,True
1-coins/25_1477149372.json,25_1477149372.json,25_1477149372,True,25_1477149372.jpg,25_1477149372.jpg,1,25,,True
1-coins/25_1477149378.json,25_1477149378.json,25_1477149378,True,25_1477149378.jpg,25_1477149378.jpg,1,25,,True
1-coins/25_1477149390.json,25_1477149390.json,25_1477149390,True,25_1477149390.jpg,25_1477149390.jpg,1,25,,True
1-coins/25_1477149396.json,25_1477149396.json,25_1477149396,True,25_1477149396.jpg,25_1477149396.jpg,1,25,,True
1-coins/25_1477149402.json,25_1477149402.json,25_1477149402,True,25_1477149402.jpg,25_1477149402.jpg,1,25,,True
1-coins/25_1477149408.json,25_1477149408.json,25_1477149408,True,25_1477149408.jpg,25_1477149408.jpg,1,25,,True
1-coins/25_1477149414.json,25_1477149414.json,25_1477149414,True,25_1477149414.jpg,25_1477149414.jpg,1,25,,True
1-coins/25_1477149420.json,25_1477149420.json,25_1477149420,True,25_1477149420.jpg,25_1477149420.jpg,1,25,,True
1-coins/25_1477149426.json,25_1477149426.json,25_1477149426,True,25_1477149426.jpg,25_1477149426.jpg,1,25,,True
1-coins/25_1477149432.json,25_1477149432.json,25_1477149432,True,25_1477149432.jpg,25_1477149432.jpg,1,25,,True
1-coins/25_1477149438.json,25_1477149438.json,25_1477149438,True,25_1477149438.jpg,25_1477149438.jpg,1,25,,True
1-coins/25_1477149444.json,25_1477149444.json,25_1477149444,True,25_1477149444.jpg,25_1477149444.jpg,1,25,,True
1-coins/25_1477149450.json,25_1477149450.json,25_1477149450,True,25_1477149450.jpg,25_1477149450.jpg,1,25,,True
1-coins/25_1477149456.json,25_1477149456.json,25_1477149456,True,25_1477149456.jpg,25_1477149456.jpg,1,25,,True
1-coins/25_1477149462.json,25_1477149462.json,25_1477149462,True,25_1477149462.jpg,25_1477149462.jpg,1,25,,True
1-coins/25_1477149468.json,25_1477149468.json,25_1477149468,True,25_1477149468.jpg,25_1477149468.jpg,1,25,,True
1-coins/25_1477149474.json,25_1477149474.json,25_1477149474,True,25_1477149474.jpg,25_1477149474.jpg,1,25,,True
1-coins/25_1477149486.json,25_1477149486.json,25_1477149486,True,25_1477149486.jpg,25_1477149486.jpg,1,25,,True
1-coins/25_1477149492.json,25_1477149492.json,25_1477149492,True,25_1477149492.jpg,25_1477149492.jpg,1,25,,True
1-coins/25_1477149498.json,25_1477149498.json,25_1477149498,True,25_1477149498.jpg,25_1477149498.jpg,1,25,,True
1-coins/25_1477149504.json,25_1477149504.json,25_1477149504,True,25_1477149504.jpg,25_1477149504.jpg,1,25,,True
1-coins/25_1477149510.json,25_1477149510.json,25_1477149510,True,25_1477149510.jpg,25_1477149510.jpg,1,25,,True
1-coins/25_1477149516.json,25_1477149516.json,25_1477149516,True,25_1477149516.jpg,25_1477149516.jpg,1,25,,True
1-coins/25_1477149522.json,25_1477149522.json,25_1477149522,True,25_1477149522.jpg,25_1477149522.jpg,1,25,,True
1-coins/25_1477149528.json,25_1477149528.json,25_1477149528,True,25_1477149528.jpg,25_1477149528.jpg,1,25,,True
1-coins/25_1477149534.json,25_1477149534.json,25_1477149534,True,25_1477149534.jpg,25_1477149534.jpg,3,25|finger,,True
1-coins/25_1477149540.json,25_1477149540.json,25_1477149540,True,25_1477149540.jpg,25_1477149540.jpg,1,25,,True
1-coins/25_1477149546.json,25_1477149546.json,25_1477149546,True,25_1477149546.jpg,25_1477149546.jpg,1,25,,True
1-coins/25_1477149552.json,25_1477149552.json,25_1477149552,True,25_1477149552.jpg,25_1477149552.jpg,1,25,,True
1-coins/25_1477149558.json,25_1477149558.json,25_1477149558,True,25_1477149558.jpg,25_1477149558.jpg,1,25,,True
1-coins/25_1477149564.json,25_1477149564.json,25_1477149564,True,25_1477149564.jpg,25_1477149564.jpg,1,25,,True
1-coins/25_1477153878.json,25_1477153878.json,25_1477153878,True,25_1477153878.jpg,25_1477153878.jpg,1,25,,True
1-coins/25_1477153884.json,25_1477153884.json,25_1477153884,True,25_1477153884.jpg,25_1477153884.jpg,1,25,,True
1-coins/25_1477153890.json,25_1477153890.json,25_1477153890,True,25_1477153890.jpg,25_1477153890.jpg,1,25,,True
1-coins/25_1477153896.json,25_1477153896.json,25_1477153896,True,25_1477153896.jpg,25_1477153896.jpg,1,25,,True
1-coins/25_1477153902.json,25_1477153902.json,25_1477153902,True,25_1477153902.jpg,25_1477153902.jpg,1,25,,True
1-coins/25_1477153908.json,25_1477153908.json,25_1477153908,True,25_1477153908.jpg,25_1477153908.jpg,1,25,,True
1-coins/25_1477153914.json,25_1477153914.json,25_1477153914,True,25_1477153914.jpg,25_1477153914.jpg,1,25,,True
1-coins/25_1477153920.json,25_1477153920.json,25_1477153920,True,25_1477153920.jpg,25_1477153920.jpg,1,25,,True
1-coins/25_1477153926.json,25_1477153926.json,25_1477153926,True,25_1477153926.jpg,25_1477153926.jpg,1,25,,True
1-coins/25_1477153932.json,25_1477153932.json,25_1477153932,True,25_1477153932.jpg,25_1477153932.jpg,1,25,,True
1-coins/25_1477153938.json,25_1477153938.json,25_1477153938,True,25_1477153938.jpg,25_1477153938.jpg,1,25,,True
1-coins/25_1477153944.json,25_1477153944.json,25_1477153944,True,25_1477153944.jpg,25_1477153944.jpg,1,25,,True
1-coins/25_1477153950.json,25_1477153950.json,25_1477153950,True,25_1477153950.jpg,25_1477153950.jpg,1,25,,True
1-coins/25_1477153956.json,25_1477153956.json,25_1477153956,True,25_1477153956.jpg,25_1477153956.jpg,1,25,,True
1-coins/25_1477153962.json,25_1477153962.json,25_1477153962,True,25_1477153962.jpg,25_1477153962.jpg,1,25,,True
1-coins/25_1477153968.json,25_1477153968.json,25_1477153968,True,25_1477153968.jpg,25_1477153968.jpg,1,25,,True
1-coins/25_1477153974.json,25_1477153974.json,25_1477153974,True,25_1477153974.jpg,25_1477153974.jpg,1,25,,True
1-coins/25_1477153986.json,25_1477153986.json,25_1477153986,True,25_1477153986.jpg,25_1477153986.jpg,1,25,,True
1-coins/25_1477153992.json,25_1477153992.json,25_1477153992,True,25_1477153992.jpg,25_1477153992.jpg,1,25,,True
1-coins/25_1477153998.json,25_1477153998.json,25_1477153998,True,25_1477153998.jpg,25_1477153998.jpg,1,25,,True
1-coins/25_1477154004.json,25_1477154004.json,25_1477154004,True,25_1477154004.jpg,25_1477154004.jpg,1,25,,True
1-coins/25_1477154010.json,25_1477154010.json,25_1477154010,True,25_1477154010.jpg,25_1477154010.jpg,1,25,,True
1-coins/25_1477154016.json,25_1477154016.json,25_1477154016,True,25_1477154016.jpg,25_1477154016.jpg,1,25,,True
1-coins/25_1477154022.json,25_1477154022.json,25_1477154022,True,25_1477154022.jpg,25_1477154022.jpg,1,25,,True
1-coins/25_1477154028.json,25_1477154028.json,25_1477154028,True,25_1477154028.jpg,25_1477154028.jpg,1,25,,True
1-coins/25_1477154034.json,25_1477154034.json,25_1477154034,True,25_1477154034.jpg,25_1477154034.jpg,1,25,,True
1-coins/25_1477154040.json,25_1477154040.json,25_1477154040,True,25_1477154040.jpg,25_1477154040.jpg,1,25,,True
1-coins/25_1477154046.json,25_1477154046.json,25_1477154046,True,25_1477154046.jpg,25_1477154046.jpg,1,25,,True
1-coins/25_1477154052.json,25_1477154052.json,25_1477154052,True,25_1477154052.jpg,25_1477154052.jpg,1,25,,True
1-coins/25_1477154058.json,25_1477154058.json,25_1477154058,True,25_1477154058.jpg,25_1477154058.jpg,1,25,,True
1-coins/25_1477154142.json,25_1477154142.json,25_1477154142,True,25_1477154142.jpg,25_1477154142.jpg,1,25,,True
1-coins/25_1477154148.json,25_1477154148.json,25_1477154148,True,25_1477154148.jpg,25_1477154148.jpg,1,25,,True
1-coins/25_1477154154.json,25_1477154154.json,25_1477154154,True,25_1477154154.jpg,25_1477154154.jpg,1,25,,True
1-coins/25_1477154160.json,25_1477154160.json,25_1477154160,True,25_1477154160.jpg,25_1477154160.jpg,1,25,,True
1-coins/25_1477154166.json,25_1477154166.json,25_1477154166,True,25_1477154166.jpg,25_1477154166.jpg,1,25,,True
1-coins/25_1477154172.json,25_1477154172.json,25_1477154172,True,25_1477154172.jpg,25_1477154172.jpg,1,25,,True
1-coins/25_1477154178.json,25_1477154178.json,25_1477154178,True,25_1477154178.jpg,25_1477154178.jpg,1,25,,True
1-coins/25_1477154184.json,25_1477154184.json,25_1477154184,True,25_1477154184.jpg,25_1477154184.jpg,1,25,,True
1-coins/25_1477154190.json,25_1477154190.json,25_1477154190,True,25_1477154190.jpg,25_1477154190.jpg,1,25,,True
1-coins/25_1477154196.json,25_1477154196.json,25_1477154196,True,25_1477154196.jpg,25_1477154196.jpg,1,25,,True
1-coins/25_1477154202.json,25_1477154202.json,25_1477154202,True,25_1477154202.jpg,25_1477154202.jpg,1,25,,True
1-coins/25_1477154208.json,25_1477154208.json,25_1477154208,True,25_1477154208.jpg,25_1477154208.jpg,1,25,,True
1-coins/25_1477154214.json,25_1477154214.json,25_1477154214,True,25_1477154214.jpg,25_1477154214.jpg,1,25,,True
1-coins/25_1477154220.json,25_1477154220.json,25_1477154220,True,25_1477154220.jpg,25_1477154220.jpg,1,25,,True
1-coins/25_1477154226.json,25_1477154226.json,25_1477154226,True,25_1477154226.jpg,25_1477154226.jpg,1,25,,True
1-coins/25_1477154232.json,25_1477154232.json,25_1477154232,True,25_1477154232.jpg,25_1477154232.jpg,1,25,,True
1-coins/25_1477154238.json,25_1477154238.json,25_1477154238,True,25_1477154238.jpg,25_1477154238.jpg,1,25,,True
1-coins/25_1477154244.json,25_1477154244.json,25_1477154244,True,25_1477154244.jpg,25_1477154244.jpg,1,25,,True
1-coins/25_1477154250.json,25_1477154250.json,25_1477154250,True,25_1477154250.jpg,25_1477154250.jpg,1,25,,True
1-coins/25_1477154256.json,25_1477154256.json,25_1477154256,True,25_1477154256.jpg,25_1477154256.jpg,1,25,,True
1-coins/25_1477154262.json,25_1477154262.json,25_1477154262,True,25_1477154262.jpg,25_1477154262.jpg,1,25,,True
1-coins/25_1477154268.json,25_1477154268.json,25_1477154268,True,25_1477154268.jpg,25_1477154268.jpg,1,25,,True
1-coins/25_1477154274.json,25_1477154274.json,25_1477154274,True,25_1477154274.jpg,25_1477154274.jpg,1,25,,True
1-coins/25_1477154280.json,25_1477154280.json,25_1477154280,True,25_1477154280.jpg,25_1477154280.jpg,1,25,,True
1-coins/25_1477154286.json,25_1477154286.json,25_1477154286,True,25_1477154286.jpg,25_1477154286.jpg,1,25,,True
1-coins/25_1477154292.json,25_1477154292.json,25_1477154292,True,25_1477154292.jpg,25_1477154292.jpg,1,25,,True
1-coins/25_1477154298.json,25_1477154298.json,25_1477154298,True,25_1477154298.jpg,25_1477154298.jpg,1,25,,True
1-coins/25_1477154304.json,25_1477154304.json,25_1477154304,True,25_1477154304.jpg,25_1477154304.jpg,1,25,,True
1-coins/25_1477154310.json,25_1477154310.json,25_1477154310,True,25_1477154310.jpg,25_1477154310.jpg,1,25,,True
1-coins/25_1477154316.json,25_1477154316.json,25_1477154316,True,25_1477154316.jpg,25_1477154316.jpg,1,25,,True
1-coins/25_1477154322.json,25_1477154322.json,25_1477154322,True,25_1477154322.jpg,25_1477154322.jpg,1,25,,True
1-coins/25_1477191090.json,25_1477191090.json,25_1477191090,True,25_1477191090.jpg,25_1477191090.jpg,1,25,,True
1-coins/25_1477191096.json,25_1477191096.json,25_1477191096,True,25_1477191096.jpg,25_1477191096.jpg,1,25,,True
1-coins/25_1477191102.json,25_1477191102.json,25_1477191102,True,25_1477191102.jpg,25_1477191102.jpg,1,25,,True
1-coins/25_1477191108.json,25_1477191108.json,25_1477191108,True,25_1477191108.jpg,25_1477191108.jpg,1,25,,True
1-coins/25_1477191114.json,25_1477191114.json,25_1477191114,True,25_1477191114.jpg,25_1477191114.jpg,1,25,,True
1-coins/25_1477191120.json,25_1477191120.json,25_1477191120,True,25_1477191120.jpg,25_1477191120.jpg,1,25,,True
1-coins/25_1477191126.json,25_1477191126.json,25_1477191126,True,25_1477191126.jpg,25_1477191126.jpg,1,25,,True
1-coins/25_1477191132.json,25_1477191132.json,25_1477191132,True,25_1477191132.jpg,25_1477191132.jpg,1,25,,True
1-coins/25_1477191138.json,25_1477191138.json,25_1477191138,True,25_1477191138.jpg,25_1477191138.jpg,1,25,,True
1-coins/25_1477191144.json,25_1477191144.json,25_1477191144,True,25_1477191144.jpg,25_1477191144.jpg,1,25,,True
1-coins/25_1477191150.json,25_1477191150.json,25_1477191150,True,25_1477191150.jpg,25_1477191150.jpg,4,25|finger,,True
1-coins/25_1477191156.json,25_1477191156.json,25_1477191156,True,25_1477191156.jpg,25_1477191156.jpg,1,25,,True
1-coins/25_1477191162.json,25_1477191162.json,25_1477191162,True,25_1477191162.jpg,25_1477191162.jpg,1,25,,True
1-coins/25_1477191168.json,25_1477191168.json,25_1477191168,True,25_1477191168.jpg,25_1477191168.jpg,1,25,,True
1-coins/25_1477191174.json,25_1477191174.json,25_1477191174,True,25_1477191174.jpg,25_1477191174.jpg,1,25,,True
1-coins/25_1477191180.json,25_1477191180.json,25_1477191180,True,25_1477191180.jpg,25_1477191180.jpg,1,25,,True
1-coins/25_1477191186.json,25_1477191186.json,25_1477191186,True,25_1477191186.jpg,25_1477191186.jpg,1,25,,True
1-coins/25_1477191192.json,25_1477191192.json,25_1477191192,True,25_1477191192.jpg,25_1477191192.jpg,1,25,,True
1-coins/25_1477191198.json,25_1477191198.json,25_1477191198,True,25_1477191198.jpg,25_1477191198.jpg,1,25,,True
1-coins/25_1477191204.json,25_1477191204.json,25_1477191204,True,25_1477191204.jpg,25_1477191204.jpg,1,25,,True
1-coins/25_1477191210.json,25_1477191210.json,25_1477191210,True,25_1477191210.jpg,25_1477191210.jpg,1,25,,True
1-coins/25_1477191216.json,25_1477191216.json,25_1477191216,True,25_1477191216.jpg,25_1477191216.jpg,1,25,,True
1-coins/25_1477191222.json,25_1477191222.json,25_1477191222,True,25_1477191222.jpg,25_1477191222.jpg,1,25,,True
1-coins/25_1477191228.json,25_1477191228.json,25_1477191228,True,25_1477191228.jpg,25_1477191228.jpg,1,25,,True
1-coins/25_1477191234.json,25_1477191234.json,25_1477191234,True,25_1477191234.jpg,25_1477191234.jpg,1,25,,True
1-coins/25_1477191240.json,25_1477191240.json,25_1477191240,True,25_1477191240.jpg,25_1477191240.jpg,1,25,,True
1-coins/25_1477191246.json,25_1477191246.json,25_1477191246,True,25_1477191246.jpg,25_1477191246.jpg,1,25,,True
1-coins/25_1477191252.json,25_1477191252.json,25_1477191252,True,25_1477191252.jpg,25_1477191252.jpg,1,25,,True
1-coins/25_1477191258.json,25_1477191258.json,25_1477191258,True,25_1477191258.jpg,25_1477191258.jpg,1,25,,True
1-coins/25_1477191264.json,25_1477191264.json,25_1477191264,True,25_1477191264.jpg,25_1477191264.jpg,1,25,,True
1-coins/25_1477191282.json,25_1477191282.json,25_1477191282,True,25_1477191282.jpg,25_1477191282.jpg,1,25,,True
1-coins/25_1477191288.json,25_1477191288.json,25_1477191288,True,25_1477191288.jpg,25_1477191288.jpg,1,25,,True
1-coins/25_1477191294.json,25_1477191294.json,25_1477191294,True,25_1477191294.jpg,25_1477191294.jpg,1,25,,True
1-coins/25_1477191300.json,25_1477191300.json,25_1477191300,True,25_1477191300.jpg,25_1477191300.jpg,1,25,,True
1-coins/25_1477191306.json,25_1477191306.json,25_1477191306,True,25_1477191306.jpg,25_1477191306.jpg,1,25,,True
1-coins/25_1477191312.json,25_1477191312.json,25_1477191312,True,25_1477191312.jpg,25_1477191312.jpg,1,25,,True
1-coins/25_1477191318.json,25_1477191318.json,25_1477191318,True,25_1477191318.jpg,25_1477191318.jpg,1,25,,True
1-coins/25_1477191324.json,25_1477191324.json,25_1477191324,True,25_1477191324.jpg,25_1477191324.jpg,1,25,,True
1-coins/25_1477191330.json,25_1477191330.json,25_1477191330,True,25_1477191330.jpg,25_1477191330.jpg,1,25,,True
1-coins/25_1477191336.json,25_1477191336.json,25_1477191336,True,25_1477191336.jpg,25_1477191336.jpg,1,25,,True
1-coins/25_1477191342.json,25_1477191342.json,25_1477191342,True,25_1477191342.jpg,25_1477191342.jpg,1,25,,True
1-coins/25_1477191348.json,25_1477191348.json,25_1477191348,True,25_1477191348.jpg,25_1477191348.jpg,1,25,,True
1-coins/25_1477191354.json,25_1477191354.json,25_1477191354,True,25_1477191354.jpg,25_1477191354.jpg,1,25,,True
1-coins/25_1477191360.json,25_1477191360.json,25_1477191360,True,25_1477191360.jpg,25_1477191360.jpg,1,25,,True
1-coins/25_1477191366.json,25_1477191366.json,25_1477191366,True,25_1477191366.jpg,25_1477191366.jpg,1,25,,True
1-coins/25_1477191372.json,25_1477191372.json,25_1477191372,True,25_1477191372.jpg,25_1477191372.jpg,1,25,,True
1-coins/25_1477191378.json,25_1477191378.json,25_1477191378,True,25_1477191378.jpg,25_1477191378.jpg,1,25,,True
1-coins/25_1477191384.json,25_1477191384.json,25_1477191384,True,25_1477191384.jpg,25_1477191384.jpg,1,25,,True
1-coins/25_1477191390.json,25_1477191390.json,25_1477191390,True,25_1477191390.jpg,25_1477191390.jpg,1,25,,True
1-coins/25_1477191396.json,25_1477191396.json,25_1477191396,True,25_1477191396.jpg,25_1477191396.jpg,1,25,,True
1-coins/25_1477191402.json,25_1477191402.json,25_1477191402,True,25_1477191402.jpg,25_1477191402.jpg,1,25,,True
1-coins/25_1477191408.json,25_1477191408.json,25_1477191408,True,25_1477191408.jpg,25_1477191408.jpg,5,25|finger,,True
1-coins/25_1477191414.json,25_1477191414.json,25_1477191414,True,25_1477191414.jpg,25_1477191414.jpg,1,25,,True
1-coins/25_1477191420.json,25_1477191420.json,25_1477191420,True,25_1477191420.jpg,25_1477191420.jpg,1,25,,True
1-coins/25_1477191426.json,25_1477191426.json,25_1477191426,True,25_1477191426.jpg,25_1477191426.jpg,1,25,,True
1-coins/25_1477191432.json,25_1477191432.json,25_1477191432,True,25_1477191432.jpg,25_1477191432.jpg,1,25,,True
1-coins/25_1477191438.json,25_1477191438.json,25_1477191438,True,25_1477191438.jpg,25_1477191438.jpg,1,25,,True
1-coins/25_1477191444.json,25_1477191444.json,25_1477191444,True,25_1477191444.jpg,25_1477191444.jpg,1,25,,True
1-coins/25_1477191450.json,25_1477191450.json,25_1477191450,True,25_1477191450.jpg,25_1477191450.jpg,1,25,,True
1-coins/25_1477191456.json,25_1477191456.json,25_1477191456,True,25_1477191456.jpg,25_1477191456.jpg,1,25,,True
1-coins/25_1477191498.json,25_1477191498.json,25_1477191498,True,25_1477191498.jpg,25_1477191498.jpg,1,25,,True
1-coins/25_1477191504.json,25_1477191504.json,25_1477191504,True,25_1477191504.jpg,25_1477191504.jpg,1,25,,True
1-coins/25_1477191510.json,25_1477191510.json,25_1477191510,True,25_1477191510.jpg,25_1477191510.jpg,1,25,,True
1-coins/25_1477191516.json,25_1477191516.json,25_1477191516,True,25_1477191516.jpg,25_1477191516.jpg,1,25,,True
1-coins/25_1477191522.json,25_1477191522.json,25_1477191522,True,25_1477191522.jpg,25_1477191522.jpg,1,25,,True
1-coins/25_1477191528.json,25_1477191528.json,25_1477191528,True,25_1477191528.jpg,25_1477191528.jpg,1,25,,True
1-coins/25_1477191534.json,25_1477191534.json,25_1477191534,True,25_1477191534.jpg,25_1477191534.jpg,1,25,,True
1-coins/25_1477191540.json,25_1477191540.json,25_1477191540,True,25_1477191540.jpg,25_1477191540.jpg,1,25,,True
1-coins/25_1477191546.json,25_1477191546.json,25_1477191546,True,25_1477191546.jpg,25_1477191546.jpg,1,25,,True
1-coins/25_1477191552.json,25_1477191552.json,25_1477191552,True,25_1477191552.jpg,25_1477191552.jpg,1,25,,True
1-coins/25_1477191558.json,25_1477191558.json,25_1477191558,True,25_1477191558.jpg,25_1477191558.jpg,1,25,,True
1-coins/25_1477191564.json,25_1477191564.json,25_1477191564,True,25_1477191564.jpg,25_1477191564.jpg,1,25,,True
1-coins/25_1477191570.json,25_1477191570.json,25_1477191570,True,25_1477191570.jpg,25_1477191570.jpg,1,25,,True
1-coins/25_1477191576.json,25_1477191576.json,25_1477191576,True,25_1477191576.jpg,25_1477191576.jpg,1,25,,True
1-coins/25_1477191582.json,25_1477191582.json,25_1477191582,True,25_1477191582.jpg,25_1477191582.jpg,1,25,,True
1-coins/25_1477191588.json,25_1477191588.json,25_1477191588,True,25_1477191588.jpg,25_1477191588.jpg,1,25,,True
1-coins/25_1477191594.json,25_1477191594.json,25_1477191594,True,25_1477191594.jpg,25_1477191594.jpg,1,25,,True
1-coins/25_1477191600.json,25_1477191600.json,25_1477191600,True,25_1477191600.jpg,25_1477191600.jpg,1,25,,True
1-coins/25_1477191606.json,25_1477191606.json,25_1477191606,True,25_1477191606.jpg,25_1477191606.jpg,1,25,,True
1-coins/25_1477191612.json,25_1477191612.json,25_1477191612,True,25_1477191612.jpg,25_1477191612.jpg,1,25,,True
1-coins/25_1477191618.json,25_1477191618.json,25_1477191618,True,25_1477191618.jpg,25_1477191618.jpg,1,25,,True
1-coins/25_1477191624.json,25_1477191624.json,25_1477191624,True,25_1477191624.jpg,25_1477191624.jpg,1,25,,True
1-coins/25_1477191630.json,25_1477191630.json,25_1477191630,True,25_1477191630.jpg,25_1477191630.jpg,1,25,,True
1-coins/25_1477191636.json,25_1477191636.json,25_1477191636,True,25_1477191636.jpg,25_1477191636.jpg,1,25,,True
1-coins/25_1477191642.json,25_1477191642.json,25_1477191642,True,25_1477191642.jpg,25_1477191642.jpg,1,25,,True
1-coins/25_1477191648.json,25_1477191648.json,25_1477191648,True,25_1477191648.jpg,25_1477191648.jpg,1,25,,True
1-coins/25_1477191654.json,25_1477191654.json,25_1477191654,True,25_1477191654.jpg,25_1477191654.jpg,1,25,,True
1-coins/25_1477191660.json,25_1477191660.json,25_1477191660,True,25_1477191660.jpg,25_1477191660.jpg,1,25,,True
1-coins/25_1477191666.json,25_1477191666.json,25_1477191666,True,25_1477191666.jpg,25_1477191666.jpg,1,25,,True
1-coins/25_1477191672.json,25_1477191672.json,25_1477191672,True,25_1477191672.jpg,25_1477191672.jpg,1,25,,True
1-coins/25_1477191678.json,25_1477191678.json,25_1477191678,True,25_1477191678.jpg,25_1477191678.jpg,1,25,,True
1-coins/25_1477191696.json,25_1477191696.json,25_1477191696,True,25_1477191696.jpg,25_1477191696.jpg,1,25,,True
1-coins/25_1477191702.json,25_1477191702.json,25_1477191702,True,25_1477191702.jpg,25_1477191702.jpg,1,25,,True
1-coins/25_1477191708.json,25_1477191708.json,25_1477191708,True,25_1477191708.jpg,25_1477191708.jpg,1,25,,True
1-coins/25_1477191714.json,25_1477191714.json,25_1477191714,True,25_1477191714.jpg,25_1477191714.jpg,1,25,,True
1-coins/25_1477191720.json,25_1477191720.json,25_1477191720,True,25_1477191720.jpg,25_1477191720.jpg,1,25,,True
1-coins/25_1477191726.json,25_1477191726.json,25_1477191726,True,25_1477191726.jpg,25_1477191726.jpg,1,25,,True
1-coins/25_1477191732.json,25_1477191732.json,25_1477191732,True,25_1477191732.jpg,25_1477191732.jpg,1,25,,True
1-coins/25_1477191738.json,25_1477191738.json,25_1477191738,True,25_1477191738.jpg,25_1477191738.jpg,1,25,,True
1-coins/25_1477191744.json,25_1477191744.json,25_1477191744,True,25_1477191744.jpg,25_1477191744.jpg,1,25,,True
1-coins/25_1477191750.json,25_1477191750.json,25_1477191750,True,25_1477191750.jpg,25_1477191750.jpg,1,25,,True
1-coins/25_1477191756.json,25_1477191756.json,25_1477191756,True,25_1477191756.jpg,25_1477191756.jpg,4,25|finger,,True
1-coins/25_1477191762.json,25_1477191762.json,25_1477191762,True,25_1477191762.jpg,25_1477191762.jpg,1,25,,True
1-coins/25_1477191768.json,25_1477191768.json,25_1477191768,True,25_1477191768.jpg,25_1477191768.jpg,1,25,,True
1-coins/25_1477191774.json,25_1477191774.json,25_1477191774,True,25_1477191774.jpg,25_1477191774.jpg,2,25|finger,,True
1-coins/25_1477191780.json,25_1477191780.json,25_1477191780,True,25_1477191780.jpg,25_1477191780.jpg,1,25,,True
1-coins/25_1477191786.json,25_1477191786.json,25_1477191786,True,25_1477191786.jpg,25_1477191786.jpg,1,25,,True
1-coins/25_1477191792.json,25_1477191792.json,25_1477191792,True,25_1477191792.jpg,25_1477191792.jpg,1,25,,True
1-coins/25_1477191798.json,25_1477191798.json,25_1477191798,True,25_1477191798.jpg,25_1477191798.jpg,1,25,,True
1-coins/25_1477191804.json,25_1477191804.json,25_1477191804,True,25_1477191804.jpg,25_1477191804.jpg,1,25,,True
1-coins/25_1477191810.json,25_1477191810.json,25_1477191810,True,25_1477191810.jpg,25_1477191810.jpg,1,25,,True
1-coins/25_1477191816.json,25_1477191816.json,25_1477191816,True,25_1477191816.jpg,25_1477191816.jpg,1,25,,True
1-coins/25_1477191822.json,25_1477191822.json,25_1477191822,True,25_1477191822.jpg,25_1477191822.jpg,1,25,,True
1-coins/25_1477191828.json,25_1477191828.json,25_1477191828,True,25_1477191828.jpg,25_1477191828.jpg,1,25,,True
1-coins/25_1477191834.json,25_1477191834.json,25_1477191834,True,25_1477191834.jpg,25_1477191834.jpg,4,25|finger,,True
1-coins/25_1477191840.json,25_1477191840.json,25_1477191840,True,25_1477191840.jpg,25_1477191840.jpg,1,25,,True
1-coins/25_1477191846.json,25_1477191846.json,25_1477191846,True,25_1477191846.jpg,25_1477191846.jpg,1,25,,True
1-coins/25_1477191852.json,25_1477191852.json,25_1477191852,True,25_1477191852.jpg,25_1477191852.jpg,1,25,,True
1-coins/25_1477191858.json,25_1477191858.json,25_1477191858,True,25_1477191858.jpg,25_1477191858.jpg,1,25,,True
1-coins/25_1477191864.json,25_1477191864.json,25_1477191864,True,25_1477191864.jpg,25_1477191864.jpg,1,25,,True
1-coins/25_1477191870.json,25_1477191870.json,25_1477191870,True,25_1477191870.jpg,25_1477191870.jpg,1,25,,True
1-coins/25_1477191924.json,25_1477191924.json,25_1477191924,True,25_1477191924.jpg,25_1477191924.jpg,1,25,,True
1-coins/25_1477191930.json,25_1477191930.json,25_1477191930,True,25_1477191930.jpg,25_1477191930.jpg,1,25,,True
1-coins/25_1477191936.json,25_1477191936.json,25_1477191936,True,25_1477191936.jpg,25_1477191936.jpg,1,25,,True
1-coins/25_1477191942.json,25_1477191942.json,25_1477191942,True,25_1477191942.jpg,25_1477191942.jpg,1,25,,True
1-coins/25_1477191948.json,25_1477191948.json,25_1477191948,True,25_1477191948.jpg,25_1477191948.jpg,1,25,,True
1-coins/25_1477191954.json,25_1477191954.json,25_1477191954,True,25_1477191954.jpg,25_1477191954.jpg,1,25,,True
1-coins/25_1477191960.json,25_1477191960.json,25_1477191960,True,25_1477191960.jpg,25_1477191960.jpg,1,25,,True
1-coins/25_1477191966.json,25_1477191966.json,25_1477191966,True,25_1477191966.jpg,25_1477191966.jpg,1,25,,True
1-coins/25_1477191972.json,25_1477191972.json,25_1477191972,True,25_1477191972.jpg,25_1477191972.jpg,1,25,,True
1-coins/25_1477191978.json,25_1477191978.json,25_1477191978,True,25_1477191978.jpg,25_1477191978.jpg,1,25,,True
1-coins/25_1477191984.json,25_1477191984.json,25_1477191984,True,25_1477191984.jpg,25_1477191984.jpg,1,25,,True
1-coins/25_1477191990.json,25_1477191990.json,25_1477191990,True,25_1477191990.jpg,25_1477191990.jpg,1,25,,True
1-coins/25_1477191996.json,25_1477191996.json,25_1477191996,True,25_1477191996.jpg,25_1477191996.jpg,1,25,,True
1-coins/25_1477192002.json,25_1477192002.json,25_1477192002,True,25_1477192002.jpg,25_1477192002.jpg,1,25,,True
1-coins/25_1477192008.json,25_1477192008.json,25_1477192008,True,25_1477192008.jpg,25_1477192008.jpg,1,25,,True
1-coins/25_1477192014.json,25_1477192014.json,25_1477192014,True,25_1477192014.jpg,25_1477192014.jpg,1,25,,True
1-coins/25_1477192020.json,25_1477192020.json,25_1477192020,True,25_1477192020.jpg,25_1477192020.jpg,1,25,,True
1-coins/25_1477192026.json,25_1477192026.json,25_1477192026,True,25_1477192026.jpg,25_1477192026.jpg,1,25,,True
1-coins/25_1477192032.json,25_1477192032.json,25_1477192032,True,25_1477192032.jpg,25_1477192032.jpg,1,25,,True
1-coins/25_1477192038.json,25_1477192038.json,25_1477192038,True,25_1477192038.jpg,25_1477192038.jpg,1,25,,True
1-coins/25_1477192044.json,25_1477192044.json,25_1477192044,True,25_1477192044.jpg,25_1477192044.jpg,1,25,,True
1-coins/25_1477192050.json,25_1477192050.json,25_1477192050,True,25_1477192050.jpg,25_1477192050.jpg,1,25,,True
1-coins/25_1477192056.json,25_1477192056.json,25_1477192056,True,25_1477192056.jpg,25_1477192056.jpg,1,25,,True
1-coins/25_1477192062.json,25_1477192062.json,25_1477192062,True,25_1477192062.jpg,25_1477192062.jpg,1,25,,True
1-coins/25_1477192068.json,25_1477192068.json,25_1477192068,True,25_1477192068.jpg,25_1477192068.jpg,1,25,,True
1-coins/25_1477192074.json,25_1477192074.json,25_1477192074,True,25_1477192074.jpg,25_1477192074.jpg,1,25,,True
1-coins/25_1477192080.json,25_1477192080.json,25_1477192080,True,25_1477192080.jpg,25_1477192080.jpg,1,25,,True
1-coins/25_1477192086.json,25_1477192086.json,25_1477192086,True,25_1477192086.jpg,25_1477192086.jpg,1,25,,True
1-coins/25_1477192092.json,25_1477192092.json,25_1477192092,True,25_1477192092.jpg,25_1477192092.jpg,1,25,,True
1-coins/25_1477192098.json,25_1477192098.json,25_1477192098,True,25_1477192098.jpg,25_1477192098.jpg,1,25,,True
1-coins/25_1477192128.json,25_1477192128.json,25_1477192128,True,25_1477192128.jpg,25_1477192128.jpg,1,25,,True
1-coins/25_1477192134.json,25_1477192134.json,25_1477192134,True,25_1477192134.jpg,25_1477192134.jpg,1,25,,True
1-coins/25_1477192140.json,25_1477192140.json,25_1477192140,True,25_1477192140.jpg,25_1477192140.jpg,1,25,,True
1-coins/25_1477192146.json,25_1477192146.json,25_1477192146,True,25_1477192146.jpg,25_1477192146.jpg,1,25,,True
1-coins/25_1477192152.json,25_1477192152.json,25_1477192152,True,25_1477192152.jpg,25_1477192152.jpg,1,25,,True
1-coins/25_1477192158.json,25_1477192158.json,25_1477192158,True,25_1477192158.jpg,25_1477192158.jpg,1,25,,True
1-coins/25_1477192164.json,25_1477192164.json,25_1477192164,True,25_1477192164.jpg,25_1477192164.jpg,1,25,,True
1-coins/25_1477192170.json,25_1477192170.json,25_1477192170,True,25_1477192170.jpg,25_1477192170.jpg,1,25,,True
1-coins/25_1477192176.json,25_1477192176.json,25_1477192176,True,25_1477192176.jpg,25_1477192176.jpg,1,25,,True
1-coins/25_1477192182.json,25_1477192182.json,25_1477192182,True,25_1477192182.jpg,25_1477192182.jpg,1,25,,True
1-coins/25_1477192188.json,25_1477192188.json,25_1477192188,True,25_1477192188.jpg,25_1477192188.jpg,1,25,,True
1-coins/25_1477192194.json,25_1477192194.json,25_1477192194,True,25_1477192194.jpg,25_1477192194.jpg,1,25,,True
1-coins/25_1477192200.json,25_1477192200.json,25_1477192200,True,25_1477192200.jpg,25_1477192200.jpg,1,25,,True
1-coins/25_1477192206.json,25_1477192206.json,25_1477192206,True,25_1477192206.jpg,25_1477192206.jpg,1,25,,True
1-coins/25_1477192212.json,25_1477192212.json,25_1477192212,True,25_1477192212.jpg,25_1477192212.jpg,1,25,,True
1-coins/25_1477192218.json,25_1477192218.json,25_1477192218,True,25_1477192218.jpg,25_1477192218.jpg,1,25,,True
1-coins/25_1477192224.json,25_1477192224.json,25_1477192224,True,25_1477192224.jpg,25_1477192224.jpg,1,25,,True
1-coins/25_1477192230.json,25_1477192230.json,25_1477192230,True,25_1477192230.jpg,25_1477192230.jpg,1,25,,True
1-coins/25_1477192236.json,25_1477192236.json,25_1477192236,True,25_1477192236.jpg,25_1477192236.jpg,1,25,,True
1-coins/25_1477192242.json,25_1477192242.json,25_1477192242,True,25_1477192242.jpg,25_1477192242.jpg,1,25,,True
1-coins/25_1477192248.json,25_1477192248.json,25_1477192248,True,25_1477192248.jpg,25_1477192248.jpg,1,25,,True
1-coins/25_1477192254.json,25_1477192254.json,25_1477192254,True,25_1477192254.jpg,25_1477192254.jpg,1,25,,True
1-coins/25_1477192260.json,25_1477192260.json,25_1477192260,True,25_1477192260.jpg,25_1477192260.jpg,1,25,,True
1-coins/25_1477192266.json,25_1477192266.json,25_1477192266,True,25_1477192266.jpg,25_1477192266.jpg,1,25,,True
1-coins/25_1477192272.json,25_1477192272.json,25_1477192272,True,25_1477192272.jpg,25_1477192272.jpg,1,25,,True
1-coins/25_1477192278.json,25_1477192278.json,25_1477192278,True,25_1477192278.jpg,25_1477192278.jpg,1,25,,True
1-coins/25_1477192284.json,25_1477192284.json,25_1477192284,True,25_1477192284.jpg,25_1477192284.jpg,1,25,,True
1-coins/25_1477192290.json,25_1477192290.json,25_1477192290,True,25_1477192290.jpg,25_1477192290.jpg,1,25,,True
1-coins/25_1477192296.json,25_1477192296.json,25_1477192296,True,25_1477192296.jpg,25_1477192296.jpg,1,25,,True
1-coins/25_1477192302.json,25_1477192302.json,25_1477192302,True,25_1477192302.jpg,25_1477192302.jpg,1,25,,True
1-coins/25_1477285122.json,25_1477285122.json,25_1477285122,True,25_1477285122.jpg,25_1477285122.jpg,1,25,,True
1-coins/25_1477285128.json,25_1477285128.json,25_1477285128,True,25_1477285128.jpg,25_1477285128.jpg,1,25,,True
1-coins/25_1477285134.json,25_1477285134.json,25_1477285134,True,25_1477285134.jpg,25_1477285134.jpg,1,25,,True
1-coins/25_1477285140.json,25_1477285140.json,25_1477285140,True,25_1477285140.jpg,25_1477285140.jpg,1,25,,True
1-coins/25_1477285146.json,25_1477285146.json,25_1477285146,True,25_1477285146.jpg,25_1477285146.jpg,1,25,,True
1-coins/25_1477285152.json,25_1477285152.json,25_1477285152,True,25_1477285152.jpg,25_1477285152.jpg,1,25,,True
1-coins/25_1477285158.json,25_1477285158.json,25_1477285158,True,25_1477285158.jpg,25_1477285158.jpg,1,25,,True
1-coins/25_1477285164.json,25_1477285164.json,25_1477285164,True,25_1477285164.jpg,25_1477285164.jpg,1,25,,True
1-coins/25_1477285170.json,25_1477285170.json,25_1477285170,True,25_1477285170.jpg,25_1477285170.jpg,1,25,,True
1-coins/25_1477285176.json,25_1477285176.json,25_1477285176,True,25_1477285176.jpg,25_1477285176.jpg,1,25,,True
1-coins/25_1477285182.json,25_1477285182.json,25_1477285182,True,25_1477285182.jpg,25_1477285182.jpg,1,25,,True
1-coins/25_1477285188.json,25_1477285188.json,25_1477285188,True,25_1477285188.jpg,25_1477285188.jpg,1,25,,True
1-coins/25_1477285194.json,25_1477285194.json,25_1477285194,True,25_1477285194.jpg,25_1477285194.jpg,1,25,,True
1-coins/25_1477285200.json,25_1477285200.json,25_1477285200,True,25_1477285200.jpg,25_1477285200.jpg,1,25,,True
1-coins/25_1477285206.json,25_1477285206.json,25_1477285206,True,25_1477285206.jpg,25_1477285206.jpg,1,25,,True
1-coins/25_1477285212.json,25_1477285212.json,25_1477285212,True,25_1477285212.jpg,25_1477285212.jpg,1,25,,True
1-coins/25_1477285218.json,25_1477285218.json,25_1477285218,True,25_1477285218.jpg,25_1477285218.jpg,1,25,,True
1-coins/25_1477285224.json,25_1477285224.json,25_1477285224,True,25_1477285224.jpg,25_1477285224.jpg,1,25,,True
1-coins/25_1477285230.json,25_1477285230.json,25_1477285230,True,25_1477285230.jpg,25_1477285230.jpg,1,25,,True
1-coins/25_1477285236.json,25_1477285236.json,25_1477285236,True,25_1477285236.jpg,25_1477285236.jpg,1,25,,True
1-coins/25_1477285242.json,25_1477285242.json,25_1477285242,True,25_1477285242.jpg,25_1477285242.jpg,1,25,,True
1-coins/25_1477285248.json,25_1477285248.json,25_1477285248,True,25_1477285248.jpg,25_1477285248.jpg,1,25,,True
1-coins/25_1477285254.json,25_1477285254.json,25_1477285254,True,25_1477285254.jpg,25_1477285254.jpg,1,25,,True
1-coins/25_1477285260.json,25_1477285260.json,25_1477285260,True,25_1477285260.jpg,25_1477285260.jpg,1,25,,True
1-coins/25_1477285266.json,25_1477285266.json,25_1477285266,True,25_1477285266.jpg,25_1477285266.jpg,1,25,,True
1-coins/25_1477285272.json,25_1477285272.json,25_1477285272,True,25_1477285272.jpg,25_1477285272.jpg,1,25,,True
1-coins/25_1477285278.json,25_1477285278.json,25_1477285278,True,25_1477285278.jpg,25_1477285278.jpg,1,25,,True
1-coins/25_1477285284.json,25_1477285284.json,25_1477285284,True,25_1477285284.jpg,25_1477285284.jpg,1,25,,True
1-coins/25_1477285290.json,25_1477285290.json,25_1477285290,True,25_1477285290.jpg,25_1477285290.jpg,1,25,,True
1-coins/25_1477285296.json,25_1477285296.json,25_1477285296,True,25_1477285296.jpg,25_1477285296.jpg,1,25,,True
1-coins/25_1477285302.json,25_1477285302.json,25_1477285302,True,25_1477285302.jpg,25_1477285302.jpg,1,25,,True
1-coins/25_1477285380.json,25_1477285380.json,25_1477285380,True,25_1477285380.jpg,25_1477285380.jpg,1,25,,True
1-coins/25_1477285386.json,25_1477285386.json,25_1477285386,True,25_1477285386.jpg,25_1477285386.jpg,1,25,,True
1-coins/25_1477285392.json,25_1477285392.json,25_1477285392,True,25_1477285392.jpg,25_1477285392.jpg,1,25,,True
1-coins/25_1477285398.json,25_1477285398.json,25_1477285398,True,25_1477285398.jpg,25_1477285398.jpg,1,25,,True
1-coins/25_1477285404.json,25_1477285404.json,25_1477285404,True,25_1477285404.jpg,25_1477285404.jpg,1,25,,True
1-coins/25_1477285410.json,25_1477285410.json,25_1477285410,True,25_1477285410.jpg,25_1477285410.jpg,1,25,,True
1-coins/25_1477285416.json,25_1477285416.json,25_1477285416,True,25_1477285416.jpg,25_1477285416.jpg,1,25,,True
1-coins/25_1477285422.json,25_1477285422.json,25_1477285422,True,25_1477285422.jpg,25_1477285422.jpg,1,25,,True
1-coins/25_1477285428.json,25_1477285428.json,25_1477285428,True,25_1477285428.jpg,25_1477285428.jpg,1,25,,True
1-coins/25_1477285434.json,25_1477285434.json,25_1477285434,True,25_1477285434.jpg,25_1477285434.jpg,1,25,,True
1-coins/25_1477285440.json,25_1477285440.json,25_1477285440,True,25_1477285440.jpg,25_1477285440.jpg,1,25,,True
1-coins/25_1477285446.json,25_1477285446.json,25_1477285446,True,25_1477285446.jpg,25_1477285446.jpg,1,25,,True
1-coins/25_1477285452.json,25_1477285452.json,25_1477285452,True,25_1477285452.jpg,25_1477285452.jpg,1,25,,True
1-coins/25_1477285458.json,25_1477285458.json,25_1477285458,True,25_1477285458.jpg,25_1477285458.jpg,1,25,,True
1-coins/25_1477285464.json,25_1477285464.json,25_1477285464,True,25_1477285464.jpg,25_1477285464.jpg,1,25,,True
1-coins/25_1477285470.json,25_1477285470.json,25_1477285470,True,25_1477285470.jpg,25_1477285470.jpg,1,25,,True
1-coins/25_1477285476.json,25_1477285476.json,25_1477285476,True,25_1477285476.jpg,25_1477285476.jpg,1,25,,True
1-coins/25_1477285482.json,25_1477285482.json,25_1477285482,True,25_1477285482.jpg,25_1477285482.jpg,1,25,,True
1-coins/25_1477285488.json,25_1477285488.json,25_1477285488,True,25_1477285488.jpg,25_1477285488.jpg,1,25,,True
1-coins/25_1477285494.json,25_1477285494.json,25_1477285494,True,25_1477285494.jpg,25_1477285494.jpg,1,25,,True
1-coins/25_1477285500.json,25_1477285500.json,25_1477285500,True,25_1477285500.jpg,25_1477285500.jpg,1,25,,True
1-coins/25_1477285506.json,25_1477285506.json,25_1477285506,True,25_1477285506.jpg,25_1477285506.jpg,1,25,,True
1-coins/25_1477285512.json,25_1477285512.json,25_1477285512,True,25_1477285512.jpg,25_1477285512.jpg,1,25,,True
1-coins/25_1477285518.json,25_1477285518.json,25_1477285518,True,25_1477285518.jpg,25_1477285518.jpg,1,25,,True
1-coins/25_1477285524.json,25_1477285524.json,25_1477285524,True,25_1477285524.jpg,25_1477285524.jpg,1,25,,True
1-coins/25_1477285530.json,25_1477285530.json,25_1477285530,True,25_1477285530.jpg,25_1477285530.jpg,1,25,,True
1-coins/25_1477285536.json,25_1477285536.json,25_1477285536,True,25_1477285536.jpg,25_1477285536.jpg,1,25,,True
1-coins/25_1477285542.json,25_1477285542.json,25_1477285542,True,25_1477285542.jpg,25_1477285542.jpg,1,25,,True
1-coins/25_1477285548.json,25_1477285548.json,25_1477285548,True,25_1477285548.jpg,25_1477285548.jpg,1,25,,True
1-coins/25_1477285554.json,25_1477285554.json,25_1477285554,True,25_1477285554.jpg,25_1477285554.jpg,1,25,,True
1-coins/25_1477285566.json,25_1477285566.json,25_1477285566,True,25_1477285566.jpg,25_1477285566.jpg,1,25,,True
1-coins/25_1477285572.json,25_1477285572.json,25_1477285572,True,25_1477285572.jpg,25_1477285572.jpg,1,25,,True
1-coins/25_1477285578.json,25_1477285578.json,25_1477285578,True,25_1477285578.jpg,25_1477285578.jpg,1,25,,True
1-coins/25_1477285584.json,25_1477285584.json,25_1477285584,True,25_1477285584.jpg,25_1477285584.jpg,1,25,,True
1-coins/25_1477285590.json,25_1477285590.json,25_1477285590,True,25_1477285590.jpg,25_1477285590.jpg,1,25,,True
1-coins/25_1477285596.json,25_1477285596.json,25_1477285596,True,25_1477285596.jpg,25_1477285596.jpg,1,25,,True
1-coins/25_1477285602.json,25_1477285602.json,25_1477285602,True,25_1477285602.jpg,25_1477285602.jpg,1,25,,True
1-coins/25_1477285608.json,25_1477285608.json,25_1477285608,True,25_1477285608.jpg,25_1477285608.jpg,1,25,,True
1-coins/25_1477285614.json,25_1477285614.json,25_1477285614,True,25_1477285614.jpg,25_1477285614.jpg,1,25,,True
1-coins/25_1477285620.json,25_1477285620.json,25_1477285620,True,25_1477285620.jpg,25_1477285620.jpg,1,25,,True
1-coins/25_1477285626.json,25_1477285626.json,25_1477285626,True,25_1477285626.jpg,25_1477285626.jpg,1,25,,True
1-coins/25_1477285632.json,25_1477285632.json,25_1477285632,True,25_1477285632.jpg,25_1477285632.jpg,1,25,,True
1-coins/25_1477285638.json,25_1477285638.json,25_1477285638,True,25_1477285638.jpg,25_1477285638.jpg,1,25,,True
1-coins/25_1477285644.json,25_1477285644.json,25_1477285644,True,25_1477285644.jpg,25_1477285644.jpg,1,25,,True
1-coins/25_1477285650.json,25_1477285650.json,25_1477285650,True,25_1477285650.jpg,25_1477285650.jpg,1,25,,True
1-coins/25_1477285656.json,25_1477285656.json,25_1477285656,True,25_1477285656.jpg,25_1477285656.jpg,1,25,,True
1-coins/25_1477285662.json,25_1477285662.json,25_1477285662,True,25_1477285662.jpg,25_1477285662.jpg,1,25,,True
1-coins/25_1477285668.json,25_1477285668.json,25_1477285668,True,25_1477285668.jpg,25_1477285668.jpg,1,25,,True
1-coins/25_1477285674.json,25_1477285674.json,25_1477285674,True,25_1477285674.jpg,25_1477285674.jpg,1,25,,True
1-coins/25_1477285680.json,25_1477285680.json,25_1477285680,True,25_1477285680.jpg,25_1477285680.jpg,1,25,,True
1-coins/25_1477285686.json,25_1477285686.json,25_1477285686,True,25_1477285686.jpg,25_1477285686.jpg,1,25,,True
1-coins/25_1477285692.json,25_1477285692.json,25_1477285692,True,25_1477285692.jpg,25_1477285692.jpg,1,25,,True
1-coins/25_1477285698.json,25_1477285698.json,25_1477285698,True,25_1477285698.jpg,25_1477285698.jpg,1,25,,True
1-coins/25_1477285704.json,25_1477285704.json,25_1477285704,True,25_1477285704.jpg,25_1477285704.jpg,1,25,,True
1-coins/25_1477285710.json,25_1477285710.json,25_1477285710,True,25_1477285710.jpg,25_1477285710.jpg,1,25,,True
1-coins/25_1477285716.json,25_1477285716.json,25_1477285716,True,25_1477285716.jpg,25_1477285716.jpg,1,25,,True
1-coins/25_1477285722.json,25_1477285722.json,25_1477285722,True,25_1477285722.jpg,25_1477285722.jpg,1,25,,True
1-coins/25_1477285728.json,25_1477285728.json,25_1477285728,True,25_1477285728.jpg,25_1477285728.jpg,1,25,,True
1-coins/25_1477285734.json,25_1477285734.json,25_1477285734,True,25_1477285734.jpg,25_1477285734.jpg,1,25,,True
1-coins/25_1477285740.json,25_1477285740.json,25_1477285740,True,25_1477285740.jpg,25_1477285740.jpg,1,25,,True
1-coins/25_1477285752.json,25_1477285752.json,25_1477285752,True,25_1477285752.jpg,25_1477285752.jpg,1,25,,True
1-coins/25_1477285758.json,25_1477285758.json,25_1477285758,True,25_1477285758.jpg,25_1477285758.jpg,1,25,,True
1-coins/25_1477285764.json,25_1477285764.json,25_1477285764,True,25_1477285764.jpg,25_1477285764.jpg,1,25,,True
1-coins/25_1477285770.json,25_1477285770.json,25_1477285770,True,25_1477285770.jpg,25_1477285770.jpg,1,25,,True
1-coins/25_1477285776.json,25_1477285776.json,25_1477285776,True,25_1477285776.jpg,25_1477285776.jpg,1,25,,True
1-coins/25_1477285782.json,25_1477285782.json,25_1477285782,True,25_1477285782.jpg,25_1477285782.jpg,1,25,,True
1-coins/25_1477285788.json,25_1477285788.json,25_1477285788,True,25_1477285788.jpg,25_1477285788.jpg,1,25,,True
1-coins/25_1477285794.json,25_1477285794.json,25_1477285794,True,25_1477285794.jpg,25_1477285794.jpg,1,25,,True
1-coins/25_1477285800.json,25_1477285800.json,25_1477285800,True,25_1477285800.jpg,25_1477285800.jpg,1,25,,True
1-coins/25_1477285806.json,25_1477285806.json,25_1477285806,True,25_1477285806.jpg,25_1477285806.jpg,1,25,,True
1-coins/25_1477285812.json,25_1477285812.json,25_1477285812,True,25_1477285812.jpg,25_1477285812.jpg,1,25,,True
1-coins/25_1477285818.json,25_1477285818.json,25_1477285818,True,25_1477285818.jpg,25_1477285818.jpg,1,25,,True
1-coins/25_1477285824.json,25_1477285824.json,25_1477285824,True,25_1477285824.jpg,25_1477285824.jpg,1,25,,True
1-coins/25_1477285830.json,25_1477285830.json,25_1477285830,True,25_1477285830.jpg,25_1477285830.jpg,1,25,,True
1-coins/25_1477285836.json,25_1477285836.json,25_1477285836,True,25_1477285836.jpg,25_1477285836.jpg,3,25|finger,,True
1-coins/25_1477285842.json,25_1477285842.json,25_1477285842,True,25_1477285842.jpg,25_1477285842.jpg,1,25,,True
1-coins/25_1477285848.json,25_1477285848.json,25_1477285848,True,25_1477285848.jpg,25_1477285848.jpg,1,25,,True
1-coins/25_1477285854.json,25_1477285854.json,25_1477285854,True,25_1477285854.jpg,25_1477285854.jpg,1,25,,True
1-coins/25_1477285860.json,25_1477285860.json,25_1477285860,True,25_1477285860.jpg,25_1477285860.jpg,1,25,,True
1-coins/25_1477285866.json,25_1477285866.json,25_1477285866,True,25_1477285866.jpg,25_1477285866.jpg,1,25,,True
1-coins/25_1477285872.json,25_1477285872.json,25_1477285872,True,25_1477285872.jpg,25_1477285872.jpg,1,25,,True
1-coins/25_1477285878.json,25_1477285878.json,25_1477285878,True,25_1477285878.jpg,25_1477285878.jpg,1,25,,True
1-coins/25_1477285884.json,25_1477285884.json,25_1477285884,True,25_1477285884.jpg,25_1477285884.jpg,1,25,,True
1-coins/25_1477285890.json,25_1477285890.json,25_1477285890,True,25_1477285890.jpg,25_1477285890.jpg,1,25,,True
1-coins/25_1477285896.json,25_1477285896.json,25_1477285896,True,25_1477285896.jpg,25_1477285896.jpg,1,25,,True
1-coins/25_1477285902.json,25_1477285902.json,25_1477285902,True,25_1477285902.jpg,25_1477285902.jpg,1,25,,True
1-coins/25_1477285908.json,25_1477285908.json,25_1477285908,True,25_1477285908.jpg,25_1477285908.jpg,1,25,,True
1-coins/25_1477285914.json,25_1477285914.json,25_1477285914,True,25_1477285914.jpg,25_1477285914.jpg,1,25,,True
1-coins/25_1477285920.json,25_1477285920.json,25_1477285920,True,25_1477285920.jpg,25_1477285920.jpg,1,25,,True
1-coins/25_1477285926.json,25_1477285926.json,25_1477285926,True,25_1477285926.jpg,25_1477285926.jpg,1,25,,True
1-coins/25_1477285932.json,25_1477285932.json,25_1477285932,True,25_1477285932.jpg,25_1477285932.jpg,1,25,,True
1-coins/25_1477285950.json,25_1477285950.json,25_1477285950,True,25_1477285950.jpg,25_1477285950.jpg,1,25,,True
1-coins/25_1477285956.json,25_1477285956.json,25_1477285956,True,25_1477285956.jpg,25_1477285956.jpg,1,25,,True
1-coins/25_1477285962.json,25_1477285962.json,25_1477285962,True,25_1477285962.jpg,25_1477285962.jpg,1,25,,True
1-coins/25_1477285968.json,25_1477285968.json,25_1477285968,True,25_1477285968.jpg,25_1477285968.jpg,1,25,,True
1-coins/25_1477285974.json,25_1477285974.json,25_1477285974,True,25_1477285974.jpg,25_1477285974.jpg,1,25,,True
1-coins/25_1477285980.json,25_1477285980.json,25_1477285980,True,25_1477285980.jpg,25_1477285980.jpg,1,25,,True
1-coins/25_1477285986.json,25_1477285986.json,25_1477285986,True,25_1477285986.jpg,25_1477285986.jpg,1,25,,True
1-coins/25_1477285992.json,25_1477285992.json,25_1477285992,True,25_1477285992.jpg,25_1477285992.jpg,1,25,,True
1-coins/25_1477285998.json,25_1477285998.json,25_1477285998,True,25_1477285998.jpg,25_1477285998.jpg,1,25,,True
1-coins/25_1477286004.json,25_1477286004.json,25_1477286004,True,25_1477286004.jpg,25_1477286004.jpg,1,25,,True
1-coins/25_1477286010.json,25_1477286010.json,25_1477286010,True,25_1477286010.jpg,25_1477286010.jpg,1,25,,True
1-coins/25_1477286016.json,25_1477286016.json,25_1477286016,True,25_1477286016.jpg,25_1477286016.jpg,1,25,,True
1-coins/25_1477286022.json,25_1477286022.json,25_1477286022,True,25_1477286022.jpg,25_1477286022.jpg,1,25,,True
1-coins/25_1477286028.json,25_1477286028.json,25_1477286028,True,25_1477286028.jpg,25_1477286028.jpg,1,25,,True
1-coins/25_1477286034.json,25_1477286034.json,25_1477286034,True,25_1477286034.jpg,25_1477286034.jpg,1,25,,True
1-coins/25_1477286040.json,25_1477286040.json,25_1477286040,True,25_1477286040.jpg,25_1477286040.jpg,1,25,,True
1-coins/25_1477286046.json,25_1477286046.json,25_1477286046,True,25_1477286046.jpg,25_1477286046.jpg,1,25,,True
1-coins/25_1477286052.json,25_1477286052.json,25_1477286052,True,25_1477286052.jpg,25_1477286052.jpg,1,25,,True
1-coins/25_1477286058.json,25_1477286058.json,25_1477286058,True,25_1477286058.jpg,25_1477286058.jpg,1,25,,True
1-coins/25_1477286064.json,25_1477286064.json,25_1477286064,True,25_1477286064.jpg,25_1477286064.jpg,1,25,,True
1-coins/25_1477286070.json,25_1477286070.json,25_1477286070,True,25_1477286070.jpg,25_1477286070.jpg,1,25,,True
1-coins/25_1477286076.json,25_1477286076.json,25_1477286076,True,25_1477286076.jpg,25_1477286076.jpg,1,25,,True
1-coins/25_1477286082.json,25_1477286082.json,25_1477286082,True,25_1477286082.jpg,25_1477286082.jpg,1,25,,True
1-coins/25_1477286088.json,25_1477286088.json,25_1477286088,True,25_1477286088.jpg,25_1477286088.jpg,1,25,,True
1-coins/25_1477286094.json,25_1477286094.json,25_1477286094,True,25_1477286094.jpg,25_1477286094.jpg,1,25,,True
1-coins/25_1477286100.json,25_1477286100.json,25_1477286100,True,25_1477286100.jpg,25_1477286100.jpg,1,25,,True
1-coins/25_1477286106.json,25_1477286106.json,25_1477286106,True,25_1477286106.jpg,25_1477286106.jpg,1,25,,True
1-coins/25_1477286112.json,25_1477286112.json,25_1477286112,True,25_1477286112.jpg,25_1477286112.jpg,1,25,,True
1-coins/25_1477286118.json,25_1477286118.json,25_1477286118,True,25_1477286118.jpg,25_1477286118.jpg,1,25,,True
1-coins/25_1477286124.json,25_1477286124.json,25_1477286124,True,25_1477286124.jpg,25_1477286124.jpg,1,25,,True
1-coins/25_1477286148.json,25_1477286148.json,25_1477286148,True,25_1477286148.jpg,25_1477286148.jpg,1,25,,True
1-coins/25_1477286154.json,25_1477286154.json,25_1477286154,True,25_1477286154.jpg,25_1477286154.jpg,1,25,,True
1-coins/25_1477286160.json,25_1477286160.json,25_1477286160,True,25_1477286160.jpg,25_1477286160.jpg,1,25,,True
1-coins/25_1477286166.json,25_1477286166.json,25_1477286166,True,25_1477286166.jpg,25_1477286166.jpg,1,25,,True
1-coins/25_1477286172.json,25_1477286172.json,25_1477286172,True,25_1477286172.jpg,25_1477286172.jpg,1,25,,True
1-coins/25_1477286178.json,25_1477286178.json,25_1477286178,True,25_1477286178.jpg,25_1477286178.jpg,1,25,,True
1-coins/25_1477286184.json,25_1477286184.json,25_1477286184,True,25_1477286184.jpg,25_1477286184.jpg,1,25,,True
1-coins/25_1477286190.json,25_1477286190.json,25_1477286190,True,25_1477286190.jpg,25_1477286190.jpg,1,25,,True
1-coins/25_1477286196.json,25_1477286196.json,25_1477286196,True,25_1477286196.jpg,25_1477286196.jpg,1,25,,True
1-coins/25_1477286202.json,25_1477286202.json,25_1477286202,True,25_1477286202.jpg,25_1477286202.jpg,1,25,,True
1-coins/25_1477286208.json,25_1477286208.json,25_1477286208,True,25_1477286208.jpg,25_1477286208.jpg,1,25,,True
1-coins/25_1477286214.json,25_1477286214.json,25_1477286214,True,25_1477286214.jpg,25_1477286214.jpg,1,25,,True
1-coins/25_1477286220.json,25_1477286220.json,25_1477286220,True,25_1477286220.jpg,25_1477286220.jpg,1,25,,True
1-coins/25_1477286226.json,25_1477286226.json,25_1477286226,True,25_1477286226.jpg,25_1477286226.jpg,1,25,,True
1-coins/25_1477286232.json,25_1477286232.json,25_1477286232,True,25_1477286232.jpg,25_1477286232.jpg,1,25,,True
1-coins/25_1477286238.json,25_1477286238.json,25_1477286238,True,25_1477286238.jpg,25_1477286238.jpg,1,25,,True
1-coins/25_1477286244.json,25_1477286244.json,25_1477286244,True,25_1477286244.jpg,25_1477286244.jpg,1,25,,True
1-coins/25_1477286250.json,25_1477286250.json,25_1477286250,True,25_1477286250.jpg,25_1477286250.jpg,1,25,,True
1-coins/25_1477286256.json,25_1477286256.json,25_1477286256,True,25_1477286256.jpg,25_1477286256.jpg,1,25,,True
1-coins/25_1477286262.json,25_1477286262.json,25_1477286262,True,25_1477286262.jpg,25_1477286262.jpg,1,25,,True
1-coins/25_1477286268.json,25_1477286268.json,25_1477286268,True,25_1477286268.jpg,25_1477286268.jpg,1,25,,True
1-coins/25_1477286274.json,25_1477286274.json,25_1477286274,True,25_1477286274.jpg,25_1477286274.jpg,1,25,,True
1-coins/25_1477286280.json,25_1477286280.json,25_1477286280,True,25_1477286280.jpg,25_1477286280.jpg,1,25,,True
1-coins/25_1477286286.json,25_1477286286.json,25_1477286286,True,25_1477286286.jpg,25_1477286286.jpg,1,25,,True
1-coins/25_1477286292.json,25_1477286292.json,25_1477286292,True,25_1477286292.jpg,25_1477286292.jpg,1,25,,True
1-coins/25_1477286298.json,25_1477286298.json,25_1477286298,True,25_1477286298.jpg,25_1477286298.jpg,1,25,,True
1-coins/25_1477286304.json,25_1477286304.json,25_1477286304,True,25_1477286304.jpg,25_1477286304.jpg,1,25,,True
1-coins/25_1477286310.json,25_1477286310.json,25_1477286310,True,25_1477286310.jpg,25_1477286310.jpg,1,25,,True
1-coins/25_1477286316.json,25_1477286316.json,25_1477286316,True,25_1477286316.jpg,25_1477286316.jpg,1,25,,True
1-coins/25_1477286322.json,25_1477286322.json,25_1477286322,True,25_1477286322.jpg,25_1477286322.jpg,1,25,,True
1-coins/25_1477286328.json,25_1477286328.json,25_1477286328,True,25_1477286328.jpg,25_1477286328.jpg,1,25,,True
1-coins/25_1477286340.json,25_1477286340.json,25_1477286340,True,25_1477286340.jpg,25_1477286340.jpg,1,25,,True
1-coins/25_1477286346.json,25_1477286346.json,25_1477286346,True,25_1477286346.jpg,25_1477286346.jpg,1,25,,True
1-coins/25_1477286352.json,25_1477286352.json,25_1477286352,True,25_1477286352.jpg,25_1477286352.jpg,1,25,,True
1-coins/25_1477286358.json,25_1477286358.json,25_1477286358,True,25_1477286358.jpg,25_1477286358.jpg,1,25,,True
1-coins/25_1477286364.json,25_1477286364.json,25_1477286364,True,25_1477286364.jpg,25_1477286364.jpg,1,25,,True
1-coins/25_1477286370.json,25_1477286370.json,25_1477286370,True,25_1477286370.jpg,25_1477286370.jpg,1,25,,True
1-coins/25_1477286376.json,25_1477286376.json,25_1477286376,True,25_1477286376.jpg,25_1477286376.jpg,1,25,,True
1-coins/25_1477286382.json,25_1477286382.json,25_1477286382,True,25_1477286382.jpg,25_1477286382.jpg,1,25,,True
1-coins/25_1477286388.json,25_1477286388.json,25_1477286388,True,25_1477286388.jpg,25_1477286388.jpg,1,25,,True
1-coins/25_1477286394.json,25_1477286394.json,25_1477286394,True,25_1477286394.jpg,25_1477286394.jpg,1,25,,True
1-coins/25_1477286400.json,25_1477286400.json,25_1477286400,True,25_1477286400.jpg,25_1477286400.jpg,1,25,,True
1-coins/25_1477286406.json,25_1477286406.json,25_1477286406,True,25_1477286406.jpg,25_1477286406.jpg,1,25,,True
1-coins/25_1477286412.json,25_1477286412.json,25_1477286412,True,25_1477286412.jpg,25_1477286412.jpg,1,25,,True
1-coins/25_1477286418.json,25_1477286418.json,25_1477286418,True,25_1477286418.jpg,25_1477286418.jpg,1,25,,True
1-coins/25_1477286424.json,25_1477286424.json,25_1477286424,True,25_1477286424.jpg,25_1477286424.jpg,1,25,,True
1-coins/25_1477286430.json,25_1477286430.json,25_1477286430,True,25_1477286430.jpg,25_1477286430.jpg,1,25,,True
1-coins/25_1477286436.json,25_1477286436.json,25_1477286436,True,25_1477286436.jpg,25_1477286436.jpg,1,25,,True
1-coins/25_1477286442.json,25_1477286442.json,25_1477286442,True,25_1477286442.jpg,25_1477286442.jpg,1,25,,True
1-coins/25_1477286448.json,25_1477286448.json,25_1477286448,True,25_1477286448.jpg,25_1477286448.jpg,1,25,,True
1-coins/25_1477286454.json,25_1477286454.json,25_1477286454,True,25_1477286454.jpg,25_1477286454.jpg,1,25,,True
1-coins/25_1477286460.json,25_1477286460.json,25_1477286460,True,25_1477286460.jpg,25_1477286460.jpg,1,25,,True
1-coins/25_1477286466.json,25_1477286466.json,25_1477286466,True,25_1477286466.jpg,25_1477286466.jpg,1,25,,True
1-coins/25_1477286472.json,25_1477286472.json,25_1477286472,True,25_1477286472.jpg,25_1477286472.jpg,1,25,,True
1-coins/25_1477286478.json,25_1477286478.json,25_1477286478,True,25_1477286478.jpg,25_1477286478.jpg,1,25,,True
1-coins/25_1477286484.json,25_1477286484.json,25_1477286484,True,25_1477286484.jpg,25_1477286484.jpg,1,25,,True
1-coins/25_1477286490.json,25_1477286490.json,25_1477286490,True,25_1477286490.jpg,25_1477286490.jpg,1,25,,True
1-coins/25_1477286496.json,25_1477286496.json,25_1477286496,True,25_1477286496.jpg,25_1477286496.jpg,1,25,,True
1-coins/25_1477286502.json,25_1477286502.json,25_1477286502,True,25_1477286502.jpg,25_1477286502.jpg,1,25,,True
1-coins/25_1477286508.json,25_1477286508.json,25_1477286508,True,25_1477286508.jpg,25_1477286508.jpg,1,25,,True
1-coins/25_1477286514.json,25_1477286514.json,25_1477286514,True,25_1477286514.jpg,25_1477286514.jpg,1,25,,True
1-coins/25_1477286850.json,25_1477286850.json,25_1477286850,True,25_1477286850.jpg,25_1477286850.jpg,1,25,,True
1-coins/25_1477286856.json,25_1477286856.json,25_1477286856,True,25_1477286856.jpg,25_1477286856.jpg,1,25,,True
1-coins/25_1477286862.json,25_1477286862.json,25_1477286862,True,25_1477286862.jpg,25_1477286862.jpg,1,25,,True
1-coins/25_1477286868.json,25_1477286868.json,25_1477286868,True,25_1477286868.jpg,25_1477286868.jpg,1,25,,True
1-coins/25_1477286874.json,25_1477286874.json,25_1477286874,True,25_1477286874.jpg,25_1477286874.jpg,1,25,,True
1-coins/25_1477286880.json,25_1477286880.json,25_1477286880,True,25_1477286880.jpg,25_1477286880.jpg,1,25,,True
1-coins/25_1477286886.json,25_1477286886.json,25_1477286886,True,25_1477286886.jpg,25_1477286886.jpg,1,25,,True
1-coins/25_1477286892.json,25_1477286892.json,25_1477286892,True,25_1477286892.jpg,25_1477286892.jpg,1,25,,True
1-coins/25_1477286898.json,25_1477286898.json,25_1477286898,True,25_1477286898.jpg,25_1477286898.jpg,1,25,,True
1-coins/25_1477286904.json,25_1477286904.json,25_1477286904,True,25_1477286904.jpg,25_1477286904.jpg,1,25,,True
1-coins/25_1477286910.json,25_1477286910.json,25_1477286910,True,25_1477286910.jpg,25_1477286910.jpg,1,25,,True
1-coins/25_1477286916.json,25_1477286916.json,25_1477286916,True,25_1477286916.jpg,25_1477286916.jpg,1,25,,True
1-coins/25_1477286922.json,25_1477286922.json,25_1477286922,True,25_1477286922.jpg,25_1477286922.jpg,1,25,,True
1-coins/25_1477286928.json,25_1477286928.json,25_1477286928,True,25_1477286928.jpg,25_1477286928.jpg,1,25,,True
1-coins/25_1477286934.json,25_1477286934.json,25_1477286934,True,25_1477286934.jpg,25_1477286934.jpg,1,25,,True
1-coins/25_1477286940.json,25_1477286940.json,25_1477286940,True,25_1477286940.jpg,25_1477286940.jpg,1,25,,True
1-coins/25_1477286946.json,25_1477286946.json,25_1477286946,True,25_1477286946.jpg,25_1477286946.jpg,1,25,,True
1-coins/25_1477286952.json,25_1477286952.json,25_1477286952,True,25_1477286952.jpg,25_1477286952.jpg,1,25,,True
1-coins/25_1477286958.json,25_1477286958.json,25_1477286958,True,25_1477286958.jpg,25_1477286958.jpg,1,25,,True
1-coins/25_1477286964.json,25_1477286964.json,25_1477286964,True,25_1477286964.jpg,25_1477286964.jpg,1,25,,True
1-coins/25_1477286970.json,25_1477286970.json,25_1477286970,True,25_1477286970.jpg,25_1477286970.jpg,1,25,,True
1-coins/25_1477286976.json,25_1477286976.json,25_1477286976,True,25_1477286976.jpg,25_1477286976.jpg,1,25,,True
1-coins/25_1477286982.json,25_1477286982.json,25_1477286982,True,25_1477286982.jpg,25_1477286982.jpg,1,25,,True
1-coins/25_1477286988.json,25_1477286988.json,25_1477286988,True,25_1477286988.jpg,25_1477286988.jpg,1,25,,True
1-coins/25_1477286994.json,25_1477286994.json,25_1477286994,True,25_1477286994.jpg,25_1477286994.jpg,1,25,,True
1-coins/25_1477287000.json,25_1477287000.json,25_1477287000,True,25_1477287000.jpg,25_1477287000.jpg,1,25,,True
1-coins/25_1477287006.json,25_1477287006.json,25_1477287006,True,25_1477287006.jpg,25_1477287006.jpg,1,25,,True
1-coins/25_1477287012.json,25_1477287012.json,25_1477287012,True,25_1477287012.jpg,25_1477287012.jpg,1,25,,True
1-coins/25_1477287018.json,25_1477287018.json,25_1477287018,True,25_1477287018.jpg,25_1477287018.jpg,1,25,,True
1-coins/25_1477287024.json,25_1477287024.json,25_1477287024,True,25_1477287024.jpg,25_1477287024.jpg,1,25,,True
1-coins/25_1477287048.json,25_1477287048.json,25_1477287048,True,25_1477287048.jpg,25_1477287048.jpg,1,25,,True
1-coins/25_1477287054.json,25_1477287054.json,25_1477287054,True,25_1477287054.jpg,25_1477287054.jpg,1,25,,True
1-coins/25_1477287060.json,25_1477287060.json,25_1477287060,True,25_1477287060.jpg,25_1477287060.jpg,1,25,,True
1-coins/25_1477287066.json,25_1477287066.json,25_1477287066,True,25_1477287066.jpg,25_1477287066.jpg,1,25,,True
1-coins/25_1477287072.json,25_1477287072.json,25_1477287072,True,25_1477287072.jpg,25_1477287072.jpg,1,25,,True
1-coins/25_1477287078.json,25_1477287078.json,25_1477287078,True,25_1477287078.jpg,25_1477287078.jpg,1,25,,True
1-coins/25_1477287084.json,25_1477287084.json,25_1477287084,True,25_1477287084.jpg,25_1477287084.jpg,1,25,,True
1-coins/25_1477287090.json,25_1477287090.json,25_1477287090,True,25_1477287090.jpg,25_1477287090.jpg,1,25,,True
1-coins/25_1477287096.json,25_1477287096.json,25_1477287096,True,25_1477287096.jpg,25_1477287096.jpg,1,25,,True
1-coins/25_1477287102.json,25_1477287102.json,25_1477287102,True,25_1477287102.jpg,25_1477287102.jpg,1,25,,True
1-coins/25_1477287108.json,25_1477287108.json,25_1477287108,True,25_1477287108.jpg,25_1477287108.jpg,1,25,,True
1-coins/25_1477287114.json,25_1477287114.json,25_1477287114,True,25_1477287114.jpg,25_1477287114.jpg,1,25,,True
1-coins/25_1477287120.json,25_1477287120.json,25_1477287120,True,25_1477287120.jpg,25_1477287120.jpg,1,25,,True
1-coins/25_1477287126.json,25_1477287126.json,25_1477287126,True,25_1477287126.jpg,25_1477287126.jpg,1,25,,True
1-coins/25_1477287132.json,25_1477287132.json,25_1477287132,True,25_1477287132.jpg,25_1477287132.jpg,1,25,,True
1-coins/25_1477287138.json,25_1477287138.json,25_1477287138,True,25_1477287138.jpg,25_1477287138.jpg,1,25,,True
1-coins/25_1477287144.json,25_1477287144.json,25_1477287144,True,25_1477287144.jpg,25_1477287144.jpg,1,25,,True
1-coins/25_1477287150.json,25_1477287150.json,25_1477287150,True,25_1477287150.jpg,25_1477287150.jpg,1,25,,True
1-coins/25_1477287156.json,25_1477287156.json,25_1477287156,True,25_1477287156.jpg,25_1477287156.jpg,1,25,,True
1-coins/25_1477287162.json,25_1477287162.json,25_1477287162,True,25_1477287162.jpg,25_1477287162.jpg,1,25,,True
1-coins/25_1477287168.json,25_1477287168.json,25_1477287168,True,25_1477287168.jpg,25_1477287168.jpg,1,25,,True
1-coins/25_1477287174.json,25_1477287174.json,25_1477287174,True,25_1477287174.jpg,25_1477287174.jpg,1,25,,True
1-coins/25_1477287180.json,25_1477287180.json,25_1477287180,True,25_1477287180.jpg,25_1477287180.jpg,1,25,,True
1-coins/25_1477287186.json,25_1477287186.json,25_1477287186,True,25_1477287186.jpg,25_1477287186.jpg,1,25,,True
1-coins/25_1477287192.json,25_1477287192.json,25_1477287192,True,25_1477287192.jpg,25_1477287192.jpg,1,25,,True
1-coins/25_1477287198.json,25_1477287198.json,25_1477287198,True,25_1477287198.jpg,25_1477287198.jpg,1,25,,True
1-coins/25_1477287204.json,25_1477287204.json,25_1477287204,True,25_1477287204.jpg,25_1477287204.jpg,1,25,,True
1-coins/25_1477287210.json,25_1477287210.json,25_1477287210,True,25_1477287210.jpg,25_1477287210.jpg,1,25,,True
1-coins/25_1477287216.json,25_1477287216.json,25_1477287216,True,25_1477287216.jpg,25_1477287216.jpg,1,25,,True
1-coins/25_1477287222.json,25_1477287222.json,25_1477287222,True,25_1477287222.jpg,25_1477287222.jpg,1,25,,True
1-coins/25_1477287234.json,25_1477287234.json,25_1477287234,True,25_1477287234.jpg,25_1477287234.jpg,1,25,,True
1-coins/25_1477287240.json,25_1477287240.json,25_1477287240,True,25_1477287240.jpg,25_1477287240.jpg,1,25,,True
1-coins/25_1477287246.json,25_1477287246.json,25_1477287246,True,25_1477287246.jpg,25_1477287246.jpg,1,25,,True
1-coins/25_1477287252.json,25_1477287252.json,25_1477287252,True,25_1477287252.jpg,25_1477287252.jpg,1,25,,True
1-coins/25_1477287258.json,25_1477287258.json,25_1477287258,True,25_1477287258.jpg,25_1477287258.jpg,1,25,,True
1-coins/25_1477287264.json,25_1477287264.json,25_1477287264,True,25_1477287264.jpg,25_1477287264.jpg,1,25,,True
1-coins/25_1477287270.json,25_1477287270.json,25_1477287270,True,25_1477287270.jpg,25_1477287270.jpg,1,25,,True
1-coins/25_1477287276.json,25_1477287276.json,25_1477287276,True,25_1477287276.jpg,25_1477287276.jpg,1,25,,True
1-coins/25_1477287282.json,25_1477287282.json,25_1477287282,True,25_1477287282.jpg,25_1477287282.jpg,1,25,,True
1-coins/25_1477287288.json,25_1477287288.json,25_1477287288,True,25_1477287288.jpg,25_1477287288.jpg,1,25,,True
1-coins/25_1477287294.json,25_1477287294.json,25_1477287294,True,25_1477287294.jpg,25_1477287294.jpg,1,25,,True
1-coins/25_1477287300.json,25_1477287300.json,25_1477287300,True,25_1477287300.jpg,25_1477287300.jpg,1,25,,True
1-coins/25_1477287306.json,25_1477287306.json,25_1477287306,True,25_1477287306.jpg,25_1477287306.jpg,1,25,,True
1-coins/25_1477287312.json,25_1477287312.json,25_1477287312,True,25_1477287312.jpg,25_1477287312.jpg,1,25,,True
1-coins/25_1477287318.json,25_1477287318.json,25_1477287318,True,25_1477287318.jpg,25_1477287318.jpg,1,25,,True
1-coins/25_1477287324.json,25_1477287324.json,25_1477287324,True,25_1477287324.jpg,25_1477287324.jpg,1,25,,True
1-coins/25_1477287330.json,25_1477287330.json,25_1477287330,True,25_1477287330.jpg,25_1477287330.jpg,1,25,,True
1-coins/25_1477287336.json,25_1477287336.json,25_1477287336,True,25_1477287336.jpg,25_1477287336.jpg,1,25,,True
1-coins/25_1477287342.json,25_1477287342.json,25_1477287342,True,25_1477287342.jpg,25_1477287342.jpg,1,25,,True
1-coins/25_1477287348.json,25_1477287348.json,25_1477287348,True,25_1477287348.jpg,25_1477287348.jpg,1,25,,True
1-coins/25_1477287354.json,25_1477287354.json,25_1477287354,True,25_1477287354.jpg,25_1477287354.jpg,1,25,,True
1-coins/25_1477287360.json,25_1477287360.json,25_1477287360,True,25_1477287360.jpg,25_1477287360.jpg,1,25,,True
1-coins/25_1477287366.json,25_1477287366.json,25_1477287366,True,25_1477287366.jpg,25_1477287366.jpg,1,25,,True
1-coins/25_1477287372.json,25_1477287372.json,25_1477287372,True,25_1477287372.jpg,25_1477287372.jpg,2,25|finger,,True
1-coins/25_1477287378.json,25_1477287378.json,25_1477287378,True,25_1477287378.jpg,25_1477287378.jpg,1,25,,True
1-coins/25_1477287384.json,25_1477287384.json,25_1477287384,True,25_1477287384.jpg,25_1477287384.jpg,1,25,,True
1-coins/25_1477287390.json,25_1477287390.json,25_1477287390,True,25_1477287390.jpg,25_1477287390.jpg,1,25,,True
1-coins/25_1477287396.json,25_1477287396.json,25_1477287396,True,25_1477287396.jpg,25_1477287396.jpg,1,25,,True
1-coins/25_1477287402.json,25_1477287402.json,25_1477287402,True,25_1477287402.jpg,25_1477287402.jpg,1,25,,True
1-coins/25_1477287408.json,25_1477287408.json,25_1477287408,True,25_1477287408.jpg,25_1477287408.jpg,1,25,,True
1-coins/25_1477789104.json,25_1477789104.json,25_1477789104,True,25_1477789104.jpg,25_1477789104.jpg,5,5,,True
1-coins/25_1477789110.json,25_1477789110.json,25_1477789110,True,25_1477789110.jpg,25_1477789110.jpg,5,5,,True
1-coins/25_1477789116.json,25_1477789116.json,25_1477789116,True,25_1477789116.jpg,25_1477789116.jpg,5,5,,True
1-coins/25_1477789122.json,25_1477789122.json,25_1477789122,True,25_1477789122.jpg,25_1477789122.jpg,5,5,,True
1-coins/25_1477789128.json,25_1477789128.json,25_1477789128,True,25_1477789128.jpg,25_1477789128.jpg,5,5,,True
1-coins/25_1477789134.json,25_1477789134.json,25_1477789134,True,25_1477789134.jpg,25_1477789134.jpg,5,5,,True
1-coins/25_1477789140.json,25_1477789140.json,25_1477789140,True,25_1477789140.jpg,25_1477789140.jpg,5,5,,True
1-coins/25_1477789146.json,25_1477789146.json,25_1477789146,True,25_1477789146.jpg,25_1477789146.jpg,5,5,,True
1-coins/25_1477789152.json,25_1477789152.json,25_1477789152,True,25_1477789152.jpg,25_1477789152.jpg,5,5,,True
1-coins/25_1477789158.json,25_1477789158.json,25_1477789158,True,25_1477789158.jpg,25_1477789158.jpg,5,5,,True
1-coins/25_1477789164.json,25_1477789164.json,25_1477789164,True,25_1477789164.jpg,25_1477789164.jpg,5,5,,True
1-coins/25_1477789170.json,25_1477789170.json,25_1477789170,True,25_1477789170.jpg,25_1477789170.jpg,5,5,,True
1-coins/25_1477789176.json,25_1477789176.json,25_1477789176,True,25_1477789176.jpg,25_1477789176.jpg,5,5,,True
1-coins/25_1477789182.json,25_1477789182.json,25_1477789182,True,25_1477789182.jpg,25_1477789182.jpg,5,5,,True
1-coins/25_1477789188.json,25_1477789188.json,25_1477789188,True,25_1477789188.jpg,25_1477789188.jpg,5,5,,True
1-coins/25_1477789194.json,25_1477789194.json,25_1477789194,True,25_1477789194.jpg,25_1477789194.jpg,5,5,,True
1-coins/25_1477789200.json,25_1477789200.json,25_1477789200,True,25_1477789200.jpg,25_1477789200.jpg,5,5,,True
1-coins/25_1477789206.json,25_1477789206.json,25_1477789206,True,25_1477789206.jpg,25_1477789206.jpg,5,5,,True
1-coins/25_1477789212.json,25_1477789212.json,25_1477789212,True,25_1477789212.jpg,25_1477789212.jpg,5,5,,True
1-coins/25_1477789218.json,25_1477789218.json,25_1477789218,True,25_1477789218.jpg,25_1477789218.jpg,5,5,,True
1-coins/25_1477789224.json,25_1477789224.json,25_1477789224,True,25_1477789224.jpg,25_1477789224.jpg,5,5,,True
1-coins/25_1477789230.json,25_1477789230.json,25_1477789230,True,25_1477789230.jpg,25_1477789230.jpg,5,5,,True
1-coins/25_1477789236.json,25_1477789236.json,25_1477789236,True,25_1477789236.jpg,25_1477789236.jpg,5,5,,True
1-coins/25_1477789242.json,25_1477789242.json,25_1477789242,True,25_1477789242.jpg,25_1477789242.jpg,5,5,,True
1-coins/25_1477789248.json,25_1477789248.json,25_1477789248,True,25_1477789248.jpg,25_1477789248.jpg,5,5,,True
1-coins/25_1477789254.json,25_1477789254.json,25_1477789254,True,25_1477789254.jpg,25_1477789254.jpg,5,5,,True
1-coins/25_1477789260.json,25_1477789260.json,25_1477789260,True,25_1477789260.jpg,25_1477789260.jpg,5,5,,True
1-coins/25_1477789266.json,25_1477789266.json,25_1477789266,True,25_1477789266.jpg,25_1477789266.jpg,5,5,,True
1-coins/25_1477789272.json,25_1477789272.json,25_1477789272,True,25_1477789272.jpg,25_1477789272.jpg,5,5,,True
1-coins/25_1477789278.json,25_1477789278.json,25_1477789278,True,25_1477789278.jpg,25_1477789278.jpg,5,5,,True
1-coins/25_1477789296.json,25_1477789296.json,25_1477789296,True,25_1477789296.jpg,25_1477789296.jpg,4,10|5,,True
1-coins/25_1477789302.json,25_1477789302.json,25_1477789302,True,25_1477789302.jpg,25_1477789302.jpg,4,10|5,,True
1-coins/25_1477789308.json,25_1477789308.json,25_1477789308,True,25_1477789308.jpg,25_1477789308.jpg,4,10|5,,True
1-coins/25_1477789314.json,25_1477789314.json,25_1477789314,True,25_1477789314.jpg,25_1477789314.jpg,4,10|5,,True
1-coins/25_1477789320.json,25_1477789320.json,25_1477789320,True,25_1477789320.jpg,25_1477789320.jpg,4,10|5,,True
1-coins/25_1477789326.json,25_1477789326.json,25_1477789326,True,25_1477789326.jpg,25_1477789326.jpg,4,10|5,,True
1-coins/25_1477789332.json,25_1477789332.json,25_1477789332,True,25_1477789332.jpg,25_1477789332.jpg,4,10|5,,True
1-coins/25_1477789338.json,25_1477789338.json,25_1477789338,True,25_1477789338.jpg,25_1477789338.jpg,4,10|5,,True
1-coins/25_1477789344.json,25_1477789344.json,25_1477789344,True,25_1477789344.jpg,25_1477789344.jpg,4,10|5,,True
1-coins/25_1477789350.json,25_1477789350.json,25_1477789350,True,25_1477789350.jpg,25_1477789350.jpg,4,10|5,,True
1-coins/25_1477789356.json,25_1477789356.json,25_1477789356,True,25_1477789356.jpg,25_1477789356.jpg,4,10|5,,True
1-coins/25_1477789362.json,25_1477789362.json,25_1477789362,True,25_1477789362.jpg,25_1477789362.jpg,4,10|5,,True
1-coins/25_1477789368.json,25_1477789368.json,25_1477789368,True,25_1477789368.jpg,25_1477789368.jpg,4,10|5,,True
1-coins/25_1477789374.json,25_1477789374.json,25_1477789374,True,25_1477789374.jpg,25_1477789374.jpg,4,10|5,,True
1-coins/25_1477789380.json,25_1477789380.json,25_1477789380,True,25_1477789380.jpg,25_1477789380.jpg,4,10|5,,True
1-coins/25_1477789386.json,25_1477789386.json,25_1477789386,True,25_1477789386.jpg,25_1477789386.jpg,4,10|5,,True
1-coins/25_1477789392.json,25_1477789392.json,25_1477789392,True,25_1477789392.jpg,25_1477789392.jpg,4,10|5,,True
1-coins/25_1477789398.json,25_1477789398.json,25_1477789398,True,25_1477789398.jpg,25_1477789398.jpg,4,10|5,,True
1-coins/25_1477789404.json,25_1477789404.json,25_1477789404,True,25_1477789404.jpg,25_1477789404.jpg,7,10|5|finger,,True
1-coins/25_1477789410.json,25_1477789410.json,25_1477789410,True,25_1477789410.jpg,25_1477789410.jpg,4,10|5,,True
1-coins/25_1477789416.json,25_1477789416.json,25_1477789416,True,25_1477789416.jpg,25_1477789416.jpg,4,10|5,,True
1-coins/25_1477789422.json,25_1477789422.json,25_1477789422,True,25_1477789422.jpg,25_1477789422.jpg,4,10|5,,True
1-coins/25_1477789428.json,25_1477789428.json,25_1477789428,True,25_1477789428.jpg,25_1477789428.jpg,4,10|5,,True
1-coins/25_1477789434.json,25_1477789434.json,25_1477789434,True,25_1477789434.jpg,25_1477789434.jpg,3,10|5,,True
1-coins/25_1477789440.json,25_1477789440.json,25_1477789440,True,25_1477789440.jpg,25_1477789440.jpg,3,10|5,,True
1-coins/25_1477789446.json,25_1477789446.json,25_1477789446,True,25_1477789446.jpg,25_1477789446.jpg,3,10|5,,True
1-coins/25_1477789452.json,25_1477789452.json,25_1477789452,True,25_1477789452.jpg,25_1477789452.jpg,3,10|5,,True
1-coins/25_1477789458.json,25_1477789458.json,25_1477789458,True,25_1477789458.jpg,25_1477789458.jpg,3,10|5,,True
1-coins/25_1477789464.json,25_1477789464.json,25_1477789464,True,25_1477789464.jpg,25_1477789464.jpg,3,10|5,,True
1-coins/25_1477789470.json,25_1477789470.json,25_1477789470,True,25_1477789470.jpg,25_1477789470.jpg,3,10|5,,True
1-coins/25_1477789476.json,25_1477789476.json,25_1477789476,True,25_1477789476.jpg,25_1477789476.jpg,3,10|5,,True
1-coins/30_1477785132.json,30_1477785132.json,30_1477785132,True,30_1477785132.jpg,30_1477785132.jpg,2,25|5,,True
1-coins/30_1477785138.json,30_1477785138.json,30_1477785138,True,30_1477785138.jpg,30_1477785138.jpg,2,25|5,,True
1-coins/30_1477786686.json,30_1477786686.json,30_1477786686,True,30_1477786686.jpg,30_1477786686.jpg,2,25|5,,True
1-coins/30_1477786692.json,30_1477786692.json,30_1477786692,True,30_1477786692.jpg,30_1477786692.jpg,2,25|5,,True
1-coins/30_1477786698.json,30_1477786698.json,30_1477786698,True,30_1477786698.jpg,30_1477786698.jpg,2,25|5,,True
1-coins/30_1477786704.json,30_1477786704.json,30_1477786704,True,30_1477786704.jpg,30_1477786704.jpg,2,25|5,,True
1-coins/30_1477786710.json,30_1477786710.json,30_1477786710,True,30_1477786710.jpg,30_1477786710.jpg,2,25|5,,True
1-coins/30_1477786716.json,30_1477786716.json,30_1477786716,True,30_1477786716.jpg,30_1477786716.jpg,2,25|5,,True
1-coins/30_1477786722.json,30_1477786722.json,30_1477786722,True,30_1477786722.jpg,30_1477786722.jpg,2,25|5,,True
1-coins/30_1477786728.json,30_1477786728.json,30_1477786728,True,30_1477786728.jpg,30_1477786728.jpg,3,10,,True
1-coins/30_1477786734.json,30_1477786734.json,30_1477786734,True,30_1477786734.jpg,30_1477786734.jpg,3,10,,True
1-coins/30_1477786740.json,30_1477786740.json,30_1477786740,True,30_1477786740.jpg,30_1477786740.jpg,3,10,,True
1-coins/30_1477786746.json,30_1477786746.json,30_1477786746,True,30_1477786746.jpg,30_1477786746.jpg,3,10,,True
1-coins/30_1477786752.json,30_1477786752.json,30_1477786752,True,30_1477786752.jpg,30_1477786752.jpg,3,10,,True
1-coins/30_1477786758.json,30_1477786758.json,30_1477786758,True,30_1477786758.jpg,30_1477786758.jpg,3,10,,True
1-coins/30_1477786764.json,30_1477786764.json,30_1477786764,True,30_1477786764.jpg,30_1477786764.jpg,3,10,,True
1-coins/30_1477786770.json,30_1477786770.json,30_1477786770,True,30_1477786770.jpg,30_1477786770.jpg,3,10,,True
1-coins/30_1477786776.json,30_1477786776.json,30_1477786776,True,30_1477786776.jpg,30_1477786776.jpg,3,10,,True
1-coins/30_1477786782.json,30_1477786782.json,30_1477786782,True,30_1477786782.jpg,30_1477786782.jpg,3,10,,True
1-coins/30_1477786788.json,30_1477786788.json,30_1477786788,True,30_1477786788.jpg,30_1477786788.jpg,3,10,,True
1-coins/30_1477786794.json,30_1477786794.json,30_1477786794,True,30_1477786794.jpg,30_1477786794.jpg,3,10,,True
1-coins/30_1477786800.json,30_1477786800.json,30_1477786800,True,30_1477786800.jpg,30_1477786800.jpg,3,10,,True
1-coins/30_1477786806.json,30_1477786806.json,30_1477786806,True,30_1477786806.jpg,30_1477786806.jpg,3,10,,True
1-coins/30_1477786812.json,30_1477786812.json,30_1477786812,True,30_1477786812.jpg,30_1477786812.jpg,4,10|5,,True
1-coins/30_1477786818.json,30_1477786818.json,30_1477786818,True,30_1477786818.jpg,30_1477786818.jpg,4,10|5,,True
1-coins/30_1477786824.json,30_1477786824.json,30_1477786824,True,30_1477786824.jpg,30_1477786824.jpg,4,10|5,,True
1-coins/30_1477786830.json,30_1477786830.json,30_1477786830,True,30_1477786830.jpg,30_1477786830.jpg,4,10|5,,True
1-coins/30_1477786836.json,30_1477786836.json,30_1477786836,True,30_1477786836.jpg,30_1477786836.jpg,4,10|5,,True
1-coins/30_1477786842.json,30_1477786842.json,30_1477786842,True,30_1477786842.jpg,30_1477786842.jpg,5,10|5,,True
1-coins/30_1477786848.json,30_1477786848.json,30_1477786848,True,30_1477786848.jpg,30_1477786848.jpg,5,10|5,,True
1-coins/30_1477786854.json,30_1477786854.json,30_1477786854,True,30_1477786854.jpg,30_1477786854.jpg,5,10|5,,True
1-coins/30_1477786860.json,30_1477786860.json,30_1477786860,True,30_1477786860.jpg,30_1477786860.jpg,5,10|5,,True
1-coins/30_1477787358.json,30_1477787358.json,30_1477787358,True,30_1477787358.jpg,30_1477787358.jpg,6,5,,True
1-coins/30_1477787364.json,30_1477787364.json,30_1477787364,True,30_1477787364.jpg,30_1477787364.jpg,6,5,,True
1-coins/30_1477787370.json,30_1477787370.json,30_1477787370,True,30_1477787370.jpg,30_1477787370.jpg,6,5,,True
1-coins/30_1477787376.json,30_1477787376.json,30_1477787376,True,30_1477787376.jpg,30_1477787376.jpg,6,5,,True
1-coins/30_1477787382.json,30_1477787382.json,30_1477787382,True,30_1477787382.jpg,30_1477787382.jpg,6,5,,True
1-coins/30_1477787388.json,30_1477787388.json,30_1477787388,True,30_1477787388.jpg,30_1477787388.jpg,6,5,,True
1-coins/30_1477787394.json,30_1477787394.json,30_1477787394,True,30_1477787394.jpg,30_1477787394.jpg,6,5,,True
1-coins/30_1477787400.json,30_1477787400.json,30_1477787400,True,30_1477787400.jpg,30_1477787400.jpg,6,5,,True
1-coins/30_1477787406.json,30_1477787406.json,30_1477787406,True,30_1477787406.jpg,30_1477787406.jpg,6,5,,True
1-coins/30_1477787412.json,30_1477787412.json,30_1477787412,True,30_1477787412.jpg,30_1477787412.jpg,6,5,,True
1-coins/30_1477787418.json,30_1477787418.json,30_1477787418,True,30_1477787418.jpg,30_1477787418.jpg,5,10|5,,True
1-coins/30_1477787424.json,30_1477787424.json,30_1477787424,True,30_1477787424.jpg,30_1477787424.jpg,5,10|5,,True
1-coins/30_1477787430.json,30_1477787430.json,30_1477787430,True,30_1477787430.jpg,30_1477787430.jpg,5,10|5,,True
1-coins/30_1477787436.json,30_1477787436.json,30_1477787436,True,30_1477787436.jpg,30_1477787436.jpg,5,10|5,,True
1-coins/30_1477787442.json,30_1477787442.json,30_1477787442,True,30_1477787442.jpg,30_1477787442.jpg,5,10|5,,True
1-coins/30_1477787448.json,30_1477787448.json,30_1477787448,True,30_1477787448.jpg,30_1477787448.jpg,4,10|5,,True
1-coins/30_1477787454.json,30_1477787454.json,30_1477787454,True,30_1477787454.jpg,30_1477787454.jpg,4,10|5,,True
1-coins/30_1477787460.json,30_1477787460.json,30_1477787460,True,30_1477787460.jpg,30_1477787460.jpg,4,10|5,,True
1-coins/30_1477787466.json,30_1477787466.json,30_1477787466,True,30_1477787466.jpg,30_1477787466.jpg,2,25|5,,True
1-coins/30_1477787472.json,30_1477787472.json,30_1477787472,True,30_1477787472.jpg,30_1477787472.jpg,2,25|5,,True
1-coins/30_1477787478.json,30_1477787478.json,30_1477787478,True,30_1477787478.jpg,30_1477787478.jpg,2,25|5,,True
1-coins/30_1477787484.json,30_1477787484.json,30_1477787484,True,30_1477787484.jpg,30_1477787484.jpg,2,25|5,,True
1-coins/30_1477787490.json,30_1477787490.json,30_1477787490,True,30_1477787490.jpg,30_1477787490.jpg,2,25|5,,True
1-coins/30_1477787496.json,30_1477787496.json,30_1477787496,True,30_1477787496.jpg,30_1477787496.jpg,2,25|5,,True
1-coins/30_1477787502.json,30_1477787502.json,30_1477787502,True,30_1477787502.jpg,30_1477787502.jpg,2,25|5,,True
1-coins/30_1477787508.json,30_1477787508.json,30_1477787508,True,30_1477787508.jpg,30_1477787508.jpg,2,25|5,,True
1-coins/30_1477787514.json,30_1477787514.json,30_1477787514,True,30_1477787514.jpg,30_1477787514.jpg,2,25|5,,True
1-coins/30_1477787520.json,30_1477787520.json,30_1477787520,True,30_1477787520.jpg,30_1477787520.jpg,2,25|5,,True
1-coins/30_1477787526.json,30_1477787526.json,30_1477787526,True,30_1477787526.jpg,30_1477787526.jpg,2,25|5,,True
1-coins/30_1477787532.json,30_1477787532.json,30_1477787532,True,30_1477787532.jpg,30_1477787532.jpg,2,25|5,,True
1-coins/35_1477789530.json,35_1477789530.json,35_1477789530,True,35_1477789530.jpg,35_1477789530.jpg,4,10|5,,True
1-coins/35_1477789536.json,35_1477789536.json,35_1477789536,True,35_1477789536.jpg,35_1477789536.jpg,4,10|5,,True
1-coins/35_1477789542.json,35_1477789542.json,35_1477789542,True,35_1477789542.jpg,35_1477789542.jpg,4,10|5,,True
1-coins/35_1477789548.json,35_1477789548.json,35_1477789548,True,35_1477789548.jpg,35_1477789548.jpg,4,10|5,,True
1-coins/35_1477789554.json,35_1477789554.json,35_1477789554,True,35_1477789554.jpg,35_1477789554.jpg,4,10|5,,True
1-coins/35_1477789560.json,35_1477789560.json,35_1477789560,True,35_1477789560.jpg,35_1477789560.jpg,4,10|5,,True
1-coins/35_1477789566.json,35_1477789566.json,35_1477789566,True,35_1477789566.jpg,35_1477789566.jpg,4,10|5,,True
1-coins/35_1477789572.json,35_1477789572.json,35_1477789572,True,35_1477789572.jpg,35_1477789572.jpg,4,10|5,,True
1-coins/35_1477789578.json,35_1477789578.json,35_1477789578,True,35_1477789578.jpg,35_1477789578.jpg,4,10|5,,True
1-coins/35_1477789584.json,35_1477789584.json,35_1477789584,True,35_1477789584.jpg,35_1477789584.jpg,4,10|5,,True
1-coins/35_1477789590.json,35_1477789590.json,35_1477789590,True,35_1477789590.jpg,35_1477789590.jpg,4,10|5,,True
1-coins/35_1477789596.json,35_1477789596.json,35_1477789596,True,35_1477789596.jpg,35_1477789596.jpg,4,10|5,,True
1-coins/35_1477789602.json,35_1477789602.json,35_1477789602,True,35_1477789602.jpg,35_1477789602.jpg,4,10|5,,True
1-coins/35_1477789608.json,35_1477789608.json,35_1477789608,True,35_1477789608.jpg,35_1477789608.jpg,4,10|5,,True
1-coins/35_1477789614.json,35_1477789614.json,35_1477789614,True,35_1477789614.jpg,35_1477789614.jpg,5,10|5,,True
1-coins/35_1477789620.json,35_1477789620.json,35_1477789620,True,35_1477789620.jpg,35_1477789620.jpg,5,10|5,,True
1-coins/35_1477789626.json,35_1477789626.json,35_1477789626,True,35_1477789626.jpg,35_1477789626.jpg,5,10|5,,True
1-coins/35_1477789632.json,35_1477789632.json,35_1477789632,True,35_1477789632.jpg,35_1477789632.jpg,5,10|5,,True
1-coins/35_1477789638.json,35_1477789638.json,35_1477789638,True,35_1477789638.jpg,35_1477789638.jpg,5,10|5,,True
1-coins/35_1477789644.json,35_1477789644.json,35_1477789644,True,35_1477789644.jpg,35_1477789644.jpg,5,10|5,,True
1-coins/35_1477789650.json,35_1477789650.json,35_1477789650,True,35_1477789650.jpg,35_1477789650.jpg,5,10|5,,True
1-coins/35_1477789656.json,35_1477789656.json,35_1477789656,True,35_1477789656.jpg,35_1477789656.jpg,5,10|5,,True
1-coins/35_1477789662.json,35_1477789662.json,35_1477789662,True,35_1477789662.jpg,35_1477789662.jpg,5,10|5,,True
1-coins/35_1477789668.json,35_1477789668.json,35_1477789668,True,35_1477789668.jpg,35_1477789668.jpg,5,10|5,,True
1-coins/35_1477789674.json,35_1477789674.json,35_1477789674,True,35_1477789674.jpg,35_1477789674.jpg,5,10|5,,True
1-coins/35_1477789680.json,35_1477789680.json,35_1477789680,True,35_1477789680.jpg,35_1477789680.jpg,5,10|5,,True
1-coins/35_1477789686.json,35_1477789686.json,35_1477789686,True,35_1477789686.jpg,35_1477789686.jpg,5,10|5,,True
1-coins/35_1477789692.json,35_1477789692.json,35_1477789692,True,35_1477789692.jpg,35_1477789692.jpg,5,10|5,,True
1-coins/35_1477789698.json,35_1477789698.json,35_1477789698,True,35_1477789698.jpg,35_1477789698.jpg,5,10|5,,True
1-coins/35_1477789704.json,35_1477789704.json,35_1477789704,True,35_1477789704.jpg,35_1477789704.jpg,5,10|5,,True
1-coins/35_1477789710.json,35_1477789710.json,35_1477789710,True,35_1477789710.jpg,35_1477789710.jpg,5,10|5,,True
1-coins/35_1477789842.json,35_1477789842.json,35_1477789842,True,35_1477789842.jpg,35_1477789842.jpg,5,10|5,,True
1-coins/35_1477789848.json,35_1477789848.json,35_1477789848,True,35_1477789848.jpg,35_1477789848.jpg,5,10|5,,True
1-coins/35_1477789854.json,35_1477789854.json,35_1477789854,True,35_1477789854.jpg,35_1477789854.jpg,5,10|5,,True
1-coins/35_1477789860.json,35_1477789860.json,35_1477789860,True,35_1477789860.jpg,35_1477789860.jpg,5,10|5,,True
1-coins/35_1477789866.json,35_1477789866.json,35_1477789866,True,35_1477789866.jpg,35_1477789866.jpg,5,10|5,,True
1-coins/35_1477789872.json,35_1477789872.json,35_1477789872,True,35_1477789872.jpg,35_1477789872.jpg,5,10|5,,True
1-coins/35_1477789878.json,35_1477789878.json,35_1477789878,True,35_1477789878.jpg,35_1477789878.jpg,5,10|5,,True
1-coins/35_1477789884.json,35_1477789884.json,35_1477789884,True,35_1477789884.jpg,35_1477789884.jpg,5,10|5,,True
1-coins/35_1477789890.json,35_1477789890.json,35_1477789890,True,35_1477789890.jpg,35_1477789890.jpg,5,10|5,,True
1-coins/35_1477789896.json,35_1477789896.json,35_1477789896,True,35_1477789896.jpg,35_1477789896.jpg,5,10|5,,True
1-coins/35_1477789902.json,35_1477789902.json,35_1477789902,True,35_1477789902.jpg,35_1477789902.jpg,5,10|5,,True
1-coins/35_1477789908.json,35_1477789908.json,35_1477789908,True,35_1477789908.jpg,35_1477789908.jpg,5,10|5,,True
1-coins/35_1477789914.json,35_1477789914.json,35_1477789914,True,35_1477789914.jpg,35_1477789914.jpg,5,10|5,,True
1-coins/35_1477789920.json,35_1477789920.json,35_1477789920,True,35_1477789920.jpg,35_1477789920.jpg,5,10|5,,True
1-coins/35_1477789926.json,35_1477789926.json,35_1477789926,True,35_1477789926.jpg,35_1477789926.jpg,5,10|5,,True
1-coins/35_1477789932.json,35_1477789932.json,35_1477789932,True,35_1477789932.jpg,35_1477789932.jpg,5,10|5,,True
1-coins/35_1477789938.json,35_1477789938.json,35_1477789938,True,35_1477789938.jpg,35_1477789938.jpg,5,10|5,,True
1-coins/35_1477789944.json,35_1477789944.json,35_1477789944,True,35_1477789944.jpg,35_1477789944.jpg,5,10|5,,True
1-coins/35_1477789950.json,35_1477789950.json,35_1477789950,True,35_1477789950.jpg,35_1477789950.jpg,5,10|5,,True
1-coins/35_1477789956.json,35_1477789956.json,35_1477789956,True,35_1477789956.jpg,35_1477789956.jpg,5,10|5,,True
1-coins/35_1477789962.json,35_1477789962.json,35_1477789962,True,35_1477789962.jpg,35_1477789962.jpg,5,10|5,,True
1-coins/35_1477789968.json,35_1477789968.json,35_1477789968,True,35_1477789968.jpg,35_1477789968.jpg,5,10|5,,True
1-coins/35_1477789974.json,35_1477789974.json,35_1477789974,True,35_1477789974.jpg,35_1477789974.jpg,5,10|5,,True
1-coins/35_1477789980.json,35_1477789980.json,35_1477789980,True,35_1477789980.jpg,35_1477789980.jpg,5,10|5,,True
1-coins/35_1477789986.json,35_1477789986.json,35_1477789986,True,35_1477789986.jpg,35_1477789986.jpg,5,10|5,,True
1-coins/35_1477789992.json,35_1477789992.json,35_1477789992,True,35_1477789992.jpg,35_1477789992.jpg,6,10|5,,True
1-coins/35_1477789998.json,35_1477789998.json,35_1477789998,True,35_1477789998.jpg,35_1477789998.jpg,6,10|5,,True
1-coins/35_1477790004.json,35_1477790004.json,35_1477790004,True,35_1477790004.jpg,35_1477790004.jpg,6,10|5,,True
1-coins/35_1477790010.json,35_1477790010.json,35_1477790010,True,35_1477790010.jpg,35_1477790010.jpg,6,10|5,,True
1-coins/35_1477790016.json,35_1477790016.json,35_1477790016,True,35_1477790016.jpg,35_1477790016.jpg,6,10|5,,True
1-coins/40_1477790658.json,40_1477790658.json,40_1477790658,True,40_1477790658.jpg,40_1477790658.jpg,7,10|5,,True
1-coins/40_1477790664.json,40_1477790664.json,40_1477790664,True,40_1477790664.jpg,40_1477790664.jpg,7,10|5,,True
1-coins/40_1477790670.json,40_1477790670.json,40_1477790670,True,40_1477790670.jpg,40_1477790670.jpg,7,10|5,,True
1-coins/40_1477790676.json,40_1477790676.json,40_1477790676,True,40_1477790676.jpg,40_1477790676.jpg,7,10|5,,True
1-coins/40_1477790682.json,40_1477790682.json,40_1477790682,True,40_1477790682.jpg,40_1477790682.jpg,7,10|5,,True
1-coins/40_1477790688.json,40_1477790688.json,40_1477790688,True,40_1477790688.jpg,40_1477790688.jpg,7,10|5,,True
1-coins/40_1477790694.json,40_1477790694.json,40_1477790694,True,40_1477790694.jpg,40_1477790694.jpg,7,10|5,,True
1-coins/40_1477790700.json,40_1477790700.json,40_1477790700,True,40_1477790700.jpg,40_1477790700.jpg,7,10|5,,True
1-coins/40_1477790706.json,40_1477790706.json,40_1477790706,True,40_1477790706.jpg,40_1477790706.jpg,7,10|5,,True
1-coins/40_1477790712.json,40_1477790712.json,40_1477790712,True,40_1477790712.jpg,40_1477790712.jpg,7,10|5,,True
1-coins/40_1477790718.json,40_1477790718.json,40_1477790718,True,40_1477790718.jpg,40_1477790718.jpg,7,10|5,,True
1-coins/40_1477790724.json,40_1477790724.json,40_1477790724,True,40_1477790724.jpg,40_1477790724.jpg,7,10|5,,True
1-coins/40_1477790730.json,40_1477790730.json,40_1477790730,True,40_1477790730.jpg,40_1477790730.jpg,7,10|5,,True
1-coins/40_1477790736.json,40_1477790736.json,40_1477790736,True,40_1477790736.jpg,40_1477790736.jpg,7,10|5,,True
1-coins/40_1477790742.json,40_1477790742.json,40_1477790742,True,40_1477790742.jpg,40_1477790742.jpg,7,10|5,,True
1-coins/40_1477790748.json,40_1477790748.json,40_1477790748,True,40_1477790748.jpg,40_1477790748.jpg,7,10|5,,True
1-coins/40_1477790754.json,40_1477790754.json,40_1477790754,True,40_1477790754.jpg,40_1477790754.jpg,7,10|5,,True
1-coins/40_1477790760.json,40_1477790760.json,40_1477790760,True,40_1477790760.jpg,40_1477790760.jpg,7,10|5,,True
1-coins/40_1477790766.json,40_1477790766.json,40_1477790766,True,40_1477790766.jpg,40_1477790766.jpg,7,10|5,,True
1-coins/40_1477790772.json,40_1477790772.json,40_1477790772,True,40_1477790772.jpg,40_1477790772.jpg,7,10|5,,True
1-coins/40_1477790778.json,40_1477790778.json,40_1477790778,True,40_1477790778.jpg,40_1477790778.jpg,7,10|5,,True
1-coins/40_1477790784.json,40_1477790784.json,40_1477790784,True,40_1477790784.jpg,40_1477790784.jpg,7,10|5,,True
1-coins/40_1477790790.json,40_1477790790.json,40_1477790790,True,40_1477790790.jpg,40_1477790790.jpg,7,10|5,,True
1-coins/40_1477790796.json,40_1477790796.json,40_1477790796,True,40_1477790796.jpg,40_1477790796.jpg,7,10|5,,True
1-coins/40_1477790802.json,40_1477790802.json,40_1477790802,True,40_1477790802.jpg,40_1477790802.jpg,6,10|5,,True
1-coins/40_1477790808.json,40_1477790808.json,40_1477790808,True,40_1477790808.jpg,40_1477790808.jpg,6,10|5,,True
1-coins/40_1477790814.json,40_1477790814.json,40_1477790814,True,40_1477790814.jpg,40_1477790814.jpg,6,10|5,,True
1-coins/40_1477790820.json,40_1477790820.json,40_1477790820,True,40_1477790820.jpg,40_1477790820.jpg,6,10|5,,True
1-coins/40_1477790826.json,40_1477790826.json,40_1477790826,True,40_1477790826.jpg,40_1477790826.jpg,6,10|5,,True
1-coins/40_1477790832.json,40_1477790832.json,40_1477790832,True,40_1477790832.jpg,40_1477790832.jpg,6,10|5,,True
1-coins/40_1477790838.json,40_1477790838.json,40_1477790838,True,40_1477790838.jpg,40_1477790838.jpg,6,10|5,,True
1-coins/45_1477835538.json,45_1477835538.json,45_1477835538,True,45_1477835538.jpg,45_1477835538.jpg,4,10|25|5,,True
1-coins/45_1477835544.json,45_1477835544.json,45_1477835544,True,45_1477835544.jpg,45_1477835544.jpg,4,10|25|5,,True
1-coins/45_1477835550.json,45_1477835550.json,45_1477835550,True,45_1477835550.jpg,45_1477835550.jpg,4,10|25|5,,True
1-coins/45_1477835556.json,45_1477835556.json,45_1477835556,True,45_1477835556.jpg,45_1477835556.jpg,4,10|25|5,,True
1-coins/45_1477835562.json,45_1477835562.json,45_1477835562,True,45_1477835562.jpg,45_1477835562.jpg,4,10|25|5,,True
1-coins/45_1477835568.json,45_1477835568.json,45_1477835568,True,45_1477835568.jpg,45_1477835568.jpg,4,10|25|5,,True
1-coins/45_1477835574.json,45_1477835574.json,45_1477835574,True,45_1477835574.jpg,45_1477835574.jpg,4,10|25|5,,True
1-coins/45_1477835580.json,45_1477835580.json,45_1477835580,True,45_1477835580.jpg,45_1477835580.jpg,4,10|25|5,,True
1-coins/45_1477835586.json,45_1477835586.json,45_1477835586,True,45_1477835586.jpg,45_1477835586.jpg,4,10|25|5,,True
1-coins/45_1477835592.json,45_1477835592.json,45_1477835592,True,45_1477835592.jpg,45_1477835592.jpg,4,10|25|5,,True
1-coins/45_1477835598.json,45_1477835598.json,45_1477835598,True,45_1477835598.jpg,45_1477835598.jpg,4,10|25|5,,True
1-coins/45_1477835604.json,45_1477835604.json,45_1477835604,True,45_1477835604.jpg,45_1477835604.jpg,4,10|25|5,,True
1-coins/45_1477835610.json,45_1477835610.json,45_1477835610,True,45_1477835610.jpg,45_1477835610.jpg,4,10|25|5,,True
1-coins/45_1477835616.json,45_1477835616.json,45_1477835616,True,45_1477835616.jpg,45_1477835616.jpg,4,10|25|5,,True
1-coins/45_1477835622.json,45_1477835622.json,45_1477835622,True,45_1477835622.jpg,45_1477835622.jpg,4,10|25|5,,True
1-coins/45_1477835628.json,45_1477835628.json,45_1477835628,True,45_1477835628.jpg,45_1477835628.jpg,7,10|25|5|finger,,True
1-coins/45_1477835634.json,45_1477835634.json,45_1477835634,True,45_1477835634.jpg,45_1477835634.jpg,4,10|25|5,,True
1-coins/45_1477835640.json,45_1477835640.json,45_1477835640,True,45_1477835640.jpg,45_1477835640.jpg,4,10|25|5,,True
1-coins/45_1477835646.json,45_1477835646.json,45_1477835646,True,45_1477835646.jpg,45_1477835646.jpg,4,10|25|5,,True
1-coins/45_1477835652.json,45_1477835652.json,45_1477835652,True,45_1477835652.jpg,45_1477835652.jpg,4,10|25|5,,True
1-coins/45_1477835658.json,45_1477835658.json,45_1477835658,True,45_1477835658.jpg,45_1477835658.jpg,4,10|25|5,,True
1-coins/45_1477835664.json,45_1477835664.json,45_1477835664,True,45_1477835664.jpg,45_1477835664.jpg,4,10|25|5,,True
1-coins/45_1477835670.json,45_1477835670.json,45_1477835670,True,45_1477835670.jpg,45_1477835670.jpg,4,10|25|5,,True
1-coins/45_1477835676.json,45_1477835676.json,45_1477835676,True,45_1477835676.jpg,45_1477835676.jpg,4,10|25|5,,True
1-coins/45_1477835682.json,45_1477835682.json,45_1477835682,True,45_1477835682.jpg,45_1477835682.jpg,4,10|25|5,,True
1-coins/45_1477835688.json,45_1477835688.json,45_1477835688,True,45_1477835688.jpg,45_1477835688.jpg,4,10|25|5,,True
1-coins/45_1477835694.json,45_1477835694.json,45_1477835694,True,45_1477835694.jpg,45_1477835694.jpg,4,10|25|5,,True
1-coins/45_1477835700.json,45_1477835700.json,45_1477835700,True,45_1477835700.jpg,45_1477835700.jpg,4,10|25|5,,True
1-coins/45_1477835706.json,45_1477835706.json,45_1477835706,True,45_1477835706.jpg,45_1477835706.jpg,4,10|25|5,,True
1-coins/45_1477835712.json,45_1477835712.json,45_1477835712,True,45_1477835712.jpg,45_1477835712.jpg,4,10|25|5,,True
1-coins/45_1477835808.json,45_1477835808.json,45_1477835808,True,45_1477835808.jpg,45_1477835808.jpg,6,10|5,,True
1-coins/45_1477835814.json,45_1477835814.json,45_1477835814,True,45_1477835814.jpg,45_1477835814.jpg,6,10|5,,True
1-coins/45_1477835820.json,45_1477835820.json,45_1477835820,True,45_1477835820.jpg,45_1477835820.jpg,6,10|5,,True
1-coins/45_1477835826.json,45_1477835826.json,45_1477835826,True,45_1477835826.jpg,45_1477835826.jpg,6,10|5,,True
1-coins/45_1477835832.json,45_1477835832.json,45_1477835832,True,45_1477835832.jpg,45_1477835832.jpg,6,10|5,,True
1-coins/45_1477835838.json,45_1477835838.json,45_1477835838,True,45_1477835838.jpg,45_1477835838.jpg,6,10|5,,True
1-coins/45_1477835844.json,45_1477835844.json,45_1477835844,True,45_1477835844.jpg,45_1477835844.jpg,6,10|5,,True
1-coins/45_1477835850.json,45_1477835850.json,45_1477835850,True,45_1477835850.jpg,45_1477835850.jpg,6,10|5,,True
1-coins/45_1477835856.json,45_1477835856.json,45_1477835856,True,45_1477835856.jpg,45_1477835856.jpg,6,10|5,,True
1-coins/45_1477835862.json,45_1477835862.json,45_1477835862,True,45_1477835862.jpg,45_1477835862.jpg,6,10|5,,True
1-coins/45_1477835868.json,45_1477835868.json,45_1477835868,True,45_1477835868.jpg,45_1477835868.jpg,6,10|5,,True
1-coins/45_1477835874.json,45_1477835874.json,45_1477835874,True,45_1477835874.jpg,45_1477835874.jpg,6,10|5,,True
1-coins/45_1477835880.json,45_1477835880.json,45_1477835880,True,45_1477835880.jpg,45_1477835880.jpg,6,10|5,,True
1-coins/45_1477835886.json,45_1477835886.json,45_1477835886,True,45_1477835886.jpg,45_1477835886.jpg,6,10|5,,True
1-coins/45_1477835892.json,45_1477835892.json,45_1477835892,True,45_1477835892.jpg,45_1477835892.jpg,6,10|5,,True
1-coins/45_1477835898.json,45_1477835898.json,45_1477835898,True,45_1477835898.jpg,45_1477835898.jpg,6,10|5,,True
1-coins/45_1477835904.json,45_1477835904.json,45_1477835904,True,45_1477835904.jpg,45_1477835904.jpg,6,10|5,,True
1-coins/45_1477835910.json,45_1477835910.json,45_1477835910,True,45_1477835910.jpg,45_1477835910.jpg,6,10|5,,True
1-coins/45_1477835916.json,45_1477835916.json,45_1477835916,True,45_1477835916.jpg,45_1477835916.jpg,6,10|5,,True
1-coins/45_1477835922.json,45_1477835922.json,45_1477835922,True,45_1477835922.jpg,45_1477835922.jpg,6,10|5,,True
1-coins/45_1477835928.json,45_1477835928.json,45_1477835928,True,45_1477835928.jpg,45_1477835928.jpg,6,10|5,,True
1-coins/45_1477835934.json,45_1477835934.json,45_1477835934,True,45_1477835934.jpg,45_1477835934.jpg,6,10|5,,True
1-coins/45_1477835940.json,45_1477835940.json,45_1477835940,True,45_1477835940.jpg,45_1477835940.jpg,6,10|5,,True
1-coins/45_1477835946.json,45_1477835946.json,45_1477835946,True,45_1477835946.jpg,45_1477835946.jpg,6,10|5,,True
1-coins/45_1477835952.json,45_1477835952.json,45_1477835952,True,45_1477835952.jpg,45_1477835952.jpg,6,10|5,,True
1-coins/45_1477835958.json,45_1477835958.json,45_1477835958,True,45_1477835958.jpg,45_1477835958.jpg,6,10|5,,True
1-coins/45_1477835964.json,45_1477835964.json,45_1477835964,True,45_1477835964.jpg,45_1477835964.jpg,6,10|5,,True
1-coins/45_1477835970.json,45_1477835970.json,45_1477835970,True,45_1477835970.jpg,45_1477835970.jpg,6,10|5,,True
1-coins/45_1477835976.json,45_1477835976.json,45_1477835976,True,45_1477835976.jpg,45_1477835976.jpg,6,10|5,,True
1-coins/45_1477835982.json,45_1477835982.json,45_1477835982,True,45_1477835982.jpg,45_1477835982.jpg,6,10|5,,True
1-coins/45_1477835988.json,45_1477835988.json,45_1477835988,True,45_1477835988.jpg,45_1477835988.jpg,6,10|5,,True
1-coins/45_1477836894.json,45_1477836894.json,45_1477836894,True,45_1477836894.jpg,45_1477836894.jpg,6,10|5,,True
1-coins/45_1477836900.json,45_1477836900.json,45_1477836900,True,45_1477836900.jpg,45_1477836900.jpg,6,10|5,,True
1-coins/45_1477836906.json,45_1477836906.json,45_1477836906,True,45_1477836906.jpg,45_1477836906.jpg,6,10|5,,True
1-coins/45_1477836912.json,45_1477836912.json,45_1477836912,True,45_1477836912.jpg,45_1477836912.jpg,7,10|5,,True
1-coins/45_1477836918.json,45_1477836918.json,45_1477836918,True,45_1477836918.jpg,45_1477836918.jpg,7,10|5,,True
1-coins/45_1477836924.json,45_1477836924.json,45_1477836924,True,45_1477836924.jpg,45_1477836924.jpg,7,10|5,,True
1-coins/45_1477836930.json,45_1477836930.json,45_1477836930,True,45_1477836930.jpg,45_1477836930.jpg,7,10|5,,True
1-coins/45_1477836936.json,45_1477836936.json,45_1477836936,True,45_1477836936.jpg,45_1477836936.jpg,7,10|5,,True
1-coins/45_1477836942.json,45_1477836942.json,45_1477836942,True,45_1477836942.jpg,45_1477836942.jpg,7,10|5,,True
1-coins/45_1477836948.json,45_1477836948.json,45_1477836948,True,45_1477836948.jpg,45_1477836948.jpg,7,10|5,,True
1-coins/45_1477836954.json,45_1477836954.json,45_1477836954,True,45_1477836954.jpg,45_1477836954.jpg,7,10|5,,True
1-coins/45_1477836960.json,45_1477836960.json,45_1477836960,True,45_1477836960.jpg,45_1477836960.jpg,7,10|5,,True
1-coins/45_1477836966.json,45_1477836966.json,45_1477836966,True,45_1477836966.jpg,45_1477836966.jpg,7,10|5,,True
1-coins/45_1477836972.json,45_1477836972.json,45_1477836972,True,45_1477836972.jpg,45_1477836972.jpg,7,10|5,,True
1-coins/45_1477836978.json,45_1477836978.json,45_1477836978,True,45_1477836978.jpg,45_1477836978.jpg,7,10|5,,True
1-coins/45_1477836984.json,45_1477836984.json,45_1477836984,True,45_1477836984.jpg,45_1477836984.jpg,7,10|5,,True
1-coins/45_1477836990.json,45_1477836990.json,45_1477836990,True,45_1477836990.jpg,45_1477836990.jpg,6,10|5,,True
1-coins/45_1477836996.json,45_1477836996.json,45_1477836996,True,45_1477836996.jpg,45_1477836996.jpg,6,10|5,,True
1-coins/45_1477837002.json,45_1477837002.json,45_1477837002,True,45_1477837002.jpg,45_1477837002.jpg,5,10|5,,True
1-coins/45_1477837008.json,45_1477837008.json,45_1477837008,True,45_1477837008.jpg,45_1477837008.jpg,5,10|5,,True
1-coins/45_1477837014.json,45_1477837014.json,45_1477837014,True,45_1477837014.jpg,45_1477837014.jpg,5,10|5,,True
1-coins/45_1477837020.json,45_1477837020.json,45_1477837020,True,45_1477837020.jpg,45_1477837020.jpg,5,10|5,,True
1-coins/45_1477837026.json,45_1477837026.json,45_1477837026,True,45_1477837026.jpg,45_1477837026.jpg,5,10|5,,True
1-coins/45_1477837032.json,45_1477837032.json,45_1477837032,True,45_1477837032.jpg,45_1477837032.jpg,3,10|25,,True
1-coins/45_1477837038.json,45_1477837038.json,45_1477837038,True,45_1477837038.jpg,45_1477837038.jpg,3,10|25,,True
1-coins/45_1477837044.json,45_1477837044.json,45_1477837044,True,45_1477837044.jpg,45_1477837044.jpg,3,10|25,,True
1-coins/45_1477837050.json,45_1477837050.json,45_1477837050,True,45_1477837050.jpg,45_1477837050.jpg,3,10|25,,True
1-coins/45_1477837056.json,45_1477837056.json,45_1477837056,True,45_1477837056.jpg,45_1477837056.jpg,3,10|25,,True
1-coins/45_1477837062.json,45_1477837062.json,45_1477837062,True,45_1477837062.jpg,45_1477837062.jpg,3,10|25,,True
1-coins/45_1477837068.json,45_1477837068.json,45_1477837068,True,45_1477837068.jpg,45_1477837068.jpg,3,10|25,,True
1-coins/50_1477139796.json,50_1477139796.json,50_1477139796,True,50_1477139796.jpg,50_1477139796.jpg,1,50,,True
1-coins/50_1477139802.json,50_1477139802.json,50_1477139802,True,50_1477139802.jpg,50_1477139802.jpg,1,50,,True
1-coins/50_1477139808.json,50_1477139808.json,50_1477139808,True,50_1477139808.jpg,50_1477139808.jpg,1,50,,True
1-coins/50_1477139814.json,50_1477139814.json,50_1477139814,True,50_1477139814.jpg,50_1477139814.jpg,1,50,,True
1-coins/50_1477139820.json,50_1477139820.json,50_1477139820,True,50_1477139820.jpg,50_1477139820.jpg,1,50,,True
1-coins/50_1477139826.json,50_1477139826.json,50_1477139826,True,50_1477139826.jpg,50_1477139826.jpg,1,50,,True
1-coins/50_1477139832.json,50_1477139832.json,50_1477139832,True,50_1477139832.jpg,50_1477139832.jpg,1,50,,True
1-coins/50_1477139838.json,50_1477139838.json,50_1477139838,True,50_1477139838.jpg,50_1477139838.jpg,1,50,,True
1-coins/50_1477139844.json,50_1477139844.json,50_1477139844,True,50_1477139844.jpg,50_1477139844.jpg,1,50,,True
1-coins/50_1477139850.json,50_1477139850.json,50_1477139850,True,50_1477139850.jpg,50_1477139850.jpg,1,50,,True
1-coins/50_1477139856.json,50_1477139856.json,50_1477139856,True,50_1477139856.jpg,50_1477139856.jpg,1,50,,True
1-coins/50_1477139862.json,50_1477139862.json,50_1477139862,True,50_1477139862.jpg,50_1477139862.jpg,1,50,,True
1-coins/50_1477139868.json,50_1477139868.json,50_1477139868,True,50_1477139868.jpg,50_1477139868.jpg,1,50,,True
1-coins/50_1477139874.json,50_1477139874.json,50_1477139874,True,50_1477139874.jpg,50_1477139874.jpg,1,50,,True
1-coins/50_1477139880.json,50_1477139880.json,50_1477139880,True,50_1477139880.jpg,50_1477139880.jpg,1,50,,True
1-coins/50_1477139886.json,50_1477139886.json,50_1477139886,True,50_1477139886.jpg,50_1477139886.jpg,1,50,,True
1-coins/50_1477139892.json,50_1477139892.json,50_1477139892,True,50_1477139892.jpg,50_1477139892.jpg,1,50,,True
1-coins/50_1477139898.json,50_1477139898.json,50_1477139898,True,50_1477139898.jpg,50_1477139898.jpg,1,50,,True
1-coins/50_1477139904.json,50_1477139904.json,50_1477139904,True,50_1477139904.jpg,50_1477139904.jpg,1,50,,True
1-coins/50_1477139910.json,50_1477139910.json,50_1477139910,True,50_1477139910.jpg,50_1477139910.jpg,1,50,,True
1-coins/50_1477139916.json,50_1477139916.json,50_1477139916,True,50_1477139916.jpg,50_1477139916.jpg,1,50,,True
1-coins/50_1477139922.json,50_1477139922.json,50_1477139922,True,50_1477139922.jpg,50_1477139922.jpg,1,50,,True
1-coins/50_1477139928.json,50_1477139928.json,50_1477139928,True,50_1477139928.jpg,50_1477139928.jpg,1,50,,True
1-coins/50_1477139934.json,50_1477139934.json,50_1477139934,True,50_1477139934.jpg,50_1477139934.jpg,1,50,,True
1-coins/50_1477139940.json,50_1477139940.json,50_1477139940,True,50_1477139940.jpg,50_1477139940.jpg,1,50,,True
1-coins/50_1477139946.json,50_1477139946.json,50_1477139946,True,50_1477139946.jpg,50_1477139946.jpg,1,50,,True
1-coins/50_1477139952.json,50_1477139952.json,50_1477139952,True,50_1477139952.jpg,50_1477139952.jpg,1,50,,True
1-coins/50_1477139958.json,50_1477139958.json,50_1477139958,True,50_1477139958.jpg,50_1477139958.jpg,1,50,,True
1-coins/50_1477139964.json,50_1477139964.json,50_1477139964,True,50_1477139964.jpg,50_1477139964.jpg,1,50,,True
1-coins/50_1477139970.json,50_1477139970.json,50_1477139970,True,50_1477139970.jpg,50_1477139970.jpg,1,50,,True
1-coins/50_1477140102.json,50_1477140102.json,50_1477140102,True,50_1477140102.jpg,50_1477140102.jpg,1,50,,True
1-coins/50_1477140108.json,50_1477140108.json,50_1477140108,True,50_1477140108.jpg,50_1477140108.jpg,1,50,,True
1-coins/50_1477140114.json,50_1477140114.json,50_1477140114,True,50_1477140114.jpg,50_1477140114.jpg,2,50|finger,,True
1-coins/50_1477140120.json,50_1477140120.json,50_1477140120,True,50_1477140120.jpg,50_1477140120.jpg,1,50,,True
1-coins/50_1477140126.json,50_1477140126.json,50_1477140126,True,50_1477140126.jpg,50_1477140126.jpg,1,50,,True
1-coins/50_1477140132.json,50_1477140132.json,50_1477140132,True,50_1477140132.jpg,50_1477140132.jpg,1,50,,True
1-coins/50_1477140138.json,50_1477140138.json,50_1477140138,True,50_1477140138.jpg,50_1477140138.jpg,1,50,,True
1-coins/50_1477140144.json,50_1477140144.json,50_1477140144,True,50_1477140144.jpg,50_1477140144.jpg,1,50,,True
1-coins/50_1477140150.json,50_1477140150.json,50_1477140150,True,50_1477140150.jpg,50_1477140150.jpg,1,50,,True
1-coins/50_1477140156.json,50_1477140156.json,50_1477140156,True,50_1477140156.jpg,50_1477140156.jpg,1,50,,True
1-coins/50_1477140162.json,50_1477140162.json,50_1477140162,True,50_1477140162.jpg,50_1477140162.jpg,1,50,,True
1-coins/50_1477140168.json,50_1477140168.json,50_1477140168,True,50_1477140168.jpg,50_1477140168.jpg,1,50,,True
1-coins/50_1477140174.json,50_1477140174.json,50_1477140174,True,50_1477140174.jpg,50_1477140174.jpg,1,50,,True
1-coins/50_1477140180.json,50_1477140180.json,50_1477140180,True,50_1477140180.jpg,50_1477140180.jpg,1,50,,True
1-coins/50_1477140186.json,50_1477140186.json,50_1477140186,True,50_1477140186.jpg,50_1477140186.jpg,1,50,,True
1-coins/50_1477140192.json,50_1477140192.json,50_1477140192,True,50_1477140192.jpg,50_1477140192.jpg,1,50,,True
1-coins/50_1477140198.json,50_1477140198.json,50_1477140198,True,50_1477140198.jpg,50_1477140198.jpg,1,50,,True
1-coins/50_1477140204.json,50_1477140204.json,50_1477140204,True,50_1477140204.jpg,50_1477140204.jpg,1,50,,True
1-coins/50_1477140210.json,50_1477140210.json,50_1477140210,True,50_1477140210.jpg,50_1477140210.jpg,1,50,,True
1-coins/50_1477140216.json,50_1477140216.json,50_1477140216,True,50_1477140216.jpg,50_1477140216.jpg,1,50,,True
1-coins/50_1477140222.json,50_1477140222.json,50_1477140222,True,50_1477140222.jpg,50_1477140222.jpg,1,50,,True
1-coins/50_1477140228.json,50_1477140228.json,50_1477140228,True,50_1477140228.jpg,50_1477140228.jpg,1,50,,True
1-coins/50_1477140234.json,50_1477140234.json,50_1477140234,True,50_1477140234.jpg,50_1477140234.jpg,1,50,,True
1-coins/50_1477140240.json,50_1477140240.json,50_1477140240,True,50_1477140240.jpg,50_1477140240.jpg,1,50,,True
1-coins/50_1477140246.json,50_1477140246.json,50_1477140246,True,50_1477140246.jpg,50_1477140246.jpg,1,50,,True
1-coins/50_1477140252.json,50_1477140252.json,50_1477140252,True,50_1477140252.jpg,50_1477140252.jpg,1,50,,True
1-coins/50_1477140258.json,50_1477140258.json,50_1477140258,True,50_1477140258.jpg,50_1477140258.jpg,1,50,,True
1-coins/50_1477140264.json,50_1477140264.json,50_1477140264,True,50_1477140264.jpg,50_1477140264.jpg,1,50,,True
1-coins/50_1477140270.json,50_1477140270.json,50_1477140270,True,50_1477140270.jpg,50_1477140270.jpg,1,50,,True
1-coins/50_1477140276.json,50_1477140276.json,50_1477140276,True,50_1477140276.jpg,50_1477140276.jpg,1,50,,True
1-coins/50_1477144500.json,50_1477144500.json,50_1477144500,True,50_1477144500.jpg,50_1477144500.jpg,1,50,,True
1-coins/50_1477144506.json,50_1477144506.json,50_1477144506,True,50_1477144506.jpg,50_1477144506.jpg,1,50,,True
1-coins/50_1477144512.json,50_1477144512.json,50_1477144512,True,50_1477144512.jpg,50_1477144512.jpg,1,50,,True
1-coins/50_1477144518.json,50_1477144518.json,50_1477144518,True,50_1477144518.jpg,50_1477144518.jpg,1,50,,True
1-coins/50_1477144524.json,50_1477144524.json,50_1477144524,True,50_1477144524.jpg,50_1477144524.jpg,1,50,,True
1-coins/50_1477144530.json,50_1477144530.json,50_1477144530,True,50_1477144530.jpg,50_1477144530.jpg,1,50,,True
1-coins/50_1477144536.json,50_1477144536.json,50_1477144536,True,50_1477144536.jpg,50_1477144536.jpg,1,50,,True
1-coins/50_1477144542.json,50_1477144542.json,50_1477144542,True,50_1477144542.jpg,50_1477144542.jpg,1,50,,True
1-coins/50_1477144548.json,50_1477144548.json,50_1477144548,True,50_1477144548.jpg,50_1477144548.jpg,1,50,,True
1-coins/50_1477144554.json,50_1477144554.json,50_1477144554,True,50_1477144554.jpg,50_1477144554.jpg,1,50,,True
1-coins/50_1477144560.json,50_1477144560.json,50_1477144560,True,50_1477144560.jpg,50_1477144560.jpg,1,50,,True
1-coins/50_1477144566.json,50_1477144566.json,50_1477144566,True,50_1477144566.jpg,50_1477144566.jpg,1,50,,True
1-coins/50_1477144572.json,50_1477144572.json,50_1477144572,True,50_1477144572.jpg,50_1477144572.jpg,1,50,,True
1-coins/50_1477144578.json,50_1477144578.json,50_1477144578,True,50_1477144578.jpg,50_1477144578.jpg,1,50,,True
1-coins/50_1477144584.json,50_1477144584.json,50_1477144584,True,50_1477144584.jpg,50_1477144584.jpg,1,50,,True
1-coins/50_1477144590.json,50_1477144590.json,50_1477144590,True,50_1477144590.jpg,50_1477144590.jpg,1,50,,True
1-coins/50_1477144596.json,50_1477144596.json,50_1477144596,True,50_1477144596.jpg,50_1477144596.jpg,1,50,,True
1-coins/50_1477144602.json,50_1477144602.json,50_1477144602,True,50_1477144602.jpg,50_1477144602.jpg,1,50,,True
1-coins/50_1477144608.json,50_1477144608.json,50_1477144608,True,50_1477144608.jpg,50_1477144608.jpg,1,50,,True
1-coins/50_1477144614.json,50_1477144614.json,50_1477144614,True,50_1477144614.jpg,50_1477144614.jpg,1,50,,True
1-coins/50_1477144620.json,50_1477144620.json,50_1477144620,True,50_1477144620.jpg,50_1477144620.jpg,1,50,,True
1-coins/50_1477144626.json,50_1477144626.json,50_1477144626,True,50_1477144626.jpg,50_1477144626.jpg,1,50,,True
1-coins/50_1477144632.json,50_1477144632.json,50_1477144632,True,50_1477144632.jpg,50_1477144632.jpg,1,50,,True
1-coins/50_1477144638.json,50_1477144638.json,50_1477144638,True,50_1477144638.jpg,50_1477144638.jpg,1,50,,True
1-coins/50_1477144644.json,50_1477144644.json,50_1477144644,True,50_1477144644.jpg,50_1477144644.jpg,1,50,,True
1-coins/50_1477144650.json,50_1477144650.json,50_1477144650,True,50_1477144650.jpg,50_1477144650.jpg,1,50,,True
1-coins/50_1477144656.json,50_1477144656.json,50_1477144656,True,50_1477144656.jpg,50_1477144656.jpg,1,50,,True
1-coins/50_1477144662.json,50_1477144662.json,50_1477144662,True,50_1477144662.jpg,50_1477144662.jpg,1,50,,True
1-coins/50_1477144668.json,50_1477144668.json,50_1477144668,True,50_1477144668.jpg,50_1477144668.jpg,1,50,,True
1-coins/50_1477144674.json,50_1477144674.json,50_1477144674,True,50_1477144674.jpg,50_1477144674.jpg,1,50,,True
1-coins/50_1477144914.json,50_1477144914.json,50_1477144914,True,50_1477144914.jpg,50_1477144914.jpg,1,50,,True
1-coins/50_1477144920.json,50_1477144920.json,50_1477144920,True,50_1477144920.jpg,50_1477144920.jpg,1,50,,True
1-coins/50_1477144926.json,50_1477144926.json,50_1477144926,True,50_1477144926.jpg,50_1477144926.jpg,1,50,,True
1-coins/50_1477144932.json,50_1477144932.json,50_1477144932,True,50_1477144932.jpg,50_1477144932.jpg,1,50,,True
1-coins/50_1477144938.json,50_1477144938.json,50_1477144938,True,50_1477144938.jpg,50_1477144938.jpg,1,50,,True
1-coins/50_1477144944.json,50_1477144944.json,50_1477144944,True,50_1477144944.jpg,50_1477144944.jpg,3,50|finger,,True
1-coins/50_1477144950.json,50_1477144950.json,50_1477144950,True,50_1477144950.jpg,50_1477144950.jpg,1,50,,True
1-coins/50_1477144956.json,50_1477144956.json,50_1477144956,True,50_1477144956.jpg,50_1477144956.jpg,1,50,,True
1-coins/50_1477144962.json,50_1477144962.json,50_1477144962,True,50_1477144962.jpg,50_1477144962.jpg,1,50,,True
1-coins/50_1477145064.json,50_1477145064.json,50_1477145064,True,50_1477145064.jpg,50_1477145064.jpg,1,50,,True
1-coins/50_1477145070.json,50_1477145070.json,50_1477145070,True,50_1477145070.jpg,50_1477145070.jpg,1,50,,True
1-coins/50_1477145076.json,50_1477145076.json,50_1477145076,True,50_1477145076.jpg,50_1477145076.jpg,1,50,,True
1-coins/50_1477145082.json,50_1477145082.json,50_1477145082,True,50_1477145082.jpg,50_1477145082.jpg,2,50|finger,,True
1-coins/50_1477145088.json,50_1477145088.json,50_1477145088,True,50_1477145088.jpg,50_1477145088.jpg,1,50,,True
1-coins/50_1477145094.json,50_1477145094.json,50_1477145094,True,50_1477145094.jpg,50_1477145094.jpg,1,50,,True
1-coins/50_1477145100.json,50_1477145100.json,50_1477145100,True,50_1477145100.jpg,50_1477145100.jpg,1,50,,True
1-coins/50_1477145106.json,50_1477145106.json,50_1477145106,True,50_1477145106.jpg,50_1477145106.jpg,1,50,,True
1-coins/50_1477145112.json,50_1477145112.json,50_1477145112,True,50_1477145112.jpg,50_1477145112.jpg,1,50,,True
1-coins/50_1477145118.json,50_1477145118.json,50_1477145118,True,50_1477145118.jpg,50_1477145118.jpg,1,50,,True
1-coins/50_1477145124.json,50_1477145124.json,50_1477145124,True,50_1477145124.jpg,50_1477145124.jpg,1,50,,True
1-coins/50_1477145130.json,50_1477145130.json,50_1477145130,True,50_1477145130.jpg,50_1477145130.jpg,1,50,,True
1-coins/50_1477145136.json,50_1477145136.json,50_1477145136,True,50_1477145136.jpg,50_1477145136.jpg,1,50,,True
1-coins/50_1477145142.json,50_1477145142.json,50_1477145142,True,50_1477145142.jpg,50_1477145142.jpg,1,50,,True
1-coins/50_1477145148.json,50_1477145148.json,50_1477145148,True,50_1477145148.jpg,50_1477145148.jpg,1,50,,True
1-coins/50_1477145154.json,50_1477145154.json,50_1477145154,True,50_1477145154.jpg,50_1477145154.jpg,1,50,,True
1-coins/50_1477145160.json,50_1477145160.json,50_1477145160,True,50_1477145160.jpg,50_1477145160.jpg,1,50,,True
1-coins/50_1477145166.json,50_1477145166.json,50_1477145166,True,50_1477145166.jpg,50_1477145166.jpg,1,50,,True
1-coins/50_1477145172.json,50_1477145172.json,50_1477145172,True,50_1477145172.jpg,50_1477145172.jpg,1,50,,True
1-coins/50_1477145178.json,50_1477145178.json,50_1477145178,True,50_1477145178.jpg,50_1477145178.jpg,1,50,,True
1-coins/50_1477145190.json,50_1477145190.json,50_1477145190,True,50_1477145190.jpg,50_1477145190.jpg,1,50,,True
1-coins/50_1477145196.json,50_1477145196.json,50_1477145196,True,50_1477145196.jpg,50_1477145196.jpg,1,50,,True
1-coins/50_1477145202.json,50_1477145202.json,50_1477145202,True,50_1477145202.jpg,50_1477145202.jpg,1,50,,True
1-coins/50_1477145208.json,50_1477145208.json,50_1477145208,True,50_1477145208.jpg,50_1477145208.jpg,1,50,,True
1-coins/50_1477145214.json,50_1477145214.json,50_1477145214,True,50_1477145214.jpg,50_1477145214.jpg,1,50,,True
1-coins/50_1477145220.json,50_1477145220.json,50_1477145220,True,50_1477145220.jpg,50_1477145220.jpg,1,50,,True
1-coins/50_1477145226.json,50_1477145226.json,50_1477145226,True,50_1477145226.jpg,50_1477145226.jpg,1,50,,True
1-coins/50_1477145232.json,50_1477145232.json,50_1477145232,True,50_1477145232.jpg,50_1477145232.jpg,1,50,,True
1-coins/50_1477145238.json,50_1477145238.json,50_1477145238,True,50_1477145238.jpg,50_1477145238.jpg,1,50,,True
1-coins/50_1477192776.json,50_1477192776.json,50_1477192776,True,50_1477192776.jpg,50_1477192776.jpg,1,50,,True
1-coins/50_1477192782.json,50_1477192782.json,50_1477192782,True,50_1477192782.jpg,50_1477192782.jpg,1,50,,True
1-coins/50_1477192788.json,50_1477192788.json,50_1477192788,True,50_1477192788.jpg,50_1477192788.jpg,1,50,,True
1-coins/50_1477192794.json,50_1477192794.json,50_1477192794,True,50_1477192794.jpg,50_1477192794.jpg,1,50,,True
1-coins/50_1477192800.json,50_1477192800.json,50_1477192800,True,50_1477192800.jpg,50_1477192800.jpg,1,50,,True
1-coins/50_1477192806.json,50_1477192806.json,50_1477192806,True,50_1477192806.jpg,50_1477192806.jpg,1,50,,True
1-coins/50_1477192812.json,50_1477192812.json,50_1477192812,True,50_1477192812.jpg,50_1477192812.jpg,1,50,,True
1-coins/50_1477192818.json,50_1477192818.json,50_1477192818,True,50_1477192818.jpg,50_1477192818.jpg,1,50,,True
1-coins/50_1477192824.json,50_1477192824.json,50_1477192824,True,50_1477192824.jpg,50_1477192824.jpg,1,50,,True
1-coins/50_1477192830.json,50_1477192830.json,50_1477192830,True,50_1477192830.jpg,50_1477192830.jpg,1,50,,True
1-coins/50_1477192836.json,50_1477192836.json,50_1477192836,True,50_1477192836.jpg,50_1477192836.jpg,1,50,,True
1-coins/50_1477192842.json,50_1477192842.json,50_1477192842,True,50_1477192842.jpg,50_1477192842.jpg,1,50,,True
1-coins/50_1477192848.json,50_1477192848.json,50_1477192848,True,50_1477192848.jpg,50_1477192848.jpg,1,50,,True
1-coins/50_1477192854.json,50_1477192854.json,50_1477192854,True,50_1477192854.jpg,50_1477192854.jpg,1,50,,True
1-coins/50_1477192860.json,50_1477192860.json,50_1477192860,True,50_1477192860.jpg,50_1477192860.jpg,1,50,,True
1-coins/50_1477192866.json,50_1477192866.json,50_1477192866,True,50_1477192866.jpg,50_1477192866.jpg,1,50,,True
1-coins/50_1477192872.json,50_1477192872.json,50_1477192872,True,50_1477192872.jpg,50_1477192872.jpg,1,50,,True
1-coins/50_1477192878.json,50_1477192878.json,50_1477192878,True,50_1477192878.jpg,50_1477192878.jpg,1,50,,True
1-coins/50_1477192884.json,50_1477192884.json,50_1477192884,True,50_1477192884.jpg,50_1477192884.jpg,1,50,,True
1-coins/50_1477192890.json,50_1477192890.json,50_1477192890,True,50_1477192890.jpg,50_1477192890.jpg,1,50,,True
1-coins/50_1477192896.json,50_1477192896.json,50_1477192896,True,50_1477192896.jpg,50_1477192896.jpg,1,50,,True
1-coins/50_1477192902.json,50_1477192902.json,50_1477192902,True,50_1477192902.jpg,50_1477192902.jpg,1,50,,True
1-coins/50_1477192908.json,50_1477192908.json,50_1477192908,True,50_1477192908.jpg,50_1477192908.jpg,1,50,,True
1-coins/50_1477192914.json,50_1477192914.json,50_1477192914,True,50_1477192914.jpg,50_1477192914.jpg,1,50,,True
1-coins/50_1477192920.json,50_1477192920.json,50_1477192920,True,50_1477192920.jpg,50_1477192920.jpg,1,50,,True
1-coins/50_1477192926.json,50_1477192926.json,50_1477192926,True,50_1477192926.jpg,50_1477192926.jpg,1,50,,True
1-coins/50_1477192932.json,50_1477192932.json,50_1477192932,True,50_1477192932.jpg,50_1477192932.jpg,1,50,,True
1-coins/50_1477192938.json,50_1477192938.json,50_1477192938,True,50_1477192938.jpg,50_1477192938.jpg,1,50,,True
1-coins/50_1477192944.json,50_1477192944.json,50_1477192944,True,50_1477192944.jpg,50_1477192944.jpg,1,50,,True
1-coins/50_1477192950.json,50_1477192950.json,50_1477192950,True,50_1477192950.jpg,50_1477192950.jpg,1,50,,True
1-coins/50_1477192956.json,50_1477192956.json,50_1477192956,True,50_1477192956.jpg,50_1477192956.jpg,1,50,,True
1-coins/50_1477192962.json,50_1477192962.json,50_1477192962,True,50_1477192962.jpg,50_1477192962.jpg,1,50,,True
1-coins/50_1477192968.json,50_1477192968.json,50_1477192968,True,50_1477192968.jpg,50_1477192968.jpg,1,50,,True
1-coins/50_1477192974.json,50_1477192974.json,50_1477192974,True,50_1477192974.jpg,50_1477192974.jpg,1,50,,True
1-coins/50_1477192980.json,50_1477192980.json,50_1477192980,True,50_1477192980.jpg,50_1477192980.jpg,1,50,,True
1-coins/50_1477192986.json,50_1477192986.json,50_1477192986,True,50_1477192986.jpg,50_1477192986.jpg,1,50,,True
1-coins/50_1477192992.json,50_1477192992.json,50_1477192992,True,50_1477192992.jpg,50_1477192992.jpg,1,50,,True
1-coins/50_1477192998.json,50_1477192998.json,50_1477192998,True,50_1477192998.jpg,50_1477192998.jpg,1,50,,True
1-coins/50_1477193004.json,50_1477193004.json,50_1477193004,True,50_1477193004.jpg,50_1477193004.jpg,1,50,,True
1-coins/50_1477193010.json,50_1477193010.json,50_1477193010,True,50_1477193010.jpg,50_1477193010.jpg,1,50,,True
1-coins/50_1477193016.json,50_1477193016.json,50_1477193016,True,50_1477193016.jpg,50_1477193016.jpg,1,50,,True
1-coins/50_1477193022.json,50_1477193022.json,50_1477193022,True,50_1477193022.jpg,50_1477193022.jpg,1,50,,True
1-coins/50_1477193028.json,50_1477193028.json,50_1477193028,True,50_1477193028.jpg,50_1477193028.jpg,1,50,,True
1-coins/50_1477193034.json,50_1477193034.json,50_1477193034,True,50_1477193034.jpg,50_1477193034.jpg,1,50,,True
1-coins/50_1477193040.json,50_1477193040.json,50_1477193040,True,50_1477193040.jpg,50_1477193040.jpg,1,50,,True
1-coins/50_1477193046.json,50_1477193046.json,50_1477193046,True,50_1477193046.jpg,50_1477193046.jpg,1,50,,True
1-coins/50_1477193052.json,50_1477193052.json,50_1477193052,True,50_1477193052.jpg,50_1477193052.jpg,1,50,,True
1-coins/50_1477193058.json,50_1477193058.json,50_1477193058,True,50_1477193058.jpg,50_1477193058.jpg,1,50,,True
1-coins/50_1477193064.json,50_1477193064.json,50_1477193064,True,50_1477193064.jpg,50_1477193064.jpg,1,50,,True
1-coins/50_1477193070.json,50_1477193070.json,50_1477193070,True,50_1477193070.jpg,50_1477193070.jpg,1,50,,True
1-coins/50_1477193076.json,50_1477193076.json,50_1477193076,True,50_1477193076.jpg,50_1477193076.jpg,1,50,,True
1-coins/50_1477193082.json,50_1477193082.json,50_1477193082,True,50_1477193082.jpg,50_1477193082.jpg,1,50,,True
1-coins/50_1477193088.json,50_1477193088.json,50_1477193088,True,50_1477193088.jpg,50_1477193088.jpg,1,50,,True
1-coins/50_1477193094.json,50_1477193094.json,50_1477193094,True,50_1477193094.jpg,50_1477193094.jpg,1,50,,True
1-coins/50_1477193100.json,50_1477193100.json,50_1477193100,True,50_1477193100.jpg,50_1477193100.jpg,1,50,,True
1-coins/50_1477193106.json,50_1477193106.json,50_1477193106,True,50_1477193106.jpg,50_1477193106.jpg,1,50,,True
1-coins/50_1477193112.json,50_1477193112.json,50_1477193112,True,50_1477193112.jpg,50_1477193112.jpg,1,50,,True
1-coins/50_1477193118.json,50_1477193118.json,50_1477193118,True,50_1477193118.jpg,50_1477193118.jpg,1,50,,True
1-coins/50_1477193124.json,50_1477193124.json,50_1477193124,True,50_1477193124.jpg,50_1477193124.jpg,1,50,,True
1-coins/50_1477193130.json,50_1477193130.json,50_1477193130,True,50_1477193130.jpg,50_1477193130.jpg,1,50,,True
1-coins/50_1477193136.json,50_1477193136.json,50_1477193136,True,50_1477193136.jpg,50_1477193136.jpg,1,50,,True
1-coins/50_1477193142.json,50_1477193142.json,50_1477193142,True,50_1477193142.jpg,50_1477193142.jpg,1,50,,True
1-coins/50_1477193244.json,50_1477193244.json,50_1477193244,True,50_1477193244.jpg,50_1477193244.jpg,1,50,,True
1-coins/50_1477193250.json,50_1477193250.json,50_1477193250,True,50_1477193250.jpg,50_1477193250.jpg,1,50,,True
1-coins/50_1477193256.json,50_1477193256.json,50_1477193256,True,50_1477193256.jpg,50_1477193256.jpg,1,50,,True
1-coins/50_1477193262.json,50_1477193262.json,50_1477193262,True,50_1477193262.jpg,50_1477193262.jpg,1,50,,True
1-coins/50_1477193268.json,50_1477193268.json,50_1477193268,True,50_1477193268.jpg,50_1477193268.jpg,1,50,,True
1-coins/50_1477193274.json,50_1477193274.json,50_1477193274,True,50_1477193274.jpg,50_1477193274.jpg,1,50,,True
1-coins/50_1477193280.json,50_1477193280.json,50_1477193280,True,50_1477193280.jpg,50_1477193280.jpg,1,50,,True
1-coins/50_1477193286.json,50_1477193286.json,50_1477193286,True,50_1477193286.jpg,50_1477193286.jpg,1,50,,True
1-coins/50_1477193292.json,50_1477193292.json,50_1477193292,True,50_1477193292.jpg,50_1477193292.jpg,1,50,,True
1-coins/50_1477193298.json,50_1477193298.json,50_1477193298,True,50_1477193298.jpg,50_1477193298.jpg,1,50,,True
1-coins/50_1477193304.json,50_1477193304.json,50_1477193304,True,50_1477193304.jpg,50_1477193304.jpg,1,50,,True
1-coins/50_1477193310.json,50_1477193310.json,50_1477193310,True,50_1477193310.jpg,50_1477193310.jpg,1,50,,True
1-coins/50_1477193316.json,50_1477193316.json,50_1477193316,True,50_1477193316.jpg,50_1477193316.jpg,1,50,,True
1-coins/50_1477193322.json,50_1477193322.json,50_1477193322,True,50_1477193322.jpg,50_1477193322.jpg,6,50|finger,,True
1-coins/50_1477193328.json,50_1477193328.json,50_1477193328,True,50_1477193328.jpg,50_1477193328.jpg,1,50,,True
1-coins/50_1477193334.json,50_1477193334.json,50_1477193334,True,50_1477193334.jpg,50_1477193334.jpg,1,50,,True
1-coins/50_1477193340.json,50_1477193340.json,50_1477193340,True,50_1477193340.jpg,50_1477193340.jpg,1,50,,True
1-coins/50_1477193346.json,50_1477193346.json,50_1477193346,True,50_1477193346.jpg,50_1477193346.jpg,1,50,,True
1-coins/50_1477193352.json,50_1477193352.json,50_1477193352,True,50_1477193352.jpg,50_1477193352.jpg,1,50,,True
1-coins/50_1477193358.json,50_1477193358.json,50_1477193358,True,50_1477193358.jpg,50_1477193358.jpg,1,50,,True
1-coins/50_1477193364.json,50_1477193364.json,50_1477193364,True,50_1477193364.jpg,50_1477193364.jpg,1,50,,True
1-coins/50_1477193370.json,50_1477193370.json,50_1477193370,True,50_1477193370.jpg,50_1477193370.jpg,1,50,,True
1-coins/50_1477193376.json,50_1477193376.json,50_1477193376,True,50_1477193376.jpg,50_1477193376.jpg,1,50,,True
1-coins/50_1477193382.json,50_1477193382.json,50_1477193382,True,50_1477193382.jpg,50_1477193382.jpg,1,50,,True
1-coins/50_1477193388.json,50_1477193388.json,50_1477193388,True,50_1477193388.jpg,50_1477193388.jpg,1,50,,True
1-coins/50_1477193394.json,50_1477193394.json,50_1477193394,True,50_1477193394.jpg,50_1477193394.jpg,1,50,,True
1-coins/50_1477193400.json,50_1477193400.json,50_1477193400,True,50_1477193400.jpg,50_1477193400.jpg,1,50,,True
1-coins/50_1477193406.json,50_1477193406.json,50_1477193406,True,50_1477193406.jpg,50_1477193406.jpg,1,50,,True
1-coins/50_1477193412.json,50_1477193412.json,50_1477193412,True,50_1477193412.jpg,50_1477193412.jpg,1,50,,True
1-coins/50_1477193418.json,50_1477193418.json,50_1477193418,True,50_1477193418.jpg,50_1477193418.jpg,1,50,,True
1-coins/50_1477193448.json,50_1477193448.json,50_1477193448,True,50_1477193448.jpg,50_1477193448.jpg,1,50,,True
1-coins/50_1477193454.json,50_1477193454.json,50_1477193454,True,50_1477193454.jpg,50_1477193454.jpg,1,50,,True
1-coins/50_1477193460.json,50_1477193460.json,50_1477193460,True,50_1477193460.jpg,50_1477193460.jpg,1,50,,True
1-coins/50_1477193466.json,50_1477193466.json,50_1477193466,True,50_1477193466.jpg,50_1477193466.jpg,1,50,,True
1-coins/50_1477193472.json,50_1477193472.json,50_1477193472,True,50_1477193472.jpg,50_1477193472.jpg,1,50,,True
1-coins/50_1477193478.json,50_1477193478.json,50_1477193478,True,50_1477193478.jpg,50_1477193478.jpg,1,50,,True
1-coins/50_1477193484.json,50_1477193484.json,50_1477193484,True,50_1477193484.jpg,50_1477193484.jpg,1,50,,True
1-coins/50_1477193490.json,50_1477193490.json,50_1477193490,True,50_1477193490.jpg,50_1477193490.jpg,1,50,,True
1-coins/50_1477193496.json,50_1477193496.json,50_1477193496,True,50_1477193496.jpg,50_1477193496.jpg,1,50,,True
1-coins/50_1477193502.json,50_1477193502.json,50_1477193502,True,50_1477193502.jpg,50_1477193502.jpg,1,50,,True
1-coins/50_1477193508.json,50_1477193508.json,50_1477193508,True,50_1477193508.jpg,50_1477193508.jpg,1,50,,True
1-coins/50_1477193514.json,50_1477193514.json,50_1477193514,True,50_1477193514.jpg,50_1477193514.jpg,1,50,,True
1-coins/50_1477193520.json,50_1477193520.json,50_1477193520,True,50_1477193520.jpg,50_1477193520.jpg,1,50,,True
1-coins/50_1477193526.json,50_1477193526.json,50_1477193526,True,50_1477193526.jpg,50_1477193526.jpg,1,50,,True
1-coins/50_1477193532.json,50_1477193532.json,50_1477193532,True,50_1477193532.jpg,50_1477193532.jpg,1,50,,True
1-coins/50_1477193538.json,50_1477193538.json,50_1477193538,True,50_1477193538.jpg,50_1477193538.jpg,1,50,,True
1-coins/50_1477193544.json,50_1477193544.json,50_1477193544,True,50_1477193544.jpg,50_1477193544.jpg,1,50,,True
1-coins/50_1477193550.json,50_1477193550.json,50_1477193550,True,50_1477193550.jpg,50_1477193550.jpg,1,50,,True
1-coins/50_1477193556.json,50_1477193556.json,50_1477193556,True,50_1477193556.jpg,50_1477193556.jpg,1,50,,True
1-coins/50_1477193562.json,50_1477193562.json,50_1477193562,True,50_1477193562.jpg,50_1477193562.jpg,1,50,,True
1-coins/50_1477193568.json,50_1477193568.json,50_1477193568,True,50_1477193568.jpg,50_1477193568.jpg,1,50,,True
1-coins/50_1477193574.json,50_1477193574.json,50_1477193574,True,50_1477193574.jpg,50_1477193574.jpg,1,50,,True
1-coins/50_1477193580.json,50_1477193580.json,50_1477193580,True,50_1477193580.jpg,50_1477193580.jpg,1,50,,True
1-coins/50_1477193586.json,50_1477193586.json,50_1477193586,True,50_1477193586.jpg,50_1477193586.jpg,1,50,,True
1-coins/50_1477193592.json,50_1477193592.json,50_1477193592,True,50_1477193592.jpg,50_1477193592.jpg,1,50,,True
1-coins/50_1477193598.json,50_1477193598.json,50_1477193598,True,50_1477193598.jpg,50_1477193598.jpg,1,50,,True
1-coins/50_1477193604.json,50_1477193604.json,50_1477193604,True,50_1477193604.jpg,50_1477193604.jpg,1,50,,True
1-coins/50_1477193610.json,50_1477193610.json,50_1477193610,True,50_1477193610.jpg,50_1477193610.jpg,1,50,,True
1-coins/50_1477193616.json,50_1477193616.json,50_1477193616,True,50_1477193616.jpg,50_1477193616.jpg,1,50,,True
1-coins/50_1477193622.json,50_1477193622.json,50_1477193622,True,50_1477193622.jpg,50_1477193622.jpg,1,50,,True
1-coins/50_1477193730.json,50_1477193730.json,50_1477193730,True,50_1477193730.jpg,50_1477193730.jpg,1,50,,True
1-coins/50_1477193736.json,50_1477193736.json,50_1477193736,True,50_1477193736.jpg,50_1477193736.jpg,3,50|finger,,True
1-coins/50_1477193742.json,50_1477193742.json,50_1477193742,True,50_1477193742.jpg,50_1477193742.jpg,1,50,,True
1-coins/50_1477193748.json,50_1477193748.json,50_1477193748,True,50_1477193748.jpg,50_1477193748.jpg,1,50,,True
1-coins/50_1477193754.json,50_1477193754.json,50_1477193754,True,50_1477193754.jpg,50_1477193754.jpg,1,50,,True
1-coins/50_1477193760.json,50_1477193760.json,50_1477193760,True,50_1477193760.jpg,50_1477193760.jpg,1,50,,True
1-coins/50_1477193766.json,50_1477193766.json,50_1477193766,True,50_1477193766.jpg,50_1477193766.jpg,1,50,,True
1-coins/50_1477193778.json,50_1477193778.json,50_1477193778,True,50_1477193778.jpg,50_1477193778.jpg,1,50,,True
1-coins/50_1477193784.json,50_1477193784.json,50_1477193784,True,50_1477193784.jpg,50_1477193784.jpg,1,50,,True
1-coins/50_1477193790.json,50_1477193790.json,50_1477193790,True,50_1477193790.jpg,50_1477193790.jpg,1,50,,True
1-coins/50_1477193796.json,50_1477193796.json,50_1477193796,True,50_1477193796.jpg,50_1477193796.jpg,1,50,,True
1-coins/50_1477193802.json,50_1477193802.json,50_1477193802,True,50_1477193802.jpg,50_1477193802.jpg,1,50,,True
1-coins/50_1477193808.json,50_1477193808.json,50_1477193808,True,50_1477193808.jpg,50_1477193808.jpg,1,50,,True
1-coins/50_1477193814.json,50_1477193814.json,50_1477193814,True,50_1477193814.jpg,50_1477193814.jpg,1,50,,True
1-coins/50_1477193820.json,50_1477193820.json,50_1477193820,True,50_1477193820.jpg,50_1477193820.jpg,1,50,,True
1-coins/50_1477193826.json,50_1477193826.json,50_1477193826,True,50_1477193826.jpg,50_1477193826.jpg,1,50,,True
1-coins/50_1477193832.json,50_1477193832.json,50_1477193832,True,50_1477193832.jpg,50_1477193832.jpg,1,50,,True
1-coins/50_1477193838.json,50_1477193838.json,50_1477193838,True,50_1477193838.jpg,50_1477193838.jpg,1,50,,True
1-coins/50_1477193844.json,50_1477193844.json,50_1477193844,True,50_1477193844.jpg,50_1477193844.jpg,1,50,,True
1-coins/50_1477193850.json,50_1477193850.json,50_1477193850,True,50_1477193850.jpg,50_1477193850.jpg,1,50,,True
1-coins/50_1477193856.json,50_1477193856.json,50_1477193856,True,50_1477193856.jpg,50_1477193856.jpg,1,50,,True
1-coins/50_1477193862.json,50_1477193862.json,50_1477193862,True,50_1477193862.jpg,50_1477193862.jpg,1,50,,True
1-coins/50_1477193868.json,50_1477193868.json,50_1477193868,True,50_1477193868.jpg,50_1477193868.jpg,1,50,,True
1-coins/50_1477193874.json,50_1477193874.json,50_1477193874,True,50_1477193874.jpg,50_1477193874.jpg,1,50,,True
1-coins/50_1477193880.json,50_1477193880.json,50_1477193880,True,50_1477193880.jpg,50_1477193880.jpg,1,50,,True
1-coins/50_1477193886.json,50_1477193886.json,50_1477193886,True,50_1477193886.jpg,50_1477193886.jpg,1,50,,True
1-coins/50_1477193892.json,50_1477193892.json,50_1477193892,True,50_1477193892.jpg,50_1477193892.jpg,1,50,,True
1-coins/50_1477193898.json,50_1477193898.json,50_1477193898,True,50_1477193898.jpg,50_1477193898.jpg,1,50,,True
1-coins/50_1477193904.json,50_1477193904.json,50_1477193904,True,50_1477193904.jpg,50_1477193904.jpg,1,50,,True
1-coins/50_1477193910.json,50_1477193910.json,50_1477193910,True,50_1477193910.jpg,50_1477193910.jpg,1,50,,True
1-coins/50_1477194216.json,50_1477194216.json,50_1477194216,True,50_1477194216.jpg,50_1477194216.jpg,1,50,,True
1-coins/50_1477194222.json,50_1477194222.json,50_1477194222,True,50_1477194222.jpg,50_1477194222.jpg,1,50,,True
1-coins/50_1477194228.json,50_1477194228.json,50_1477194228,True,50_1477194228.jpg,50_1477194228.jpg,1,50,,True
1-coins/50_1477194234.json,50_1477194234.json,50_1477194234,True,50_1477194234.jpg,50_1477194234.jpg,1,50,,True
1-coins/50_1477194240.json,50_1477194240.json,50_1477194240,True,50_1477194240.jpg,50_1477194240.jpg,1,50,,True
1-coins/50_1477194246.json,50_1477194246.json,50_1477194246,True,50_1477194246.jpg,50_1477194246.jpg,1,50,,True
1-coins/50_1477194252.json,50_1477194252.json,50_1477194252,True,50_1477194252.jpg,50_1477194252.jpg,1,50,,True
1-coins/50_1477194258.json,50_1477194258.json,50_1477194258,True,50_1477194258.jpg,50_1477194258.jpg,1,50,,True
1-coins/50_1477194264.json,50_1477194264.json,50_1477194264,True,50_1477194264.jpg,50_1477194264.jpg,1,50,,True
1-coins/50_1477194270.json,50_1477194270.json,50_1477194270,True,50_1477194270.jpg,50_1477194270.jpg,1,50,,True
1-coins/50_1477194276.json,50_1477194276.json,50_1477194276,True,50_1477194276.jpg,50_1477194276.jpg,1,50,,True
1-coins/50_1477194282.json,50_1477194282.json,50_1477194282,True,50_1477194282.jpg,50_1477194282.jpg,1,50,,True
1-coins/50_1477194288.json,50_1477194288.json,50_1477194288,True,50_1477194288.jpg,50_1477194288.jpg,1,50,,True
1-coins/50_1477194294.json,50_1477194294.json,50_1477194294,True,50_1477194294.jpg,50_1477194294.jpg,1,50,,True
1-coins/50_1477194300.json,50_1477194300.json,50_1477194300,True,50_1477194300.jpg,50_1477194300.jpg,1,50,,True
1-coins/50_1477194306.json,50_1477194306.json,50_1477194306,True,50_1477194306.jpg,50_1477194306.jpg,1,50,,True
1-coins/50_1477194312.json,50_1477194312.json,50_1477194312,True,50_1477194312.jpg,50_1477194312.jpg,1,50,,True
1-coins/50_1477194318.json,50_1477194318.json,50_1477194318,True,50_1477194318.jpg,50_1477194318.jpg,1,50,,True
1-coins/50_1477194324.json,50_1477194324.json,50_1477194324,True,50_1477194324.jpg,50_1477194324.jpg,1,50,,True
1-coins/50_1477194330.json,50_1477194330.json,50_1477194330,True,50_1477194330.jpg,50_1477194330.jpg,1,50,,True
1-coins/50_1477194336.json,50_1477194336.json,50_1477194336,True,50_1477194336.jpg,50_1477194336.jpg,1,50,,True
1-coins/50_1477194342.json,50_1477194342.json,50_1477194342,True,50_1477194342.jpg,50_1477194342.jpg,1,50,,True
1-coins/50_1477194348.json,50_1477194348.json,50_1477194348,True,50_1477194348.jpg,50_1477194348.jpg,4,50|finger,,True
1-coins/50_1477194354.json,50_1477194354.json,50_1477194354,True,50_1477194354.jpg,50_1477194354.jpg,1,50,,True
1-coins/50_1477194360.json,50_1477194360.json,50_1477194360,True,50_1477194360.jpg,50_1477194360.jpg,1,50,,True
1-coins/50_1477194366.json,50_1477194366.json,50_1477194366,True,50_1477194366.jpg,50_1477194366.jpg,1,50,,True
1-coins/50_1477194372.json,50_1477194372.json,50_1477194372,True,50_1477194372.jpg,50_1477194372.jpg,1,50,,True
1-coins/50_1477194378.json,50_1477194378.json,50_1477194378,True,50_1477194378.jpg,50_1477194378.jpg,1,50,,True
1-coins/50_1477194384.json,50_1477194384.json,50_1477194384,True,50_1477194384.jpg,50_1477194384.jpg,1,50,,True
1-coins/50_1477194390.json,50_1477194390.json,50_1477194390,True,50_1477194390.jpg,50_1477194390.jpg,1,50,,True
1-coins/50_1477194402.json,50_1477194402.json,50_1477194402,True,50_1477194402.jpg,50_1477194402.jpg,1,50,,True
1-coins/50_1477194408.json,50_1477194408.json,50_1477194408,True,50_1477194408.jpg,50_1477194408.jpg,1,50,,True
1-coins/50_1477194414.json,50_1477194414.json,50_1477194414,True,50_1477194414.jpg,50_1477194414.jpg,1,50,,True
1-coins/50_1477194420.json,50_1477194420.json,50_1477194420,True,50_1477194420.jpg,50_1477194420.jpg,1,50,,True
1-coins/50_1477194426.json,50_1477194426.json,50_1477194426,True,50_1477194426.jpg,50_1477194426.jpg,1,50,,True
1-coins/50_1477194432.json,50_1477194432.json,50_1477194432,True,50_1477194432.jpg,50_1477194432.jpg,1,50,,True
1-coins/50_1477194438.json,50_1477194438.json,50_1477194438,True,50_1477194438.jpg,50_1477194438.jpg,4,50|finger,,True
1-coins/50_1477194444.json,50_1477194444.json,50_1477194444,True,50_1477194444.jpg,50_1477194444.jpg,1,50,,True
1-coins/50_1477194450.json,50_1477194450.json,50_1477194450,True,50_1477194450.jpg,50_1477194450.jpg,1,50,,True
1-coins/50_1477194456.json,50_1477194456.json,50_1477194456,True,50_1477194456.jpg,50_1477194456.jpg,1,50,,True
1-coins/50_1477194462.json,50_1477194462.json,50_1477194462,True,50_1477194462.jpg,50_1477194462.jpg,1,50,,True
1-coins/50_1477194468.json,50_1477194468.json,50_1477194468,True,50_1477194468.jpg,50_1477194468.jpg,1,50,,True
1-coins/50_1477194474.json,50_1477194474.json,50_1477194474,True,50_1477194474.jpg,50_1477194474.jpg,1,50,,True
1-coins/50_1477194480.json,50_1477194480.json,50_1477194480,True,50_1477194480.jpg,50_1477194480.jpg,1,50,,True
1-coins/50_1477194486.json,50_1477194486.json,50_1477194486,True,50_1477194486.jpg,50_1477194486.jpg,1,50,,True
1-coins/50_1477194492.json,50_1477194492.json,50_1477194492,True,50_1477194492.jpg,50_1477194492.jpg,1,50,,True
1-coins/50_1477194498.json,50_1477194498.json,50_1477194498,True,50_1477194498.jpg,50_1477194498.jpg,1,50,,True
1-coins/50_1477194504.json,50_1477194504.json,50_1477194504,True,50_1477194504.jpg,50_1477194504.jpg,1,50,,True
1-coins/50_1477194510.json,50_1477194510.json,50_1477194510,True,50_1477194510.jpg,50_1477194510.jpg,1,50,,True
1-coins/50_1477194516.json,50_1477194516.json,50_1477194516,True,50_1477194516.jpg,50_1477194516.jpg,1,50,,True
1-coins/50_1477194522.json,50_1477194522.json,50_1477194522,True,50_1477194522.jpg,50_1477194522.jpg,1,50,,True
1-coins/50_1477194528.json,50_1477194528.json,50_1477194528,True,50_1477194528.jpg,50_1477194528.jpg,1,50,,True
1-coins/50_1477194534.json,50_1477194534.json,50_1477194534,True,50_1477194534.jpg,50_1477194534.jpg,1,50,,True
1-coins/50_1477194540.json,50_1477194540.json,50_1477194540,True,50_1477194540.jpg,50_1477194540.jpg,1,50,,True
1-coins/50_1477194546.json,50_1477194546.json,50_1477194546,True,50_1477194546.jpg,50_1477194546.jpg,3,50|finger,,True
1-coins/50_1477194552.json,50_1477194552.json,50_1477194552,True,50_1477194552.jpg,50_1477194552.jpg,1,50,,True
1-coins/50_1477194558.json,50_1477194558.json,50_1477194558,True,50_1477194558.jpg,50_1477194558.jpg,1,50,,True
1-coins/50_1477194564.json,50_1477194564.json,50_1477194564,True,50_1477194564.jpg,50_1477194564.jpg,1,50,,True
1-coins/50_1477194570.json,50_1477194570.json,50_1477194570,True,50_1477194570.jpg,50_1477194570.jpg,1,50,,True
1-coins/50_1477194576.json,50_1477194576.json,50_1477194576,True,50_1477194576.jpg,50_1477194576.jpg,1,50,,True
1-coins/50_1477281864.json,50_1477281864.json,50_1477281864,True,50_1477281864.jpg,50_1477281864.jpg,1,50,,True
1-coins/50_1477281870.json,50_1477281870.json,50_1477281870,True,50_1477281870.jpg,50_1477281870.jpg,1,50,,True
1-coins/50_1477281876.json,50_1477281876.json,50_1477281876,True,50_1477281876.jpg,50_1477281876.jpg,1,50,,True
1-coins/50_1477281882.json,50_1477281882.json,50_1477281882,True,50_1477281882.jpg,50_1477281882.jpg,1,50,,True
1-coins/50_1477281888.json,50_1477281888.json,50_1477281888,True,50_1477281888.jpg,50_1477281888.jpg,1,50,,True
1-coins/50_1477281894.json,50_1477281894.json,50_1477281894,True,50_1477281894.jpg,50_1477281894.jpg,1,50,,True
1-coins/50_1477281900.json,50_1477281900.json,50_1477281900,True,50_1477281900.jpg,50_1477281900.jpg,1,50,,True
1-coins/50_1477281906.json,50_1477281906.json,50_1477281906,True,50_1477281906.jpg,50_1477281906.jpg,1,50,,True
1-coins/50_1477281912.json,50_1477281912.json,50_1477281912,True,50_1477281912.jpg,50_1477281912.jpg,1,50,,True
1-coins/50_1477281918.json,50_1477281918.json,50_1477281918,True,50_1477281918.jpg,50_1477281918.jpg,1,50,,True
1-coins/50_1477281924.json,50_1477281924.json,50_1477281924,True,50_1477281924.jpg,50_1477281924.jpg,1,50,,True
1-coins/50_1477281930.json,50_1477281930.json,50_1477281930,True,50_1477281930.jpg,50_1477281930.jpg,1,50,,True
1-coins/50_1477281936.json,50_1477281936.json,50_1477281936,True,50_1477281936.jpg,50_1477281936.jpg,1,50,,True
1-coins/50_1477281942.json,50_1477281942.json,50_1477281942,True,50_1477281942.jpg,50_1477281942.jpg,1,50,,True
1-coins/50_1477281948.json,50_1477281948.json,50_1477281948,True,50_1477281948.jpg,50_1477281948.jpg,1,50,,True
1-coins/50_1477281954.json,50_1477281954.json,50_1477281954,True,50_1477281954.jpg,50_1477281954.jpg,1,50,,True
1-coins/50_1477281960.json,50_1477281960.json,50_1477281960,True,50_1477281960.jpg,50_1477281960.jpg,1,50,,True
1-coins/50_1477281966.json,50_1477281966.json,50_1477281966,True,50_1477281966.jpg,50_1477281966.jpg,1,50,,True
1-coins/50_1477281972.json,50_1477281972.json,50_1477281972,True,50_1477281972.jpg,50_1477281972.jpg,1,50,,True
1-coins/50_1477281978.json,50_1477281978.json,50_1477281978,True,50_1477281978.jpg,50_1477281978.jpg,1,50,,True
1-coins/50_1477281984.json,50_1477281984.json,50_1477281984,True,50_1477281984.jpg,50_1477281984.jpg,1,50,,True
1-coins/50_1477281990.json,50_1477281990.json,50_1477281990,True,50_1477281990.jpg,50_1477281990.jpg,1,50,,True
1-coins/50_1477281996.json,50_1477281996.json,50_1477281996,True,50_1477281996.jpg,50_1477281996.jpg,1,50,,True
1-coins/50_1477282002.json,50_1477282002.json,50_1477282002,True,50_1477282002.jpg,50_1477282002.jpg,1,50,,True
1-coins/50_1477282008.json,50_1477282008.json,50_1477282008,True,50_1477282008.jpg,50_1477282008.jpg,1,50,,True
1-coins/50_1477282014.json,50_1477282014.json,50_1477282014,True,50_1477282014.jpg,50_1477282014.jpg,1,50,,True
1-coins/50_1477282020.json,50_1477282020.json,50_1477282020,True,50_1477282020.jpg,50_1477282020.jpg,1,50,,True
1-coins/50_1477282026.json,50_1477282026.json,50_1477282026,True,50_1477282026.jpg,50_1477282026.jpg,1,50,,True
1-coins/50_1477282032.json,50_1477282032.json,50_1477282032,True,50_1477282032.jpg,50_1477282032.jpg,1,50,,True
1-coins/50_1477282038.json,50_1477282038.json,50_1477282038,True,50_1477282038.jpg,50_1477282038.jpg,1,50,,True
1-coins/50_1477282050.json,50_1477282050.json,50_1477282050,True,50_1477282050.jpg,50_1477282050.jpg,1,50,,True
1-coins/50_1477282056.json,50_1477282056.json,50_1477282056,True,50_1477282056.jpg,50_1477282056.jpg,1,50,,True
1-coins/50_1477282062.json,50_1477282062.json,50_1477282062,True,50_1477282062.jpg,50_1477282062.jpg,1,50,,True
1-coins/50_1477282068.json,50_1477282068.json,50_1477282068,True,50_1477282068.jpg,50_1477282068.jpg,1,50,,True
1-coins/50_1477282074.json,50_1477282074.json,50_1477282074,True,50_1477282074.jpg,50_1477282074.jpg,1,50,,True
1-coins/50_1477282080.json,50_1477282080.json,50_1477282080,True,50_1477282080.jpg,50_1477282080.jpg,1,50,,True
1-coins/50_1477282086.json,50_1477282086.json,50_1477282086,True,50_1477282086.jpg,50_1477282086.jpg,1,50,,True
1-coins/50_1477282092.json,50_1477282092.json,50_1477282092,True,50_1477282092.jpg,50_1477282092.jpg,1,50,,True
1-coins/50_1477282098.json,50_1477282098.json,50_1477282098,True,50_1477282098.jpg,50_1477282098.jpg,1,50,,True
1-coins/50_1477282104.json,50_1477282104.json,50_1477282104,True,50_1477282104.jpg,50_1477282104.jpg,1,50,,True
1-coins/50_1477282110.json,50_1477282110.json,50_1477282110,True,50_1477282110.jpg,50_1477282110.jpg,1,50,,True
1-coins/50_1477282116.json,50_1477282116.json,50_1477282116,True,50_1477282116.jpg,50_1477282116.jpg,1,50,,True
1-coins/50_1477282122.json,50_1477282122.json,50_1477282122,True,50_1477282122.jpg,50_1477282122.jpg,1,50,,True
1-coins/50_1477282128.json,50_1477282128.json,50_1477282128,True,50_1477282128.jpg,50_1477282128.jpg,1,50,,True
1-coins/50_1477282134.json,50_1477282134.json,50_1477282134,True,50_1477282134.jpg,50_1477282134.jpg,1,50,,True
1-coins/50_1477282140.json,50_1477282140.json,50_1477282140,True,50_1477282140.jpg,50_1477282140.jpg,1,50,,True
1-coins/50_1477282146.json,50_1477282146.json,50_1477282146,True,50_1477282146.jpg,50_1477282146.jpg,1,50,,True
1-coins/50_1477282152.json,50_1477282152.json,50_1477282152,True,50_1477282152.jpg,50_1477282152.jpg,1,50,,True
1-coins/50_1477282158.json,50_1477282158.json,50_1477282158,True,50_1477282158.jpg,50_1477282158.jpg,1,50,,True
1-coins/50_1477282164.json,50_1477282164.json,50_1477282164,True,50_1477282164.jpg,50_1477282164.jpg,1,50,,True
1-coins/50_1477282170.json,50_1477282170.json,50_1477282170,True,50_1477282170.jpg,50_1477282170.jpg,1,50,,True
1-coins/50_1477282176.json,50_1477282176.json,50_1477282176,True,50_1477282176.jpg,50_1477282176.jpg,1,50,,True
1-coins/50_1477282182.json,50_1477282182.json,50_1477282182,True,50_1477282182.jpg,50_1477282182.jpg,1,50,,True
1-coins/50_1477282188.json,50_1477282188.json,50_1477282188,True,50_1477282188.jpg,50_1477282188.jpg,1,50,,True
1-coins/50_1477282194.json,50_1477282194.json,50_1477282194,True,50_1477282194.jpg,50_1477282194.jpg,1,50,,True
1-coins/50_1477282200.json,50_1477282200.json,50_1477282200,True,50_1477282200.jpg,50_1477282200.jpg,1,50,,True
1-coins/50_1477282206.json,50_1477282206.json,50_1477282206,True,50_1477282206.jpg,50_1477282206.jpg,1,50,,True
1-coins/50_1477282212.json,50_1477282212.json,50_1477282212,True,50_1477282212.jpg,50_1477282212.jpg,1,50,,True
1-coins/50_1477282218.json,50_1477282218.json,50_1477282218,True,50_1477282218.jpg,50_1477282218.jpg,1,50,,True
1-coins/50_1477282224.json,50_1477282224.json,50_1477282224,True,50_1477282224.jpg,50_1477282224.jpg,1,50,,True
1-coins/50_1477282242.json,50_1477282242.json,50_1477282242,True,50_1477282242.jpg,50_1477282242.jpg,1,50,,True
1-coins/50_1477282248.json,50_1477282248.json,50_1477282248,True,50_1477282248.jpg,50_1477282248.jpg,1,50,,True
1-coins/50_1477282254.json,50_1477282254.json,50_1477282254,True,50_1477282254.jpg,50_1477282254.jpg,1,50,,True
1-coins/50_1477282260.json,50_1477282260.json,50_1477282260,True,50_1477282260.jpg,50_1477282260.jpg,1,50,,True
1-coins/50_1477282266.json,50_1477282266.json,50_1477282266,True,50_1477282266.jpg,50_1477282266.jpg,1,50,,True
1-coins/50_1477282272.json,50_1477282272.json,50_1477282272,True,50_1477282272.jpg,50_1477282272.jpg,1,50,,True
1-coins/50_1477282278.json,50_1477282278.json,50_1477282278,True,50_1477282278.jpg,50_1477282278.jpg,1,50,,True
1-coins/50_1477282284.json,50_1477282284.json,50_1477282284,True,50_1477282284.jpg,50_1477282284.jpg,1,50,,True
1-coins/50_1477282290.json,50_1477282290.json,50_1477282290,True,50_1477282290.jpg,50_1477282290.jpg,1,50,,True
1-coins/50_1477282296.json,50_1477282296.json,50_1477282296,True,50_1477282296.jpg,50_1477282296.jpg,1,50,,True
1-coins/50_1477282302.json,50_1477282302.json,50_1477282302,True,50_1477282302.jpg,50_1477282302.jpg,1,50,,True
1-coins/50_1477282308.json,50_1477282308.json,50_1477282308,True,50_1477282308.jpg,50_1477282308.jpg,1,50,,True
1-coins/50_1477282314.json,50_1477282314.json,50_1477282314,True,50_1477282314.jpg,50_1477282314.jpg,1,50,,True
1-coins/50_1477282320.json,50_1477282320.json,50_1477282320,True,50_1477282320.jpg,50_1477282320.jpg,1,50,,True
1-coins/50_1477282326.json,50_1477282326.json,50_1477282326,True,50_1477282326.jpg,50_1477282326.jpg,1,50,,True
1-coins/50_1477282332.json,50_1477282332.json,50_1477282332,True,50_1477282332.jpg,50_1477282332.jpg,1,50,,True
1-coins/50_1477282338.json,50_1477282338.json,50_1477282338,True,50_1477282338.jpg,50_1477282338.jpg,1,50,,True
1-coins/50_1477282344.json,50_1477282344.json,50_1477282344,True,50_1477282344.jpg,50_1477282344.jpg,1,50,,True
1-coins/50_1477282350.json,50_1477282350.json,50_1477282350,True,50_1477282350.jpg,50_1477282350.jpg,1,50,,True
1-coins/50_1477282356.json,50_1477282356.json,50_1477282356,True,50_1477282356.jpg,50_1477282356.jpg,1,50,,True
1-coins/50_1477282362.json,50_1477282362.json,50_1477282362,True,50_1477282362.jpg,50_1477282362.jpg,1,50,,True
1-coins/50_1477282368.json,50_1477282368.json,50_1477282368,True,50_1477282368.jpg,50_1477282368.jpg,1,50,,True
1-coins/50_1477282374.json,50_1477282374.json,50_1477282374,True,50_1477282374.jpg,50_1477282374.jpg,1,50,,True
1-coins/50_1477282380.json,50_1477282380.json,50_1477282380,True,50_1477282380.jpg,50_1477282380.jpg,1,50,,True
1-coins/50_1477282386.json,50_1477282386.json,50_1477282386,True,50_1477282386.jpg,50_1477282386.jpg,1,50,,True
1-coins/50_1477282392.json,50_1477282392.json,50_1477282392,True,50_1477282392.jpg,50_1477282392.jpg,1,50,,True
1-coins/50_1477282398.json,50_1477282398.json,50_1477282398,True,50_1477282398.jpg,50_1477282398.jpg,1,50,,True
1-coins/50_1477282404.json,50_1477282404.json,50_1477282404,True,50_1477282404.jpg,50_1477282404.jpg,1,50,,True
1-coins/50_1477282410.json,50_1477282410.json,50_1477282410,True,50_1477282410.jpg,50_1477282410.jpg,1,50,,True
1-coins/50_1477282416.json,50_1477282416.json,50_1477282416,True,50_1477282416.jpg,50_1477282416.jpg,1,50,,True
1-coins/50_1477282422.json,50_1477282422.json,50_1477282422,True,50_1477282422.jpg,50_1477282422.jpg,1,50,,True
1-coins/50_1477282434.json,50_1477282434.json,50_1477282434,True,50_1477282434.jpg,50_1477282434.jpg,1,50,,True
1-coins/50_1477282440.json,50_1477282440.json,50_1477282440,True,50_1477282440.jpg,50_1477282440.jpg,1,50,,True
1-coins/50_1477282446.json,50_1477282446.json,50_1477282446,True,50_1477282446.jpg,50_1477282446.jpg,1,50,,True
1-coins/50_1477282452.json,50_1477282452.json,50_1477282452,True,50_1477282452.jpg,50_1477282452.jpg,1,50,,True
1-coins/50_1477282458.json,50_1477282458.json,50_1477282458,True,50_1477282458.jpg,50_1477282458.jpg,1,50,,True
1-coins/50_1477282464.json,50_1477282464.json,50_1477282464,True,50_1477282464.jpg,50_1477282464.jpg,1,50,,True
1-coins/50_1477282470.json,50_1477282470.json,50_1477282470,True,50_1477282470.jpg,50_1477282470.jpg,1,50,,True
1-coins/50_1477282476.json,50_1477282476.json,50_1477282476,True,50_1477282476.jpg,50_1477282476.jpg,1,50,,True
1-coins/50_1477282482.json,50_1477282482.json,50_1477282482,True,50_1477282482.jpg,50_1477282482.jpg,1,50,,True
1-coins/50_1477282488.json,50_1477282488.json,50_1477282488,True,50_1477282488.jpg,50_1477282488.jpg,1,50,,True
1-coins/50_1477282494.json,50_1477282494.json,50_1477282494,True,50_1477282494.jpg,50_1477282494.jpg,1,50,,True
1-coins/50_1477282500.json,50_1477282500.json,50_1477282500,True,50_1477282500.jpg,50_1477282500.jpg,1,50,,True
1-coins/50_1477282506.json,50_1477282506.json,50_1477282506,True,50_1477282506.jpg,50_1477282506.jpg,1,50,,True
1-coins/50_1477282512.json,50_1477282512.json,50_1477282512,True,50_1477282512.jpg,50_1477282512.jpg,1,50,,True
1-coins/50_1477282518.json,50_1477282518.json,50_1477282518,True,50_1477282518.jpg,50_1477282518.jpg,1,50,,True
1-coins/50_1477282524.json,50_1477282524.json,50_1477282524,True,50_1477282524.jpg,50_1477282524.jpg,1,50,,True
1-coins/50_1477282530.json,50_1477282530.json,50_1477282530,True,50_1477282530.jpg,50_1477282530.jpg,1,50,,True
1-coins/50_1477282536.json,50_1477282536.json,50_1477282536,True,50_1477282536.jpg,50_1477282536.jpg,1,50,,True
1-coins/50_1477282542.json,50_1477282542.json,50_1477282542,True,50_1477282542.jpg,50_1477282542.jpg,1,50,,True
1-coins/50_1477282548.json,50_1477282548.json,50_1477282548,True,50_1477282548.jpg,50_1477282548.jpg,1,50,,True
1-coins/50_1477282554.json,50_1477282554.json,50_1477282554,True,50_1477282554.jpg,50_1477282554.jpg,1,50,,True
1-coins/50_1477282560.json,50_1477282560.json,50_1477282560,True,50_1477282560.jpg,50_1477282560.jpg,1,50,,True
1-coins/50_1477282566.json,50_1477282566.json,50_1477282566,True,50_1477282566.jpg,50_1477282566.jpg,1,50,,True
1-coins/50_1477282572.json,50_1477282572.json,50_1477282572,True,50_1477282572.jpg,50_1477282572.jpg,1,50,,True
1-coins/50_1477282578.json,50_1477282578.json,50_1477282578,True,50_1477282578.jpg,50_1477282578.jpg,1,50,,True
1-coins/50_1477282584.json,50_1477282584.json,50_1477282584,True,50_1477282584.jpg,50_1477282584.jpg,1,50,,True
1-coins/50_1477282590.json,50_1477282590.json,50_1477282590,True,50_1477282590.jpg,50_1477282590.jpg,1,50,,True
1-coins/50_1477282596.json,50_1477282596.json,50_1477282596,True,50_1477282596.jpg,50_1477282596.jpg,1,50,,True
1-coins/50_1477282602.json,50_1477282602.json,50_1477282602,True,50_1477282602.jpg,50_1477282602.jpg,1,50,,True
1-coins/50_1477282608.json,50_1477282608.json,50_1477282608,True,50_1477282608.jpg,50_1477282608.jpg,1,50,,True
1-coins/50_1477282620.json,50_1477282620.json,50_1477282620,True,50_1477282620.jpg,50_1477282620.jpg,1,50,,True
1-coins/50_1477282626.json,50_1477282626.json,50_1477282626,True,50_1477282626.jpg,50_1477282626.jpg,1,50,,True
1-coins/50_1477282632.json,50_1477282632.json,50_1477282632,True,50_1477282632.jpg,50_1477282632.jpg,1,50,,True
1-coins/50_1477282638.json,50_1477282638.json,50_1477282638,True,50_1477282638.jpg,50_1477282638.jpg,2,50|finger,,True
1-coins/50_1477282644.json,50_1477282644.json,50_1477282644,True,50_1477282644.jpg,50_1477282644.jpg,1,50,,True
1-coins/50_1477282650.json,50_1477282650.json,50_1477282650,True,50_1477282650.jpg,50_1477282650.jpg,1,50,,True
1-coins/50_1477282656.json,50_1477282656.json,50_1477282656,True,50_1477282656.jpg,50_1477282656.jpg,1,50,,True
1-coins/50_1477282662.json,50_1477282662.json,50_1477282662,True,50_1477282662.jpg,50_1477282662.jpg,1,50,,True
1-coins/50_1477282668.json,50_1477282668.json,50_1477282668,True,50_1477282668.jpg,50_1477282668.jpg,1,50,,True
1-coins/50_1477282674.json,50_1477282674.json,50_1477282674,True,50_1477282674.jpg,50_1477282674.jpg,1,50,,True
1-coins/50_1477282680.json,50_1477282680.json,50_1477282680,True,50_1477282680.jpg,50_1477282680.jpg,1,50,,True
1-coins/50_1477282686.json,50_1477282686.json,50_1477282686,True,50_1477282686.jpg,50_1477282686.jpg,1,50,,True
1-coins/50_1477282692.json,50_1477282692.json,50_1477282692,True,50_1477282692.jpg,50_1477282692.jpg,1,50,,True
1-coins/50_1477282698.json,50_1477282698.json,50_1477282698,True,50_1477282698.jpg,50_1477282698.jpg,1,50,,True
1-coins/50_1477282704.json,50_1477282704.json,50_1477282704,True,50_1477282704.jpg,50_1477282704.jpg,1,50,,True
1-coins/50_1477282710.json,50_1477282710.json,50_1477282710,True,50_1477282710.jpg,50_1477282710.jpg,1,50,,True
1-coins/50_1477282716.json,50_1477282716.json,50_1477282716,True,50_1477282716.jpg,50_1477282716.jpg,1,50,,True
1-coins/50_1477282722.json,50_1477282722.json,50_1477282722,True,50_1477282722.jpg,50_1477282722.jpg,1,50,,True
1-coins/50_1477282728.json,50_1477282728.json,50_1477282728,True,50_1477282728.jpg,50_1477282728.jpg,1,50,,True
1-coins/50_1477282734.json,50_1477282734.json,50_1477282734,True,50_1477282734.jpg,50_1477282734.jpg,1,50,,True
1-coins/50_1477282740.json,50_1477282740.json,50_1477282740,True,50_1477282740.jpg,50_1477282740.jpg,1,50,,True
1-coins/50_1477282746.json,50_1477282746.json,50_1477282746,True,50_1477282746.jpg,50_1477282746.jpg,1,50,,True
1-coins/50_1477282752.json,50_1477282752.json,50_1477282752,True,50_1477282752.jpg,50_1477282752.jpg,1,50,,True
1-coins/50_1477282758.json,50_1477282758.json,50_1477282758,True,50_1477282758.jpg,50_1477282758.jpg,1,50,,True
1-coins/50_1477282764.json,50_1477282764.json,50_1477282764,True,50_1477282764.jpg,50_1477282764.jpg,1,50,,True
1-coins/50_1477282770.json,50_1477282770.json,50_1477282770,True,50_1477282770.jpg,50_1477282770.jpg,1,50,,True
1-coins/50_1477282776.json,50_1477282776.json,50_1477282776,True,50_1477282776.jpg,50_1477282776.jpg,1,50,,True
1-coins/50_1477282782.json,50_1477282782.json,50_1477282782,True,50_1477282782.jpg,50_1477282782.jpg,1,50,,True
1-coins/50_1477282788.json,50_1477282788.json,50_1477282788,True,50_1477282788.jpg,50_1477282788.jpg,1,50,,True
1-coins/50_1477282794.json,50_1477282794.json,50_1477282794,True,50_1477282794.jpg,50_1477282794.jpg,1,50,,True
1-coins/50_1477282812.json,50_1477282812.json,50_1477282812,True,50_1477282812.jpg,50_1477282812.jpg,1,50,,True
1-coins/50_1477282818.json,50_1477282818.json,50_1477282818,True,50_1477282818.jpg,50_1477282818.jpg,1,50,,True
1-coins/50_1477282824.json,50_1477282824.json,50_1477282824,True,50_1477282824.jpg,50_1477282824.jpg,1,50,,True
1-coins/50_1477282830.json,50_1477282830.json,50_1477282830,True,50_1477282830.jpg,50_1477282830.jpg,1,50,,True
1-coins/50_1477282836.json,50_1477282836.json,50_1477282836,True,50_1477282836.jpg,50_1477282836.jpg,1,50,,True
1-coins/50_1477282842.json,50_1477282842.json,50_1477282842,True,50_1477282842.jpg,50_1477282842.jpg,1,50,,True
1-coins/50_1477282848.json,50_1477282848.json,50_1477282848,True,50_1477282848.jpg,50_1477282848.jpg,1,50,,True
1-coins/50_1477282854.json,50_1477282854.json,50_1477282854,True,50_1477282854.jpg,50_1477282854.jpg,1,50,,True
1-coins/50_1477282860.json,50_1477282860.json,50_1477282860,True,50_1477282860.jpg,50_1477282860.jpg,1,50,,True
1-coins/50_1477282866.json,50_1477282866.json,50_1477282866,True,50_1477282866.jpg,50_1477282866.jpg,1,50,,True
1-coins/50_1477282872.json,50_1477282872.json,50_1477282872,True,50_1477282872.jpg,50_1477282872.jpg,1,50,,True
1-coins/50_1477282878.json,50_1477282878.json,50_1477282878,True,50_1477282878.jpg,50_1477282878.jpg,1,50,,True
1-coins/50_1477282884.json,50_1477282884.json,50_1477282884,True,50_1477282884.jpg,50_1477282884.jpg,1,50,,True
1-coins/50_1477282890.json,50_1477282890.json,50_1477282890,True,50_1477282890.jpg,50_1477282890.jpg,1,50,,True
1-coins/50_1477282896.json,50_1477282896.json,50_1477282896,True,50_1477282896.jpg,50_1477282896.jpg,1,50,,True
1-coins/50_1477282902.json,50_1477282902.json,50_1477282902,True,50_1477282902.jpg,50_1477282902.jpg,1,50,,True
1-coins/50_1477282908.json,50_1477282908.json,50_1477282908,True,50_1477282908.jpg,50_1477282908.jpg,1,50,,True
1-coins/50_1477282914.json,50_1477282914.json,50_1477282914,True,50_1477282914.jpg,50_1477282914.jpg,1,50,,True
1-coins/50_1477282920.json,50_1477282920.json,50_1477282920,True,50_1477282920.jpg,50_1477282920.jpg,1,50,,True
1-coins/50_1477282926.json,50_1477282926.json,50_1477282926,True,50_1477282926.jpg,50_1477282926.jpg,1,50,,True
1-coins/50_1477282932.json,50_1477282932.json,50_1477282932,True,50_1477282932.jpg,50_1477282932.jpg,1,50,,True
1-coins/50_1477282938.json,50_1477282938.json,50_1477282938,True,50_1477282938.jpg,50_1477282938.jpg,1,50,,True
1-coins/50_1477282944.json,50_1477282944.json,50_1477282944,True,50_1477282944.jpg,50_1477282944.jpg,1,50,,True
1-coins/50_1477282950.json,50_1477282950.json,50_1477282950,True,50_1477282950.jpg,50_1477282950.jpg,1,50,,True
1-coins/50_1477282956.json,50_1477282956.json,50_1477282956,True,50_1477282956.jpg,50_1477282956.jpg,1,50,,True
1-coins/50_1477282962.json,50_1477282962.json,50_1477282962,True,50_1477282962.jpg,50_1477282962.jpg,1,50,,True
1-coins/50_1477282968.json,50_1477282968.json,50_1477282968,True,50_1477282968.jpg,50_1477282968.jpg,1,50,,True
1-coins/50_1477282974.json,50_1477282974.json,50_1477282974,True,50_1477282974.jpg,50_1477282974.jpg,1,50,,True
1-coins/50_1477282980.json,50_1477282980.json,50_1477282980,True,50_1477282980.jpg,50_1477282980.jpg,1,50,,True
1-coins/50_1477282986.json,50_1477282986.json,50_1477282986,True,50_1477282986.jpg,50_1477282986.jpg,1,50,,True
1-coins/50_1477283046.json,50_1477283046.json,50_1477283046,True,50_1477283046.jpg,50_1477283046.jpg,1,50,,True
1-coins/50_1477283052.json,50_1477283052.json,50_1477283052,True,50_1477283052.jpg,50_1477283052.jpg,1,50,,True
1-coins/50_1477283058.json,50_1477283058.json,50_1477283058,True,50_1477283058.jpg,50_1477283058.jpg,1,50,,True
1-coins/50_1477283064.json,50_1477283064.json,50_1477283064,True,50_1477283064.jpg,50_1477283064.jpg,1,50,,True
1-coins/50_1477283070.json,50_1477283070.json,50_1477283070,True,50_1477283070.jpg,50_1477283070.jpg,1,50,,True
1-coins/50_1477283076.json,50_1477283076.json,50_1477283076,True,50_1477283076.jpg,50_1477283076.jpg,1,50,,True
1-coins/50_1477283082.json,50_1477283082.json,50_1477283082,True,50_1477283082.jpg,50_1477283082.jpg,1,50,,True
1-coins/50_1477283088.json,50_1477283088.json,50_1477283088,True,50_1477283088.jpg,50_1477283088.jpg,1,50,,True
1-coins/50_1477283094.json,50_1477283094.json,50_1477283094,True,50_1477283094.jpg,50_1477283094.jpg,1,50,,True
1-coins/50_1477283100.json,50_1477283100.json,50_1477283100,True,50_1477283100.jpg,50_1477283100.jpg,1,50,,True
1-coins/50_1477283106.json,50_1477283106.json,50_1477283106,True,50_1477283106.jpg,50_1477283106.jpg,1,50,,True
1-coins/50_1477283112.json,50_1477283112.json,50_1477283112,True,50_1477283112.jpg,50_1477283112.jpg,1,50,,True
1-coins/50_1477283118.json,50_1477283118.json,50_1477283118,True,50_1477283118.jpg,50_1477283118.jpg,1,50,,True
1-coins/50_1477283124.json,50_1477283124.json,50_1477283124,True,50_1477283124.jpg,50_1477283124.jpg,1,50,,True
1-coins/50_1477283130.json,50_1477283130.json,50_1477283130,True,50_1477283130.jpg,50_1477283130.jpg,1,50,,True
1-coins/50_1477283136.json,50_1477283136.json,50_1477283136,True,50_1477283136.jpg,50_1477283136.jpg,1,50,,True
1-coins/50_1477283142.json,50_1477283142.json,50_1477283142,True,50_1477283142.jpg,50_1477283142.jpg,1,50,,True
1-coins/50_1477283148.json,50_1477283148.json,50_1477283148,True,50_1477283148.jpg,50_1477283148.jpg,1,50,,True
1-coins/50_1477283154.json,50_1477283154.json,50_1477283154,True,50_1477283154.jpg,50_1477283154.jpg,1,50,,True
1-coins/50_1477283160.json,50_1477283160.json,50_1477283160,True,50_1477283160.jpg,50_1477283160.jpg,1,50,,True
1-coins/50_1477283166.json,50_1477283166.json,50_1477283166,True,50_1477283166.jpg,50_1477283166.jpg,1,50,,True
1-coins/50_1477283172.json,50_1477283172.json,50_1477283172,True,50_1477283172.jpg,50_1477283172.jpg,1,50,,True
1-coins/50_1477283178.json,50_1477283178.json,50_1477283178,True,50_1477283178.jpg,50_1477283178.jpg,1,50,,True
1-coins/50_1477283184.json,50_1477283184.json,50_1477283184,True,50_1477283184.jpg,50_1477283184.jpg,1,50,,True
1-coins/50_1477283190.json,50_1477283190.json,50_1477283190,True,50_1477283190.jpg,50_1477283190.jpg,1,50,,True
1-coins/50_1477283196.json,50_1477283196.json,50_1477283196,True,50_1477283196.jpg,50_1477283196.jpg,1,50,,True
1-coins/50_1477283202.json,50_1477283202.json,50_1477283202,True,50_1477283202.jpg,50_1477283202.jpg,1,50,,True
1-coins/50_1477283208.json,50_1477283208.json,50_1477283208,True,50_1477283208.jpg,50_1477283208.jpg,1,50,,True
1-coins/50_1477283214.json,50_1477283214.json,50_1477283214,True,50_1477283214.jpg,50_1477283214.jpg,1,50,,True
1-coins/50_1477283220.json,50_1477283220.json,50_1477283220,True,50_1477283220.jpg,50_1477283220.jpg,1,50,,True
1-coins/50_1477283238.json,50_1477283238.json,50_1477283238,True,50_1477283238.jpg,50_1477283238.jpg,1,50,,True
1-coins/50_1477283244.json,50_1477283244.json,50_1477283244,True,50_1477283244.jpg,50_1477283244.jpg,1,50,,True
1-coins/50_1477283250.json,50_1477283250.json,50_1477283250,True,50_1477283250.jpg,50_1477283250.jpg,1,50,,True
1-coins/50_1477283256.json,50_1477283256.json,50_1477283256,True,50_1477283256.jpg,50_1477283256.jpg,1,50,,True
1-coins/50_1477283262.json,50_1477283262.json,50_1477283262,True,50_1477283262.jpg,50_1477283262.jpg,1,50,,True
1-coins/50_1477283268.json,50_1477283268.json,50_1477283268,True,50_1477283268.jpg,50_1477283268.jpg,1,50,,True
1-coins/50_1477283274.json,50_1477283274.json,50_1477283274,True,50_1477283274.jpg,50_1477283274.jpg,1,50,,True
1-coins/50_1477283280.json,50_1477283280.json,50_1477283280,True,50_1477283280.jpg,50_1477283280.jpg,1,50,,True
1-coins/50_1477283286.json,50_1477283286.json,50_1477283286,True,50_1477283286.jpg,50_1477283286.jpg,1,50,,True
1-coins/50_1477283292.json,50_1477283292.json,50_1477283292,True,50_1477283292.jpg,50_1477283292.jpg,1,50,,True
1-coins/50_1477283298.json,50_1477283298.json,50_1477283298,True,50_1477283298.jpg,50_1477283298.jpg,1,50,,True
1-coins/50_1477283304.json,50_1477283304.json,50_1477283304,True,50_1477283304.jpg,50_1477283304.jpg,1,50,,True
1-coins/50_1477283310.json,50_1477283310.json,50_1477283310,True,50_1477283310.jpg,50_1477283310.jpg,1,50,,True
1-coins/50_1477283316.json,50_1477283316.json,50_1477283316,True,50_1477283316.jpg,50_1477283316.jpg,1,50,,True
1-coins/50_1477283322.json,50_1477283322.json,50_1477283322,True,50_1477283322.jpg,50_1477283322.jpg,1,50,,True
1-coins/50_1477283328.json,50_1477283328.json,50_1477283328,True,50_1477283328.jpg,50_1477283328.jpg,1,50,,True
1-coins/50_1477283334.json,50_1477283334.json,50_1477283334,True,50_1477283334.jpg,50_1477283334.jpg,1,50,,True
1-coins/50_1477283340.json,50_1477283340.json,50_1477283340,True,50_1477283340.jpg,50_1477283340.jpg,1,50,,True
1-coins/50_1477283346.json,50_1477283346.json,50_1477283346,True,50_1477283346.jpg,50_1477283346.jpg,1,50,,True
1-coins/50_1477283352.json,50_1477283352.json,50_1477283352,True,50_1477283352.jpg,50_1477283352.jpg,1,50,,True
1-coins/50_1477283358.json,50_1477283358.json,50_1477283358,True,50_1477283358.jpg,50_1477283358.jpg,1,50,,True
1-coins/50_1477283364.json,50_1477283364.json,50_1477283364,True,50_1477283364.jpg,50_1477283364.jpg,1,50,,True
1-coins/50_1477283370.json,50_1477283370.json,50_1477283370,True,50_1477283370.jpg,50_1477283370.jpg,1,50,,True
1-coins/50_1477283376.json,50_1477283376.json,50_1477283376,True,50_1477283376.jpg,50_1477283376.jpg,1,50,,True
1-coins/50_1477283382.json,50_1477283382.json,50_1477283382,True,50_1477283382.jpg,50_1477283382.jpg,1,50,,True
1-coins/50_1477283388.json,50_1477283388.json,50_1477283388,True,50_1477283388.jpg,50_1477283388.jpg,1,50,,True
1-coins/50_1477283394.json,50_1477283394.json,50_1477283394,True,50_1477283394.jpg,50_1477283394.jpg,1,50,,True
1-coins/50_1477283400.json,50_1477283400.json,50_1477283400,True,50_1477283400.jpg,50_1477283400.jpg,1,50,,True
1-coins/50_1477283406.json,50_1477283406.json,50_1477283406,True,50_1477283406.jpg,50_1477283406.jpg,1,50,,True
1-coins/50_1477283412.json,50_1477283412.json,50_1477283412,True,50_1477283412.jpg,50_1477283412.jpg,1,50,,True
1-coins/50_1477283430.json,50_1477283430.json,50_1477283430,True,50_1477283430.jpg,50_1477283430.jpg,4,50|finger,,True
1-coins/50_1477283436.json,50_1477283436.json,50_1477283436,True,50_1477283436.jpg,50_1477283436.jpg,1,50,,True
1-coins/50_1477283442.json,50_1477283442.json,50_1477283442,True,50_1477283442.jpg,50_1477283442.jpg,1,50,,True
1-coins/50_1477283448.json,50_1477283448.json,50_1477283448,True,50_1477283448.jpg,50_1477283448.jpg,1,50,,True
1-coins/50_1477283454.json,50_1477283454.json,50_1477283454,True,50_1477283454.jpg,50_1477283454.jpg,1,50,,True
1-coins/50_1477283460.json,50_1477283460.json,50_1477283460,True,50_1477283460.jpg,50_1477283460.jpg,1,50,,True
1-coins/50_1477283466.json,50_1477283466.json,50_1477283466,True,50_1477283466.jpg,50_1477283466.jpg,1,50,,True
1-coins/50_1477283472.json,50_1477283472.json,50_1477283472,True,50_1477283472.jpg,50_1477283472.jpg,1,50,,True
1-coins/50_1477283478.json,50_1477283478.json,50_1477283478,True,50_1477283478.jpg,50_1477283478.jpg,1,50,,True
1-coins/50_1477283484.json,50_1477283484.json,50_1477283484,True,50_1477283484.jpg,50_1477283484.jpg,1,50,,True
1-coins/50_1477283490.json,50_1477283490.json,50_1477283490,True,50_1477283490.jpg,50_1477283490.jpg,1,50,,True
1-coins/50_1477283496.json,50_1477283496.json,50_1477283496,True,50_1477283496.jpg,50_1477283496.jpg,1,50,,True
1-coins/50_1477283502.json,50_1477283502.json,50_1477283502,True,50_1477283502.jpg,50_1477283502.jpg,1,50,,True
1-coins/50_1477283508.json,50_1477283508.json,50_1477283508,True,50_1477283508.jpg,50_1477283508.jpg,1,50,,True
1-coins/50_1477283514.json,50_1477283514.json,50_1477283514,True,50_1477283514.jpg,50_1477283514.jpg,1,50,,True
1-coins/50_1477283520.json,50_1477283520.json,50_1477283520,True,50_1477283520.jpg,50_1477283520.jpg,1,50,,True
1-coins/50_1477283526.json,50_1477283526.json,50_1477283526,True,50_1477283526.jpg,50_1477283526.jpg,1,50,,True
1-coins/50_1477283532.json,50_1477283532.json,50_1477283532,True,50_1477283532.jpg,50_1477283532.jpg,1,50,,True
1-coins/50_1477283538.json,50_1477283538.json,50_1477283538,True,50_1477283538.jpg,50_1477283538.jpg,1,50,,True
1-coins/50_1477283544.json,50_1477283544.json,50_1477283544,True,50_1477283544.jpg,50_1477283544.jpg,1,50,,True
1-coins/50_1477283550.json,50_1477283550.json,50_1477283550,True,50_1477283550.jpg,50_1477283550.jpg,1,50,,True
1-coins/50_1477283556.json,50_1477283556.json,50_1477283556,True,50_1477283556.jpg,50_1477283556.jpg,1,50,,True
1-coins/50_1477283562.json,50_1477283562.json,50_1477283562,True,50_1477283562.jpg,50_1477283562.jpg,1,50,,True
1-coins/50_1477283568.json,50_1477283568.json,50_1477283568,True,50_1477283568.jpg,50_1477283568.jpg,1,50,,True
1-coins/50_1477283574.json,50_1477283574.json,50_1477283574,True,50_1477283574.jpg,50_1477283574.jpg,1,50,,True
1-coins/50_1477283580.json,50_1477283580.json,50_1477283580,True,50_1477283580.jpg,50_1477283580.jpg,1,50,,True
1-coins/50_1477283586.json,50_1477283586.json,50_1477283586,True,50_1477283586.jpg,50_1477283586.jpg,1,50,,True
1-coins/50_1477283592.json,50_1477283592.json,50_1477283592,True,50_1477283592.jpg,50_1477283592.jpg,1,50,,True
1-coins/50_1477283598.json,50_1477283598.json,50_1477283598,True,50_1477283598.jpg,50_1477283598.jpg,1,50,,True
1-coins/50_1477283604.json,50_1477283604.json,50_1477283604,True,50_1477283604.jpg,50_1477283604.jpg,1,50,,True
1-coins/50_1477290624.json,50_1477290624.json,50_1477290624,True,50_1477290624.jpg,50_1477290624.jpg,1,50,,True
1-coins/50_1477290630.json,50_1477290630.json,50_1477290630,True,50_1477290630.jpg,50_1477290630.jpg,1,50,,True
1-coins/55_1477838880.json,55_1477838880.json,55_1477838880,True,55_1477838880.jpg,55_1477838880.jpg,4,10|25,,True
1-coins/55_1477838886.json,55_1477838886.json,55_1477838886,True,55_1477838886.jpg,55_1477838886.jpg,4,10|25,,True
1-coins/55_1477838892.json,55_1477838892.json,55_1477838892,True,55_1477838892.jpg,55_1477838892.jpg,4,10|25,,True
1-coins/55_1477838898.json,55_1477838898.json,55_1477838898,True,55_1477838898.jpg,55_1477838898.jpg,4,10|25,,True
1-coins/55_1477838904.json,55_1477838904.json,55_1477838904,True,55_1477838904.jpg,55_1477838904.jpg,4,10|25,,True
1-coins/55_1477838910.json,55_1477838910.json,55_1477838910,True,55_1477838910.jpg,55_1477838910.jpg,4,10|25,,True
1-coins/55_1477838916.json,55_1477838916.json,55_1477838916,True,55_1477838916.jpg,55_1477838916.jpg,4,10|25,,True
1-coins/55_1477838922.json,55_1477838922.json,55_1477838922,True,55_1477838922.jpg,55_1477838922.jpg,4,10|25,,True
1-coins/55_1477838928.json,55_1477838928.json,55_1477838928,True,55_1477838928.jpg,55_1477838928.jpg,4,10|25,,True
1-coins/55_1477838934.json,55_1477838934.json,55_1477838934,True,55_1477838934.jpg,55_1477838934.jpg,4,10|25,,True
1-coins/55_1477838940.json,55_1477838940.json,55_1477838940,True,55_1477838940.jpg,55_1477838940.jpg,4,10|25,,True
1-coins/55_1477838946.json,55_1477838946.json,55_1477838946,True,55_1477838946.jpg,55_1477838946.jpg,4,10|25,,True
1-coins/55_1477838952.json,55_1477838952.json,55_1477838952,True,55_1477838952.jpg,55_1477838952.jpg,4,10|25,,True
1-coins/55_1477838958.json,55_1477838958.json,55_1477838958,True,55_1477838958.jpg,55_1477838958.jpg,4,10|25,,True
1-coins/55_1477838964.json,55_1477838964.json,55_1477838964,True,55_1477838964.jpg,55_1477838964.jpg,4,10|25,,True
1-coins/55_1477838970.json,55_1477838970.json,55_1477838970,True,55_1477838970.jpg,55_1477838970.jpg,4,10|25,,True
1-coins/55_1477838976.json,55_1477838976.json,55_1477838976,True,55_1477838976.jpg,55_1477838976.jpg,4,10|25,,True
1-coins/55_1477838982.json,55_1477838982.json,55_1477838982,True,55_1477838982.jpg,55_1477838982.jpg,4,10|25,,True
1-coins/55_1477838988.json,55_1477838988.json,55_1477838988,True,55_1477838988.jpg,55_1477838988.jpg,4,10|25,,True
1-coins/55_1477838994.json,55_1477838994.json,55_1477838994,True,55_1477838994.jpg,55_1477838994.jpg,4,10|25,,True
1-coins/55_1477839000.json,55_1477839000.json,55_1477839000,True,55_1477839000.jpg,55_1477839000.jpg,4,10|25,,True
1-coins/55_1477839006.json,55_1477839006.json,55_1477839006,True,55_1477839006.jpg,55_1477839006.jpg,4,10|25,,True
1-coins/55_1477839012.json,55_1477839012.json,55_1477839012,True,55_1477839012.jpg,55_1477839012.jpg,4,10|25,,True
1-coins/55_1477839018.json,55_1477839018.json,55_1477839018,True,55_1477839018.jpg,55_1477839018.jpg,4,10|25,,True
1-coins/55_1477839024.json,55_1477839024.json,55_1477839024,True,55_1477839024.jpg,55_1477839024.jpg,4,10|25,,True
1-coins/55_1477839030.json,55_1477839030.json,55_1477839030,True,55_1477839030.jpg,55_1477839030.jpg,4,10|25,,True
1-coins/55_1477839036.json,55_1477839036.json,55_1477839036,True,55_1477839036.jpg,55_1477839036.jpg,4,10|25,,True
1-coins/55_1477839042.json,55_1477839042.json,55_1477839042,True,55_1477839042.jpg,55_1477839042.jpg,4,10|25,,True
1-coins/55_1477839048.json,55_1477839048.json,55_1477839048,True,55_1477839048.jpg,55_1477839048.jpg,4,10|25,,True
1-coins/55_1477839138.json,55_1477839138.json,55_1477839138,True,55_1477839138.jpg,55_1477839138.jpg,5,10|25|5,,True
1-coins/55_1477839144.json,55_1477839144.json,55_1477839144,True,55_1477839144.jpg,55_1477839144.jpg,5,10|25|5,,True
1-coins/55_1477839150.json,55_1477839150.json,55_1477839150,True,55_1477839150.jpg,55_1477839150.jpg,5,10|25|5,,True
1-coins/55_1477839156.json,55_1477839156.json,55_1477839156,True,55_1477839156.jpg,55_1477839156.jpg,5,10|25|5,,True
1-coins/55_1477839162.json,55_1477839162.json,55_1477839162,True,55_1477839162.jpg,55_1477839162.jpg,5,10|25|5,,True
1-coins/55_1477839168.json,55_1477839168.json,55_1477839168,True,55_1477839168.jpg,55_1477839168.jpg,5,10|25|5,,True
1-coins/55_1477839174.json,55_1477839174.json,55_1477839174,True,55_1477839174.jpg,55_1477839174.jpg,5,10|25|5,,True
1-coins/55_1477839180.json,55_1477839180.json,55_1477839180,True,55_1477839180.jpg,55_1477839180.jpg,6,10|25|5,,True
1-coins/55_1477839186.json,55_1477839186.json,55_1477839186,True,55_1477839186.jpg,55_1477839186.jpg,6,10|25|5,,True
1-coins/55_1477839192.json,55_1477839192.json,55_1477839192,True,55_1477839192.jpg,55_1477839192.jpg,6,10|25|5,,True
1-coins/55_1477839198.json,55_1477839198.json,55_1477839198,True,55_1477839198.jpg,55_1477839198.jpg,6,10|25|5,,True
1-coins/55_1477839204.json,55_1477839204.json,55_1477839204,True,55_1477839204.jpg,55_1477839204.jpg,6,10|25|5,,True
1-coins/55_1477839210.json,55_1477839210.json,55_1477839210,True,55_1477839210.jpg,55_1477839210.jpg,6,10|25|5,,True
1-coins/55_1477839216.json,55_1477839216.json,55_1477839216,True,55_1477839216.jpg,55_1477839216.jpg,6,10|25|5,,True
1-coins/55_1477839222.json,55_1477839222.json,55_1477839222,True,55_1477839222.jpg,55_1477839222.jpg,6,10|25|5,,True
1-coins/55_1477839228.json,55_1477839228.json,55_1477839228,True,55_1477839228.jpg,55_1477839228.jpg,6,10|25|5,,True
1-coins/55_1477839234.json,55_1477839234.json,55_1477839234,True,55_1477839234.jpg,55_1477839234.jpg,6,10|25|5,,True
1-coins/55_1477839240.json,55_1477839240.json,55_1477839240,True,55_1477839240.jpg,55_1477839240.jpg,6,10|25|5,,True
1-coins/55_1477839246.json,55_1477839246.json,55_1477839246,True,55_1477839246.jpg,55_1477839246.jpg,6,10|25|5,,True
1-coins/55_1477839252.json,55_1477839252.json,55_1477839252,True,55_1477839252.jpg,55_1477839252.jpg,6,10|25|5,,True
1-coins/55_1477839258.json,55_1477839258.json,55_1477839258,True,55_1477839258.jpg,55_1477839258.jpg,6,10|25|5,,True
1-coins/55_1477839264.json,55_1477839264.json,55_1477839264,True,55_1477839264.jpg,55_1477839264.jpg,6,10|25|5,,True
1-coins/55_1477839270.json,55_1477839270.json,55_1477839270,True,55_1477839270.jpg,55_1477839270.jpg,6,10|25|5,,True
1-coins/55_1477839276.json,55_1477839276.json,55_1477839276,True,55_1477839276.jpg,55_1477839276.jpg,6,10|25|5,,True
1-coins/55_1477839282.json,55_1477839282.json,55_1477839282,True,55_1477839282.jpg,55_1477839282.jpg,7,25|5,,True
1-coins/55_1477839288.json,55_1477839288.json,55_1477839288,True,55_1477839288.jpg,55_1477839288.jpg,7,25|5,,True
1-coins/55_1477839294.json,55_1477839294.json,55_1477839294,True,55_1477839294.jpg,55_1477839294.jpg,7,25|5,,True
1-coins/55_1477839300.json,55_1477839300.json,55_1477839300,True,55_1477839300.jpg,55_1477839300.jpg,7,25|5,,True
1-coins/55_1477839306.json,55_1477839306.json,55_1477839306,True,55_1477839306.jpg,55_1477839306.jpg,7,25|5,,True
1-coins/55_1477839312.json,55_1477839312.json,55_1477839312,True,55_1477839312.jpg,55_1477839312.jpg,7,25|5,,True
1-coins/55_1477842024.json,55_1477842024.json,55_1477842024,True,55_1477842024.jpg,55_1477842024.jpg,7,25|5,,True
1-coins/55_1477842030.json,55_1477842030.json,55_1477842030,True,55_1477842030.jpg,55_1477842030.jpg,7,25|5,,True
1-coins/55_1477842036.json,55_1477842036.json,55_1477842036,True,55_1477842036.jpg,55_1477842036.jpg,7,25|5,,True
1-coins/55_1477842042.json,55_1477842042.json,55_1477842042,True,55_1477842042.jpg,55_1477842042.jpg,7,25|5,,True
1-coins/55_1477842048.json,55_1477842048.json,55_1477842048,True,55_1477842048.jpg,55_1477842048.jpg,7,25|5,,True
1-coins/55_1477842054.json,55_1477842054.json,55_1477842054,True,55_1477842054.jpg,55_1477842054.jpg,7,25|5,,True
1-coins/55_1477842060.json,55_1477842060.json,55_1477842060,True,55_1477842060.jpg,55_1477842060.jpg,7,25|5,,True
1-coins/55_1477842066.json,55_1477842066.json,55_1477842066,True,55_1477842066.jpg,55_1477842066.jpg,7,25|5,,True
1-coins/55_1477842072.json,55_1477842072.json,55_1477842072,True,55_1477842072.jpg,55_1477842072.jpg,7,25|5,,True
1-coins/55_1477842078.json,55_1477842078.json,55_1477842078,True,55_1477842078.jpg,55_1477842078.jpg,7,25|5,,True
1-coins/55_1477842084.json,55_1477842084.json,55_1477842084,True,55_1477842084.jpg,55_1477842084.jpg,7,25|5,,True
1-coins/55_1477842090.json,55_1477842090.json,55_1477842090,True,55_1477842090.jpg,55_1477842090.jpg,7,25|5,,True
1-coins/55_1477842096.json,55_1477842096.json,55_1477842096,True,55_1477842096.jpg,55_1477842096.jpg,7,25|5,,True
1-coins/55_1477842102.json,55_1477842102.json,55_1477842102,True,55_1477842102.jpg,55_1477842102.jpg,7,25|5,,True
1-coins/55_1477842108.json,55_1477842108.json,55_1477842108,True,55_1477842108.jpg,55_1477842108.jpg,7,25|5,,True
1-coins/55_1477842114.json,55_1477842114.json,55_1477842114,True,55_1477842114.jpg,55_1477842114.jpg,7,25|5,,True
1-coins/55_1477842120.json,55_1477842120.json,55_1477842120,True,55_1477842120.jpg,55_1477842120.jpg,7,25|5,,True
1-coins/55_1477842126.json,55_1477842126.json,55_1477842126,True,55_1477842126.jpg,55_1477842126.jpg,9,10|5,,True
1-coins/55_1477842132.json,55_1477842132.json,55_1477842132,True,55_1477842132.jpg,55_1477842132.jpg,9,10|5,,True
1-coins/55_1477842138.json,55_1477842138.json,55_1477842138,True,55_1477842138.jpg,55_1477842138.jpg,9,10|5,,True
1-coins/55_1477842144.json,55_1477842144.json,55_1477842144,True,55_1477842144.jpg,55_1477842144.jpg,9,10|5,,True
1-coins/55_1477842150.json,55_1477842150.json,55_1477842150,True,55_1477842150.jpg,55_1477842150.jpg,9,10|5,,True
1-coins/55_1477842156.json,55_1477842156.json,55_1477842156,True,55_1477842156.jpg,55_1477842156.jpg,9,10|5,,True
1-coins/55_1477842162.json,55_1477842162.json,55_1477842162,True,55_1477842162.jpg,55_1477842162.jpg,9,10|5,,True
1-coins/55_1477842168.json,55_1477842168.json,55_1477842168,True,55_1477842168.jpg,55_1477842168.jpg,9,10|5,,True
1-coins/55_1477842174.json,55_1477842174.json,55_1477842174,True,55_1477842174.jpg,55_1477842174.jpg,9,10|5,,True
1-coins/55_1477842180.json,55_1477842180.json,55_1477842180,True,55_1477842180.jpg,55_1477842180.jpg,9,10|5,,True
1-coins/55_1477842186.json,55_1477842186.json,55_1477842186,True,55_1477842186.jpg,55_1477842186.jpg,9,10|5,,True
1-coins/55_1477842192.json,55_1477842192.json,55_1477842192,True,55_1477842192.jpg,55_1477842192.jpg,9,10|5,,True
1-coins/55_1477842198.json,55_1477842198.json,55_1477842198,True,55_1477842198.jpg,55_1477842198.jpg,9,10|5,,True
1-coins/55_1477842204.json,55_1477842204.json,55_1477842204,True,55_1477842204.jpg,55_1477842204.jpg,9,10|5,,True
1-coins/55_1477842246.json,55_1477842246.json,55_1477842246,True,55_1477842246.jpg,55_1477842246.jpg,9,10|5,,True
1-coins/55_1477842252.json,55_1477842252.json,55_1477842252,True,55_1477842252.jpg,55_1477842252.jpg,9,10|5,,True
1-coins/55_1477842258.json,55_1477842258.json,55_1477842258,True,55_1477842258.jpg,55_1477842258.jpg,8,10|5,,True
1-coins/55_1477842264.json,55_1477842264.json,55_1477842264,True,55_1477842264.jpg,55_1477842264.jpg,8,10|5,,True
1-coins/55_1477842270.json,55_1477842270.json,55_1477842270,True,55_1477842270.jpg,55_1477842270.jpg,7,10|5,,True
1-coins/55_1477842276.json,55_1477842276.json,55_1477842276,True,55_1477842276.jpg,55_1477842276.jpg,7,10|5,,True
1-coins/55_1477842282.json,55_1477842282.json,55_1477842282,True,55_1477842282.jpg,55_1477842282.jpg,7,10|5,,True
1-coins/55_1477842288.json,55_1477842288.json,55_1477842288,True,55_1477842288.jpg,55_1477842288.jpg,7,10|5,,True
1-coins/55_1477842294.json,55_1477842294.json,55_1477842294,True,55_1477842294.jpg,55_1477842294.jpg,7,10|5,,True
1-coins/55_1477842300.json,55_1477842300.json,55_1477842300,True,55_1477842300.jpg,55_1477842300.jpg,7,10|5,,True
1-coins/55_1477842306.json,55_1477842306.json,55_1477842306,True,55_1477842306.jpg,55_1477842306.jpg,6,10|5,,True
1-coins/55_1477842312.json,55_1477842312.json,55_1477842312,True,55_1477842312.jpg,55_1477842312.jpg,6,10|5,,True
1-coins/55_1477842318.json,55_1477842318.json,55_1477842318,True,55_1477842318.jpg,55_1477842318.jpg,6,10|5,,True
1-coins/55_1477842324.json,55_1477842324.json,55_1477842324,True,55_1477842324.jpg,55_1477842324.jpg,6,10|5,,True
1-coins/55_1477842330.json,55_1477842330.json,55_1477842330,True,55_1477842330.jpg,55_1477842330.jpg,6,10|5,,True
1-coins/55_1477842336.json,55_1477842336.json,55_1477842336,True,55_1477842336.jpg,55_1477842336.jpg,6,10|5,,True
1-coins/55_1477842342.json,55_1477842342.json,55_1477842342,True,55_1477842342.jpg,55_1477842342.jpg,6,10|5,,True
1-coins/55_1477842348.json,55_1477842348.json,55_1477842348,True,55_1477842348.jpg,55_1477842348.jpg,6,10|5,,True
1-coins/55_1477842354.json,55_1477842354.json,55_1477842354,True,55_1477842354.jpg,55_1477842354.jpg,6,10|5,,True
1-coins/55_1477842360.json,55_1477842360.json,55_1477842360,True,55_1477842360.jpg,55_1477842360.jpg,6,10|5,,True
1-coins/55_1477842366.json,55_1477842366.json,55_1477842366,True,55_1477842366.jpg,55_1477842366.jpg,6,10|5,,True
1-coins/55_1477842372.json,55_1477842372.json,55_1477842372,True,55_1477842372.jpg,55_1477842372.jpg,6,10|5,,True
1-coins/55_1477842378.json,55_1477842378.json,55_1477842378,True,55_1477842378.jpg,55_1477842378.jpg,6,10|5,,True
1-coins/55_1477842384.json,55_1477842384.json,55_1477842384,True,55_1477842384.jpg,55_1477842384.jpg,6,10|5,,True
1-coins/55_1477842390.json,55_1477842390.json,55_1477842390,True,55_1477842390.jpg,55_1477842390.jpg,6,10|5,,True
1-coins/55_1477842396.json,55_1477842396.json,55_1477842396,True,55_1477842396.jpg,55_1477842396.jpg,6,10|5,,True
1-coins/55_1477842402.json,55_1477842402.json,55_1477842402,True,55_1477842402.jpg,55_1477842402.jpg,6,10|5,,True
1-coins/55_1477842408.json,55_1477842408.json,55_1477842408,True,55_1477842408.jpg,55_1477842408.jpg,6,10|5,,True
1-coins/55_1477842414.json,55_1477842414.json,55_1477842414,True,55_1477842414.jpg,55_1477842414.jpg,6,10|5,,True
1-coins/55_1477842420.json,55_1477842420.json,55_1477842420,True,55_1477842420.jpg,55_1477842420.jpg,6,10|5,,True
1-coins/55_1477842564.json,55_1477842564.json,55_1477842564,True,55_1477842564.jpg,55_1477842564.jpg,3,25|5,,True
1-coins/55_1477842570.json,55_1477842570.json,55_1477842570,True,55_1477842570.jpg,55_1477842570.jpg,3,25|5,,True
1-coins/55_1477842576.json,55_1477842576.json,55_1477842576,True,55_1477842576.jpg,55_1477842576.jpg,3,25|5,,True
1-coins/55_1477842582.json,55_1477842582.json,55_1477842582,True,55_1477842582.jpg,55_1477842582.jpg,3,25|5,,True
1-coins/55_1477842588.json,55_1477842588.json,55_1477842588,True,55_1477842588.jpg,55_1477842588.jpg,3,25|5,,True
1-coins/55_1477842594.json,55_1477842594.json,55_1477842594,True,55_1477842594.jpg,55_1477842594.jpg,3,25|5,,True
1-coins/55_1477842600.json,55_1477842600.json,55_1477842600,True,55_1477842600.jpg,55_1477842600.jpg,3,25|5,,True
1-coins/55_1477842606.json,55_1477842606.json,55_1477842606,True,55_1477842606.jpg,55_1477842606.jpg,3,25|5,,True
1-coins/55_1477842612.json,55_1477842612.json,55_1477842612,True,55_1477842612.jpg,55_1477842612.jpg,3,25|5,,True
1-coins/55_1477842618.json,55_1477842618.json,55_1477842618,True,55_1477842618.jpg,55_1477842618.jpg,3,25|5,,True
1-coins/55_1477842624.json,55_1477842624.json,55_1477842624,True,55_1477842624.jpg,55_1477842624.jpg,3,25|5,,True
1-coins/55_1477842630.json,55_1477842630.json,55_1477842630,True,55_1477842630.jpg,55_1477842630.jpg,3,25|5,,True
1-coins/55_1477842636.json,55_1477842636.json,55_1477842636,True,55_1477842636.jpg,55_1477842636.jpg,3,25|5,,True
1-coins/55_1477842642.json,55_1477842642.json,55_1477842642,True,55_1477842642.jpg,55_1477842642.jpg,3,25|5,,True
1-coins/55_1477842648.json,55_1477842648.json,55_1477842648,True,55_1477842648.jpg,55_1477842648.jpg,3,25|5,,True
1-coins/55_1477842654.json,55_1477842654.json,55_1477842654,True,55_1477842654.jpg,55_1477842654.jpg,3,25|5,,True
1-coins/55_1477842660.json,55_1477842660.json,55_1477842660,True,55_1477842660.jpg,55_1477842660.jpg,3,25|5,,True
1-coins/55_1477842666.json,55_1477842666.json,55_1477842666,True,55_1477842666.jpg,55_1477842666.jpg,3,25|5,,True
1-coins/55_1477842672.json,55_1477842672.json,55_1477842672,True,55_1477842672.jpg,55_1477842672.jpg,3,25|5,,True
1-coins/55_1477842678.json,55_1477842678.json,55_1477842678,True,55_1477842678.jpg,55_1477842678.jpg,3,25|5,,True
1-coins/55_1477842684.json,55_1477842684.json,55_1477842684,True,55_1477842684.jpg,55_1477842684.jpg,3,25|5,,True
1-coins/55_1477842690.json,55_1477842690.json,55_1477842690,True,55_1477842690.jpg,55_1477842690.jpg,3,25|5,,True
1-coins/55_1477842696.json,55_1477842696.json,55_1477842696,True,55_1477842696.jpg,55_1477842696.jpg,3,25|5,,True
1-coins/55_1477842702.json,55_1477842702.json,55_1477842702,True,55_1477842702.jpg,55_1477842702.jpg,3,25|5,,True
1-coins/55_1477842708.json,55_1477842708.json,55_1477842708,True,55_1477842708.jpg,55_1477842708.jpg,3,25|5,,True
1-coins/55_1477842714.json,55_1477842714.json,55_1477842714,True,55_1477842714.jpg,55_1477842714.jpg,3,25|5,,True
1-coins/55_1477842720.json,55_1477842720.json,55_1477842720,True,55_1477842720.jpg,55_1477842720.jpg,3,25|5,,True
1-coins/55_1477842726.json,55_1477842726.json,55_1477842726,True,55_1477842726.jpg,55_1477842726.jpg,3,25|5,,True
1-coins/55_1477842732.json,55_1477842732.json,55_1477842732,True,55_1477842732.jpg,55_1477842732.jpg,3,25|5,,True
1-coins/55_1477842738.json,55_1477842738.json,55_1477842738,True,55_1477842738.jpg,55_1477842738.jpg,3,25|5,,True
1-coins/55_1477843392.json,55_1477843392.json,55_1477843392,True,55_1477843392.jpg,55_1477843392.jpg,2,5|50,,True
1-coins/55_1477843398.json,55_1477843398.json,55_1477843398,True,55_1477843398.jpg,55_1477843398.jpg,2,5|50,,True
1-coins/55_1477843404.json,55_1477843404.json,55_1477843404,True,55_1477843404.jpg,55_1477843404.jpg,2,5|50,,True
1-coins/55_1477843410.json,55_1477843410.json,55_1477843410,True,55_1477843410.jpg,55_1477843410.jpg,2,5|50,,True
1-coins/55_1477843416.json,55_1477843416.json,55_1477843416,True,55_1477843416.jpg,55_1477843416.jpg,2,5|50,,True
1-coins/55_1477843422.json,55_1477843422.json,55_1477843422,True,55_1477843422.jpg,55_1477843422.jpg,2,5|50,,True
1-coins/55_1477843428.json,55_1477843428.json,55_1477843428,True,55_1477843428.jpg,55_1477843428.jpg,2,5|50,,True
1-coins/55_1477843434.json,55_1477843434.json,55_1477843434,True,55_1477843434.jpg,55_1477843434.jpg,2,5|50,,True
1-coins/55_1477843440.json,55_1477843440.json,55_1477843440,True,55_1477843440.jpg,55_1477843440.jpg,2,5|50,,True
1-coins/55_1477843446.json,55_1477843446.json,55_1477843446,True,55_1477843446.jpg,55_1477843446.jpg,2,5|50,,True
1-coins/55_1477843452.json,55_1477843452.json,55_1477843452,True,55_1477843452.jpg,55_1477843452.jpg,2,5|50,,True
1-coins/55_1477843458.json,55_1477843458.json,55_1477843458,True,55_1477843458.jpg,55_1477843458.jpg,2,5|50,,True
1-coins/55_1477843464.json,55_1477843464.json,55_1477843464,True,55_1477843464.jpg,55_1477843464.jpg,2,5|50,,True
1-coins/55_1477843470.json,55_1477843470.json,55_1477843470,True,55_1477843470.jpg,55_1477843470.jpg,2,5|50,,True
1-coins/55_1477843476.json,55_1477843476.json,55_1477843476,True,55_1477843476.jpg,55_1477843476.jpg,2,5|50,,True
1-coins/55_1477843482.json,55_1477843482.json,55_1477843482,True,55_1477843482.jpg,55_1477843482.jpg,2,5|50,,True
1-coins/55_1477843488.json,55_1477843488.json,55_1477843488,True,55_1477843488.jpg,55_1477843488.jpg,2,5|50,,True
1-coins/55_1477843494.json,55_1477843494.json,55_1477843494,True,55_1477843494.jpg,55_1477843494.jpg,2,5|50,,True
1-coins/55_1477843500.json,55_1477843500.json,55_1477843500,True,55_1477843500.jpg,55_1477843500.jpg,2,5|50,,True
1-coins/55_1477843506.json,55_1477843506.json,55_1477843506,True,55_1477843506.jpg,55_1477843506.jpg,2,5|50,,True
1-coins/55_1477843512.json,55_1477843512.json,55_1477843512,True,55_1477843512.jpg,55_1477843512.jpg,2,5|50,,True
1-coins/55_1477843518.json,55_1477843518.json,55_1477843518,True,55_1477843518.jpg,55_1477843518.jpg,2,5|50,,True
1-coins/55_1477843524.json,55_1477843524.json,55_1477843524,True,55_1477843524.jpg,55_1477843524.jpg,2,5|50,,True
1-coins/55_1477843530.json,55_1477843530.json,55_1477843530,True,55_1477843530.jpg,55_1477843530.jpg,2,5|50,,True
1-coins/55_1477843536.json,55_1477843536.json,55_1477843536,True,55_1477843536.jpg,55_1477843536.jpg,2,5|50,,True
1-coins/55_1477843542.json,55_1477843542.json,55_1477843542,True,55_1477843542.jpg,55_1477843542.jpg,2,5|50,,True
1-coins/55_1477843548.json,55_1477843548.json,55_1477843548,True,55_1477843548.jpg,55_1477843548.jpg,2,5|50,,True
1-coins/55_1477843554.json,55_1477843554.json,55_1477843554,True,55_1477843554.jpg,55_1477843554.jpg,2,5|50,,True
1-coins/55_1477843560.json,55_1477843560.json,55_1477843560,True,55_1477843560.jpg,55_1477843560.jpg,2,5|50,,True
1-coins/55_1477843566.json,55_1477843566.json,55_1477843566,True,55_1477843566.jpg,55_1477843566.jpg,2,5|50,,True
1-coins/5_1477145436.json,5_1477145436.json,5_1477145436,True,5_1477145436.jpg,5_1477145436.jpg,1,5,,True
1-coins/5_1477145442.json,5_1477145442.json,5_1477145442,True,5_1477145442.jpg,5_1477145442.jpg,1,5,,True
1-coins/5_1477145448.json,5_1477145448.json,5_1477145448,True,5_1477145448.jpg,5_1477145448.jpg,1,5,,True
1-coins/5_1477145454.json,5_1477145454.json,5_1477145454,True,5_1477145454.jpg,5_1477145454.jpg,1,5,,True
1-coins/5_1477145460.json,5_1477145460.json,5_1477145460,True,5_1477145460.jpg,5_1477145460.jpg,1,5,,True
1-coins/5_1477145466.json,5_1477145466.json,5_1477145466,True,5_1477145466.jpg,5_1477145466.jpg,1,5,,True
1-coins/5_1477145472.json,5_1477145472.json,5_1477145472,True,5_1477145472.jpg,5_1477145472.jpg,1,5,,True
1-coins/5_1477145478.json,5_1477145478.json,5_1477145478,True,5_1477145478.jpg,5_1477145478.jpg,1,5,,True
1-coins/5_1477145484.json,5_1477145484.json,5_1477145484,True,5_1477145484.jpg,5_1477145484.jpg,1,5,,True
1-coins/5_1477145490.json,5_1477145490.json,5_1477145490,True,5_1477145490.jpg,5_1477145490.jpg,1,5,,True
1-coins/5_1477145496.json,5_1477145496.json,5_1477145496,True,5_1477145496.jpg,5_1477145496.jpg,2,5|finger,,True
1-coins/5_1477145502.json,5_1477145502.json,5_1477145502,True,5_1477145502.jpg,5_1477145502.jpg,1,5,,True
1-coins/5_1477145508.json,5_1477145508.json,5_1477145508,True,5_1477145508.jpg,5_1477145508.jpg,1,5,,True
1-coins/5_1477145514.json,5_1477145514.json,5_1477145514,True,5_1477145514.jpg,5_1477145514.jpg,1,5,,True
1-coins/5_1477145520.json,5_1477145520.json,5_1477145520,True,5_1477145520.jpg,5_1477145520.jpg,1,5,,True
1-coins/5_1477145526.json,5_1477145526.json,5_1477145526,True,5_1477145526.jpg,5_1477145526.jpg,1,5,,True
1-coins/5_1477145532.json,5_1477145532.json,5_1477145532,True,5_1477145532.jpg,5_1477145532.jpg,3,5|finger,,True
1-coins/5_1477145538.json,5_1477145538.json,5_1477145538,True,5_1477145538.jpg,5_1477145538.jpg,1,5,,True
1-coins/5_1477145544.json,5_1477145544.json,5_1477145544,True,5_1477145544.jpg,5_1477145544.jpg,4,5|finger,,True
1-coins/5_1477145550.json,5_1477145550.json,5_1477145550,True,5_1477145550.jpg,5_1477145550.jpg,1,5,,True
1-coins/5_1477145556.json,5_1477145556.json,5_1477145556,True,5_1477145556.jpg,5_1477145556.jpg,1,5,,True
1-coins/5_1477145562.json,5_1477145562.json,5_1477145562,True,5_1477145562.jpg,5_1477145562.jpg,1,5,,True
1-coins/5_1477145568.json,5_1477145568.json,5_1477145568,True,5_1477145568.jpg,5_1477145568.jpg,1,5,,True
1-coins/5_1477145574.json,5_1477145574.json,5_1477145574,True,5_1477145574.jpg,5_1477145574.jpg,1,5,,True
1-coins/5_1477145580.json,5_1477145580.json,5_1477145580,True,5_1477145580.jpg,5_1477145580.jpg,1,5,,True
1-coins/5_1477145586.json,5_1477145586.json,5_1477145586,True,5_1477145586.jpg,5_1477145586.jpg,1,5,,True
1-coins/5_1477145592.json,5_1477145592.json,5_1477145592,True,5_1477145592.jpg,5_1477145592.jpg,1,5,,True
1-coins/5_1477145598.json,5_1477145598.json,5_1477145598,True,5_1477145598.jpg,5_1477145598.jpg,1,5,,True
1-coins/5_1477145604.json,5_1477145604.json,5_1477145604,True,5_1477145604.jpg,5_1477145604.jpg,1,5,,True
1-coins/5_1477145610.json,5_1477145610.json,5_1477145610,True,5_1477145610.jpg,5_1477145610.jpg,1,5,,True
1-coins/5_1477145616.json,5_1477145616.json,5_1477145616,True,5_1477145616.jpg,5_1477145616.jpg,1,5,,True
1-coins/5_1477146324.json,5_1477146324.json,5_1477146324,True,5_1477146324.jpg,5_1477146324.jpg,1,5,,True
1-coins/5_1477146330.json,5_1477146330.json,5_1477146330,True,5_1477146330.jpg,5_1477146330.jpg,1,5,,True
1-coins/5_1477146336.json,5_1477146336.json,5_1477146336,True,5_1477146336.jpg,5_1477146336.jpg,1,5,,True
1-coins/5_1477146342.json,5_1477146342.json,5_1477146342,True,5_1477146342.jpg,5_1477146342.jpg,1,5,,True
1-coins/5_1477146348.json,5_1477146348.json,5_1477146348,True,5_1477146348.jpg,5_1477146348.jpg,1,5,,True
1-coins/5_1477146354.json,5_1477146354.json,5_1477146354,True,5_1477146354.jpg,5_1477146354.jpg,1,5,,True
1-coins/5_1477146372.json,5_1477146372.json,5_1477146372,True,5_1477146372.jpg,5_1477146372.jpg,1,5,,True
1-coins/5_1477146378.json,5_1477146378.json,5_1477146378,True,5_1477146378.jpg,5_1477146378.jpg,1,5,,True
1-coins/5_1477146384.json,5_1477146384.json,5_1477146384,True,5_1477146384.jpg,5_1477146384.jpg,1,5,,True
1-coins/5_1477146390.json,5_1477146390.json,5_1477146390,True,5_1477146390.jpg,5_1477146390.jpg,1,5,,True
1-coins/5_1477146396.json,5_1477146396.json,5_1477146396,True,5_1477146396.jpg,5_1477146396.jpg,1,5,,True
1-coins/5_1477146402.json,5_1477146402.json,5_1477146402,True,5_1477146402.jpg,5_1477146402.jpg,1,5,,True
1-coins/5_1477146408.json,5_1477146408.json,5_1477146408,True,5_1477146408.jpg,5_1477146408.jpg,1,5,,True
1-coins/5_1477146414.json,5_1477146414.json,5_1477146414,True,5_1477146414.jpg,5_1477146414.jpg,1,5,,True
1-coins/5_1477146420.json,5_1477146420.json,5_1477146420,True,5_1477146420.jpg,5_1477146420.jpg,1,5,,True
1-coins/5_1477146426.json,5_1477146426.json,5_1477146426,True,5_1477146426.jpg,5_1477146426.jpg,2,5|finger,,True
1-coins/5_1477146438.json,5_1477146438.json,5_1477146438,True,5_1477146438.jpg,5_1477146438.jpg,1,5,,True
1-coins/5_1477146444.json,5_1477146444.json,5_1477146444,True,5_1477146444.jpg,5_1477146444.jpg,1,5,,True
1-coins/5_1477146456.json,5_1477146456.json,5_1477146456,True,5_1477146456.jpg,5_1477146456.jpg,1,5,,True
1-coins/5_1477146462.json,5_1477146462.json,5_1477146462,True,5_1477146462.jpg,5_1477146462.jpg,1,5,,True
1-coins/5_1477146468.json,5_1477146468.json,5_1477146468,True,5_1477146468.jpg,5_1477146468.jpg,1,5,,True
1-coins/5_1477146474.json,5_1477146474.json,5_1477146474,True,5_1477146474.jpg,5_1477146474.jpg,1,5,,True
1-coins/5_1477146480.json,5_1477146480.json,5_1477146480,True,5_1477146480.jpg,5_1477146480.jpg,1,5,,True
1-coins/5_1477146486.json,5_1477146486.json,5_1477146486,True,5_1477146486.jpg,5_1477146486.jpg,1,5,,True
1-coins/5_1477146492.json,5_1477146492.json,5_1477146492,True,5_1477146492.jpg,5_1477146492.jpg,1,5,,True
1-coins/5_1477146498.json,5_1477146498.json,5_1477146498,True,5_1477146498.jpg,5_1477146498.jpg,1,5,,True
1-coins/5_1477146732.json,5_1477146732.json,5_1477146732,True,5_1477146732.jpg,5_1477146732.jpg,1,5,,True
1-coins/5_1477146738.json,5_1477146738.json,5_1477146738,True,5_1477146738.jpg,5_1477146738.jpg,1,5,,True
1-coins/5_1477146744.json,5_1477146744.json,5_1477146744,True,5_1477146744.jpg,5_1477146744.jpg,1,5,,True
1-coins/5_1477146750.json,5_1477146750.json,5_1477146750,True,5_1477146750.jpg,5_1477146750.jpg,1,5,,True
1-coins/5_1477146756.json,5_1477146756.json,5_1477146756,True,5_1477146756.jpg,5_1477146756.jpg,1,5,,True
1-coins/5_1477146762.json,5_1477146762.json,5_1477146762,True,5_1477146762.jpg,5_1477146762.jpg,1,5,,True
1-coins/5_1477146768.json,5_1477146768.json,5_1477146768,True,5_1477146768.jpg,5_1477146768.jpg,1,5,,True
1-coins/5_1477146780.json,5_1477146780.json,5_1477146780,True,5_1477146780.jpg,5_1477146780.jpg,1,5,,True
1-coins/5_1477146786.json,5_1477146786.json,5_1477146786,True,5_1477146786.jpg,5_1477146786.jpg,1,5,,True
1-coins/5_1477146792.json,5_1477146792.json,5_1477146792,True,5_1477146792.jpg,5_1477146792.jpg,1,5,,True
1-coins/5_1477146798.json,5_1477146798.json,5_1477146798,True,5_1477146798.jpg,5_1477146798.jpg,1,5,,True
1-coins/5_1477146804.json,5_1477146804.json,5_1477146804,True,5_1477146804.jpg,5_1477146804.jpg,1,5,,True
1-coins/5_1477146810.json,5_1477146810.json,5_1477146810,True,5_1477146810.jpg,5_1477146810.jpg,1,5,,True
1-coins/5_1477146816.json,5_1477146816.json,5_1477146816,True,5_1477146816.jpg,5_1477146816.jpg,1,5,,True
1-coins/5_1477146822.json,5_1477146822.json,5_1477146822,True,5_1477146822.jpg,5_1477146822.jpg,1,5,,True
1-coins/5_1477146828.json,5_1477146828.json,5_1477146828,True,5_1477146828.jpg,5_1477146828.jpg,1,5,,True
1-coins/5_1477146834.json,5_1477146834.json,5_1477146834,True,5_1477146834.jpg,5_1477146834.jpg,1,5,,True
1-coins/5_1477146840.json,5_1477146840.json,5_1477146840,True,5_1477146840.jpg,5_1477146840.jpg,1,5,,True
1-coins/5_1477146846.json,5_1477146846.json,5_1477146846,True,5_1477146846.jpg,5_1477146846.jpg,1,5,,True
1-coins/5_1477146852.json,5_1477146852.json,5_1477146852,True,5_1477146852.jpg,5_1477146852.jpg,1,5,,True
1-coins/5_1477146858.json,5_1477146858.json,5_1477146858,True,5_1477146858.jpg,5_1477146858.jpg,1,5,,True
1-coins/5_1477146864.json,5_1477146864.json,5_1477146864,True,5_1477146864.jpg,5_1477146864.jpg,1,5,,True
1-coins/5_1477146870.json,5_1477146870.json,5_1477146870,True,5_1477146870.jpg,5_1477146870.jpg,1,5,,True
1-coins/5_1477146876.json,5_1477146876.json,5_1477146876,True,5_1477146876.jpg,5_1477146876.jpg,1,5,,True
1-coins/5_1477146882.json,5_1477146882.json,5_1477146882,True,5_1477146882.jpg,5_1477146882.jpg,1,5,,True
1-coins/5_1477146888.json,5_1477146888.json,5_1477146888,True,5_1477146888.jpg,5_1477146888.jpg,1,5,,True
1-coins/5_1477146894.json,5_1477146894.json,5_1477146894,True,5_1477146894.jpg,5_1477146894.jpg,1,5,,True
1-coins/5_1477146900.json,5_1477146900.json,5_1477146900,True,5_1477146900.jpg,5_1477146900.jpg,1,5,,True
1-coins/5_1477146906.json,5_1477146906.json,5_1477146906,True,5_1477146906.jpg,5_1477146906.jpg,1,5,,True
1-coins/5_1477146912.json,5_1477146912.json,5_1477146912,True,5_1477146912.jpg,5_1477146912.jpg,1,5,,True
1-coins/5_1477146936.json,5_1477146936.json,5_1477146936,True,5_1477146936.jpg,5_1477146936.jpg,1,5,,True
1-coins/5_1477146942.json,5_1477146942.json,5_1477146942,True,5_1477146942.jpg,5_1477146942.jpg,1,5,,True
1-coins/5_1477146948.json,5_1477146948.json,5_1477146948,True,5_1477146948.jpg,5_1477146948.jpg,1,5,,True
1-coins/5_1477146954.json,5_1477146954.json,5_1477146954,True,5_1477146954.jpg,5_1477146954.jpg,1,5,,True
1-coins/5_1477146960.json,5_1477146960.json,5_1477146960,True,5_1477146960.jpg,5_1477146960.jpg,1,5,,True
1-coins/5_1477146966.json,5_1477146966.json,5_1477146966,True,5_1477146966.jpg,5_1477146966.jpg,1,5,,True
1-coins/5_1477146972.json,5_1477146972.json,5_1477146972,True,5_1477146972.jpg,5_1477146972.jpg,1,5,,True
1-coins/5_1477146978.json,5_1477146978.json,5_1477146978,True,5_1477146978.jpg,5_1477146978.jpg,1,5,,True
1-coins/5_1477146984.json,5_1477146984.json,5_1477146984,True,5_1477146984.jpg,5_1477146984.jpg,1,5,,True
1-coins/5_1477146990.json,5_1477146990.json,5_1477146990,True,5_1477146990.jpg,5_1477146990.jpg,1,5,,True
1-coins/5_1477146996.json,5_1477146996.json,5_1477146996,True,5_1477146996.jpg,5_1477146996.jpg,1,5,,True
1-coins/5_1477147002.json,5_1477147002.json,5_1477147002,True,5_1477147002.jpg,5_1477147002.jpg,1,5,,True
1-coins/5_1477147008.json,5_1477147008.json,5_1477147008,True,5_1477147008.jpg,5_1477147008.jpg,1,5,,True
1-coins/5_1477147014.json,5_1477147014.json,5_1477147014,True,5_1477147014.jpg,5_1477147014.jpg,1,5,,True
1-coins/5_1477147020.json,5_1477147020.json,5_1477147020,True,5_1477147020.jpg,5_1477147020.jpg,1,5,,True
1-coins/5_1477147026.json,5_1477147026.json,5_1477147026,True,5_1477147026.jpg,5_1477147026.jpg,1,5,,True
1-coins/5_1477147032.json,5_1477147032.json,5_1477147032,True,5_1477147032.jpg,5_1477147032.jpg,1,5,,True
1-coins/5_1477147038.json,5_1477147038.json,5_1477147038,True,5_1477147038.jpg,5_1477147038.jpg,1,5,,True
1-coins/5_1477147044.json,5_1477147044.json,5_1477147044,True,5_1477147044.jpg,5_1477147044.jpg,1,5,,True
1-coins/5_1477147050.json,5_1477147050.json,5_1477147050,True,5_1477147050.jpg,5_1477147050.jpg,1,5,,True
1-coins/5_1477147056.json,5_1477147056.json,5_1477147056,True,5_1477147056.jpg,5_1477147056.jpg,1,5,,True
1-coins/5_1477147062.json,5_1477147062.json,5_1477147062,True,5_1477147062.jpg,5_1477147062.jpg,1,5,,True
1-coins/5_1477147068.json,5_1477147068.json,5_1477147068,True,5_1477147068.jpg,5_1477147068.jpg,1,5,,True
1-coins/5_1477147074.json,5_1477147074.json,5_1477147074,True,5_1477147074.jpg,5_1477147074.jpg,1,5,,True
1-coins/5_1477147080.json,5_1477147080.json,5_1477147080,True,5_1477147080.jpg,5_1477147080.jpg,1,5,,True
1-coins/5_1477147086.json,5_1477147086.json,5_1477147086,True,5_1477147086.jpg,5_1477147086.jpg,1,5,,True
1-coins/5_1477147092.json,5_1477147092.json,5_1477147092,True,5_1477147092.jpg,5_1477147092.jpg,1,5,,True
1-coins/5_1477147098.json,5_1477147098.json,5_1477147098,True,5_1477147098.jpg,5_1477147098.jpg,1,5,,True
1-coins/5_1477147104.json,5_1477147104.json,5_1477147104,True,5_1477147104.jpg,5_1477147104.jpg,1,5,,True
1-coins/5_1477156698.json,5_1477156698.json,5_1477156698,True,5_1477156698.jpg,5_1477156698.jpg,1,5,,True
1-coins/5_1477156704.json,5_1477156704.json,5_1477156704,True,5_1477156704.jpg,5_1477156704.jpg,1,5,,True
1-coins/5_1477156710.json,5_1477156710.json,5_1477156710,True,5_1477156710.jpg,5_1477156710.jpg,1,5,,True
1-coins/5_1477156716.json,5_1477156716.json,5_1477156716,True,5_1477156716.jpg,5_1477156716.jpg,1,5,,True
1-coins/5_1477156722.json,5_1477156722.json,5_1477156722,True,5_1477156722.jpg,5_1477156722.jpg,1,5,,True
1-coins/5_1477156728.json,5_1477156728.json,5_1477156728,True,5_1477156728.jpg,5_1477156728.jpg,1,5,,True
1-coins/5_1477156734.json,5_1477156734.json,5_1477156734,True,5_1477156734.jpg,5_1477156734.jpg,1,5,,True
1-coins/5_1477156740.json,5_1477156740.json,5_1477156740,True,5_1477156740.jpg,5_1477156740.jpg,1,5,,True
1-coins/5_1477156746.json,5_1477156746.json,5_1477156746,True,5_1477156746.jpg,5_1477156746.jpg,1,5,,True
1-coins/5_1477156752.json,5_1477156752.json,5_1477156752,True,5_1477156752.jpg,5_1477156752.jpg,1,5,,True
1-coins/5_1477156758.json,5_1477156758.json,5_1477156758,True,5_1477156758.jpg,5_1477156758.jpg,1,5,,True
1-coins/5_1477156764.json,5_1477156764.json,5_1477156764,True,5_1477156764.jpg,5_1477156764.jpg,1,5,,True
1-coins/5_1477156770.json,5_1477156770.json,5_1477156770,True,5_1477156770.jpg,5_1477156770.jpg,1,5,,True
1-coins/5_1477156776.json,5_1477156776.json,5_1477156776,True,5_1477156776.jpg,5_1477156776.jpg,1,5,,True
1-coins/5_1477156782.json,5_1477156782.json,5_1477156782,True,5_1477156782.jpg,5_1477156782.jpg,1,5,,True
1-coins/5_1477156788.json,5_1477156788.json,5_1477156788,True,5_1477156788.jpg,5_1477156788.jpg,1,5,,True
1-coins/5_1477156794.json,5_1477156794.json,5_1477156794,True,5_1477156794.jpg,5_1477156794.jpg,1,5,,True
1-coins/5_1477156800.json,5_1477156800.json,5_1477156800,True,5_1477156800.jpg,5_1477156800.jpg,1,5,,True
1-coins/5_1477156806.json,5_1477156806.json,5_1477156806,True,5_1477156806.jpg,5_1477156806.jpg,1,5,,True
1-coins/5_1477156812.json,5_1477156812.json,5_1477156812,True,5_1477156812.jpg,5_1477156812.jpg,1,5,,True
1-coins/5_1477156818.json,5_1477156818.json,5_1477156818,True,5_1477156818.jpg,5_1477156818.jpg,1,5,,True
1-coins/5_1477156824.json,5_1477156824.json,5_1477156824,True,5_1477156824.jpg,5_1477156824.jpg,1,5,,True
1-coins/5_1477156830.json,5_1477156830.json,5_1477156830,True,5_1477156830.jpg,5_1477156830.jpg,1,5,,True
1-coins/5_1477156836.json,5_1477156836.json,5_1477156836,True,5_1477156836.jpg,5_1477156836.jpg,1,5,,True
1-coins/5_1477156842.json,5_1477156842.json,5_1477156842,True,5_1477156842.jpg,5_1477156842.jpg,1,5,,True
1-coins/5_1477156848.json,5_1477156848.json,5_1477156848,True,5_1477156848.jpg,5_1477156848.jpg,1,5,,True
1-coins/5_1477156854.json,5_1477156854.json,5_1477156854,True,5_1477156854.jpg,5_1477156854.jpg,1,5,,True
1-coins/5_1477156860.json,5_1477156860.json,5_1477156860,True,5_1477156860.jpg,5_1477156860.jpg,1,5,,True
1-coins/5_1477156866.json,5_1477156866.json,5_1477156866,True,5_1477156866.jpg,5_1477156866.jpg,1,5,,True
1-coins/5_1477156872.json,5_1477156872.json,5_1477156872,True,5_1477156872.jpg,5_1477156872.jpg,1,5,,True
1-coins/5_1477188438.json,5_1477188438.json,5_1477188438,True,5_1477188438.jpg,5_1477188438.jpg,1,5,,True
1-coins/5_1477188444.json,5_1477188444.json,5_1477188444,True,5_1477188444.jpg,5_1477188444.jpg,1,5,,True
1-coins/5_1477188450.json,5_1477188450.json,5_1477188450,True,5_1477188450.jpg,5_1477188450.jpg,1,5,,True
1-coins/5_1477188456.json,5_1477188456.json,5_1477188456,True,5_1477188456.jpg,5_1477188456.jpg,1,5,,True
1-coins/5_1477188462.json,5_1477188462.json,5_1477188462,True,5_1477188462.jpg,5_1477188462.jpg,1,5,,True
1-coins/5_1477188468.json,5_1477188468.json,5_1477188468,True,5_1477188468.jpg,5_1477188468.jpg,1,5,,True
1-coins/5_1477188474.json,5_1477188474.json,5_1477188474,True,5_1477188474.jpg,5_1477188474.jpg,1,5,,True
1-coins/5_1477188480.json,5_1477188480.json,5_1477188480,True,5_1477188480.jpg,5_1477188480.jpg,1,5,,True
1-coins/5_1477188486.json,5_1477188486.json,5_1477188486,True,5_1477188486.jpg,5_1477188486.jpg,1,5,,True
1-coins/5_1477188492.json,5_1477188492.json,5_1477188492,True,5_1477188492.jpg,5_1477188492.jpg,1,5,,True
1-coins/5_1477188498.json,5_1477188498.json,5_1477188498,True,5_1477188498.jpg,5_1477188498.jpg,1,5,,True
1-coins/5_1477188504.json,5_1477188504.json,5_1477188504,True,5_1477188504.jpg,5_1477188504.jpg,1,5,,True
1-coins/5_1477188510.json,5_1477188510.json,5_1477188510,True,5_1477188510.jpg,5_1477188510.jpg,1,5,,True
1-coins/5_1477188516.json,5_1477188516.json,5_1477188516,True,5_1477188516.jpg,5_1477188516.jpg,1,5,,True
1-coins/5_1477188522.json,5_1477188522.json,5_1477188522,True,5_1477188522.jpg,5_1477188522.jpg,1,5,,True
1-coins/5_1477188528.json,5_1477188528.json,5_1477188528,True,5_1477188528.jpg,5_1477188528.jpg,1,5,,True
1-coins/5_1477188534.json,5_1477188534.json,5_1477188534,True,5_1477188534.jpg,5_1477188534.jpg,1,5,,True
1-coins/5_1477188540.json,5_1477188540.json,5_1477188540,True,5_1477188540.jpg,5_1477188540.jpg,1,5,,True
1-coins/5_1477188546.json,5_1477188546.json,5_1477188546,True,5_1477188546.jpg,5_1477188546.jpg,1,5,,True
1-coins/5_1477188552.json,5_1477188552.json,5_1477188552,True,5_1477188552.jpg,5_1477188552.jpg,1,5,,True
1-coins/5_1477188558.json,5_1477188558.json,5_1477188558,True,5_1477188558.jpg,5_1477188558.jpg,1,5,,True
1-coins/5_1477188564.json,5_1477188564.json,5_1477188564,True,5_1477188564.jpg,5_1477188564.jpg,1,5,,True
1-coins/5_1477188570.json,5_1477188570.json,5_1477188570,True,5_1477188570.jpg,5_1477188570.jpg,1,5,,True
1-coins/5_1477188576.json,5_1477188576.json,5_1477188576,True,5_1477188576.jpg,5_1477188576.jpg,1,5,,True
1-coins/5_1477188582.json,5_1477188582.json,5_1477188582,True,5_1477188582.jpg,5_1477188582.jpg,1,5,,True
1-coins/5_1477188588.json,5_1477188588.json,5_1477188588,True,5_1477188588.jpg,5_1477188588.jpg,1,5,,True
1-coins/5_1477188594.json,5_1477188594.json,5_1477188594,True,5_1477188594.jpg,5_1477188594.jpg,1,5,,True
1-coins/5_1477188600.json,5_1477188600.json,5_1477188600,True,5_1477188600.jpg,5_1477188600.jpg,1,5,,True
1-coins/5_1477188606.json,5_1477188606.json,5_1477188606,True,5_1477188606.jpg,5_1477188606.jpg,1,5,,True
1-coins/5_1477188612.json,5_1477188612.json,5_1477188612,True,5_1477188612.jpg,5_1477188612.jpg,1,5,,True
1-coins/5_1477188642.json,5_1477188642.json,5_1477188642,True,5_1477188642.jpg,5_1477188642.jpg,1,5,,True
1-coins/5_1477188648.json,5_1477188648.json,5_1477188648,True,5_1477188648.jpg,5_1477188648.jpg,1,5,,True
1-coins/5_1477188654.json,5_1477188654.json,5_1477188654,True,5_1477188654.jpg,5_1477188654.jpg,1,5,,True
1-coins/5_1477188660.json,5_1477188660.json,5_1477188660,True,5_1477188660.jpg,5_1477188660.jpg,1,5,,True
1-coins/5_1477188666.json,5_1477188666.json,5_1477188666,True,5_1477188666.jpg,5_1477188666.jpg,1,5,,True
1-coins/5_1477188672.json,5_1477188672.json,5_1477188672,True,5_1477188672.jpg,5_1477188672.jpg,1,5,,True
1-coins/5_1477188678.json,5_1477188678.json,5_1477188678,True,5_1477188678.jpg,5_1477188678.jpg,1,5,,True
1-coins/5_1477188684.json,5_1477188684.json,5_1477188684,True,5_1477188684.jpg,5_1477188684.jpg,1,5,,True
1-coins/5_1477188690.json,5_1477188690.json,5_1477188690,True,5_1477188690.jpg,5_1477188690.jpg,1,5,,True
1-coins/5_1477188696.json,5_1477188696.json,5_1477188696,True,5_1477188696.jpg,5_1477188696.jpg,1,5,,True
1-coins/5_1477188702.json,5_1477188702.json,5_1477188702,True,5_1477188702.jpg,5_1477188702.jpg,1,5,,True
1-coins/5_1477188708.json,5_1477188708.json,5_1477188708,True,5_1477188708.jpg,5_1477188708.jpg,1,5,,True
1-coins/5_1477188714.json,5_1477188714.json,5_1477188714,True,5_1477188714.jpg,5_1477188714.jpg,1,5,,True
1-coins/5_1477188720.json,5_1477188720.json,5_1477188720,True,5_1477188720.jpg,5_1477188720.jpg,1,5,,True
1-coins/5_1477188726.json,5_1477188726.json,5_1477188726,True,5_1477188726.jpg,5_1477188726.jpg,1,5,,True
1-coins/5_1477188732.json,5_1477188732.json,5_1477188732,True,5_1477188732.jpg,5_1477188732.jpg,1,5,,True
1-coins/5_1477188738.json,5_1477188738.json,5_1477188738,True,5_1477188738.jpg,5_1477188738.jpg,1,5,,True
1-coins/5_1477188744.json,5_1477188744.json,5_1477188744,True,5_1477188744.jpg,5_1477188744.jpg,1,5,,True
1-coins/5_1477188750.json,5_1477188750.json,5_1477188750,True,5_1477188750.jpg,5_1477188750.jpg,1,5,,True
1-coins/5_1477188756.json,5_1477188756.json,5_1477188756,True,5_1477188756.jpg,5_1477188756.jpg,1,5,,True
1-coins/5_1477188762.json,5_1477188762.json,5_1477188762,True,5_1477188762.jpg,5_1477188762.jpg,1,5,,True
1-coins/5_1477188768.json,5_1477188768.json,5_1477188768,True,5_1477188768.jpg,5_1477188768.jpg,1,5,,True
1-coins/5_1477188774.json,5_1477188774.json,5_1477188774,True,5_1477188774.jpg,5_1477188774.jpg,1,5,,True
1-coins/5_1477188780.json,5_1477188780.json,5_1477188780,True,5_1477188780.jpg,5_1477188780.jpg,1,5,,True
1-coins/5_1477188786.json,5_1477188786.json,5_1477188786,True,5_1477188786.jpg,5_1477188786.jpg,4,5|finger,,True
1-coins/5_1477188792.json,5_1477188792.json,5_1477188792,True,5_1477188792.jpg,5_1477188792.jpg,1,5,,True
1-coins/5_1477188798.json,5_1477188798.json,5_1477188798,True,5_1477188798.jpg,5_1477188798.jpg,1,5,,True
1-coins/5_1477188804.json,5_1477188804.json,5_1477188804,True,5_1477188804.jpg,5_1477188804.jpg,1,5,,True
1-coins/5_1477188810.json,5_1477188810.json,5_1477188810,True,5_1477188810.jpg,5_1477188810.jpg,1,5,,True
1-coins/5_1477188816.json,5_1477188816.json,5_1477188816,True,5_1477188816.jpg,5_1477188816.jpg,1,5,,True
1-coins/5_1477188894.json,5_1477188894.json,5_1477188894,True,5_1477188894.jpg,5_1477188894.jpg,1,5,,True
1-coins/5_1477188900.json,5_1477188900.json,5_1477188900,True,5_1477188900.jpg,5_1477188900.jpg,1,5,,True
1-coins/5_1477188906.json,5_1477188906.json,5_1477188906,True,5_1477188906.jpg,5_1477188906.jpg,1,5,,True
1-coins/5_1477188912.json,5_1477188912.json,5_1477188912,True,5_1477188912.jpg,5_1477188912.jpg,1,5,,True
1-coins/5_1477188918.json,5_1477188918.json,5_1477188918,True,5_1477188918.jpg,5_1477188918.jpg,1,5,,True
1-coins/5_1477188924.json,5_1477188924.json,5_1477188924,True,5_1477188924.jpg,5_1477188924.jpg,1,5,,True
1-coins/5_1477188930.json,5_1477188930.json,5_1477188930,True,5_1477188930.jpg,5_1477188930.jpg,1,5,,True
1-coins/5_1477188936.json,5_1477188936.json,5_1477188936,True,5_1477188936.jpg,5_1477188936.jpg,1,5,,True
1-coins/5_1477188942.json,5_1477188942.json,5_1477188942,True,5_1477188942.jpg,5_1477188942.jpg,1,5,,True
1-coins/5_1477188948.json,5_1477188948.json,5_1477188948,True,5_1477188948.jpg,5_1477188948.jpg,1,5,,True
1-coins/5_1477188954.json,5_1477188954.json,5_1477188954,True,5_1477188954.jpg,5_1477188954.jpg,1,5,,True
1-coins/5_1477188960.json,5_1477188960.json,5_1477188960,True,5_1477188960.jpg,5_1477188960.jpg,1,5,,True
1-coins/5_1477188966.json,5_1477188966.json,5_1477188966,True,5_1477188966.jpg,5_1477188966.jpg,1,5,,True
1-coins/5_1477188972.json,5_1477188972.json,5_1477188972,True,5_1477188972.jpg,5_1477188972.jpg,1,5,,True
1-coins/5_1477188978.json,5_1477188978.json,5_1477188978,True,5_1477188978.jpg,5_1477188978.jpg,1,5,,True
1-coins/5_1477188984.json,5_1477188984.json,5_1477188984,True,5_1477188984.jpg,5_1477188984.jpg,1,5,,True
1-coins/5_1477188990.json,5_1477188990.json,5_1477188990,True,5_1477188990.jpg,5_1477188990.jpg,1,5,,True
1-coins/5_1477188996.json,5_1477188996.json,5_1477188996,True,5_1477188996.jpg,5_1477188996.jpg,1,5,,True
1-coins/5_1477189002.json,5_1477189002.json,5_1477189002,True,5_1477189002.jpg,5_1477189002.jpg,1,5,,True
1-coins/5_1477189008.json,5_1477189008.json,5_1477189008,True,5_1477189008.jpg,5_1477189008.jpg,1,5,,True
1-coins/5_1477189014.json,5_1477189014.json,5_1477189014,True,5_1477189014.jpg,5_1477189014.jpg,1,5,,True
1-coins/5_1477189020.json,5_1477189020.json,5_1477189020,True,5_1477189020.jpg,5_1477189020.jpg,1,5,,True
1-coins/5_1477189026.json,5_1477189026.json,5_1477189026,True,5_1477189026.jpg,5_1477189026.jpg,1,5,,True
1-coins/5_1477189032.json,5_1477189032.json,5_1477189032,True,5_1477189032.jpg,5_1477189032.jpg,1,5,,True
1-coins/5_1477189038.json,5_1477189038.json,5_1477189038,True,5_1477189038.jpg,5_1477189038.jpg,1,5,,True
1-coins/5_1477189044.json,5_1477189044.json,5_1477189044,True,5_1477189044.jpg,5_1477189044.jpg,1,5,,True
1-coins/5_1477189050.json,5_1477189050.json,5_1477189050,True,5_1477189050.jpg,5_1477189050.jpg,1,5,,True
1-coins/5_1477189056.json,5_1477189056.json,5_1477189056,True,5_1477189056.jpg,5_1477189056.jpg,1,5,,True
1-coins/5_1477189062.json,5_1477189062.json,5_1477189062,True,5_1477189062.jpg,5_1477189062.jpg,1,5,,True
1-coins/5_1477189068.json,5_1477189068.json,5_1477189068,True,5_1477189068.jpg,5_1477189068.jpg,1,5,,True
1-coins/5_1477189116.json,5_1477189116.json,5_1477189116,True,5_1477189116.jpg,5_1477189116.jpg,1,5,,True
1-coins/5_1477189122.json,5_1477189122.json,5_1477189122,True,5_1477189122.jpg,5_1477189122.jpg,1,5,,True
1-coins/5_1477189128.json,5_1477189128.json,5_1477189128,True,5_1477189128.jpg,5_1477189128.jpg,1,5,,True
1-coins/5_1477189134.json,5_1477189134.json,5_1477189134,True,5_1477189134.jpg,5_1477189134.jpg,1,5,,True
1-coins/5_1477189140.json,5_1477189140.json,5_1477189140,True,5_1477189140.jpg,5_1477189140.jpg,1,5,,True
1-coins/5_1477189146.json,5_1477189146.json,5_1477189146,True,5_1477189146.jpg,5_1477189146.jpg,1,5,,True
1-coins/5_1477189152.json,5_1477189152.json,5_1477189152,True,5_1477189152.jpg,5_1477189152.jpg,1,5,,True
1-coins/5_1477189158.json,5_1477189158.json,5_1477189158,True,5_1477189158.jpg,5_1477189158.jpg,1,5,,True
1-coins/5_1477189164.json,5_1477189164.json,5_1477189164,True,5_1477189164.jpg,5_1477189164.jpg,1,5,,True
1-coins/5_1477189170.json,5_1477189170.json,5_1477189170,True,5_1477189170.jpg,5_1477189170.jpg,1,5,,True
1-coins/5_1477189176.json,5_1477189176.json,5_1477189176,True,5_1477189176.jpg,5_1477189176.jpg,1,5,,True
1-coins/5_1477189182.json,5_1477189182.json,5_1477189182,True,5_1477189182.jpg,5_1477189182.jpg,1,5,,True
1-coins/5_1477189188.json,5_1477189188.json,5_1477189188,True,5_1477189188.jpg,5_1477189188.jpg,1,5,,True
1-coins/5_1477189194.json,5_1477189194.json,5_1477189194,True,5_1477189194.jpg,5_1477189194.jpg,1,5,,True
1-coins/5_1477189200.json,5_1477189200.json,5_1477189200,True,5_1477189200.jpg,5_1477189200.jpg,1,5,,True
1-coins/5_1477189206.json,5_1477189206.json,5_1477189206,True,5_1477189206.jpg,5_1477189206.jpg,1,5,,True
1-coins/5_1477189212.json,5_1477189212.json,5_1477189212,True,5_1477189212.jpg,5_1477189212.jpg,1,5,,True
1-coins/5_1477189218.json,5_1477189218.json,5_1477189218,True,5_1477189218.jpg,5_1477189218.jpg,1,5,,True
1-coins/5_1477189224.json,5_1477189224.json,5_1477189224,True,5_1477189224.jpg,5_1477189224.jpg,1,5,,True
1-coins/5_1477189230.json,5_1477189230.json,5_1477189230,True,5_1477189230.jpg,5_1477189230.jpg,1,5,,True
1-coins/5_1477189236.json,5_1477189236.json,5_1477189236,True,5_1477189236.jpg,5_1477189236.jpg,1,5,,True
1-coins/5_1477189242.json,5_1477189242.json,5_1477189242,True,5_1477189242.jpg,5_1477189242.jpg,1,5,,True
1-coins/5_1477189248.json,5_1477189248.json,5_1477189248,True,5_1477189248.jpg,5_1477189248.jpg,1,5,,True
1-coins/5_1477189254.json,5_1477189254.json,5_1477189254,True,5_1477189254.jpg,5_1477189254.jpg,1,5,,True
1-coins/5_1477189260.json,5_1477189260.json,5_1477189260,True,5_1477189260.jpg,5_1477189260.jpg,1,5,,True
1-coins/5_1477189266.json,5_1477189266.json,5_1477189266,True,5_1477189266.jpg,5_1477189266.jpg,1,5,,True
1-coins/5_1477189272.json,5_1477189272.json,5_1477189272,True,5_1477189272.jpg,5_1477189272.jpg,1,5,,True
1-coins/5_1477189278.json,5_1477189278.json,5_1477189278,True,5_1477189278.jpg,5_1477189278.jpg,1,5,,True
1-coins/5_1477189284.json,5_1477189284.json,5_1477189284,True,5_1477189284.jpg,5_1477189284.jpg,1,5,,True
1-coins/5_1477189290.json,5_1477189290.json,5_1477189290,True,5_1477189290.jpg,5_1477189290.jpg,1,5,,True
1-coins/5_1477189326.json,5_1477189326.json,5_1477189326,True,5_1477189326.jpg,5_1477189326.jpg,1,5,,True
1-coins/5_1477189332.json,5_1477189332.json,5_1477189332,True,5_1477189332.jpg,5_1477189332.jpg,1,5,,True
1-coins/5_1477189338.json,5_1477189338.json,5_1477189338,True,5_1477189338.jpg,5_1477189338.jpg,1,5,,True
1-coins/5_1477189344.json,5_1477189344.json,5_1477189344,True,5_1477189344.jpg,5_1477189344.jpg,1,5,,True
1-coins/5_1477189350.json,5_1477189350.json,5_1477189350,True,5_1477189350.jpg,5_1477189350.jpg,1,5,,True
1-coins/5_1477189356.json,5_1477189356.json,5_1477189356,True,5_1477189356.jpg,5_1477189356.jpg,1,5,,True
1-coins/5_1477189362.json,5_1477189362.json,5_1477189362,True,5_1477189362.jpg,5_1477189362.jpg,1,5,,True
1-coins/5_1477189368.json,5_1477189368.json,5_1477189368,True,5_1477189368.jpg,5_1477189368.jpg,1,5,,True
1-coins/5_1477189374.json,5_1477189374.json,5_1477189374,True,5_1477189374.jpg,5_1477189374.jpg,1,5,,True
1-coins/5_1477189380.json,5_1477189380.json,5_1477189380,True,5_1477189380.jpg,5_1477189380.jpg,1,5,,True
1-coins/5_1477189386.json,5_1477189386.json,5_1477189386,True,5_1477189386.jpg,5_1477189386.jpg,1,5,,True
1-coins/5_1477189392.json,5_1477189392.json,5_1477189392,True,5_1477189392.jpg,5_1477189392.jpg,1,5,,True
1-coins/5_1477189398.json,5_1477189398.json,5_1477189398,True,5_1477189398.jpg,5_1477189398.jpg,1,5,,True
1-coins/5_1477189404.json,5_1477189404.json,5_1477189404,True,5_1477189404.jpg,5_1477189404.jpg,1,5,,True
1-coins/5_1477189410.json,5_1477189410.json,5_1477189410,True,5_1477189410.jpg,5_1477189410.jpg,1,5,,True
1-coins/5_1477189416.json,5_1477189416.json,5_1477189416,True,5_1477189416.jpg,5_1477189416.jpg,1,5,,True
1-coins/5_1477189422.json,5_1477189422.json,5_1477189422,True,5_1477189422.jpg,5_1477189422.jpg,1,5,,True
1-coins/5_1477189428.json,5_1477189428.json,5_1477189428,True,5_1477189428.jpg,5_1477189428.jpg,1,5,,True
1-coins/5_1477189434.json,5_1477189434.json,5_1477189434,True,5_1477189434.jpg,5_1477189434.jpg,1,5,,True
1-coins/5_1477189440.json,5_1477189440.json,5_1477189440,True,5_1477189440.jpg,5_1477189440.jpg,1,5,,True
1-coins/5_1477189446.json,5_1477189446.json,5_1477189446,True,5_1477189446.jpg,5_1477189446.jpg,1,5,,True
1-coins/5_1477189452.json,5_1477189452.json,5_1477189452,True,5_1477189452.jpg,5_1477189452.jpg,1,5,,True
1-coins/5_1477189458.json,5_1477189458.json,5_1477189458,True,5_1477189458.jpg,5_1477189458.jpg,1,5,,True
1-coins/5_1477189464.json,5_1477189464.json,5_1477189464,True,5_1477189464.jpg,5_1477189464.jpg,1,5,,True
1-coins/5_1477189470.json,5_1477189470.json,5_1477189470,True,5_1477189470.jpg,5_1477189470.jpg,1,5,,True
1-coins/5_1477189476.json,5_1477189476.json,5_1477189476,True,5_1477189476.jpg,5_1477189476.jpg,1,5,,True
1-coins/5_1477189482.json,5_1477189482.json,5_1477189482,True,5_1477189482.jpg,5_1477189482.jpg,1,5,,True
1-coins/5_1477189488.json,5_1477189488.json,5_1477189488,True,5_1477189488.jpg,5_1477189488.jpg,1,5,,True
1-coins/5_1477189494.json,5_1477189494.json,5_1477189494,True,5_1477189494.jpg,5_1477189494.jpg,1,5,,True
1-coins/5_1477189500.json,5_1477189500.json,5_1477189500,True,5_1477189500.jpg,5_1477189500.jpg,1,5,,True
1-coins/5_1477289796.json,5_1477289796.json,5_1477289796,True,5_1477289796.jpg,5_1477289796.jpg,1,5,,True
1-coins/5_1477289802.json,5_1477289802.json,5_1477289802,True,5_1477289802.jpg,5_1477289802.jpg,1,5,,True
1-coins/5_1477289808.json,5_1477289808.json,5_1477289808,True,5_1477289808.jpg,5_1477289808.jpg,1,5,,True
1-coins/5_1477289814.json,5_1477289814.json,5_1477289814,True,5_1477289814.jpg,5_1477289814.jpg,1,5,,True
1-coins/5_1477289820.json,5_1477289820.json,5_1477289820,True,5_1477289820.jpg,5_1477289820.jpg,1,5,,True
1-coins/5_1477289826.json,5_1477289826.json,5_1477289826,True,5_1477289826.jpg,5_1477289826.jpg,1,5,,True
1-coins/5_1477289832.json,5_1477289832.json,5_1477289832,True,5_1477289832.jpg,5_1477289832.jpg,1,5,,True
1-coins/5_1477289838.json,5_1477289838.json,5_1477289838,True,5_1477289838.jpg,5_1477289838.jpg,1,5,,True
1-coins/5_1477289844.json,5_1477289844.json,5_1477289844,True,5_1477289844.jpg,5_1477289844.jpg,1,5,,True
1-coins/5_1477289850.json,5_1477289850.json,5_1477289850,True,5_1477289850.jpg,5_1477289850.jpg,1,5,,True
1-coins/5_1477289856.json,5_1477289856.json,5_1477289856,True,5_1477289856.jpg,5_1477289856.jpg,1,5,,True
1-coins/5_1477289862.json,5_1477289862.json,5_1477289862,True,5_1477289862.jpg,5_1477289862.jpg,1,5,,True
1-coins/5_1477289868.json,5_1477289868.json,5_1477289868,True,5_1477289868.jpg,5_1477289868.jpg,1,5,,True
1-coins/5_1477289874.json,5_1477289874.json,5_1477289874,True,5_1477289874.jpg,5_1477289874.jpg,1,5,,True
1-coins/5_1477289880.json,5_1477289880.json,5_1477289880,True,5_1477289880.jpg,5_1477289880.jpg,1,5,,True
1-coins/5_1477289886.json,5_1477289886.json,5_1477289886,True,5_1477289886.jpg,5_1477289886.jpg,1,5,,True
1-coins/5_1477289892.json,5_1477289892.json,5_1477289892,True,5_1477289892.jpg,5_1477289892.jpg,1,5,,True
1-coins/5_1477289898.json,5_1477289898.json,5_1477289898,True,5_1477289898.jpg,5_1477289898.jpg,1,5,,True
1-coins/5_1477289904.json,5_1477289904.json,5_1477289904,True,5_1477289904.jpg,5_1477289904.jpg,1,5,,True
1-coins/5_1477289910.json,5_1477289910.json,5_1477289910,True,5_1477289910.jpg,5_1477289910.jpg,1,5,,True
1-coins/5_1477289916.json,5_1477289916.json,5_1477289916,True,5_1477289916.jpg,5_1477289916.jpg,1,5,,True
1-coins/5_1477289922.json,5_1477289922.json,5_1477289922,True,5_1477289922.jpg,5_1477289922.jpg,1,5,,True
1-coins/5_1477289928.json,5_1477289928.json,5_1477289928,True,5_1477289928.jpg,5_1477289928.jpg,1,5,,True
1-coins/5_1477289934.json,5_1477289934.json,5_1477289934,True,5_1477289934.jpg,5_1477289934.jpg,1,5,,True
1-coins/5_1477289940.json,5_1477289940.json,5_1477289940,True,5_1477289940.jpg,5_1477289940.jpg,1,5,,True
1-coins/5_1477289946.json,5_1477289946.json,5_1477289946,True,5_1477289946.jpg,5_1477289946.jpg,1,5,,True
1-coins/5_1477289952.json,5_1477289952.json,5_1477289952,True,5_1477289952.jpg,5_1477289952.jpg,1,5,,True
1-coins/5_1477289958.json,5_1477289958.json,5_1477289958,True,5_1477289958.jpg,5_1477289958.jpg,1,5,,True
1-coins/5_1477289964.json,5_1477289964.json,5_1477289964,True,5_1477289964.jpg,5_1477289964.jpg,1,5,,True
1-coins/5_1477289970.json,5_1477289970.json,5_1477289970,True,5_1477289970.jpg,5_1477289970.jpg,1,5,,True
1-coins/5_1477289988.json,5_1477289988.json,5_1477289988,True,5_1477289988.jpg,5_1477289988.jpg,1,5,,True
1-coins/5_1477289994.json,5_1477289994.json,5_1477289994,True,5_1477289994.jpg,5_1477289994.jpg,1,5,,True
1-coins/5_1477290000.json,5_1477290000.json,5_1477290000,True,5_1477290000.jpg,5_1477290000.jpg,1,5,,True
1-coins/5_1477290006.json,5_1477290006.json,5_1477290006,True,5_1477290006.jpg,5_1477290006.jpg,1,5,,True
1-coins/5_1477290012.json,5_1477290012.json,5_1477290012,True,5_1477290012.jpg,5_1477290012.jpg,1,5,,True
1-coins/5_1477290018.json,5_1477290018.json,5_1477290018,True,5_1477290018.jpg,5_1477290018.jpg,1,5,,True
1-coins/5_1477290024.json,5_1477290024.json,5_1477290024,True,5_1477290024.jpg,5_1477290024.jpg,1,5,,True
1-coins/5_1477290030.json,5_1477290030.json,5_1477290030,True,5_1477290030.jpg,5_1477290030.jpg,1,5,,True
1-coins/5_1477290036.json,5_1477290036.json,5_1477290036,True,5_1477290036.jpg,5_1477290036.jpg,1,5,,True
1-coins/5_1477290042.json,5_1477290042.json,5_1477290042,True,5_1477290042.jpg,5_1477290042.jpg,1,5,,True
1-coins/5_1477290048.json,5_1477290048.json,5_1477290048,True,5_1477290048.jpg,5_1477290048.jpg,1,5,,True
1-coins/5_1477290054.json,5_1477290054.json,5_1477290054,True,5_1477290054.jpg,5_1477290054.jpg,1,5,,True
1-coins/5_1477290060.json,5_1477290060.json,5_1477290060,True,5_1477290060.jpg,5_1477290060.jpg,1,5,,True
1-coins/5_1477290066.json,5_1477290066.json,5_1477290066,True,5_1477290066.jpg,5_1477290066.jpg,1,5,,True
1-coins/5_1477290072.json,5_1477290072.json,5_1477290072,True,5_1477290072.jpg,5_1477290072.jpg,1,5,,True
1-coins/5_1477290078.json,5_1477290078.json,5_1477290078,True,5_1477290078.jpg,5_1477290078.jpg,2,5|finger,,True
1-coins/5_1477290084.json,5_1477290084.json,5_1477290084,True,5_1477290084.jpg,5_1477290084.jpg,1,5,,True
1-coins/5_1477290090.json,5_1477290090.json,5_1477290090,True,5_1477290090.jpg,5_1477290090.jpg,1,5,,True
1-coins/5_1477290096.json,5_1477290096.json,5_1477290096,True,5_1477290096.jpg,5_1477290096.jpg,1,5,,True
1-coins/5_1477290102.json,5_1477290102.json,5_1477290102,True,5_1477290102.jpg,5_1477290102.jpg,1,5,,True
1-coins/5_1477290108.json,5_1477290108.json,5_1477290108,True,5_1477290108.jpg,5_1477290108.jpg,1,5,,True
1-coins/5_1477290114.json,5_1477290114.json,5_1477290114,True,5_1477290114.jpg,5_1477290114.jpg,1,5,,True
1-coins/5_1477290120.json,5_1477290120.json,5_1477290120,True,5_1477290120.jpg,5_1477290120.jpg,1,5,,True
1-coins/5_1477290126.json,5_1477290126.json,5_1477290126,True,5_1477290126.jpg,5_1477290126.jpg,1,5,,True
1-coins/5_1477290132.json,5_1477290132.json,5_1477290132,True,5_1477290132.jpg,5_1477290132.jpg,3,5|finger,,True
1-coins/5_1477290138.json,5_1477290138.json,5_1477290138,True,5_1477290138.jpg,5_1477290138.jpg,1,5,,True
1-coins/5_1477290144.json,5_1477290144.json,5_1477290144,True,5_1477290144.jpg,5_1477290144.jpg,1,5,,True
1-coins/5_1477290150.json,5_1477290150.json,5_1477290150,True,5_1477290150.jpg,5_1477290150.jpg,1,5,,True
1-coins/5_1477290156.json,5_1477290156.json,5_1477290156,True,5_1477290156.jpg,5_1477290156.jpg,1,5,,True
1-coins/5_1477290162.json,5_1477290162.json,5_1477290162,True,5_1477290162.jpg,5_1477290162.jpg,1,5,,True
1-coins/5_1477290180.json,5_1477290180.json,5_1477290180,True,5_1477290180.jpg,5_1477290180.jpg,1,5,,True
1-coins/5_1477290186.json,5_1477290186.json,5_1477290186,True,5_1477290186.jpg,5_1477290186.jpg,1,5,,True
1-coins/5_1477290192.json,5_1477290192.json,5_1477290192,True,5_1477290192.jpg,5_1477290192.jpg,1,5,,True
1-coins/5_1477290198.json,5_1477290198.json,5_1477290198,True,5_1477290198.jpg,5_1477290198.jpg,2,5|finger,,True
1-coins/5_1477290204.json,5_1477290204.json,5_1477290204,True,5_1477290204.jpg,5_1477290204.jpg,1,5,,True
1-coins/5_1477290210.json,5_1477290210.json,5_1477290210,True,5_1477290210.jpg,5_1477290210.jpg,1,5,,True
1-coins/5_1477290216.json,5_1477290216.json,5_1477290216,True,5_1477290216.jpg,5_1477290216.jpg,1,5,,True
1-coins/5_1477290222.json,5_1477290222.json,5_1477290222,True,5_1477290222.jpg,5_1477290222.jpg,1,5,,True
1-coins/5_1477290228.json,5_1477290228.json,5_1477290228,True,5_1477290228.jpg,5_1477290228.jpg,1,5,,True
1-coins/5_1477290234.json,5_1477290234.json,5_1477290234,True,5_1477290234.jpg,5_1477290234.jpg,1,5,,True
1-coins/5_1477290240.json,5_1477290240.json,5_1477290240,True,5_1477290240.jpg,5_1477290240.jpg,1,5,,True
1-coins/5_1477290246.json,5_1477290246.json,5_1477290246,True,5_1477290246.jpg,5_1477290246.jpg,1,5,,True
1-coins/5_1477290252.json,5_1477290252.json,5_1477290252,True,5_1477290252.jpg,5_1477290252.jpg,1,5,,True
1-coins/5_1477290258.json,5_1477290258.json,5_1477290258,True,5_1477290258.jpg,5_1477290258.jpg,1,5,,True
1-coins/5_1477290264.json,5_1477290264.json,5_1477290264,True,5_1477290264.jpg,5_1477290264.jpg,1,5,,True
1-coins/5_1477290270.json,5_1477290270.json,5_1477290270,True,5_1477290270.jpg,5_1477290270.jpg,1,5,,True
1-coins/5_1477290276.json,5_1477290276.json,5_1477290276,True,5_1477290276.jpg,5_1477290276.jpg,1,5,,True
1-coins/5_1477290282.json,5_1477290282.json,5_1477290282,True,5_1477290282.jpg,5_1477290282.jpg,1,5,,True
1-coins/5_1477290288.json,5_1477290288.json,5_1477290288,True,5_1477290288.jpg,5_1477290288.jpg,1,5,,True
1-coins/5_1477290294.json,5_1477290294.json,5_1477290294,True,5_1477290294.jpg,5_1477290294.jpg,1,5,,True
1-coins/5_1477290300.json,5_1477290300.json,5_1477290300,True,5_1477290300.jpg,5_1477290300.jpg,1,5,,True
1-coins/5_1477290306.json,5_1477290306.json,5_1477290306,True,5_1477290306.jpg,5_1477290306.jpg,1,5,,True
1-coins/5_1477290312.json,5_1477290312.json,5_1477290312,True,5_1477290312.jpg,5_1477290312.jpg,1,5,,True
1-coins/5_1477290318.json,5_1477290318.json,5_1477290318,True,5_1477290318.jpg,5_1477290318.jpg,1,5,,True
1-coins/5_1477290324.json,5_1477290324.json,5_1477290324,True,5_1477290324.jpg,5_1477290324.jpg,1,5,,True
1-coins/5_1477290330.json,5_1477290330.json,5_1477290330,True,5_1477290330.jpg,5_1477290330.jpg,1,5,,True
1-coins/5_1477290336.json,5_1477290336.json,5_1477290336,True,5_1477290336.jpg,5_1477290336.jpg,1,5,,True
1-coins/5_1477290342.json,5_1477290342.json,5_1477290342,True,5_1477290342.jpg,5_1477290342.jpg,1,5,,True
1-coins/5_1477290348.json,5_1477290348.json,5_1477290348,True,5_1477290348.jpg,5_1477290348.jpg,1,5,,True
1-coins/5_1477290354.json,5_1477290354.json,5_1477290354,True,5_1477290354.jpg,5_1477290354.jpg,1,5,,True
1-coins/5_1477290366.json,5_1477290366.json,5_1477290366,True,5_1477290366.jpg,5_1477290366.jpg,1,5,,True
1-coins/5_1477290372.json,5_1477290372.json,5_1477290372,True,5_1477290372.jpg,5_1477290372.jpg,1,5,,True
1-coins/5_1477290378.json,5_1477290378.json,5_1477290378,True,5_1477290378.jpg,5_1477290378.jpg,1,5,,True
1-coins/5_1477290384.json,5_1477290384.json,5_1477290384,True,5_1477290384.jpg,5_1477290384.jpg,1,5,,True
1-coins/5_1477290390.json,5_1477290390.json,5_1477290390,True,5_1477290390.jpg,5_1477290390.jpg,1,5,,True
1-coins/5_1477290396.json,5_1477290396.json,5_1477290396,True,5_1477290396.jpg,5_1477290396.jpg,1,5,,True
1-coins/5_1477290402.json,5_1477290402.json,5_1477290402,True,5_1477290402.jpg,5_1477290402.jpg,1,5,,True
1-coins/5_1477290408.json,5_1477290408.json,5_1477290408,True,5_1477290408.jpg,5_1477290408.jpg,1,5,,True
1-coins/5_1477290414.json,5_1477290414.json,5_1477290414,True,5_1477290414.jpg,5_1477290414.jpg,1,5,,True
1-coins/5_1477290420.json,5_1477290420.json,5_1477290420,True,5_1477290420.jpg,5_1477290420.jpg,1,5,,True
1-coins/5_1477290426.json,5_1477290426.json,5_1477290426,True,5_1477290426.jpg,5_1477290426.jpg,1,5,,True
1-coins/5_1477290432.json,5_1477290432.json,5_1477290432,True,5_1477290432.jpg,5_1477290432.jpg,1,5,,True
1-coins/5_1477290438.json,5_1477290438.json,5_1477290438,True,5_1477290438.jpg,5_1477290438.jpg,1,5,,True
1-coins/5_1477290444.json,5_1477290444.json,5_1477290444,True,5_1477290444.jpg,5_1477290444.jpg,1,5,,True
1-coins/5_1477290450.json,5_1477290450.json,5_1477290450,True,5_1477290450.jpg,5_1477290450.jpg,1,5,,True
1-coins/5_1477290456.json,5_1477290456.json,5_1477290456,True,5_1477290456.jpg,5_1477290456.jpg,1,5,,True
1-coins/5_1477290462.json,5_1477290462.json,5_1477290462,True,5_1477290462.jpg,5_1477290462.jpg,1,5,,True
1-coins/5_1477290468.json,5_1477290468.json,5_1477290468,True,5_1477290468.jpg,5_1477290468.jpg,1,5,,True
1-coins/5_1477290474.json,5_1477290474.json,5_1477290474,True,5_1477290474.jpg,5_1477290474.jpg,1,5,,True
1-coins/5_1477290480.json,5_1477290480.json,5_1477290480,True,5_1477290480.jpg,5_1477290480.jpg,1,5,,True
1-coins/5_1477290486.json,5_1477290486.json,5_1477290486,True,5_1477290486.jpg,5_1477290486.jpg,1,5,,True
1-coins/5_1477290492.json,5_1477290492.json,5_1477290492,True,5_1477290492.jpg,5_1477290492.jpg,1,5,,True
1-coins/5_1477290498.json,5_1477290498.json,5_1477290498,True,5_1477290498.jpg,5_1477290498.jpg,1,5,,True
1-coins/5_1477290504.json,5_1477290504.json,5_1477290504,True,5_1477290504.jpg,5_1477290504.jpg,5,5|finger,,True
1-coins/5_1477290510.json,5_1477290510.json,5_1477290510,True,5_1477290510.jpg,5_1477290510.jpg,1,5,,True
1-coins/5_1477290516.json,5_1477290516.json,5_1477290516,True,5_1477290516.jpg,5_1477290516.jpg,1,5,,True
1-coins/5_1477290522.json,5_1477290522.json,5_1477290522,True,5_1477290522.jpg,5_1477290522.jpg,1,5,,True
1-coins/5_1477290528.json,5_1477290528.json,5_1477290528,True,5_1477290528.jpg,5_1477290528.jpg,1,5,,True
1-coins/5_1477290534.json,5_1477290534.json,5_1477290534,True,5_1477290534.jpg,5_1477290534.jpg,1,5,,True
1-coins/5_1477290540.json,5_1477290540.json,5_1477290540,True,5_1477290540.jpg,5_1477290540.jpg,1,5,,True
1-coins/5_1477290546.json,5_1477290546.json,5_1477290546,True,5_1477290546.jpg,5_1477290546.jpg,1,5,,True
1-coins/5_1477290564.json,5_1477290564.json,5_1477290564,True,5_1477290564.jpg,5_1477290564.jpg,1,5,,True
1-coins/5_1477290570.json,5_1477290570.json,5_1477290570,True,5_1477290570.jpg,5_1477290570.jpg,1,5,,True
1-coins/5_1477290576.json,5_1477290576.json,5_1477290576,True,5_1477290576.jpg,5_1477290576.jpg,1,5,,True
1-coins/5_1477290582.json,5_1477290582.json,5_1477290582,True,5_1477290582.jpg,5_1477290582.jpg,1,5,,True
1-coins/5_1477290588.json,5_1477290588.json,5_1477290588,True,5_1477290588.jpg,5_1477290588.jpg,1,5,,True
1-coins/5_1477290594.json,5_1477290594.json,5_1477290594,True,5_1477290594.jpg,5_1477290594.jpg,1,5,,True
1-coins/5_1477290600.json,5_1477290600.json,5_1477290600,True,5_1477290600.jpg,5_1477290600.jpg,1,5,,True
1-coins/5_1477290606.json,5_1477290606.json,5_1477290606,True,5_1477290606.jpg,5_1477290606.jpg,1,5,,True
1-coins/5_1477290612.json,5_1477290612.json,5_1477290612,True,5_1477290612.jpg,5_1477290612.jpg,1,5,,True
1-coins/5_1477290618.json,5_1477290618.json,5_1477290618,True,5_1477290618.jpg,5_1477290618.jpg,1,5,,True
1-coins/5_1477290636.json,5_1477290636.json,5_1477290636,True,5_1477290636.jpg,5_1477290636.jpg,1,5,,True
1-coins/5_1477290642.json,5_1477290642.json,5_1477290642,True,5_1477290642.jpg,5_1477290642.jpg,1,5,,True
1-coins/5_1477290648.json,5_1477290648.json,5_1477290648,True,5_1477290648.jpg,5_1477290648.jpg,1,5,,True
1-coins/5_1477290654.json,5_1477290654.json,5_1477290654,True,5_1477290654.jpg,5_1477290654.jpg,1,5,,True
1-coins/5_1477290660.json,5_1477290660.json,5_1477290660,True,5_1477290660.jpg,5_1477290660.jpg,1,5,,True
1-coins/5_1477290666.json,5_1477290666.json,5_1477290666,True,5_1477290666.jpg,5_1477290666.jpg,1,5,,True
1-coins/5_1477290672.json,5_1477290672.json,5_1477290672,True,5_1477290672.jpg,5_1477290672.jpg,1,5,,True
1-coins/5_1477290678.json,5_1477290678.json,5_1477290678,True,5_1477290678.jpg,5_1477290678.jpg,1,5,,True
1-coins/5_1477290684.json,5_1477290684.json,5_1477290684,True,5_1477290684.jpg,5_1477290684.jpg,1,5,,True
1-coins/5_1477290690.json,5_1477290690.json,5_1477290690,True,5_1477290690.jpg,5_1477290690.jpg,1,5,,True
1-coins/5_1477290696.json,5_1477290696.json,5_1477290696,True,5_1477290696.jpg,5_1477290696.jpg,1,5,,True
1-coins/5_1477290702.json,5_1477290702.json,5_1477290702,True,5_1477290702.jpg,5_1477290702.jpg,1,5,,True
1-coins/5_1477290708.json,5_1477290708.json,5_1477290708,True,5_1477290708.jpg,5_1477290708.jpg,1,5,,True
1-coins/5_1477290714.json,5_1477290714.json,5_1477290714,True,5_1477290714.jpg,5_1477290714.jpg,1,5,,True
1-coins/5_1477290720.json,5_1477290720.json,5_1477290720,True,5_1477290720.jpg,5_1477290720.jpg,1,5,,True
1-coins/5_1477290726.json,5_1477290726.json,5_1477290726,True,5_1477290726.jpg,5_1477290726.jpg,1,5,,True
1-coins/5_1477290732.json,5_1477290732.json,5_1477290732,True,5_1477290732.jpg,5_1477290732.jpg,1,5,,True
1-coins/5_1477290738.json,5_1477290738.json,5_1477290738,True,5_1477290738.jpg,5_1477290738.jpg,1,5,,True
1-coins/5_1477290750.json,5_1477290750.json,5_1477290750,True,5_1477290750.jpg,5_1477290750.jpg,1,5,,True
1-coins/5_1477290756.json,5_1477290756.json,5_1477290756,True,5_1477290756.jpg,5_1477290756.jpg,1,5,,True
1-coins/5_1477290762.json,5_1477290762.json,5_1477290762,True,5_1477290762.jpg,5_1477290762.jpg,1,5,,True
1-coins/5_1477290768.json,5_1477290768.json,5_1477290768,True,5_1477290768.jpg,5_1477290768.jpg,1,5,,True
1-coins/5_1477290774.json,5_1477290774.json,5_1477290774,True,5_1477290774.jpg,5_1477290774.jpg,1,5,,True
1-coins/5_1477290780.json,5_1477290780.json,5_1477290780,True,5_1477290780.jpg,5_1477290780.jpg,1,5,,True
1-coins/5_1477290786.json,5_1477290786.json,5_1477290786,True,5_1477290786.jpg,5_1477290786.jpg,1,5,,True
1-coins/5_1477290792.json,5_1477290792.json,5_1477290792,True,5_1477290792.jpg,5_1477290792.jpg,1,5,,True
1-coins/5_1477290798.json,5_1477290798.json,5_1477290798,True,5_1477290798.jpg,5_1477290798.jpg,1,5,,True
1-coins/5_1477290804.json,5_1477290804.json,5_1477290804,True,5_1477290804.jpg,5_1477290804.jpg,1,5,,True
1-coins/5_1477290810.json,5_1477290810.json,5_1477290810,True,5_1477290810.jpg,5_1477290810.jpg,1,5,,True
1-coins/5_1477290816.json,5_1477290816.json,5_1477290816,True,5_1477290816.jpg,5_1477290816.jpg,1,5,,True
1-coins/5_1477290822.json,5_1477290822.json,5_1477290822,True,5_1477290822.jpg,5_1477290822.jpg,1,5,,True
1-coins/5_1477290828.json,5_1477290828.json,5_1477290828,True,5_1477290828.jpg,5_1477290828.jpg,1,5,,True
1-coins/5_1477290834.json,5_1477290834.json,5_1477290834,True,5_1477290834.jpg,5_1477290834.jpg,1,5,,True
1-coins/5_1477290840.json,5_1477290840.json,5_1477290840,True,5_1477290840.jpg,5_1477290840.jpg,1,5,,True
1-coins/5_1477290846.json,5_1477290846.json,5_1477290846,True,5_1477290846.jpg,5_1477290846.jpg,1,5,,True
1-coins/5_1477290852.json,5_1477290852.json,5_1477290852,True,5_1477290852.jpg,5_1477290852.jpg,1,5,,True
1-coins/5_1477290858.json,5_1477290858.json,5_1477290858,True,5_1477290858.jpg,5_1477290858.jpg,1,5,,True
1-coins/5_1477290864.json,5_1477290864.json,5_1477290864,True,5_1477290864.jpg,5_1477290864.jpg,1,5,,True
1-coins/5_1477290870.json,5_1477290870.json,5_1477290870,True,5_1477290870.jpg,5_1477290870.jpg,1,5,,True
1-coins/5_1477290876.json,5_1477290876.json,5_1477290876,True,5_1477290876.jpg,5_1477290876.jpg,1,5,,True
1-coins/5_1477290882.json,5_1477290882.json,5_1477290882,True,5_1477290882.jpg,5_1477290882.jpg,1,5,,True
1-coins/5_1477290888.json,5_1477290888.json,5_1477290888,True,5_1477290888.jpg,5_1477290888.jpg,1,5,,True
1-coins/5_1477290894.json,5_1477290894.json,5_1477290894,True,5_1477290894.jpg,5_1477290894.jpg,1,5,,True
1-coins/5_1477290900.json,5_1477290900.json,5_1477290900,True,5_1477290900.jpg,5_1477290900.jpg,1,5,,True
1-coins/5_1477290906.json,5_1477290906.json,5_1477290906,True,5_1477290906.jpg,5_1477290906.jpg,1,5,,True
1-coins/5_1477290912.json,5_1477290912.json,5_1477290912,True,5_1477290912.jpg,5_1477290912.jpg,1,5,,True
1-coins/5_1477290918.json,5_1477290918.json,5_1477290918,True,5_1477290918.jpg,5_1477290918.jpg,1,5,,True
1-coins/5_1477290924.json,5_1477290924.json,5_1477290924,True,5_1477290924.jpg,5_1477290924.jpg,1,5,,True
1-coins/5_1477290930.json,5_1477290930.json,5_1477290930,True,5_1477290930.jpg,5_1477290930.jpg,1,5,,True
1-coins/5_1477290948.json,5_1477290948.json,5_1477290948,True,5_1477290948.jpg,5_1477290948.jpg,1,5,,True
1-coins/5_1477290954.json,5_1477290954.json,5_1477290954,True,5_1477290954.jpg,5_1477290954.jpg,1,5,,True
1-coins/5_1477290960.json,5_1477290960.json,5_1477290960,True,5_1477290960.jpg,5_1477290960.jpg,1,5,,True
1-coins/5_1477290966.json,5_1477290966.json,5_1477290966,True,5_1477290966.jpg,5_1477290966.jpg,1,5,,True
1-coins/5_1477290972.json,5_1477290972.json,5_1477290972,True,5_1477290972.jpg,5_1477290972.jpg,1,5,,True
1-coins/5_1477290978.json,5_1477290978.json,5_1477290978,True,5_1477290978.jpg,5_1477290978.jpg,1,5,,True
1-coins/5_1477290984.json,5_1477290984.json,5_1477290984,True,5_1477290984.jpg,5_1477290984.jpg,1,5,,True
1-coins/5_1477290990.json,5_1477290990.json,5_1477290990,True,5_1477290990.jpg,5_1477290990.jpg,1,5,,True
1-coins/5_1477290996.json,5_1477290996.json,5_1477290996,True,5_1477290996.jpg,5_1477290996.jpg,1,5,,True
1-coins/5_1477291002.json,5_1477291002.json,5_1477291002,True,5_1477291002.jpg,5_1477291002.jpg,1,5,,True
1-coins/5_1477291008.json,5_1477291008.json,5_1477291008,True,5_1477291008.jpg,5_1477291008.jpg,1,5,,True
1-coins/5_1477291014.json,5_1477291014.json,5_1477291014,True,5_1477291014.jpg,5_1477291014.jpg,1,5,,True
1-coins/5_1477291020.json,5_1477291020.json,5_1477291020,True,5_1477291020.jpg,5_1477291020.jpg,1,5,,True
1-coins/5_1477291026.json,5_1477291026.json,5_1477291026,True,5_1477291026.jpg,5_1477291026.jpg,1,5,,True
1-coins/5_1477291032.json,5_1477291032.json,5_1477291032,True,5_1477291032.jpg,5_1477291032.jpg,1,5,,True
1-coins/5_1477291038.json,5_1477291038.json,5_1477291038,True,5_1477291038.jpg,5_1477291038.jpg,1,5,,True
1-coins/5_1477291044.json,5_1477291044.json,5_1477291044,True,5_1477291044.jpg,5_1477291044.jpg,1,5,,True
1-coins/5_1477291050.json,5_1477291050.json,5_1477291050,True,5_1477291050.jpg,5_1477291050.jpg,1,5,,True
1-coins/5_1477291056.json,5_1477291056.json,5_1477291056,True,5_1477291056.jpg,5_1477291056.jpg,1,5,,True
1-coins/5_1477291062.json,5_1477291062.json,5_1477291062,True,5_1477291062.jpg,5_1477291062.jpg,1,5,,True
1-coins/5_1477291068.json,5_1477291068.json,5_1477291068,True,5_1477291068.jpg,5_1477291068.jpg,1,5,,True
1-coins/5_1477291074.json,5_1477291074.json,5_1477291074,True,5_1477291074.jpg,5_1477291074.jpg,1,5,,True
1-coins/5_1477291080.json,5_1477291080.json,5_1477291080,True,5_1477291080.jpg,5_1477291080.jpg,1,5,,True
1-coins/5_1477291086.json,5_1477291086.json,5_1477291086,True,5_1477291086.jpg,5_1477291086.jpg,1,5,,True
1-coins/5_1477291092.json,5_1477291092.json,5_1477291092,True,5_1477291092.jpg,5_1477291092.jpg,1,5,,True
1-coins/5_1477291098.json,5_1477291098.json,5_1477291098,True,5_1477291098.jpg,5_1477291098.jpg,1,5,,True
1-coins/5_1477291104.json,5_1477291104.json,5_1477291104,True,5_1477291104.jpg,5_1477291104.jpg,1,5,,True
1-coins/5_1477291110.json,5_1477291110.json,5_1477291110,True,5_1477291110.jpg,5_1477291110.jpg,1,5,,True
1-coins/5_1477291116.json,5_1477291116.json,5_1477291116,True,5_1477291116.jpg,5_1477291116.jpg,1,5,,True
1-coins/5_1477291122.json,5_1477291122.json,5_1477291122,True,5_1477291122.jpg,5_1477291122.jpg,1,5,,True
1-coins/5_1477291128.json,5_1477291128.json,5_1477291128,True,5_1477291128.jpg,5_1477291128.jpg,1,5,,True
1-coins/5_1477291134.json,5_1477291134.json,5_1477291134,True,5_1477291134.jpg,5_1477291134.jpg,1,5,,True
1-coins/5_1477291140.json,5_1477291140.json,5_1477291140,True,5_1477291140.jpg,5_1477291140.jpg,4,5|finger,,True
1-coins/5_1477291146.json,5_1477291146.json,5_1477291146,True,5_1477291146.jpg,5_1477291146.jpg,1,5,,True
1-coins/5_1477291152.json,5_1477291152.json,5_1477291152,True,5_1477291152.jpg,5_1477291152.jpg,1,5,,True
1-coins/5_1477291158.json,5_1477291158.json,5_1477291158,True,5_1477291158.jpg,5_1477291158.jpg,1,5,,True
1-coins/5_1477291164.json,5_1477291164.json,5_1477291164,True,5_1477291164.jpg,5_1477291164.jpg,1,5,,True
1-coins/5_1477291170.json,5_1477291170.json,5_1477291170,True,5_1477291170.jpg,5_1477291170.jpg,1,5,,True
1-coins/5_1477291176.json,5_1477291176.json,5_1477291176,True,5_1477291176.jpg,5_1477291176.jpg,1,5,,True
1-coins/5_1477291182.json,5_1477291182.json,5_1477291182,True,5_1477291182.jpg,5_1477291182.jpg,1,5,,True
1-coins/5_1477291188.json,5_1477291188.json,5_1477291188,True,5_1477291188.jpg,5_1477291188.jpg,1,5,,True
1-coins/5_1477291194.json,5_1477291194.json,5_1477291194,True,5_1477291194.jpg,5_1477291194.jpg,1,5,,True
1-coins/5_1477291200.json,5_1477291200.json,5_1477291200,True,5_1477291200.jpg,5_1477291200.jpg,1,5,,True
1-coins/5_1477291206.json,5_1477291206.json,5_1477291206,True,5_1477291206.jpg,5_1477291206.jpg,1,5,,True
1-coins/5_1477291212.json,5_1477291212.json,5_1477291212,True,5_1477291212.jpg,5_1477291212.jpg,1,5,,True
1-coins/5_1477291218.json,5_1477291218.json,5_1477291218,True,5_1477291218.jpg,5_1477291218.jpg,1,5,,True
1-coins/5_1477291224.json,5_1477291224.json,5_1477291224,True,5_1477291224.jpg,5_1477291224.jpg,1,5,,True
1-coins/5_1477291230.json,5_1477291230.json,5_1477291230,True,5_1477291230.jpg,5_1477291230.jpg,1,5,,True
1-coins/5_1477291236.json,5_1477291236.json,5_1477291236,True,5_1477291236.jpg,5_1477291236.jpg,1,5,,True
1-coins/5_1477291242.json,5_1477291242.json,5_1477291242,True,5_1477291242.jpg,5_1477291242.jpg,1,5,,True
1-coins/5_1477291248.json,5_1477291248.json,5_1477291248,True,5_1477291248.jpg,5_1477291248.jpg,1,5,,True
1-coins/5_1477291254.json,5_1477291254.json,5_1477291254,True,5_1477291254.jpg,5_1477291254.jpg,1,5,,True
1-coins/5_1477291260.json,5_1477291260.json,5_1477291260,True,5_1477291260.jpg,5_1477291260.jpg,1,5,,True
1-coins/5_1477291266.json,5_1477291266.json,5_1477291266,True,5_1477291266.jpg,5_1477291266.jpg,1,5,,True
1-coins/5_1477291272.json,5_1477291272.json,5_1477291272,True,5_1477291272.jpg,5_1477291272.jpg,1,5,,True
1-coins/5_1477291278.json,5_1477291278.json,5_1477291278,True,5_1477291278.jpg,5_1477291278.jpg,1,5,,True
1-coins/5_1477291284.json,5_1477291284.json,5_1477291284,True,5_1477291284.jpg,5_1477291284.jpg,1,5,,True
1-coins/5_1477291290.json,5_1477291290.json,5_1477291290,True,5_1477291290.jpg,5_1477291290.jpg,1,5,,True
1-coins/5_1477291296.json,5_1477291296.json,5_1477291296,True,5_1477291296.jpg,5_1477291296.jpg,1,5,,True
1-coins/5_1477291302.json,5_1477291302.json,5_1477291302,True,5_1477291302.jpg,5_1477291302.jpg,1,5,,True
1-coins/5_1477291308.json,5_1477291308.json,5_1477291308,True,5_1477291308.jpg,5_1477291308.jpg,1,5,,True
1-coins/5_1477291596.json,5_1477291596.json,5_1477291596,True,5_1477291596.jpg,5_1477291596.jpg,1,5,,True
1-coins/5_1477291602.json,5_1477291602.json,5_1477291602,True,5_1477291602.jpg,5_1477291602.jpg,1,5,,True
1-coins/5_1477291608.json,5_1477291608.json,5_1477291608,True,5_1477291608.jpg,5_1477291608.jpg,1,5,,True
1-coins/5_1477291614.json,5_1477291614.json,5_1477291614,True,5_1477291614.jpg,5_1477291614.jpg,1,5,,True
1-coins/5_1477291620.json,5_1477291620.json,5_1477291620,True,5_1477291620.jpg,5_1477291620.jpg,1,5,,True
1-coins/5_1477291626.json,5_1477291626.json,5_1477291626,True,5_1477291626.jpg,5_1477291626.jpg,1,5,,True
1-coins/5_1477291632.json,5_1477291632.json,5_1477291632,True,5_1477291632.jpg,5_1477291632.jpg,1,5,,True
1-coins/5_1477291638.json,5_1477291638.json,5_1477291638,True,5_1477291638.jpg,5_1477291638.jpg,1,5,,True
1-coins/5_1477291644.json,5_1477291644.json,5_1477291644,True,5_1477291644.jpg,5_1477291644.jpg,1,5,,True
1-coins/5_1477291650.json,5_1477291650.json,5_1477291650,True,5_1477291650.jpg,5_1477291650.jpg,1,5,,True
1-coins/5_1477291656.json,5_1477291656.json,5_1477291656,True,5_1477291656.jpg,5_1477291656.jpg,1,5,,True
1-coins/5_1477291662.json,5_1477291662.json,5_1477291662,True,5_1477291662.jpg,5_1477291662.jpg,1,5,,True
1-coins/5_1477291668.json,5_1477291668.json,5_1477291668,True,5_1477291668.jpg,5_1477291668.jpg,1,5,,True
1-coins/5_1477291674.json,5_1477291674.json,5_1477291674,True,5_1477291674.jpg,5_1477291674.jpg,1,5,,True
1-coins/5_1477291680.json,5_1477291680.json,5_1477291680,True,5_1477291680.jpg,5_1477291680.jpg,1,5,,True
1-coins/5_1477291686.json,5_1477291686.json,5_1477291686,True,5_1477291686.jpg,5_1477291686.jpg,1,5,,True
1-coins/5_1477291692.json,5_1477291692.json,5_1477291692,True,5_1477291692.jpg,5_1477291692.jpg,1,5,,True
1-coins/5_1477291698.json,5_1477291698.json,5_1477291698,True,5_1477291698.jpg,5_1477291698.jpg,1,5,,True
1-coins/5_1477291704.json,5_1477291704.json,5_1477291704,True,5_1477291704.jpg,5_1477291704.jpg,1,5,,True
1-coins/5_1477291710.json,5_1477291710.json,5_1477291710,True,5_1477291710.jpg,5_1477291710.jpg,1,5,,True
1-coins/5_1477291716.json,5_1477291716.json,5_1477291716,True,5_1477291716.jpg,5_1477291716.jpg,1,5,,True
1-coins/5_1477291722.json,5_1477291722.json,5_1477291722,True,5_1477291722.jpg,5_1477291722.jpg,1,5,,True
1-coins/5_1477291728.json,5_1477291728.json,5_1477291728,True,5_1477291728.jpg,5_1477291728.jpg,1,5,,True
1-coins/5_1477291734.json,5_1477291734.json,5_1477291734,True,5_1477291734.jpg,5_1477291734.jpg,1,5,,True
1-coins/5_1477291740.json,5_1477291740.json,5_1477291740,True,5_1477291740.jpg,5_1477291740.jpg,1,5,,True
1-coins/5_1477291746.json,5_1477291746.json,5_1477291746,True,5_1477291746.jpg,5_1477291746.jpg,3,5|finger,,True
1-coins/5_1477291752.json,5_1477291752.json,5_1477291752,True,5_1477291752.jpg,5_1477291752.jpg,1,5,,True
1-coins/5_1477291758.json,5_1477291758.json,5_1477291758,True,5_1477291758.jpg,5_1477291758.jpg,1,5,,True
1-coins/5_1477291764.json,5_1477291764.json,5_1477291764,True,5_1477291764.jpg,5_1477291764.jpg,1,5,,True
1-coins/5_1477291770.json,5_1477291770.json,5_1477291770,True,5_1477291770.jpg,5_1477291770.jpg,1,5,,True
1-coins/5_1477291782.json,5_1477291782.json,5_1477291782,True,5_1477291782.jpg,5_1477291782.jpg,1,5,,True
1-coins/5_1477291788.json,5_1477291788.json,5_1477291788,True,5_1477291788.jpg,5_1477291788.jpg,1,5,,True
1-coins/5_1477291794.json,5_1477291794.json,5_1477291794,True,5_1477291794.jpg,5_1477291794.jpg,1,5,,True
1-coins/5_1477291800.json,5_1477291800.json,5_1477291800,True,5_1477291800.jpg,5_1477291800.jpg,1,5,,True
1-coins/5_1477291806.json,5_1477291806.json,5_1477291806,True,5_1477291806.jpg,5_1477291806.jpg,1,5,,True
1-coins/5_1477291812.json,5_1477291812.json,5_1477291812,True,5_1477291812.jpg,5_1477291812.jpg,1,5,,True
1-coins/5_1477291818.json,5_1477291818.json,5_1477291818,True,5_1477291818.jpg,5_1477291818.jpg,1,5,,True
1-coins/5_1477291824.json,5_1477291824.json,5_1477291824,True,5_1477291824.jpg,5_1477291824.jpg,1,5,,True
1-coins/5_1477291830.json,5_1477291830.json,5_1477291830,True,5_1477291830.jpg,5_1477291830.jpg,1,5,,True
1-coins/5_1477291836.json,5_1477291836.json,5_1477291836,True,5_1477291836.jpg,5_1477291836.jpg,1,5,,True
1-coins/5_1477291842.json,5_1477291842.json,5_1477291842,True,5_1477291842.jpg,5_1477291842.jpg,1,5,,True
1-coins/5_1477291848.json,5_1477291848.json,5_1477291848,True,5_1477291848.jpg,5_1477291848.jpg,1,5,,True
1-coins/5_1477291854.json,5_1477291854.json,5_1477291854,True,5_1477291854.jpg,5_1477291854.jpg,1,5,,True
1-coins/5_1477291860.json,5_1477291860.json,5_1477291860,True,5_1477291860.jpg,5_1477291860.jpg,1,5,,True
1-coins/5_1477291866.json,5_1477291866.json,5_1477291866,True,5_1477291866.jpg,5_1477291866.jpg,1,5,,True
1-coins/5_1477291872.json,5_1477291872.json,5_1477291872,True,5_1477291872.jpg,5_1477291872.jpg,1,5,,True
1-coins/5_1477291878.json,5_1477291878.json,5_1477291878,True,5_1477291878.jpg,5_1477291878.jpg,1,5,,True
1-coins/5_1477291884.json,5_1477291884.json,5_1477291884,True,5_1477291884.jpg,5_1477291884.jpg,1,5,,True
1-coins/5_1477291890.json,5_1477291890.json,5_1477291890,True,5_1477291890.jpg,5_1477291890.jpg,1,5,,True
1-coins/5_1477291896.json,5_1477291896.json,5_1477291896,True,5_1477291896.jpg,5_1477291896.jpg,1,5,,True
1-coins/5_1477291902.json,5_1477291902.json,5_1477291902,True,5_1477291902.jpg,5_1477291902.jpg,1,5,,True
1-coins/5_1477291908.json,5_1477291908.json,5_1477291908,True,5_1477291908.jpg,5_1477291908.jpg,1,5,,True
1-coins/5_1477291914.json,5_1477291914.json,5_1477291914,True,5_1477291914.jpg,5_1477291914.jpg,1,5,,True
1-coins/5_1477291920.json,5_1477291920.json,5_1477291920,True,5_1477291920.jpg,5_1477291920.jpg,1,5,,True
1-coins/5_1477291926.json,5_1477291926.json,5_1477291926,True,5_1477291926.jpg,5_1477291926.jpg,1,5,,True
1-coins/5_1477291932.json,5_1477291932.json,5_1477291932,True,5_1477291932.jpg,5_1477291932.jpg,1,5,,True
1-coins/5_1477291938.json,5_1477291938.json,5_1477291938,True,5_1477291938.jpg,5_1477291938.jpg,1,5,,True
1-coins/5_1477291944.json,5_1477291944.json,5_1477291944,True,5_1477291944.jpg,5_1477291944.jpg,1,5,,True
1-coins/5_1477291950.json,5_1477291950.json,5_1477291950,True,5_1477291950.jpg,5_1477291950.jpg,2,5|finger,,True
1-coins/5_1477291956.json,5_1477291956.json,5_1477291956,True,5_1477291956.jpg,5_1477291956.jpg,1,5,,True
1-coins/5_1477291962.json,5_1477291962.json,5_1477291962,True,5_1477291962.jpg,5_1477291962.jpg,1,5,,True
1-coins/5_1477291974.json,5_1477291974.json,5_1477291974,True,5_1477291974.jpg,5_1477291974.jpg,1,5,,True
1-coins/5_1477291980.json,5_1477291980.json,5_1477291980,True,5_1477291980.jpg,5_1477291980.jpg,1,5,,True
1-coins/5_1477291986.json,5_1477291986.json,5_1477291986,True,5_1477291986.jpg,5_1477291986.jpg,1,5,,True
1-coins/5_1477291992.json,5_1477291992.json,5_1477291992,True,5_1477291992.jpg,5_1477291992.jpg,1,5,,True
1-coins/5_1477291998.json,5_1477291998.json,5_1477291998,True,5_1477291998.jpg,5_1477291998.jpg,1,5,,True
1-coins/5_1477292004.json,5_1477292004.json,5_1477292004,True,5_1477292004.jpg,5_1477292004.jpg,1,5,,True
1-coins/5_1477292010.json,5_1477292010.json,5_1477292010,True,5_1477292010.jpg,5_1477292010.jpg,1,5,,True
1-coins/5_1477292016.json,5_1477292016.json,5_1477292016,True,5_1477292016.jpg,5_1477292016.jpg,1,5,,True
1-coins/5_1477292022.json,5_1477292022.json,5_1477292022,True,5_1477292022.jpg,5_1477292022.jpg,1,5,,True
1-coins/5_1477292028.json,5_1477292028.json,5_1477292028,True,5_1477292028.jpg,5_1477292028.jpg,1,5,,True
1-coins/5_1477292034.json,5_1477292034.json,5_1477292034,True,5_1477292034.jpg,5_1477292034.jpg,1,5,,True
1-coins/5_1477292040.json,5_1477292040.json,5_1477292040,True,5_1477292040.jpg,5_1477292040.jpg,1,5,,True
1-coins/5_1477292046.json,5_1477292046.json,5_1477292046,True,5_1477292046.jpg,5_1477292046.jpg,1,5,,True
1-coins/5_1477292052.json,5_1477292052.json,5_1477292052,True,5_1477292052.jpg,5_1477292052.jpg,1,5,,True
1-coins/5_1477292058.json,5_1477292058.json,5_1477292058,True,5_1477292058.jpg,5_1477292058.jpg,1,5,,True
1-coins/5_1477292064.json,5_1477292064.json,5_1477292064,True,5_1477292064.jpg,5_1477292064.jpg,1,5,,True
1-coins/5_1477292070.json,5_1477292070.json,5_1477292070,True,5_1477292070.jpg,5_1477292070.jpg,1,5,,True
1-coins/5_1477292076.json,5_1477292076.json,5_1477292076,True,5_1477292076.jpg,5_1477292076.jpg,1,5,,True
1-coins/5_1477292082.json,5_1477292082.json,5_1477292082,True,5_1477292082.jpg,5_1477292082.jpg,1,5,,True
1-coins/5_1477292088.json,5_1477292088.json,5_1477292088,True,5_1477292088.jpg,5_1477292088.jpg,1,5,,True
1-coins/5_1477292094.json,5_1477292094.json,5_1477292094,True,5_1477292094.jpg,5_1477292094.jpg,1,5,,True
1-coins/5_1477292100.json,5_1477292100.json,5_1477292100,True,5_1477292100.jpg,5_1477292100.jpg,1,5,,True
1-coins/5_1477292106.json,5_1477292106.json,5_1477292106,True,5_1477292106.jpg,5_1477292106.jpg,1,5,,True
1-coins/5_1477292112.json,5_1477292112.json,5_1477292112,True,5_1477292112.jpg,5_1477292112.jpg,1,5,,True
1-coins/5_1477292118.json,5_1477292118.json,5_1477292118,True,5_1477292118.jpg,5_1477292118.jpg,1,5,,True
1-coins/5_1477292124.json,5_1477292124.json,5_1477292124,True,5_1477292124.jpg,5_1477292124.jpg,1,5,,True
1-coins/5_1477292130.json,5_1477292130.json,5_1477292130,True,5_1477292130.jpg,5_1477292130.jpg,1,5,,True
1-coins/5_1477292136.json,5_1477292136.json,5_1477292136,True,5_1477292136.jpg,5_1477292136.jpg,1,5,,True
1-coins/5_1477292142.json,5_1477292142.json,5_1477292142,True,5_1477292142.jpg,5_1477292142.jpg,1,5,,True
1-coins/5_1477292148.json,5_1477292148.json,5_1477292148,True,5_1477292148.jpg,5_1477292148.jpg,1,5,,True
1-coins/60_1477843908.json,60_1477843908.json,60_1477843908,True,60_1477843908.jpg,60_1477843908.jpg,2,10|50,,True
1-coins/60_1477843914.json,60_1477843914.json,60_1477843914,True,60_1477843914.jpg,60_1477843914.jpg,2,10|50,,True
1-coins/60_1477843920.json,60_1477843920.json,60_1477843920,True,60_1477843920.jpg,60_1477843920.jpg,2,10|50,,True
1-coins/60_1477843926.json,60_1477843926.json,60_1477843926,True,60_1477843926.jpg,60_1477843926.jpg,2,10|50,,True
1-coins/60_1477843932.json,60_1477843932.json,60_1477843932,True,60_1477843932.jpg,60_1477843932.jpg,2,10|50,,True
1-coins/60_1477843938.json,60_1477843938.json,60_1477843938,True,60_1477843938.jpg,60_1477843938.jpg,2,10|50,,True
1-coins/60_1477843944.json,60_1477843944.json,60_1477843944,True,60_1477843944.jpg,60_1477843944.jpg,2,10|50,,True
1-coins/60_1477843950.json,60_1477843950.json,60_1477843950,True,60_1477843950.jpg,60_1477843950.jpg,2,10|50,,True
1-coins/60_1477843956.json,60_1477843956.json,60_1477843956,True,60_1477843956.jpg,60_1477843956.jpg,2,10|50,,True
1-coins/60_1477843962.json,60_1477843962.json,60_1477843962,True,60_1477843962.jpg,60_1477843962.jpg,2,10|50,,True
1-coins/60_1477843968.json,60_1477843968.json,60_1477843968,True,60_1477843968.jpg,60_1477843968.jpg,2,10|50,,True
1-coins/60_1477843974.json,60_1477843974.json,60_1477843974,True,60_1477843974.jpg,60_1477843974.jpg,2,10|50,,True
1-coins/60_1477843980.json,60_1477843980.json,60_1477843980,True,60_1477843980.jpg,60_1477843980.jpg,2,10|50,,True
1-coins/60_1477843986.json,60_1477843986.json,60_1477843986,True,60_1477843986.jpg,60_1477843986.jpg,2,10|50,,True
1-coins/60_1477843992.json,60_1477843992.json,60_1477843992,True,60_1477843992.jpg,60_1477843992.jpg,2,10|50,,True
1-coins/60_1477843998.json,60_1477843998.json,60_1477843998,True,60_1477843998.jpg,60_1477843998.jpg,2,10|50,,True
1-coins/60_1477844004.json,60_1477844004.json,60_1477844004,True,60_1477844004.jpg,60_1477844004.jpg,2,10|50,,True
1-coins/60_1477844010.json,60_1477844010.json,60_1477844010,True,60_1477844010.jpg,60_1477844010.jpg,2,10|50,,True
1-coins/60_1477844016.json,60_1477844016.json,60_1477844016,True,60_1477844016.jpg,60_1477844016.jpg,2,10|50,,True
1-coins/60_1477844022.json,60_1477844022.json,60_1477844022,True,60_1477844022.jpg,60_1477844022.jpg,2,10|50,,True
1-coins/60_1477844028.json,60_1477844028.json,60_1477844028,True,60_1477844028.jpg,60_1477844028.jpg,2,10|50,,True
1-coins/60_1477844034.json,60_1477844034.json,60_1477844034,True,60_1477844034.jpg,60_1477844034.jpg,2,10|50,,True
1-coins/60_1477844040.json,60_1477844040.json,60_1477844040,True,60_1477844040.jpg,60_1477844040.jpg,2,10|50,,True
1-coins/60_1477844046.json,60_1477844046.json,60_1477844046,True,60_1477844046.jpg,60_1477844046.jpg,2,10|50,,True
1-coins/60_1477844052.json,60_1477844052.json,60_1477844052,True,60_1477844052.jpg,60_1477844052.jpg,2,10|50,,True
1-coins/60_1477844058.json,60_1477844058.json,60_1477844058,True,60_1477844058.jpg,60_1477844058.jpg,2,10|50,,True
1-coins/60_1477844064.json,60_1477844064.json,60_1477844064,True,60_1477844064.jpg,60_1477844064.jpg,2,10|50,,True
1-coins/60_1477844070.json,60_1477844070.json,60_1477844070,True,60_1477844070.jpg,60_1477844070.jpg,2,10|50,,True
1-coins/60_1477844076.json,60_1477844076.json,60_1477844076,True,60_1477844076.jpg,60_1477844076.jpg,2,10|50,,True
1-coins/60_1477844082.json,60_1477844082.json,60_1477844082,True,60_1477844082.jpg,60_1477844082.jpg,2,10|50,,True
1-coins/60_1477844118.json,60_1477844118.json,60_1477844118,True,60_1477844118.jpg,60_1477844118.jpg,3,5|50,,True
1-coins/60_1477844124.json,60_1477844124.json,60_1477844124,True,60_1477844124.jpg,60_1477844124.jpg,3,5|50,,True
1-coins/60_1477844130.json,60_1477844130.json,60_1477844130,True,60_1477844130.jpg,60_1477844130.jpg,3,5|50,,True
1-coins/60_1477844136.json,60_1477844136.json,60_1477844136,True,60_1477844136.jpg,60_1477844136.jpg,3,5|50,,True
1-coins/60_1477844142.json,60_1477844142.json,60_1477844142,True,60_1477844142.jpg,60_1477844142.jpg,3,5|50,,True
1-coins/60_1477844148.json,60_1477844148.json,60_1477844148,True,60_1477844148.jpg,60_1477844148.jpg,3,5|50,,True
1-coins/60_1477844154.json,60_1477844154.json,60_1477844154,True,60_1477844154.jpg,60_1477844154.jpg,3,5|50,,True
1-coins/60_1477844160.json,60_1477844160.json,60_1477844160,True,60_1477844160.jpg,60_1477844160.jpg,3,5|50,,True
1-coins/60_1477844166.json,60_1477844166.json,60_1477844166,True,60_1477844166.jpg,60_1477844166.jpg,3,5|50,,True
1-coins/60_1477844172.json,60_1477844172.json,60_1477844172,True,60_1477844172.jpg,60_1477844172.jpg,3,5|50,,True
1-coins/60_1477844178.json,60_1477844178.json,60_1477844178,True,60_1477844178.jpg,60_1477844178.jpg,3,5|50,,True
1-coins/60_1477844184.json,60_1477844184.json,60_1477844184,True,60_1477844184.jpg,60_1477844184.jpg,3,5|50,,True
1-coins/60_1477844190.json,60_1477844190.json,60_1477844190,True,60_1477844190.jpg,60_1477844190.jpg,3,5|50,,True
1-coins/60_1477844196.json,60_1477844196.json,60_1477844196,True,60_1477844196.jpg,60_1477844196.jpg,3,5|50,,True
1-coins/60_1477844202.json,60_1477844202.json,60_1477844202,True,60_1477844202.jpg,60_1477844202.jpg,3,5|50,,True
1-coins/60_1477844208.json,60_1477844208.json,60_1477844208,True,60_1477844208.jpg,60_1477844208.jpg,3,5|50,,True
1-coins/60_1477844214.json,60_1477844214.json,60_1477844214,True,60_1477844214.jpg,60_1477844214.jpg,3,5|50,,True
1-coins/60_1477844220.json,60_1477844220.json,60_1477844220,True,60_1477844220.jpg,60_1477844220.jpg,3,5|50,,True
1-coins/60_1477844226.json,60_1477844226.json,60_1477844226,True,60_1477844226.jpg,60_1477844226.jpg,3,5|50,,True
1-coins/60_1477844232.json,60_1477844232.json,60_1477844232,True,60_1477844232.jpg,60_1477844232.jpg,3,5|50,,True
1-coins/60_1477844238.json,60_1477844238.json,60_1477844238,True,60_1477844238.jpg,60_1477844238.jpg,3,5|50,,True
1-coins/60_1477844244.json,60_1477844244.json,60_1477844244,True,60_1477844244.jpg,60_1477844244.jpg,3,5|50,,True
1-coins/60_1477844250.json,60_1477844250.json,60_1477844250,True,60_1477844250.jpg,60_1477844250.jpg,3,5|50,,True
1-coins/60_1477844256.json,60_1477844256.json,60_1477844256,True,60_1477844256.jpg,60_1477844256.jpg,3,5|50,,True
1-coins/60_1477844262.json,60_1477844262.json,60_1477844262,True,60_1477844262.jpg,60_1477844262.jpg,3,5|50,,True
1-coins/60_1477844268.json,60_1477844268.json,60_1477844268,True,60_1477844268.jpg,60_1477844268.jpg,3,5|50,,True
1-coins/60_1477844274.json,60_1477844274.json,60_1477844274,True,60_1477844274.jpg,60_1477844274.jpg,3,5|50,,True
1-coins/60_1477844280.json,60_1477844280.json,60_1477844280,True,60_1477844280.jpg,60_1477844280.jpg,3,5|50,,True
1-coins/60_1477844286.json,60_1477844286.json,60_1477844286,True,60_1477844286.jpg,60_1477844286.jpg,3,5|50,,True
1-coins/60_1477844292.json,60_1477844292.json,60_1477844292,True,60_1477844292.jpg,60_1477844292.jpg,3,5|50,,True
1-coins/60_1477844664.json,60_1477844664.json,60_1477844664,True,60_1477844664.jpg,60_1477844664.jpg,4,25|5,,True
1-coins/60_1477844670.json,60_1477844670.json,60_1477844670,True,60_1477844670.jpg,60_1477844670.jpg,4,25|5,,True
1-coins/60_1477844676.json,60_1477844676.json,60_1477844676,True,60_1477844676.jpg,60_1477844676.jpg,4,25|5,,True
1-coins/60_1477844682.json,60_1477844682.json,60_1477844682,True,60_1477844682.jpg,60_1477844682.jpg,4,25|5,,True
1-coins/60_1477844688.json,60_1477844688.json,60_1477844688,True,60_1477844688.jpg,60_1477844688.jpg,4,25|5,,True
1-coins/60_1477844694.json,60_1477844694.json,60_1477844694,True,60_1477844694.jpg,60_1477844694.jpg,4,25|5,,True
1-coins/60_1477844700.json,60_1477844700.json,60_1477844700,True,60_1477844700.jpg,60_1477844700.jpg,4,25|5,,True
1-coins/60_1477844706.json,60_1477844706.json,60_1477844706,True,60_1477844706.jpg,60_1477844706.jpg,4,25|5,,True
1-coins/60_1477844712.json,60_1477844712.json,60_1477844712,True,60_1477844712.jpg,60_1477844712.jpg,4,25|5,,True
1-coins/60_1477844718.json,60_1477844718.json,60_1477844718,True,60_1477844718.jpg,60_1477844718.jpg,4,25|5,,True
1-coins/60_1477844724.json,60_1477844724.json,60_1477844724,True,60_1477844724.jpg,60_1477844724.jpg,4,25|5,,True
1-coins/60_1477844730.json,60_1477844730.json,60_1477844730,True,60_1477844730.jpg,60_1477844730.jpg,4,25|5,,True
1-coins/60_1477844736.json,60_1477844736.json,60_1477844736,True,60_1477844736.jpg,60_1477844736.jpg,5,25|5|finger,,True
1-coins/60_1477844742.json,60_1477844742.json,60_1477844742,True,60_1477844742.jpg,60_1477844742.jpg,4,25|5,,True
1-coins/60_1477844748.json,60_1477844748.json,60_1477844748,True,60_1477844748.jpg,60_1477844748.jpg,4,25|5,,True
1-coins/60_1477844754.json,60_1477844754.json,60_1477844754,True,60_1477844754.jpg,60_1477844754.jpg,4,25|5,,True
1-coins/60_1477844760.json,60_1477844760.json,60_1477844760,True,60_1477844760.jpg,60_1477844760.jpg,4,25|5,,True
1-coins/60_1477844766.json,60_1477844766.json,60_1477844766,True,60_1477844766.jpg,60_1477844766.jpg,4,25|5,,True
1-coins/60_1477844772.json,60_1477844772.json,60_1477844772,True,60_1477844772.jpg,60_1477844772.jpg,7,25|5|finger,,True
1-coins/60_1477844778.json,60_1477844778.json,60_1477844778,True,60_1477844778.jpg,60_1477844778.jpg,4,25|5,,True
1-coins/60_1477844784.json,60_1477844784.json,60_1477844784,True,60_1477844784.jpg,60_1477844784.jpg,4,25|5,,True
1-coins/60_1477844790.json,60_1477844790.json,60_1477844790,True,60_1477844790.jpg,60_1477844790.jpg,4,25|5,,True
1-coins/60_1477844796.json,60_1477844796.json,60_1477844796,True,60_1477844796.jpg,60_1477844796.jpg,4,25|5,,True
1-coins/60_1477844802.json,60_1477844802.json,60_1477844802,True,60_1477844802.jpg,60_1477844802.jpg,4,25|5,,True
1-coins/60_1477844808.json,60_1477844808.json,60_1477844808,True,60_1477844808.jpg,60_1477844808.jpg,4,25|5,,True
1-coins/60_1477844814.json,60_1477844814.json,60_1477844814,True,60_1477844814.jpg,60_1477844814.jpg,4,25|5,,True
1-coins/60_1477844820.json,60_1477844820.json,60_1477844820,True,60_1477844820.jpg,60_1477844820.jpg,4,25|5,,True
1-coins/60_1477844826.json,60_1477844826.json,60_1477844826,True,60_1477844826.jpg,60_1477844826.jpg,4,25|5,,True
1-coins/60_1477844832.json,60_1477844832.json,60_1477844832,True,60_1477844832.jpg,60_1477844832.jpg,4,25|5,,True
1-coins/60_1477844838.json,60_1477844838.json,60_1477844838,True,60_1477844838.jpg,60_1477844838.jpg,4,25|5,,True
1-coins/60_1477844874.json,60_1477844874.json,60_1477844874,True,60_1477844874.jpg,60_1477844874.jpg,6,10|25|5,,True
1-coins/60_1477844880.json,60_1477844880.json,60_1477844880,True,60_1477844880.jpg,60_1477844880.jpg,6,10|25|5,,True
1-coins/60_1477844886.json,60_1477844886.json,60_1477844886,True,60_1477844886.jpg,60_1477844886.jpg,6,10|25|5,,True
1-coins/60_1477844892.json,60_1477844892.json,60_1477844892,True,60_1477844892.jpg,60_1477844892.jpg,6,10|25|5,,True
1-coins/60_1477844898.json,60_1477844898.json,60_1477844898,True,60_1477844898.jpg,60_1477844898.jpg,6,10|25|5,,True
1-coins/60_1477844904.json,60_1477844904.json,60_1477844904,True,60_1477844904.jpg,60_1477844904.jpg,6,10|25|5,,True
1-coins/60_1477844910.json,60_1477844910.json,60_1477844910,True,60_1477844910.jpg,60_1477844910.jpg,8,10|25|5|finger,,True
1-coins/60_1477844916.json,60_1477844916.json,60_1477844916,True,60_1477844916.jpg,60_1477844916.jpg,6,10|25|5,,True
1-coins/60_1477844922.json,60_1477844922.json,60_1477844922,True,60_1477844922.jpg,60_1477844922.jpg,6,10|25|5,,True
1-coins/60_1477844928.json,60_1477844928.json,60_1477844928,True,60_1477844928.jpg,60_1477844928.jpg,6,10|25|5,,True
1-coins/60_1477844934.json,60_1477844934.json,60_1477844934,True,60_1477844934.jpg,60_1477844934.jpg,6,10|25|5,,True
1-coins/60_1477844940.json,60_1477844940.json,60_1477844940,True,60_1477844940.jpg,60_1477844940.jpg,6,10|25|5,,True
1-coins/60_1477844946.json,60_1477844946.json,60_1477844946,True,60_1477844946.jpg,60_1477844946.jpg,6,10|25|5,,True
1-coins/60_1477844952.json,60_1477844952.json,60_1477844952,True,60_1477844952.jpg,60_1477844952.jpg,6,10|25|5,,True
1-coins/60_1477844958.json,60_1477844958.json,60_1477844958,True,60_1477844958.jpg,60_1477844958.jpg,6,10|25|5,,True
1-coins/60_1477844964.json,60_1477844964.json,60_1477844964,True,60_1477844964.jpg,60_1477844964.jpg,6,10|25|5,,True
1-coins/60_1477844970.json,60_1477844970.json,60_1477844970,True,60_1477844970.jpg,60_1477844970.jpg,6,10|25|5,,True
1-coins/60_1477844976.json,60_1477844976.json,60_1477844976,True,60_1477844976.jpg,60_1477844976.jpg,6,10|25|5,,True
1-coins/60_1477844982.json,60_1477844982.json,60_1477844982,True,60_1477844982.jpg,60_1477844982.jpg,6,10|25|5,,True
1-coins/60_1477844988.json,60_1477844988.json,60_1477844988,True,60_1477844988.jpg,60_1477844988.jpg,6,10|25|5,,True
1-coins/60_1477844994.json,60_1477844994.json,60_1477844994,True,60_1477844994.jpg,60_1477844994.jpg,6,10|25|5,,True
1-coins/60_1477845000.json,60_1477845000.json,60_1477845000,True,60_1477845000.jpg,60_1477845000.jpg,6,10|25|5,,True
1-coins/60_1477845006.json,60_1477845006.json,60_1477845006,True,60_1477845006.jpg,60_1477845006.jpg,6,10|25|5,,True
1-coins/60_1477845012.json,60_1477845012.json,60_1477845012,True,60_1477845012.jpg,60_1477845012.jpg,6,10|25|5,,True
1-coins/60_1477845018.json,60_1477845018.json,60_1477845018,True,60_1477845018.jpg,60_1477845018.jpg,6,10|25|5,,True
1-coins/60_1477845024.json,60_1477845024.json,60_1477845024,True,60_1477845024.jpg,60_1477845024.jpg,6,10|25|5,,True
1-coins/60_1477845030.json,60_1477845030.json,60_1477845030,True,60_1477845030.jpg,60_1477845030.jpg,6,10|25|5,,True
1-coins/60_1477845036.json,60_1477845036.json,60_1477845036,True,60_1477845036.jpg,60_1477845036.jpg,6,10|25|5,,True
1-coins/60_1477845042.json,60_1477845042.json,60_1477845042,True,60_1477845042.jpg,60_1477845042.jpg,6,10|25|5,,True
1-coins/60_1477845048.json,60_1477845048.json,60_1477845048,True,60_1477845048.jpg,60_1477845048.jpg,6,10|25|5,,True
1-coins/60_1477845096.json,60_1477845096.json,60_1477845096,True,60_1477845096.jpg,60_1477845096.jpg,8,10|5,,True
1-coins/60_1477845102.json,60_1477845102.json,60_1477845102,True,60_1477845102.jpg,60_1477845102.jpg,8,10|5,,True
1-coins/60_1477845108.json,60_1477845108.json,60_1477845108,True,60_1477845108.jpg,60_1477845108.jpg,8,10|5,,True
1-coins/60_1477845114.json,60_1477845114.json,60_1477845114,True,60_1477845114.jpg,60_1477845114.jpg,8,10|5,,True
1-coins/60_1477845120.json,60_1477845120.json,60_1477845120,True,60_1477845120.jpg,60_1477845120.jpg,8,10|5,,True
1-coins/60_1477845126.json,60_1477845126.json,60_1477845126,True,60_1477845126.jpg,60_1477845126.jpg,8,10|5,,True
1-coins/60_1477845132.json,60_1477845132.json,60_1477845132,True,60_1477845132.jpg,60_1477845132.jpg,8,10|5,,True
1-coins/60_1477845138.json,60_1477845138.json,60_1477845138,True,60_1477845138.jpg,60_1477845138.jpg,8,10|5,,True
1-coins/60_1477845144.json,60_1477845144.json,60_1477845144,True,60_1477845144.jpg,60_1477845144.jpg,8,10|5,,True
1-coins/60_1477845150.json,60_1477845150.json,60_1477845150,True,60_1477845150.jpg,60_1477845150.jpg,8,10|5,,True
1-coins/60_1477845156.json,60_1477845156.json,60_1477845156,True,60_1477845156.jpg,60_1477845156.jpg,8,10|5,,True
1-coins/60_1477845162.json,60_1477845162.json,60_1477845162,True,60_1477845162.jpg,60_1477845162.jpg,8,10|5,,True
1-coins/60_1477845168.json,60_1477845168.json,60_1477845168,True,60_1477845168.jpg,60_1477845168.jpg,8,10|5,,True
1-coins/60_1477845174.json,60_1477845174.json,60_1477845174,True,60_1477845174.jpg,60_1477845174.jpg,8,10|5,,True
1-coins/60_1477845180.json,60_1477845180.json,60_1477845180,True,60_1477845180.jpg,60_1477845180.jpg,8,10|5,,True
1-coins/60_1477845186.json,60_1477845186.json,60_1477845186,True,60_1477845186.jpg,60_1477845186.jpg,8,10|5,,True
1-coins/60_1477845192.json,60_1477845192.json,60_1477845192,True,60_1477845192.jpg,60_1477845192.jpg,8,10|5,,True
1-coins/60_1477845198.json,60_1477845198.json,60_1477845198,True,60_1477845198.jpg,60_1477845198.jpg,8,10|5,,True
1-coins/60_1477845204.json,60_1477845204.json,60_1477845204,True,60_1477845204.jpg,60_1477845204.jpg,8,10|5,,True
1-coins/60_1477845210.json,60_1477845210.json,60_1477845210,True,60_1477845210.jpg,60_1477845210.jpg,8,10|5,,True
1-coins/60_1477845216.json,60_1477845216.json,60_1477845216,True,60_1477845216.jpg,60_1477845216.jpg,8,10|5,,True
1-coins/60_1477845222.json,60_1477845222.json,60_1477845222,True,60_1477845222.jpg,60_1477845222.jpg,8,10|5,,True
1-coins/60_1477845228.json,60_1477845228.json,60_1477845228,True,60_1477845228.jpg,60_1477845228.jpg,8,10|5,,True
1-coins/60_1477845234.json,60_1477845234.json,60_1477845234,True,60_1477845234.jpg,60_1477845234.jpg,8,10|5,,True
1-coins/60_1477845240.json,60_1477845240.json,60_1477845240,True,60_1477845240.jpg,60_1477845240.jpg,8,10|5,,True
1-coins/60_1477845246.json,60_1477845246.json,60_1477845246,True,60_1477845246.jpg,60_1477845246.jpg,8,10|5,,True
1-coins/60_1477845252.json,60_1477845252.json,60_1477845252,True,60_1477845252.jpg,60_1477845252.jpg,8,10|5,,True
1-coins/60_1477845258.json,60_1477845258.json,60_1477845258,True,60_1477845258.jpg,60_1477845258.jpg,8,10|5,,True
1-coins/60_1477845264.json,60_1477845264.json,60_1477845264,True,60_1477845264.jpg,60_1477845264.jpg,8,10|5,,True
1-coins/60_1477845270.json,60_1477845270.json,60_1477845270,True,60_1477845270.jpg,60_1477845270.jpg,8,10|5,,True
1-coins/60_1477845300.json,60_1477845300.json,60_1477845300,True,60_1477845300.jpg,60_1477845300.jpg,9,10|5,,True
1-coins/60_1477845306.json,60_1477845306.json,60_1477845306,True,60_1477845306.jpg,60_1477845306.jpg,9,10|5,,True
1-coins/60_1477845312.json,60_1477845312.json,60_1477845312,True,60_1477845312.jpg,60_1477845312.jpg,9,10|5,,True
1-coins/60_1477845318.json,60_1477845318.json,60_1477845318,True,60_1477845318.jpg,60_1477845318.jpg,9,10|5,,True
1-coins/60_1477845324.json,60_1477845324.json,60_1477845324,True,60_1477845324.jpg,60_1477845324.jpg,9,10|5,,True
1-coins/60_1477845330.json,60_1477845330.json,60_1477845330,True,60_1477845330.jpg,60_1477845330.jpg,9,10|5,,True
1-coins/60_1477845336.json,60_1477845336.json,60_1477845336,True,60_1477845336.jpg,60_1477845336.jpg,9,10|5,,True
1-coins/60_1477845342.json,60_1477845342.json,60_1477845342,True,60_1477845342.jpg,60_1477845342.jpg,9,10|5,,True
1-coins/60_1477845348.json,60_1477845348.json,60_1477845348,True,60_1477845348.jpg,60_1477845348.jpg,9,10|5,,True
1-coins/60_1477845354.json,60_1477845354.json,60_1477845354,True,60_1477845354.jpg,60_1477845354.jpg,9,10|5,,True
1-coins/60_1477845360.json,60_1477845360.json,60_1477845360,True,60_1477845360.jpg,60_1477845360.jpg,9,10|5,,True
1-coins/60_1477845366.json,60_1477845366.json,60_1477845366,True,60_1477845366.jpg,60_1477845366.jpg,9,10|5,,True
1-coins/60_1477845372.json,60_1477845372.json,60_1477845372,True,60_1477845372.jpg,60_1477845372.jpg,9,10|5,,True
1-coins/60_1477845378.json,60_1477845378.json,60_1477845378,True,60_1477845378.jpg,60_1477845378.jpg,9,10|5,,True
1-coins/60_1477845384.json,60_1477845384.json,60_1477845384,True,60_1477845384.jpg,60_1477845384.jpg,9,10|5,,True
1-coins/60_1477845390.json,60_1477845390.json,60_1477845390,True,60_1477845390.jpg,60_1477845390.jpg,9,10|5,,True
1-coins/60_1477845396.json,60_1477845396.json,60_1477845396,True,60_1477845396.jpg,60_1477845396.jpg,9,10|5,,True
1-coins/60_1477845402.json,60_1477845402.json,60_1477845402,True,60_1477845402.jpg,60_1477845402.jpg,9,10|5,,True
1-coins/60_1477845408.json,60_1477845408.json,60_1477845408,True,60_1477845408.jpg,60_1477845408.jpg,9,10|5,,True
1-coins/60_1477845414.json,60_1477845414.json,60_1477845414,True,60_1477845414.jpg,60_1477845414.jpg,9,10|5,,True
1-coins/60_1477845420.json,60_1477845420.json,60_1477845420,True,60_1477845420.jpg,60_1477845420.jpg,9,10|5,,True
1-coins/60_1477845426.json,60_1477845426.json,60_1477845426,True,60_1477845426.jpg,60_1477845426.jpg,9,10|5,,True
1-coins/60_1477845432.json,60_1477845432.json,60_1477845432,True,60_1477845432.jpg,60_1477845432.jpg,9,10|5,,True
1-coins/60_1477845438.json,60_1477845438.json,60_1477845438,True,60_1477845438.jpg,60_1477845438.jpg,9,10|5,,True
1-coins/60_1477845444.json,60_1477845444.json,60_1477845444,True,60_1477845444.jpg,60_1477845444.jpg,9,10|5,,True
1-coins/60_1477845450.json,60_1477845450.json,60_1477845450,True,60_1477845450.jpg,60_1477845450.jpg,9,10|5,,True
1-coins/60_1477845456.json,60_1477845456.json,60_1477845456,True,60_1477845456.jpg,60_1477845456.jpg,9,10|5,,True
1-coins/60_1477845462.json,60_1477845462.json,60_1477845462,True,60_1477845462.jpg,60_1477845462.jpg,9,10|5,,True
1-coins/60_1477845468.json,60_1477845468.json,60_1477845468,True,60_1477845468.jpg,60_1477845468.jpg,9,10|5,,True
1-coins/60_1477845474.json,60_1477845474.json,60_1477845474,True,60_1477845474.jpg,60_1477845474.jpg,9,10|5,,True
1-coins/60_1477845480.json,60_1477845480.json,60_1477845480,True,60_1477845480.jpg,60_1477845480.jpg,9,10|5,,True
1-coins/65_1477845516.json,65_1477845516.json,65_1477845516,True,65_1477845516.jpg,65_1477845516.jpg,8,10|25|5,,True
1-coins/65_1477845522.json,65_1477845522.json,65_1477845522,True,65_1477845522.jpg,65_1477845522.jpg,8,10|25|5,,True
1-coins/65_1477845528.json,65_1477845528.json,65_1477845528,True,65_1477845528.jpg,65_1477845528.jpg,8,10|25|5,,True
1-coins/65_1477845534.json,65_1477845534.json,65_1477845534,True,65_1477845534.jpg,65_1477845534.jpg,8,10|25|5,,True
1-coins/65_1477845540.json,65_1477845540.json,65_1477845540,True,65_1477845540.jpg,65_1477845540.jpg,8,10|25|5,,True
1-coins/65_1477845546.json,65_1477845546.json,65_1477845546,True,65_1477845546.jpg,65_1477845546.jpg,8,10|25|5,,True
1-coins/65_1477845552.json,65_1477845552.json,65_1477845552,True,65_1477845552.jpg,65_1477845552.jpg,8,10|25|5,,True
1-coins/65_1477845558.json,65_1477845558.json,65_1477845558,True,65_1477845558.jpg,65_1477845558.jpg,8,10|25|5,,True
1-coins/65_1477845564.json,65_1477845564.json,65_1477845564,True,65_1477845564.jpg,65_1477845564.jpg,8,10|25|5,,True
1-coins/65_1477845570.json,65_1477845570.json,65_1477845570,True,65_1477845570.jpg,65_1477845570.jpg,8,10|25|5,,True
1-coins/65_1477845576.json,65_1477845576.json,65_1477845576,True,65_1477845576.jpg,65_1477845576.jpg,8,10|25|5,,True
1-coins/65_1477845582.json,65_1477845582.json,65_1477845582,True,65_1477845582.jpg,65_1477845582.jpg,8,10|25|5,,True
1-coins/65_1477845588.json,65_1477845588.json,65_1477845588,True,65_1477845588.jpg,65_1477845588.jpg,8,10|25|5,,True
1-coins/65_1477845594.json,65_1477845594.json,65_1477845594,True,65_1477845594.jpg,65_1477845594.jpg,8,10|25|5,,True
1-coins/65_1477845600.json,65_1477845600.json,65_1477845600,True,65_1477845600.jpg,65_1477845600.jpg,8,10|25|5,,True
1-coins/65_1477845606.json,65_1477845606.json,65_1477845606,True,65_1477845606.jpg,65_1477845606.jpg,8,10|25|5,,True
1-coins/65_1477845612.json,65_1477845612.json,65_1477845612,True,65_1477845612.jpg,65_1477845612.jpg,8,10|25|5,,True
1-coins/65_1477845618.json,65_1477845618.json,65_1477845618,True,65_1477845618.jpg,65_1477845618.jpg,8,10|25|5,,True
1-coins/65_1477845624.json,65_1477845624.json,65_1477845624,True,65_1477845624.jpg,65_1477845624.jpg,8,10|25|5,,True
1-coins/65_1477845630.json,65_1477845630.json,65_1477845630,True,65_1477845630.jpg,65_1477845630.jpg,8,10|25|5,,True
1-coins/65_1477845636.json,65_1477845636.json,65_1477845636,True,65_1477845636.jpg,65_1477845636.jpg,8,10|25|5,,True
1-coins/65_1477845642.json,65_1477845642.json,65_1477845642,True,65_1477845642.jpg,65_1477845642.jpg,8,10|25|5,,True
1-coins/65_1477845648.json,65_1477845648.json,65_1477845648,True,65_1477845648.jpg,65_1477845648.jpg,8,10|25|5,,True
1-coins/65_1477845654.json,65_1477845654.json,65_1477845654,True,65_1477845654.jpg,65_1477845654.jpg,8,10|25|5,,True
1-coins/65_1477845660.json,65_1477845660.json,65_1477845660,True,65_1477845660.jpg,65_1477845660.jpg,8,10|25|5,,True
1-coins/65_1477845666.json,65_1477845666.json,65_1477845666,True,65_1477845666.jpg,65_1477845666.jpg,8,10|25|5,,True
1-coins/65_1477845672.json,65_1477845672.json,65_1477845672,True,65_1477845672.jpg,65_1477845672.jpg,8,10|25|5,,True
1-coins/65_1477845678.json,65_1477845678.json,65_1477845678,True,65_1477845678.jpg,65_1477845678.jpg,8,10|25|5,,True
1-coins/65_1477845684.json,65_1477845684.json,65_1477845684,True,65_1477845684.jpg,65_1477845684.jpg,8,10|25|5,,True
1-coins/65_1477845690.json,65_1477845690.json,65_1477845690,True,65_1477845690.jpg,65_1477845690.jpg,8,10|25|5,,True
1-coins/65_1477845834.json,65_1477845834.json,65_1477845834,True,65_1477845834.jpg,65_1477845834.jpg,7,10|25|5,,True
1-coins/65_1477845840.json,65_1477845840.json,65_1477845840,True,65_1477845840.jpg,65_1477845840.jpg,7,10|25|5,,True
1-coins/65_1477845846.json,65_1477845846.json,65_1477845846,True,65_1477845846.jpg,65_1477845846.jpg,7,10|25|5,,True
1-coins/65_1477845852.json,65_1477845852.json,65_1477845852,True,65_1477845852.jpg,65_1477845852.jpg,7,10|25|5,,True
1-coins/65_1477845858.json,65_1477845858.json,65_1477845858,True,65_1477845858.jpg,65_1477845858.jpg,7,10|25|5,,True
1-coins/65_1477845864.json,65_1477845864.json,65_1477845864,True,65_1477845864.jpg,65_1477845864.jpg,7,10|25|5,,True
1-coins/65_1477845870.json,65_1477845870.json,65_1477845870,True,65_1477845870.jpg,65_1477845870.jpg,7,10|25|5,,True
1-coins/65_1477845876.json,65_1477845876.json,65_1477845876,True,65_1477845876.jpg,65_1477845876.jpg,7,10|25|5,,True
1-coins/65_1477845882.json,65_1477845882.json,65_1477845882,True,65_1477845882.jpg,65_1477845882.jpg,7,10|25|5,,True
1-coins/65_1477845888.json,65_1477845888.json,65_1477845888,True,65_1477845888.jpg,65_1477845888.jpg,7,10|25|5,,True
1-coins/65_1477845894.json,65_1477845894.json,65_1477845894,True,65_1477845894.jpg,65_1477845894.jpg,7,10|25|5,,True
1-coins/65_1477845900.json,65_1477845900.json,65_1477845900,True,65_1477845900.jpg,65_1477845900.jpg,7,10|25|5,,True
1-coins/65_1477845906.json,65_1477845906.json,65_1477845906,True,65_1477845906.jpg,65_1477845906.jpg,7,10|25|5,,True
1-coins/65_1477845912.json,65_1477845912.json,65_1477845912,True,65_1477845912.jpg,65_1477845912.jpg,7,10|25|5,,True
1-coins/65_1477845918.json,65_1477845918.json,65_1477845918,True,65_1477845918.jpg,65_1477845918.jpg,7,10|25|5,,True
1-coins/65_1477845924.json,65_1477845924.json,65_1477845924,True,65_1477845924.jpg,65_1477845924.jpg,7,10|25|5,,True
1-coins/65_1477845930.json,65_1477845930.json,65_1477845930,True,65_1477845930.jpg,65_1477845930.jpg,7,10|25|5,,True
1-coins/65_1477845936.json,65_1477845936.json,65_1477845936,True,65_1477845936.jpg,65_1477845936.jpg,7,10|25|5,,True
1-coins/65_1477845942.json,65_1477845942.json,65_1477845942,True,65_1477845942.jpg,65_1477845942.jpg,7,10|25|5,,True
1-coins/65_1477845948.json,65_1477845948.json,65_1477845948,True,65_1477845948.jpg,65_1477845948.jpg,7,10|25|5,,True
1-coins/65_1477845954.json,65_1477845954.json,65_1477845954,True,65_1477845954.jpg,65_1477845954.jpg,7,10|25|5,,True
1-coins/65_1477845960.json,65_1477845960.json,65_1477845960,True,65_1477845960.jpg,65_1477845960.jpg,7,10|25|5,,True
1-coins/65_1477845966.json,65_1477845966.json,65_1477845966,True,65_1477845966.jpg,65_1477845966.jpg,7,10|25|5,,True
1-coins/65_1477845972.json,65_1477845972.json,65_1477845972,True,65_1477845972.jpg,65_1477845972.jpg,7,10|25|5,,True
1-coins/65_1477845978.json,65_1477845978.json,65_1477845978,True,65_1477845978.jpg,65_1477845978.jpg,9,10|25|5|finger,,True
1-coins/65_1477845984.json,65_1477845984.json,65_1477845984,True,65_1477845984.jpg,65_1477845984.jpg,7,10|25|5,,True
1-coins/65_1477845990.json,65_1477845990.json,65_1477845990,True,65_1477845990.jpg,65_1477845990.jpg,7,10|25|5,,True
1-coins/65_1477845996.json,65_1477845996.json,65_1477845996,True,65_1477845996.jpg,65_1477845996.jpg,7,10|25|5,,True
1-coins/65_1477846002.json,65_1477846002.json,65_1477846002,True,65_1477846002.jpg,65_1477846002.jpg,7,10|25|5,,True
1-coins/65_1477846008.json,65_1477846008.json,65_1477846008,True,65_1477846008.jpg,65_1477846008.jpg,7,10|25|5,,True
1-coins/65_1477846188.json,65_1477846188.json,65_1477846188,True,65_1477846188.jpg,65_1477846188.jpg,6,10|25|5,,True
1-coins/65_1477846194.json,65_1477846194.json,65_1477846194,True,65_1477846194.jpg,65_1477846194.jpg,6,10|25|5,,True
1-coins/65_1477846200.json,65_1477846200.json,65_1477846200,True,65_1477846200.jpg,65_1477846200.jpg,6,10|25|5,,True
1-coins/65_1477846206.json,65_1477846206.json,65_1477846206,True,65_1477846206.jpg,65_1477846206.jpg,6,10|25|5,,True
1-coins/65_1477846212.json,65_1477846212.json,65_1477846212,True,65_1477846212.jpg,65_1477846212.jpg,6,10|25|5,,True
1-coins/65_1477846218.json,65_1477846218.json,65_1477846218,True,65_1477846218.jpg,65_1477846218.jpg,6,10|25|5,,True
1-coins/65_1477846224.json,65_1477846224.json,65_1477846224,True,65_1477846224.jpg,65_1477846224.jpg,6,10|25|5,,True
1-coins/65_1477846230.json,65_1477846230.json,65_1477846230,True,65_1477846230.jpg,65_1477846230.jpg,6,10|25|5,,True
1-coins/65_1477846236.json,65_1477846236.json,65_1477846236,True,65_1477846236.jpg,65_1477846236.jpg,6,10|25|5,,True
1-coins/65_1477846242.json,65_1477846242.json,65_1477846242,True,65_1477846242.jpg,65_1477846242.jpg,6,10|25|5,,True
1-coins/65_1477846248.json,65_1477846248.json,65_1477846248,True,65_1477846248.jpg,65_1477846248.jpg,6,10|25|5,,True
1-coins/65_1477846254.json,65_1477846254.json,65_1477846254,True,65_1477846254.jpg,65_1477846254.jpg,6,10|25|5,,True
1-coins/65_1477846260.json,65_1477846260.json,65_1477846260,True,65_1477846260.jpg,65_1477846260.jpg,6,10|25|5,,True
1-coins/65_1477846266.json,65_1477846266.json,65_1477846266,True,65_1477846266.jpg,65_1477846266.jpg,6,10|25|5,,True
1-coins/65_1477846272.json,65_1477846272.json,65_1477846272,True,65_1477846272.jpg,65_1477846272.jpg,6,10|25|5,,True
1-coins/65_1477846278.json,65_1477846278.json,65_1477846278,True,65_1477846278.jpg,65_1477846278.jpg,6,10|25|5,,True
1-coins/65_1477846284.json,65_1477846284.json,65_1477846284,True,65_1477846284.jpg,65_1477846284.jpg,6,10|25|5,,True
1-coins/65_1477846290.json,65_1477846290.json,65_1477846290,True,65_1477846290.jpg,65_1477846290.jpg,6,10|25|5,,True
1-coins/65_1477846296.json,65_1477846296.json,65_1477846296,True,65_1477846296.jpg,65_1477846296.jpg,6,10|25|5,,True
1-coins/65_1477846302.json,65_1477846302.json,65_1477846302,True,65_1477846302.jpg,65_1477846302.jpg,6,10|25|5,,True
1-coins/65_1477846308.json,65_1477846308.json,65_1477846308,True,65_1477846308.jpg,65_1477846308.jpg,6,10|25|5,,True
1-coins/65_1477846314.json,65_1477846314.json,65_1477846314,True,65_1477846314.jpg,65_1477846314.jpg,6,10|25|5,,True
1-coins/65_1477846320.json,65_1477846320.json,65_1477846320,True,65_1477846320.jpg,65_1477846320.jpg,6,10|25|5,,True
1-coins/65_1477846326.json,65_1477846326.json,65_1477846326,True,65_1477846326.jpg,65_1477846326.jpg,6,10|25|5,,True
1-coins/65_1477846332.json,65_1477846332.json,65_1477846332,True,65_1477846332.jpg,65_1477846332.jpg,6,10|25|5,,True
1-coins/65_1477846338.json,65_1477846338.json,65_1477846338,True,65_1477846338.jpg,65_1477846338.jpg,6,10|25|5,,True
1-coins/65_1477846344.json,65_1477846344.json,65_1477846344,True,65_1477846344.jpg,65_1477846344.jpg,6,10|25|5,,True
1-coins/65_1477846350.json,65_1477846350.json,65_1477846350,True,65_1477846350.jpg,65_1477846350.jpg,6,10|25|5,,True
1-coins/65_1477846356.json,65_1477846356.json,65_1477846356,True,65_1477846356.jpg,65_1477846356.jpg,6,10|25|5,,True
1-coins/65_1477846362.json,65_1477846362.json,65_1477846362,True,65_1477846362.jpg,65_1477846362.jpg,6,10|25|5,,True
1-coins/65_1477846422.json,65_1477846422.json,65_1477846422,True,65_1477846422.jpg,65_1477846422.jpg,5,10|25,,True
1-coins/65_1477846428.json,65_1477846428.json,65_1477846428,True,65_1477846428.jpg,65_1477846428.jpg,5,10|25,,True
1-coins/65_1477846434.json,65_1477846434.json,65_1477846434,True,65_1477846434.jpg,65_1477846434.jpg,5,10|25,,True
1-coins/65_1477846440.json,65_1477846440.json,65_1477846440,True,65_1477846440.jpg,65_1477846440.jpg,5,10|25,,True
1-coins/65_1477846446.json,65_1477846446.json,65_1477846446,True,65_1477846446.jpg,65_1477846446.jpg,5,10|25,,True
1-coins/65_1477846452.json,65_1477846452.json,65_1477846452,True,65_1477846452.jpg,65_1477846452.jpg,5,10|25,,True
1-coins/65_1477846458.json,65_1477846458.json,65_1477846458,True,65_1477846458.jpg,65_1477846458.jpg,5,10|25,,True
1-coins/65_1477846464.json,65_1477846464.json,65_1477846464,True,65_1477846464.jpg,65_1477846464.jpg,5,10|25,,True
1-coins/65_1477846470.json,65_1477846470.json,65_1477846470,True,65_1477846470.jpg,65_1477846470.jpg,5,10|25,,True
1-coins/65_1477846476.json,65_1477846476.json,65_1477846476,True,65_1477846476.jpg,65_1477846476.jpg,5,10|25,,True
1-coins/65_1477846482.json,65_1477846482.json,65_1477846482,True,65_1477846482.jpg,65_1477846482.jpg,5,10|25,,True
1-coins/65_1477846488.json,65_1477846488.json,65_1477846488,True,65_1477846488.jpg,65_1477846488.jpg,5,10|25,,True
1-coins/65_1477846494.json,65_1477846494.json,65_1477846494,True,65_1477846494.jpg,65_1477846494.jpg,5,10|25,,True
1-coins/65_1477846500.json,65_1477846500.json,65_1477846500,True,65_1477846500.jpg,65_1477846500.jpg,5,10|25,,True
1-coins/65_1477846506.json,65_1477846506.json,65_1477846506,True,65_1477846506.jpg,65_1477846506.jpg,5,10|25,,True
1-coins/65_1477846512.json,65_1477846512.json,65_1477846512,True,65_1477846512.jpg,65_1477846512.jpg,5,10|25,,True
1-coins/65_1477846518.json,65_1477846518.json,65_1477846518,True,65_1477846518.jpg,65_1477846518.jpg,5,10|25,,True
1-coins/65_1477846524.json,65_1477846524.json,65_1477846524,True,65_1477846524.jpg,65_1477846524.jpg,5,10|25,,True
1-coins/65_1477846530.json,65_1477846530.json,65_1477846530,True,65_1477846530.jpg,65_1477846530.jpg,5,10|25,,True
1-coins/65_1477846536.json,65_1477846536.json,65_1477846536,True,65_1477846536.jpg,65_1477846536.jpg,5,10|25,,True
1-coins/65_1477846542.json,65_1477846542.json,65_1477846542,True,65_1477846542.jpg,65_1477846542.jpg,5,10|25,,True
1-coins/65_1477846548.json,65_1477846548.json,65_1477846548,True,65_1477846548.jpg,65_1477846548.jpg,5,10|25,,True
1-coins/65_1477846554.json,65_1477846554.json,65_1477846554,True,65_1477846554.jpg,65_1477846554.jpg,5,10|25,,True
1-coins/65_1477846560.json,65_1477846560.json,65_1477846560,True,65_1477846560.jpg,65_1477846560.jpg,5,10|25,,True
1-coins/65_1477846566.json,65_1477846566.json,65_1477846566,True,65_1477846566.jpg,65_1477846566.jpg,5,10|25,,True
1-coins/65_1477846572.json,65_1477846572.json,65_1477846572,True,65_1477846572.jpg,65_1477846572.jpg,5,10|25,,True
1-coins/65_1477846578.json,65_1477846578.json,65_1477846578,True,65_1477846578.jpg,65_1477846578.jpg,5,10|25,,True
1-coins/65_1477846584.json,65_1477846584.json,65_1477846584,True,65_1477846584.jpg,65_1477846584.jpg,5,10|25,,True
1-coins/65_1477846590.json,65_1477846590.json,65_1477846590,True,65_1477846590.jpg,65_1477846590.jpg,5,10|25,,True
1-coins/65_1477846596.json,65_1477846596.json,65_1477846596,True,65_1477846596.jpg,65_1477846596.jpg,5,10|25,,True
1-coins/70_1477846692.json,70_1477846692.json,70_1477846692,True,70_1477846692.jpg,70_1477846692.jpg,6,10|25|5,,True
1-coins/70_1477846698.json,70_1477846698.json,70_1477846698,True,70_1477846698.jpg,70_1477846698.jpg,6,10|25|5,,True
1-coins/70_1477846704.json,70_1477846704.json,70_1477846704,True,70_1477846704.jpg,70_1477846704.jpg,6,10|25|5,,True
1-coins/70_1477846710.json,70_1477846710.json,70_1477846710,True,70_1477846710.jpg,70_1477846710.jpg,6,10|25|5,,True
1-coins/70_1477846716.json,70_1477846716.json,70_1477846716,True,70_1477846716.jpg,70_1477846716.jpg,6,10|25|5,,True
1-coins/70_1477846722.json,70_1477846722.json,70_1477846722,True,70_1477846722.jpg,70_1477846722.jpg,6,10|25|5,,True
1-coins/70_1477846728.json,70_1477846728.json,70_1477846728,True,70_1477846728.jpg,70_1477846728.jpg,6,10|25|5,,True
1-coins/70_1477846734.json,70_1477846734.json,70_1477846734,True,70_1477846734.jpg,70_1477846734.jpg,6,10|25|5,,True
1-coins/70_1477846740.json,70_1477846740.json,70_1477846740,True,70_1477846740.jpg,70_1477846740.jpg,6,10|25|5,,True
1-coins/70_1477846746.json,70_1477846746.json,70_1477846746,True,70_1477846746.jpg,70_1477846746.jpg,6,10|25|5,,True
1-coins/70_1477846752.json,70_1477846752.json,70_1477846752,True,70_1477846752.jpg,70_1477846752.jpg,6,10|25|5,,True
1-coins/70_1477846758.json,70_1477846758.json,70_1477846758,True,70_1477846758.jpg,70_1477846758.jpg,6,10|25|5,,True
1-coins/70_1477846764.json,70_1477846764.json,70_1477846764,True,70_1477846764.jpg,70_1477846764.jpg,6,10|25|5,,True
1-coins/70_1477846770.json,70_1477846770.json,70_1477846770,True,70_1477846770.jpg,70_1477846770.jpg,6,10|25|5,,True
1-coins/70_1477846776.json,70_1477846776.json,70_1477846776,True,70_1477846776.jpg,70_1477846776.jpg,6,10|25|5,,True
1-coins/70_1477846782.json,70_1477846782.json,70_1477846782,True,70_1477846782.jpg,70_1477846782.jpg,6,10|25|5,,True
1-coins/70_1477846788.json,70_1477846788.json,70_1477846788,True,70_1477846788.jpg,70_1477846788.jpg,6,10|25|5,,True
1-coins/70_1477846794.json,70_1477846794.json,70_1477846794,True,70_1477846794.jpg,70_1477846794.jpg,6,10|25|5,,True
1-coins/70_1477846800.json,70_1477846800.json,70_1477846800,True,70_1477846800.jpg,70_1477846800.jpg,6,10|25|5,,True
1-coins/70_1477846806.json,70_1477846806.json,70_1477846806,True,70_1477846806.jpg,70_1477846806.jpg,6,10|25|5,,True
1-coins/70_1477846812.json,70_1477846812.json,70_1477846812,True,70_1477846812.jpg,70_1477846812.jpg,6,10|25|5,,True
1-coins/70_1477846818.json,70_1477846818.json,70_1477846818,True,70_1477846818.jpg,70_1477846818.jpg,6,10|25|5,,True
1-coins/70_1477846824.json,70_1477846824.json,70_1477846824,True,70_1477846824.jpg,70_1477846824.jpg,6,10|25|5,,True
1-coins/70_1477846830.json,70_1477846830.json,70_1477846830,True,70_1477846830.jpg,70_1477846830.jpg,6,10|25|5,,True
1-coins/70_1477846836.json,70_1477846836.json,70_1477846836,True,70_1477846836.jpg,70_1477846836.jpg,6,10|25|5,,True
1-coins/70_1477846842.json,70_1477846842.json,70_1477846842,True,70_1477846842.jpg,70_1477846842.jpg,6,10|25|5,,True
1-coins/70_1477846848.json,70_1477846848.json,70_1477846848,True,70_1477846848.jpg,70_1477846848.jpg,6,10|25|5,,True
1-coins/70_1477846854.json,70_1477846854.json,70_1477846854,True,70_1477846854.jpg,70_1477846854.jpg,6,10|25|5,,True
1-coins/70_1477846860.json,70_1477846860.json,70_1477846860,True,70_1477846860.jpg,70_1477846860.jpg,6,10|25|5,,True
1-coins/70_1477846866.json,70_1477846866.json,70_1477846866,True,70_1477846866.jpg,70_1477846866.jpg,6,10|25|5,,True
1-coins/70_1477848822.json,70_1477848822.json,70_1477848822,True,70_1477848822.jpg,70_1477848822.jpg,7,10|25|5,,True
1-coins/70_1477848828.json,70_1477848828.json,70_1477848828,True,70_1477848828.jpg,70_1477848828.jpg,7,10|25|5,,True
1-coins/70_1477848834.json,70_1477848834.json,70_1477848834,True,70_1477848834.jpg,70_1477848834.jpg,7,10|25|5,,True
1-coins/70_1477848840.json,70_1477848840.json,70_1477848840,True,70_1477848840.jpg,70_1477848840.jpg,7,10|25|5,,True
1-coins/70_1477848846.json,70_1477848846.json,70_1477848846,True,70_1477848846.jpg,70_1477848846.jpg,7,10|25|5,,True
1-coins/70_1477848852.json,70_1477848852.json,70_1477848852,True,70_1477848852.jpg,70_1477848852.jpg,7,10|25|5,,True
1-coins/70_1477848858.json,70_1477848858.json,70_1477848858,True,70_1477848858.jpg,70_1477848858.jpg,7,10|25|5,,True
1-coins/70_1477848864.json,70_1477848864.json,70_1477848864,True,70_1477848864.jpg,70_1477848864.jpg,4,10|5|50,,True
1-coins/70_1477848870.json,70_1477848870.json,70_1477848870,True,70_1477848870.jpg,70_1477848870.jpg,4,10|5|50,,True
1-coins/70_1477848876.json,70_1477848876.json,70_1477848876,True,70_1477848876.jpg,70_1477848876.jpg,4,10|5|50,,True
1-coins/70_1477848882.json,70_1477848882.json,70_1477848882,True,70_1477848882.jpg,70_1477848882.jpg,4,10|5|50,,True
1-coins/70_1477848888.json,70_1477848888.json,70_1477848888,True,70_1477848888.jpg,70_1477848888.jpg,4,10|5|50,,True
1-coins/70_1477848894.json,70_1477848894.json,70_1477848894,True,70_1477848894.jpg,70_1477848894.jpg,4,10|5|50,,True
1-coins/70_1477848900.json,70_1477848900.json,70_1477848900,True,70_1477848900.jpg,70_1477848900.jpg,4,10|5|50,,True
1-coins/70_1477848906.json,70_1477848906.json,70_1477848906,True,70_1477848906.jpg,70_1477848906.jpg,4,10|5|50,,True
1-coins/70_1477848912.json,70_1477848912.json,70_1477848912,True,70_1477848912.jpg,70_1477848912.jpg,4,10|5|50,,True
1-coins/70_1477848918.json,70_1477848918.json,70_1477848918,True,70_1477848918.jpg,70_1477848918.jpg,4,10|5|50,,True
1-coins/70_1477848924.json,70_1477848924.json,70_1477848924,True,70_1477848924.jpg,70_1477848924.jpg,4,10|5|50,,True
1-coins/70_1477848930.json,70_1477848930.json,70_1477848930,True,70_1477848930.jpg,70_1477848930.jpg,4,10|5|50,,True
1-coins/70_1477848936.json,70_1477848936.json,70_1477848936,True,70_1477848936.jpg,70_1477848936.jpg,4,10|5|50,,True
1-coins/70_1477848942.json,70_1477848942.json,70_1477848942,True,70_1477848942.jpg,70_1477848942.jpg,4,10|5|50,,True
1-coins/70_1477848948.json,70_1477848948.json,70_1477848948,True,70_1477848948.jpg,70_1477848948.jpg,4,10|5|50,,True
1-coins/70_1477848954.json,70_1477848954.json,70_1477848954,True,70_1477848954.jpg,70_1477848954.jpg,4,10|5|50,,True
1-coins/70_1477848960.json,70_1477848960.json,70_1477848960,True,70_1477848960.jpg,70_1477848960.jpg,4,10|5|50,,True
1-coins/70_1477848966.json,70_1477848966.json,70_1477848966,True,70_1477848966.jpg,70_1477848966.jpg,4,10|5|50,,True
1-coins/70_1477848972.json,70_1477848972.json,70_1477848972,True,70_1477848972.jpg,70_1477848972.jpg,4,10|5|50,,True
1-coins/70_1477848978.json,70_1477848978.json,70_1477848978,True,70_1477848978.jpg,70_1477848978.jpg,4,10|5|50,,True
1-coins/70_1477848984.json,70_1477848984.json,70_1477848984,True,70_1477848984.jpg,70_1477848984.jpg,4,10|5|50,,True
1-coins/70_1477848990.json,70_1477848990.json,70_1477848990,True,70_1477848990.jpg,70_1477848990.jpg,4,10|5|50,,True
1-coins/70_1477848996.json,70_1477848996.json,70_1477848996,True,70_1477848996.jpg,70_1477848996.jpg,4,10|5|50,,True
1-coins/70_1477849230.json,70_1477849230.json,70_1477849230,True,70_1477849230.jpg,70_1477849230.jpg,4,10|5|50,,True
1-coins/70_1477849236.json,70_1477849236.json,70_1477849236,True,70_1477849236.jpg,70_1477849236.jpg,4,10|5|50,,True
1-coins/70_1477849242.json,70_1477849242.json,70_1477849242,True,70_1477849242.jpg,70_1477849242.jpg,4,10|5|50,,True
1-coins/70_1477849248.json,70_1477849248.json,70_1477849248,True,70_1477849248.jpg,70_1477849248.jpg,4,10|5|50,,True
1-coins/70_1477849254.json,70_1477849254.json,70_1477849254,True,70_1477849254.jpg,70_1477849254.jpg,4,10|5|50,,True
1-coins/70_1477849260.json,70_1477849260.json,70_1477849260,True,70_1477849260.jpg,70_1477849260.jpg,4,10|5|50,,True
1-coins/70_1477849266.json,70_1477849266.json,70_1477849266,True,70_1477849266.jpg,70_1477849266.jpg,4,10|5|50,,True
1-coins/70_1477849272.json,70_1477849272.json,70_1477849272,True,70_1477849272.jpg,70_1477849272.jpg,4,10|5|50,,True
1-coins/70_1477849278.json,70_1477849278.json,70_1477849278,True,70_1477849278.jpg,70_1477849278.jpg,4,10|5|50,,True
1-coins/70_1477849284.json,70_1477849284.json,70_1477849284,True,70_1477849284.jpg,70_1477849284.jpg,4,10|5|50,,True
1-coins/70_1477849290.json,70_1477849290.json,70_1477849290,True,70_1477849290.jpg,70_1477849290.jpg,4,10|5|50,,True
1-coins/70_1477849296.json,70_1477849296.json,70_1477849296,True,70_1477849296.jpg,70_1477849296.jpg,4,10|5|50,,True
1-coins/70_1477849302.json,70_1477849302.json,70_1477849302,True,70_1477849302.jpg,70_1477849302.jpg,5,5|50,,True
1-coins/70_1477849308.json,70_1477849308.json,70_1477849308,True,70_1477849308.jpg,70_1477849308.jpg,5,5|50,,True
1-coins/70_1477849314.json,70_1477849314.json,70_1477849314,True,70_1477849314.jpg,70_1477849314.jpg,5,5|50,,True
1-coins/70_1477849320.json,70_1477849320.json,70_1477849320,True,70_1477849320.jpg,70_1477849320.jpg,5,5|50,,True
1-coins/70_1477849326.json,70_1477849326.json,70_1477849326,True,70_1477849326.jpg,70_1477849326.jpg,5,5|50,,True
1-coins/70_1477849338.json,70_1477849338.json,70_1477849338,True,70_1477849338.jpg,70_1477849338.jpg,5,5|50,,True
1-coins/70_1477849344.json,70_1477849344.json,70_1477849344,True,70_1477849344.jpg,70_1477849344.jpg,5,5|50,,True
1-coins/70_1477849350.json,70_1477849350.json,70_1477849350,True,70_1477849350.jpg,70_1477849350.jpg,5,5|50,,True
1-coins/70_1477849356.json,70_1477849356.json,70_1477849356,True,70_1477849356.jpg,70_1477849356.jpg,5,5|50,,True
1-coins/70_1477849362.json,70_1477849362.json,70_1477849362,True,70_1477849362.jpg,70_1477849362.jpg,5,5|50,,True
1-coins/70_1477849368.json,70_1477849368.json,70_1477849368,True,70_1477849368.jpg,70_1477849368.jpg,5,5|50,,True
1-coins/70_1477849374.json,70_1477849374.json,70_1477849374,True,70_1477849374.jpg,70_1477849374.jpg,5,5|50,,True
1-coins/70_1477849380.json,70_1477849380.json,70_1477849380,True,70_1477849380.jpg,70_1477849380.jpg,6,25|5,,True
1-coins/70_1477849386.json,70_1477849386.json,70_1477849386,True,70_1477849386.jpg,70_1477849386.jpg,6,25|5,,True
1-coins/70_1477849392.json,70_1477849392.json,70_1477849392,True,70_1477849392.jpg,70_1477849392.jpg,6,25|5,,True
1-coins/70_1477849398.json,70_1477849398.json,70_1477849398,True,70_1477849398.jpg,70_1477849398.jpg,6,25|5,,True
1-coins/70_1477849404.json,70_1477849404.json,70_1477849404,True,70_1477849404.jpg,70_1477849404.jpg,6,25|5,,True
1-coins/75_1477849440.json,75_1477849440.json,75_1477849440,True,75_1477849440.jpg,75_1477849440.jpg,7,25|5,,True
1-coins/75_1477849446.json,75_1477849446.json,75_1477849446,True,75_1477849446.jpg,75_1477849446.jpg,7,25|5,,True
1-coins/75_1477849452.json,75_1477849452.json,75_1477849452,True,75_1477849452.jpg,75_1477849452.jpg,7,25|5,,True
1-coins/75_1477849458.json,75_1477849458.json,75_1477849458,True,75_1477849458.jpg,75_1477849458.jpg,7,25|5,,True
1-coins/75_1477849464.json,75_1477849464.json,75_1477849464,True,75_1477849464.jpg,75_1477849464.jpg,7,25|5,,True
1-coins/75_1477849470.json,75_1477849470.json,75_1477849470,True,75_1477849470.jpg,75_1477849470.jpg,7,25|5,,True
1-coins/75_1477849476.json,75_1477849476.json,75_1477849476,True,75_1477849476.jpg,75_1477849476.jpg,7,25|5,,True
1-coins/75_1477849482.json,75_1477849482.json,75_1477849482,True,75_1477849482.jpg,75_1477849482.jpg,7,25|5,,True
1-coins/75_1477849488.json,75_1477849488.json,75_1477849488,True,75_1477849488.jpg,75_1477849488.jpg,7,25|5,,True
1-coins/75_1477849494.json,75_1477849494.json,75_1477849494,True,75_1477849494.jpg,75_1477849494.jpg,7,25|5,,True
1-coins/75_1477849500.json,75_1477849500.json,75_1477849500,True,75_1477849500.jpg,75_1477849500.jpg,7,25|5,,True
1-coins/75_1477849506.json,75_1477849506.json,75_1477849506,True,75_1477849506.jpg,75_1477849506.jpg,7,25|5,,True
1-coins/75_1477849512.json,75_1477849512.json,75_1477849512,True,75_1477849512.jpg,75_1477849512.jpg,7,25|5,,True
1-coins/75_1477849518.json,75_1477849518.json,75_1477849518,True,75_1477849518.jpg,75_1477849518.jpg,7,25|5,,True
1-coins/75_1477849524.json,75_1477849524.json,75_1477849524,True,75_1477849524.jpg,75_1477849524.jpg,7,25|5,,True
1-coins/75_1477849530.json,75_1477849530.json,75_1477849530,True,75_1477849530.jpg,75_1477849530.jpg,7,25|5,,True
1-coins/75_1477849536.json,75_1477849536.json,75_1477849536,True,75_1477849536.jpg,75_1477849536.jpg,7,25|5,,True
1-coins/75_1477849542.json,75_1477849542.json,75_1477849542,True,75_1477849542.jpg,75_1477849542.jpg,7,25|5,,True
1-coins/75_1477849548.json,75_1477849548.json,75_1477849548,True,75_1477849548.jpg,75_1477849548.jpg,7,25|5,,True
1-coins/75_1477849554.json,75_1477849554.json,75_1477849554,True,75_1477849554.jpg,75_1477849554.jpg,7,25|5,,True
1-coins/75_1477849560.json,75_1477849560.json,75_1477849560,True,75_1477849560.jpg,75_1477849560.jpg,7,25|5,,True
1-coins/75_1477849566.json,75_1477849566.json,75_1477849566,True,75_1477849566.jpg,75_1477849566.jpg,7,25|5,,True
1-coins/75_1477849572.json,75_1477849572.json,75_1477849572,True,75_1477849572.jpg,75_1477849572.jpg,7,25|5,,True
1-coins/75_1477849578.json,75_1477849578.json,75_1477849578,True,75_1477849578.jpg,75_1477849578.jpg,7,25|5,,True
1-coins/75_1477849584.json,75_1477849584.json,75_1477849584,True,75_1477849584.jpg,75_1477849584.jpg,7,25|5,,True
1-coins/75_1477849590.json,75_1477849590.json,75_1477849590,True,75_1477849590.jpg,75_1477849590.jpg,7,25|5,,True
1-coins/75_1477849596.json,75_1477849596.json,75_1477849596,True,75_1477849596.jpg,75_1477849596.jpg,7,25|5,,True
1-coins/75_1477849602.json,75_1477849602.json,75_1477849602,True,75_1477849602.jpg,75_1477849602.jpg,7,25|5,,True
1-coins/75_1477849608.json,75_1477849608.json,75_1477849608,True,75_1477849608.jpg,75_1477849608.jpg,7,25|5,,True
1-coins/75_1477849614.json,75_1477849614.json,75_1477849614,True,75_1477849614.jpg,75_1477849614.jpg,6,5|50,,True
1-coins/75_1477849620.json,75_1477849620.json,75_1477849620,True,75_1477849620.jpg,75_1477849620.jpg,6,5|50,,True
1-coins/75_1477849704.json,75_1477849704.json,75_1477849704,True,75_1477849704.jpg,75_1477849704.jpg,6,5|50,,True
1-coins/75_1477849710.json,75_1477849710.json,75_1477849710,True,75_1477849710.jpg,75_1477849710.jpg,6,5|50,,True
1-coins/75_1477849716.json,75_1477849716.json,75_1477849716,True,75_1477849716.jpg,75_1477849716.jpg,6,5|50,,True
1-coins/75_1477849722.json,75_1477849722.json,75_1477849722,True,75_1477849722.jpg,75_1477849722.jpg,6,5|50,,True
1-coins/75_1477849728.json,75_1477849728.json,75_1477849728,True,75_1477849728.jpg,75_1477849728.jpg,6,5|50,,True
1-coins/75_1477849734.json,75_1477849734.json,75_1477849734,True,75_1477849734.jpg,75_1477849734.jpg,6,5|50,,True
1-coins/75_1477849740.json,75_1477849740.json,75_1477849740,True,75_1477849740.jpg,75_1477849740.jpg,2,25|50,,True
1-coins/75_1477849746.json,75_1477849746.json,75_1477849746,True,75_1477849746.jpg,75_1477849746.jpg,2,25|50,,True
1-coins/75_1477849752.json,75_1477849752.json,75_1477849752,True,75_1477849752.jpg,75_1477849752.jpg,2,25|50,,True
1-coins/75_1477849758.json,75_1477849758.json,75_1477849758,True,75_1477849758.jpg,75_1477849758.jpg,2,25|50,,True
1-coins/75_1477849764.json,75_1477849764.json,75_1477849764,True,75_1477849764.jpg,75_1477849764.jpg,2,25|50,,True
1-coins/75_1477849770.json,75_1477849770.json,75_1477849770,True,75_1477849770.jpg,75_1477849770.jpg,4,10|5|50,,True
1-coins/75_1477849776.json,75_1477849776.json,75_1477849776,True,75_1477849776.jpg,75_1477849776.jpg,4,10|5|50,,True
1-coins/75_1477849782.json,75_1477849782.json,75_1477849782,True,75_1477849782.jpg,75_1477849782.jpg,4,10|5|50,,True
1-coins/75_1477849788.json,75_1477849788.json,75_1477849788,True,75_1477849788.jpg,75_1477849788.jpg,4,10|5|50,,True
1-coins/75_1477849794.json,75_1477849794.json,75_1477849794,True,75_1477849794.jpg,75_1477849794.jpg,4,10|5|50,,True
1-coins/75_1477849800.json,75_1477849800.json,75_1477849800,True,75_1477849800.jpg,75_1477849800.jpg,4,10|5|50,,True
1-coins/75_1477849806.json,75_1477849806.json,75_1477849806,True,75_1477849806.jpg,75_1477849806.jpg,4,10|5|50,,True
1-coins/75_1477849812.json,75_1477849812.json,75_1477849812,True,75_1477849812.jpg,75_1477849812.jpg,4,10|5|50,,True
1-coins/75_1477849818.json,75_1477849818.json,75_1477849818,True,75_1477849818.jpg,75_1477849818.jpg,4,10|5|50,,True
1-coins/75_1477849824.json,75_1477849824.json,75_1477849824,True,75_1477849824.jpg,75_1477849824.jpg,4,10|5|50,,True
1-coins/75_1477849830.json,75_1477849830.json,75_1477849830,True,75_1477849830.jpg,75_1477849830.jpg,4,10|5|50,,True
1-coins/75_1477849836.json,75_1477849836.json,75_1477849836,True,75_1477849836.jpg,75_1477849836.jpg,5,10|5|50,,True
1-coins/75_1477849842.json,75_1477849842.json,75_1477849842,True,75_1477849842.jpg,75_1477849842.jpg,5,10|5|50,,True
1-coins/75_1477849848.json,75_1477849848.json,75_1477849848,True,75_1477849848.jpg,75_1477849848.jpg,5,10|5|50,,True
1-coins/75_1477849854.json,75_1477849854.json,75_1477849854,True,75_1477849854.jpg,75_1477849854.jpg,5,10|5|50,,True
1-coins/75_1477849860.json,75_1477849860.json,75_1477849860,True,75_1477849860.jpg,75_1477849860.jpg,5,10|5|50,,True
1-coins/75_1477849866.json,75_1477849866.json,75_1477849866,True,75_1477849866.jpg,75_1477849866.jpg,9,10|5,,True
1-coins/75_1477849872.json,75_1477849872.json,75_1477849872,True,75_1477849872.jpg,75_1477849872.jpg,9,10|5,,True
1-coins/75_1477849878.json,75_1477849878.json,75_1477849878,True,75_1477849878.jpg,75_1477849878.jpg,9,10|5,,True
1-coins/75_1477849896.json,75_1477849896.json,75_1477849896,True,75_1477849896.jpg,75_1477849896.jpg,9,10|5,,True
1-coins/75_1477849902.json,75_1477849902.json,75_1477849902,True,75_1477849902.jpg,75_1477849902.jpg,9,10|5,,True
1-coins/75_1477849908.json,75_1477849908.json,75_1477849908,True,75_1477849908.jpg,75_1477849908.jpg,9,10|5,,True
1-coins/75_1477849914.json,75_1477849914.json,75_1477849914,True,75_1477849914.jpg,75_1477849914.jpg,10,10|5,,True
1-coins/75_1477849920.json,75_1477849920.json,75_1477849920,True,75_1477849920.jpg,75_1477849920.jpg,10,10|5,,True
1-coins/75_1477849926.json,75_1477849926.json,75_1477849926,True,75_1477849926.jpg,75_1477849926.jpg,10,10|5,,True
1-coins/75_1477849932.json,75_1477849932.json,75_1477849932,True,75_1477849932.jpg,75_1477849932.jpg,10,10|5,,True
1-coins/75_1477849938.json,75_1477849938.json,75_1477849938,True,75_1477849938.jpg,75_1477849938.jpg,10,10|5,,True
1-coins/75_1477849944.json,75_1477849944.json,75_1477849944,True,75_1477849944.jpg,75_1477849944.jpg,10,10|5,,True
1-coins/75_1477849950.json,75_1477849950.json,75_1477849950,True,75_1477849950.jpg,75_1477849950.jpg,10,10|5,,True
1-coins/75_1477849956.json,75_1477849956.json,75_1477849956,True,75_1477849956.jpg,75_1477849956.jpg,10,10|5,,True
1-coins/75_1477849962.json,75_1477849962.json,75_1477849962,True,75_1477849962.jpg,75_1477849962.jpg,10,10|5,,True
1-coins/75_1477849968.json,75_1477849968.json,75_1477849968,True,75_1477849968.jpg,75_1477849968.jpg,10,10|5,,True
1-coins/75_1477849974.json,75_1477849974.json,75_1477849974,True,75_1477849974.jpg,75_1477849974.jpg,10,10|5,,True
1-coins/75_1477849980.json,75_1477849980.json,75_1477849980,True,75_1477849980.jpg,75_1477849980.jpg,10,10|5,,True
1-coins/75_1477849986.json,75_1477849986.json,75_1477849986,True,75_1477849986.jpg,75_1477849986.jpg,10,10|5,,True
1-coins/75_1477849992.json,75_1477849992.json,75_1477849992,True,75_1477849992.jpg,75_1477849992.jpg,10,10|5,,True
1-coins/75_1477849998.json,75_1477849998.json,75_1477849998,True,75_1477849998.jpg,75_1477849998.jpg,10,10|5,,True
1-coins/75_1477850004.json,75_1477850004.json,75_1477850004,True,75_1477850004.jpg,75_1477850004.jpg,10,10|5,,True
1-coins/75_1477850010.json,75_1477850010.json,75_1477850010,True,75_1477850010.jpg,75_1477850010.jpg,10,10|5,,True
1-coins/75_1477850016.json,75_1477850016.json,75_1477850016,True,75_1477850016.jpg,75_1477850016.jpg,10,10|5,,True
1-coins/75_1477850022.json,75_1477850022.json,75_1477850022,True,75_1477850022.jpg,75_1477850022.jpg,10,10|5,,True
1-coins/75_1477850028.json,75_1477850028.json,75_1477850028,True,75_1477850028.jpg,75_1477850028.jpg,10,10|5,,True
1-coins/75_1477850034.json,75_1477850034.json,75_1477850034,True,75_1477850034.jpg,75_1477850034.jpg,10,10|5,,True
1-coins/75_1477850040.json,75_1477850040.json,75_1477850040,True,75_1477850040.jpg,75_1477850040.jpg,10,10|5,,True
1-coins/75_1477850046.json,75_1477850046.json,75_1477850046,True,75_1477850046.jpg,75_1477850046.jpg,10,10|5,,True
1-coins/75_1477850052.json,75_1477850052.json,75_1477850052,True,75_1477850052.jpg,75_1477850052.jpg,10,10|5,,True
1-coins/75_1477850058.json,75_1477850058.json,75_1477850058,True,75_1477850058.jpg,75_1477850058.jpg,10,10|5,,True
1-coins/75_1477850064.json,75_1477850064.json,75_1477850064,True,75_1477850064.jpg,75_1477850064.jpg,10,10|5,,True
1-coins/75_1477850070.json,75_1477850070.json,75_1477850070,True,75_1477850070.jpg,75_1477850070.jpg,10,10|5,,True
1-coins/75_1477850376.json,75_1477850376.json,75_1477850376,True,75_1477850376.jpg,75_1477850376.jpg,11,10|5,,True
1-coins/75_1477850382.json,75_1477850382.json,75_1477850382,True,75_1477850382.jpg,75_1477850382.jpg,11,10|5,,True
1-coins/75_1477850388.json,75_1477850388.json,75_1477850388,True,75_1477850388.jpg,75_1477850388.jpg,11,10|5,,True
1-coins/75_1477850394.json,75_1477850394.json,75_1477850394,True,75_1477850394.jpg,75_1477850394.jpg,11,10|5,,True
1-coins/75_1477850400.json,75_1477850400.json,75_1477850400,True,75_1477850400.jpg,75_1477850400.jpg,11,10|5,,True
1-coins/75_1477850406.json,75_1477850406.json,75_1477850406,True,75_1477850406.jpg,75_1477850406.jpg,11,10|5,,True
1-coins/75_1477850412.json,75_1477850412.json,75_1477850412,True,75_1477850412.jpg,75_1477850412.jpg,11,10|5,,True
1-coins/75_1477850418.json,75_1477850418.json,75_1477850418,True,75_1477850418.jpg,75_1477850418.jpg,11,10|5,,True
1-coins/75_1477850424.json,75_1477850424.json,75_1477850424,True,75_1477850424.jpg,75_1477850424.jpg,11,10|5,,True
1-coins/75_1477850430.json,75_1477850430.json,75_1477850430,True,75_1477850430.jpg,75_1477850430.jpg,11,10|5,,True
1-coins/75_1477850436.json,75_1477850436.json,75_1477850436,True,75_1477850436.jpg,75_1477850436.jpg,11,10|5,,True
1-coins/75_1477850442.json,75_1477850442.json,75_1477850442,True,75_1477850442.jpg,75_1477850442.jpg,11,10|5,,True
1-coins/75_1477850448.json,75_1477850448.json,75_1477850448,True,75_1477850448.jpg,75_1477850448.jpg,11,10|5,,True
1-coins/75_1477850454.json,75_1477850454.json,75_1477850454,True,75_1477850454.jpg,75_1477850454.jpg,11,10|5,,True
1-coins/75_1477850460.json,75_1477850460.json,75_1477850460,True,75_1477850460.jpg,75_1477850460.jpg,11,10|5,,True
1-coins/75_1477850466.json,75_1477850466.json,75_1477850466,True,75_1477850466.jpg,75_1477850466.jpg,11,10|5,,True
1-coins/75_1477850472.json,75_1477850472.json,75_1477850472,True,75_1477850472.jpg,75_1477850472.jpg,11,10|5,,True
1-coins/75_1477850478.json,75_1477850478.json,75_1477850478,True,75_1477850478.jpg,75_1477850478.jpg,11,10|5,,True
1-coins/75_1477850490.json,75_1477850490.json,75_1477850490,True,75_1477850490.jpg,75_1477850490.jpg,11,10|5,,True
1-coins/75_1477850496.json,75_1477850496.json,75_1477850496,True,75_1477850496.jpg,75_1477850496.jpg,11,10|5,,True
1-coins/75_1477850502.json,75_1477850502.json,75_1477850502,True,75_1477850502.jpg,75_1477850502.jpg,11,10|5,,True
1-coins/75_1477850508.json,75_1477850508.json,75_1477850508,True,75_1477850508.jpg,75_1477850508.jpg,11,10|5,,True
1-coins/75_1477850514.json,75_1477850514.json,75_1477850514,True,75_1477850514.jpg,75_1477850514.jpg,11,10|5,,True
1-coins/75_1477850520.json,75_1477850520.json,75_1477850520,True,75_1477850520.jpg,75_1477850520.jpg,11,10|5,,True
1-coins/75_1477850526.json,75_1477850526.json,75_1477850526,True,75_1477850526.jpg,75_1477850526.jpg,11,10|5,,True
1-coins/75_1477850532.json,75_1477850532.json,75_1477850532,True,75_1477850532.jpg,75_1477850532.jpg,11,10|5,,True
1-coins/75_1477850538.json,75_1477850538.json,75_1477850538,True,75_1477850538.jpg,75_1477850538.jpg,11,10|5,,True
1-coins/75_1477850544.json,75_1477850544.json,75_1477850544,True,75_1477850544.jpg,75_1477850544.jpg,11,10|5,,True
1-coins/75_1477850550.json,75_1477850550.json,75_1477850550,True,75_1477850550.jpg,75_1477850550.jpg,11,10|5,,True
1-coins/80_1477850610.json,80_1477850610.json,80_1477850610,True,80_1477850610.jpg,80_1477850610.jpg,11,10|5,,True
1-coins/80_1477850616.json,80_1477850616.json,80_1477850616,True,80_1477850616.jpg,80_1477850616.jpg,11,10|5,,True
1-coins/80_1477850622.json,80_1477850622.json,80_1477850622,True,80_1477850622.jpg,80_1477850622.jpg,11,10|5,,True
1-coins/80_1477850628.json,80_1477850628.json,80_1477850628,True,80_1477850628.jpg,80_1477850628.jpg,11,10|5,,True
1-coins/80_1477850634.json,80_1477850634.json,80_1477850634,True,80_1477850634.jpg,80_1477850634.jpg,11,10|5,,True
1-coins/80_1477850640.json,80_1477850640.json,80_1477850640,True,80_1477850640.jpg,80_1477850640.jpg,11,10|5,,True
1-coins/80_1477850646.json,80_1477850646.json,80_1477850646,True,80_1477850646.jpg,80_1477850646.jpg,11,10|5,,True
1-coins/80_1477850652.json,80_1477850652.json,80_1477850652,True,80_1477850652.jpg,80_1477850652.jpg,11,10|5,,True
1-coins/80_1477850658.json,80_1477850658.json,80_1477850658,True,80_1477850658.jpg,80_1477850658.jpg,11,10|5,,True
1-coins/80_1477850664.json,80_1477850664.json,80_1477850664,True,80_1477850664.jpg,80_1477850664.jpg,11,10|5,,True
1-coins/80_1477850670.json,80_1477850670.json,80_1477850670,True,80_1477850670.jpg,80_1477850670.jpg,11,10|5,,True
1-coins/80_1477850676.json,80_1477850676.json,80_1477850676,True,80_1477850676.jpg,80_1477850676.jpg,11,10|5,,True
1-coins/80_1477850682.json,80_1477850682.json,80_1477850682,True,80_1477850682.jpg,80_1477850682.jpg,11,10|5,,True
1-coins/80_1477850688.json,80_1477850688.json,80_1477850688,True,80_1477850688.jpg,80_1477850688.jpg,11,10|5,,True
1-coins/80_1477850694.json,80_1477850694.json,80_1477850694,True,80_1477850694.jpg,80_1477850694.jpg,11,10|5,,True
1-coins/80_1477850700.json,80_1477850700.json,80_1477850700,True,80_1477850700.jpg,80_1477850700.jpg,11,10|5,,True
1-coins/80_1477850706.json,80_1477850706.json,80_1477850706,True,80_1477850706.jpg,80_1477850706.jpg,11,10|5,,True
1-coins/80_1477850712.json,80_1477850712.json,80_1477850712,True,80_1477850712.jpg,80_1477850712.jpg,11,10|5,,True
1-coins/80_1477850718.json,80_1477850718.json,80_1477850718,True,80_1477850718.jpg,80_1477850718.jpg,11,10|5,,True
1-coins/80_1477850724.json,80_1477850724.json,80_1477850724,True,80_1477850724.jpg,80_1477850724.jpg,11,10|5,,True
1-coins/80_1477850730.json,80_1477850730.json,80_1477850730,True,80_1477850730.jpg,80_1477850730.jpg,11,10|5,,True
1-coins/80_1477850736.json,80_1477850736.json,80_1477850736,True,80_1477850736.jpg,80_1477850736.jpg,11,10|5,,True
1-coins/80_1477850742.json,80_1477850742.json,80_1477850742,True,80_1477850742.jpg,80_1477850742.jpg,11,10|5,,True
1-coins/80_1477850748.json,80_1477850748.json,80_1477850748,True,80_1477850748.jpg,80_1477850748.jpg,11,10|5,,True
1-coins/80_1477850754.json,80_1477850754.json,80_1477850754,True,80_1477850754.jpg,80_1477850754.jpg,11,10|5,,True
1-coins/80_1477850760.json,80_1477850760.json,80_1477850760,True,80_1477850760.jpg,80_1477850760.jpg,11,10|5,,True
1-coins/80_1477850766.json,80_1477850766.json,80_1477850766,True,80_1477850766.jpg,80_1477850766.jpg,11,10|5,,True
1-coins/80_1477850772.json,80_1477850772.json,80_1477850772,True,80_1477850772.jpg,80_1477850772.jpg,11,10|5,,True
1-coins/80_1477850778.json,80_1477850778.json,80_1477850778,True,80_1477850778.jpg,80_1477850778.jpg,11,10|5,,True
1-coins/80_1477850784.json,80_1477850784.json,80_1477850784,True,80_1477850784.jpg,80_1477850784.jpg,11,10|5,,True
1-coins/80_1477850808.json,80_1477850808.json,80_1477850808,True,80_1477850808.jpg,80_1477850808.jpg,9,10|25|5,,True
1-coins/80_1477850814.json,80_1477850814.json,80_1477850814,True,80_1477850814.jpg,80_1477850814.jpg,9,10|25|5,,True
1-coins/80_1477850820.json,80_1477850820.json,80_1477850820,True,80_1477850820.jpg,80_1477850820.jpg,9,10|25|5,,True
1-coins/80_1477850826.json,80_1477850826.json,80_1477850826,True,80_1477850826.jpg,80_1477850826.jpg,9,10|25|5,,True
1-coins/80_1477850832.json,80_1477850832.json,80_1477850832,True,80_1477850832.jpg,80_1477850832.jpg,9,10|25|5,,True
1-coins/80_1477850838.json,80_1477850838.json,80_1477850838,True,80_1477850838.jpg,80_1477850838.jpg,9,10|25|5,,True
1-coins/80_1477850844.json,80_1477850844.json,80_1477850844,True,80_1477850844.jpg,80_1477850844.jpg,9,10|25|5,,True
1-coins/80_1477850850.json,80_1477850850.json,80_1477850850,True,80_1477850850.jpg,80_1477850850.jpg,9,10|25|5,,True
1-coins/80_1477850856.json,80_1477850856.json,80_1477850856,True,80_1477850856.jpg,80_1477850856.jpg,9,10|25|5,,True
1-coins/80_1477850862.json,80_1477850862.json,80_1477850862,True,80_1477850862.jpg,80_1477850862.jpg,9,10|25|5,,True
1-coins/80_1477850868.json,80_1477850868.json,80_1477850868,True,80_1477850868.jpg,80_1477850868.jpg,9,10|25|5,,True
1-coins/80_1477850874.json,80_1477850874.json,80_1477850874,True,80_1477850874.jpg,80_1477850874.jpg,9,10|25|5,,True
1-coins/80_1477850880.json,80_1477850880.json,80_1477850880,True,80_1477850880.jpg,80_1477850880.jpg,9,10|25|5,,True
1-coins/80_1477850886.json,80_1477850886.json,80_1477850886,True,80_1477850886.jpg,80_1477850886.jpg,9,10|25|5,,True
1-coins/80_1477850892.json,80_1477850892.json,80_1477850892,True,80_1477850892.jpg,80_1477850892.jpg,9,10|25|5,,True
1-coins/80_1477850898.json,80_1477850898.json,80_1477850898,True,80_1477850898.jpg,80_1477850898.jpg,9,10|25|5,,True
1-coins/80_1477850904.json,80_1477850904.json,80_1477850904,True,80_1477850904.jpg,80_1477850904.jpg,9,10|25|5,,True
1-coins/80_1477850910.json,80_1477850910.json,80_1477850910,True,80_1477850910.jpg,80_1477850910.jpg,9,10|25|5,,True
1-coins/80_1477850916.json,80_1477850916.json,80_1477850916,True,80_1477850916.jpg,80_1477850916.jpg,9,10|25|5,,True
1-coins/80_1477850922.json,80_1477850922.json,80_1477850922,True,80_1477850922.jpg,80_1477850922.jpg,9,10|25|5,,True
1-coins/80_1477850928.json,80_1477850928.json,80_1477850928,True,80_1477850928.jpg,80_1477850928.jpg,9,10|25|5,,True
1-coins/80_1477850934.json,80_1477850934.json,80_1477850934,True,80_1477850934.jpg,80_1477850934.jpg,9,10|25|5,,True
1-coins/80_1477850940.json,80_1477850940.json,80_1477850940,True,80_1477850940.jpg,80_1477850940.jpg,9,10|25|5,,True
1-coins/80_1477850946.json,80_1477850946.json,80_1477850946,True,80_1477850946.jpg,80_1477850946.jpg,9,10|25|5,,True
1-coins/80_1477850952.json,80_1477850952.json,80_1477850952,True,80_1477850952.jpg,80_1477850952.jpg,9,10|25|5,,True
1-coins/80_1477850958.json,80_1477850958.json,80_1477850958,True,80_1477850958.jpg,80_1477850958.jpg,9,10|25|5,,True
1-coins/80_1477850964.json,80_1477850964.json,80_1477850964,True,80_1477850964.jpg,80_1477850964.jpg,9,10|25|5,,True
1-coins/80_1477850970.json,80_1477850970.json,80_1477850970,True,80_1477850970.jpg,80_1477850970.jpg,9,10|25|5,,True
1-coins/80_1477850976.json,80_1477850976.json,80_1477850976,True,80_1477850976.jpg,80_1477850976.jpg,9,10|25|5,,True
1-coins/80_1477850982.json,80_1477850982.json,80_1477850982,True,80_1477850982.jpg,80_1477850982.jpg,9,10|25|5,,True
1-coins/80_1477850988.json,80_1477850988.json,80_1477850988,True,80_1477850988.jpg,80_1477850988.jpg,9,10|25|5,,True
1-coins/80_1477851072.json,80_1477851072.json,80_1477851072,True,80_1477851072.jpg,80_1477851072.jpg,7,10|25|5,,True
1-coins/80_1477851078.json,80_1477851078.json,80_1477851078,True,80_1477851078.jpg,80_1477851078.jpg,7,10|25|5,,True
1-coins/80_1477851084.json,80_1477851084.json,80_1477851084,True,80_1477851084.jpg,80_1477851084.jpg,7,10|25|5,,True
1-coins/80_1477851090.json,80_1477851090.json,80_1477851090,True,80_1477851090.jpg,80_1477851090.jpg,7,10|25|5,,True
1-coins/80_1477851096.json,80_1477851096.json,80_1477851096,True,80_1477851096.jpg,80_1477851096.jpg,7,10|25|5,,True
1-coins/80_1477851102.json,80_1477851102.json,80_1477851102,True,80_1477851102.jpg,80_1477851102.jpg,7,10|25|5,,True
1-coins/80_1477851108.json,80_1477851108.json,80_1477851108,True,80_1477851108.jpg,80_1477851108.jpg,7,10|25|5,,True
1-coins/80_1477851114.json,80_1477851114.json,80_1477851114,True,80_1477851114.jpg,80_1477851114.jpg,7,10|25|5,,True
1-coins/80_1477851120.json,80_1477851120.json,80_1477851120,True,80_1477851120.jpg,80_1477851120.jpg,7,10|25|5,,True
1-coins/80_1477851126.json,80_1477851126.json,80_1477851126,True,80_1477851126.jpg,80_1477851126.jpg,7,10|25|5,,True
1-coins/80_1477851132.json,80_1477851132.json,80_1477851132,True,80_1477851132.jpg,80_1477851132.jpg,7,10|25|5,,True
1-coins/80_1477851138.json,80_1477851138.json,80_1477851138,True,80_1477851138.jpg,80_1477851138.jpg,7,10|25|5,,True
1-coins/80_1477851144.json,80_1477851144.json,80_1477851144,True,80_1477851144.jpg,80_1477851144.jpg,7,10|25|5,,True
1-coins/80_1477851150.json,80_1477851150.json,80_1477851150,True,80_1477851150.jpg,80_1477851150.jpg,7,10|25|5,,True
1-coins/80_1477851156.json,80_1477851156.json,80_1477851156,True,80_1477851156.jpg,80_1477851156.jpg,7,10|25|5,,True
1-coins/80_1477851162.json,80_1477851162.json,80_1477851162,True,80_1477851162.jpg,80_1477851162.jpg,7,10|25|5,,True
1-coins/80_1477851168.json,80_1477851168.json,80_1477851168,True,80_1477851168.jpg,80_1477851168.jpg,7,10|25|5,,True
1-coins/80_1477851174.json,80_1477851174.json,80_1477851174,True,80_1477851174.jpg,80_1477851174.jpg,7,10|25|5,,True
1-coins/80_1477851180.json,80_1477851180.json,80_1477851180,True,80_1477851180.jpg,80_1477851180.jpg,7,10|25|5,,True
1-coins/80_1477851186.json,80_1477851186.json,80_1477851186,True,80_1477851186.jpg,80_1477851186.jpg,7,10|25|5,,True
1-coins/80_1477851192.json,80_1477851192.json,80_1477851192,True,80_1477851192.jpg,80_1477851192.jpg,7,10|25|5,,True
1-coins/80_1477851198.json,80_1477851198.json,80_1477851198,True,80_1477851198.jpg,80_1477851198.jpg,7,10|25|5,,True
1-coins/80_1477851204.json,80_1477851204.json,80_1477851204,True,80_1477851204.jpg,80_1477851204.jpg,7,10|25|5,,True
1-coins/80_1477851210.json,80_1477851210.json,80_1477851210,True,80_1477851210.jpg,80_1477851210.jpg,7,10|25|5,,True
1-coins/80_1477851216.json,80_1477851216.json,80_1477851216,True,80_1477851216.jpg,80_1477851216.jpg,7,10|25|5,,True
1-coins/80_1477851222.json,80_1477851222.json,80_1477851222,True,80_1477851222.jpg,80_1477851222.jpg,7,10|25|5,,True
1-coins/80_1477851228.json,80_1477851228.json,80_1477851228,True,80_1477851228.jpg,80_1477851228.jpg,7,10|25|5,,True
1-coins/80_1477851234.json,80_1477851234.json,80_1477851234,True,80_1477851234.jpg,80_1477851234.jpg,7,10|25|5,,True
1-coins/80_1477851240.json,80_1477851240.json,80_1477851240,True,80_1477851240.jpg,80_1477851240.jpg,7,10|25|5,,True
1-coins/80_1477851246.json,80_1477851246.json,80_1477851246,True,80_1477851246.jpg,80_1477851246.jpg,7,10|25|5,,True
1-coins/80_1477851624.json,80_1477851624.json,80_1477851624,True,80_1477851624.jpg,80_1477851624.jpg,6,10|25|5,,True
1-coins/80_1477851630.json,80_1477851630.json,80_1477851630,True,80_1477851630.jpg,80_1477851630.jpg,6,10|25|5,,True
1-coins/80_1477851636.json,80_1477851636.json,80_1477851636,True,80_1477851636.jpg,80_1477851636.jpg,6,10|25|5,,True
1-coins/80_1477851642.json,80_1477851642.json,80_1477851642,True,80_1477851642.jpg,80_1477851642.jpg,6,10|25|5,,True
1-coins/80_1477851648.json,80_1477851648.json,80_1477851648,True,80_1477851648.jpg,80_1477851648.jpg,5,10|25,,True
1-coins/80_1477851654.json,80_1477851654.json,80_1477851654,True,80_1477851654.jpg,80_1477851654.jpg,5,10|25,,True
1-coins/80_1477851660.json,80_1477851660.json,80_1477851660,True,80_1477851660.jpg,80_1477851660.jpg,5,10|25,,True
1-coins/80_1477851666.json,80_1477851666.json,80_1477851666,True,80_1477851666.jpg,80_1477851666.jpg,5,10|25,,True
1-coins/80_1477851672.json,80_1477851672.json,80_1477851672,True,80_1477851672.jpg,80_1477851672.jpg,5,10|25,,True
1-coins/80_1477851678.json,80_1477851678.json,80_1477851678,True,80_1477851678.jpg,80_1477851678.jpg,5,10|25,,True
1-coins/80_1477851684.json,80_1477851684.json,80_1477851684,True,80_1477851684.jpg,80_1477851684.jpg,5,10|25,,True
1-coins/80_1477851690.json,80_1477851690.json,80_1477851690,True,80_1477851690.jpg,80_1477851690.jpg,5,10|25,,True
1-coins/80_1477851696.json,80_1477851696.json,80_1477851696,True,80_1477851696.jpg,80_1477851696.jpg,5,10|25,,True
1-coins/80_1477851702.json,80_1477851702.json,80_1477851702,True,80_1477851702.jpg,80_1477851702.jpg,5,10|25,,True
1-coins/80_1477851708.json,80_1477851708.json,80_1477851708,True,80_1477851708.jpg,80_1477851708.jpg,5,10|25,,True
1-coins/80_1477851714.json,80_1477851714.json,80_1477851714,True,80_1477851714.jpg,80_1477851714.jpg,5,10|25,,True
1-coins/80_1477851720.json,80_1477851720.json,80_1477851720,True,80_1477851720.jpg,80_1477851720.jpg,5,10|25,,True
1-coins/80_1477851726.json,80_1477851726.json,80_1477851726,True,80_1477851726.jpg,80_1477851726.jpg,5,10|25,,True
1-coins/80_1477851732.json,80_1477851732.json,80_1477851732,True,80_1477851732.jpg,80_1477851732.jpg,5,10|25,,True
1-coins/80_1477851738.json,80_1477851738.json,80_1477851738,True,80_1477851738.jpg,80_1477851738.jpg,5,10|25,,True
1-coins/80_1477851744.json,80_1477851744.json,80_1477851744,True,80_1477851744.jpg,80_1477851744.jpg,5,10|25,,True
1-coins/80_1477851750.json,80_1477851750.json,80_1477851750,True,80_1477851750.jpg,80_1477851750.jpg,5,10|25,,True
1-coins/80_1477851756.json,80_1477851756.json,80_1477851756,True,80_1477851756.jpg,80_1477851756.jpg,5,10|25,,True
1-coins/80_1477851762.json,80_1477851762.json,80_1477851762,True,80_1477851762.jpg,80_1477851762.jpg,5,10|25,,True
1-coins/80_1477851768.json,80_1477851768.json,80_1477851768,True,80_1477851768.jpg,80_1477851768.jpg,5,10|25,,True
1-coins/80_1477851774.json,80_1477851774.json,80_1477851774,True,80_1477851774.jpg,80_1477851774.jpg,4,25|5,,True
1-coins/80_1477851780.json,80_1477851780.json,80_1477851780,True,80_1477851780.jpg,80_1477851780.jpg,4,25|5,,True
1-coins/80_1477851786.json,80_1477851786.json,80_1477851786,True,80_1477851786.jpg,80_1477851786.jpg,4,25|5,,True
1-coins/80_1477851792.json,80_1477851792.json,80_1477851792,True,80_1477851792.jpg,80_1477851792.jpg,4,25|5,,True
1-coins/80_1477851798.json,80_1477851798.json,80_1477851798,True,80_1477851798.jpg,80_1477851798.jpg,4,25|5,,True
1-coins/80_1477851822.json,80_1477851822.json,80_1477851822,True,80_1477851822.jpg,80_1477851822.jpg,3,25|5|50,,True
1-coins/80_1477851828.json,80_1477851828.json,80_1477851828,True,80_1477851828.jpg,80_1477851828.jpg,3,25|5|50,,True
1-coins/80_1477851834.json,80_1477851834.json,80_1477851834,True,80_1477851834.jpg,80_1477851834.jpg,3,25|5|50,,True
1-coins/80_1477851840.json,80_1477851840.json,80_1477851840,True,80_1477851840.jpg,80_1477851840.jpg,3,25|5|50,,True
1-coins/80_1477851846.json,80_1477851846.json,80_1477851846,True,80_1477851846.jpg,80_1477851846.jpg,3,25|5|50,,True
1-coins/80_1477851852.json,80_1477851852.json,80_1477851852,True,80_1477851852.jpg,80_1477851852.jpg,3,25|5|50,,True
1-coins/80_1477851858.json,80_1477851858.json,80_1477851858,True,80_1477851858.jpg,80_1477851858.jpg,3,25|5|50,,True
1-coins/80_1477851864.json,80_1477851864.json,80_1477851864,True,80_1477851864.jpg,80_1477851864.jpg,3,25|5|50,,True
1-coins/80_1477851870.json,80_1477851870.json,80_1477851870,True,80_1477851870.jpg,80_1477851870.jpg,3,25|5|50,,True
1-coins/80_1477851876.json,80_1477851876.json,80_1477851876,True,80_1477851876.jpg,80_1477851876.jpg,3,25|5|50,,True
1-coins/80_1477851882.json,80_1477851882.json,80_1477851882,True,80_1477851882.jpg,80_1477851882.jpg,3,25|5|50,,True
1-coins/80_1477851888.json,80_1477851888.json,80_1477851888,True,80_1477851888.jpg,80_1477851888.jpg,3,25|5|50,,True
1-coins/80_1477851894.json,80_1477851894.json,80_1477851894,True,80_1477851894.jpg,80_1477851894.jpg,3,25|5|50,,True
1-coins/80_1477851900.json,80_1477851900.json,80_1477851900,True,80_1477851900.jpg,80_1477851900.jpg,3,25|5|50,,True
1-coins/80_1477851906.json,80_1477851906.json,80_1477851906,True,80_1477851906.jpg,80_1477851906.jpg,3,25|5|50,,True
1-coins/80_1477851912.json,80_1477851912.json,80_1477851912,True,80_1477851912.jpg,80_1477851912.jpg,3,25|5|50,,True
1-coins/80_1477851918.json,80_1477851918.json,80_1477851918,True,80_1477851918.jpg,80_1477851918.jpg,3,25|5|50,,True
1-coins/80_1477851924.json,80_1477851924.json,80_1477851924,True,80_1477851924.jpg,80_1477851924.jpg,3,25|5|50,,True
1-coins/80_1477851930.json,80_1477851930.json,80_1477851930,True,80_1477851930.jpg,80_1477851930.jpg,3,25|5|50,,True
1-coins/80_1477851936.json,80_1477851936.json,80_1477851936,True,80_1477851936.jpg,80_1477851936.jpg,3,25|5|50,,True
1-coins/80_1477851942.json,80_1477851942.json,80_1477851942,True,80_1477851942.jpg,80_1477851942.jpg,3,25|5|50,,True
1-coins/80_1477851948.json,80_1477851948.json,80_1477851948,True,80_1477851948.jpg,80_1477851948.jpg,3,25|5|50,,True
1-coins/80_1477851954.json,80_1477851954.json,80_1477851954,True,80_1477851954.jpg,80_1477851954.jpg,3,25|5|50,,True
1-coins/80_1477851960.json,80_1477851960.json,80_1477851960,True,80_1477851960.jpg,80_1477851960.jpg,3,25|5|50,,True
1-coins/80_1477851966.json,80_1477851966.json,80_1477851966,True,80_1477851966.jpg,80_1477851966.jpg,3,25|5|50,,True
1-coins/80_1477851972.json,80_1477851972.json,80_1477851972,True,80_1477851972.jpg,80_1477851972.jpg,7,5|50,,True
1-coins/80_1477851978.json,80_1477851978.json,80_1477851978,True,80_1477851978.jpg,80_1477851978.jpg,7,5|50,,True
1-coins/80_1477851984.json,80_1477851984.json,80_1477851984,True,80_1477851984.jpg,80_1477851984.jpg,7,5|50,,True
1-coins/80_1477851990.json,80_1477851990.json,80_1477851990,True,80_1477851990.jpg,80_1477851990.jpg,7,5|50,,True
1-coins/80_1477851996.json,80_1477851996.json,80_1477851996,True,80_1477851996.jpg,80_1477851996.jpg,7,5|50,,True
1-coins/85_1477852020.json,85_1477852020.json,85_1477852020,True,85_1477852020.jpg,85_1477852020.jpg,8,5|50,,True
1-coins/85_1477852026.json,85_1477852026.json,85_1477852026,True,85_1477852026.jpg,85_1477852026.jpg,8,5|50,,True
1-coins/85_1477852032.json,85_1477852032.json,85_1477852032,True,85_1477852032.jpg,85_1477852032.jpg,8,5|50,,True
1-coins/85_1477852038.json,85_1477852038.json,85_1477852038,True,85_1477852038.jpg,85_1477852038.jpg,8,5|50,,True
1-coins/85_1477852044.json,85_1477852044.json,85_1477852044,True,85_1477852044.jpg,85_1477852044.jpg,8,5|50,,True
1-coins/85_1477852050.json,85_1477852050.json,85_1477852050,True,85_1477852050.jpg,85_1477852050.jpg,8,5|50,,True
1-coins/85_1477852056.json,85_1477852056.json,85_1477852056,True,85_1477852056.jpg,85_1477852056.jpg,8,5|50,,True
1-coins/85_1477852062.json,85_1477852062.json,85_1477852062,True,85_1477852062.jpg,85_1477852062.jpg,8,5|50,,True
1-coins/85_1477852068.json,85_1477852068.json,85_1477852068,True,85_1477852068.jpg,85_1477852068.jpg,8,5|50,,True
1-coins/85_1477852074.json,85_1477852074.json,85_1477852074,True,85_1477852074.jpg,85_1477852074.jpg,8,5|50,,True
1-coins/85_1477852080.json,85_1477852080.json,85_1477852080,True,85_1477852080.jpg,85_1477852080.jpg,8,5|50,,True
1-coins/85_1477852086.json,85_1477852086.json,85_1477852086,True,85_1477852086.jpg,85_1477852086.jpg,8,5|50,,True
1-coins/85_1477852092.json,85_1477852092.json,85_1477852092,True,85_1477852092.jpg,85_1477852092.jpg,8,5|50,,True
1-coins/85_1477852098.json,85_1477852098.json,85_1477852098,True,85_1477852098.jpg,85_1477852098.jpg,8,5|50,,True
1-coins/85_1477852104.json,85_1477852104.json,85_1477852104,True,85_1477852104.jpg,85_1477852104.jpg,8,5|50,,True
1-coins/85_1477852110.json,85_1477852110.json,85_1477852110,True,85_1477852110.jpg,85_1477852110.jpg,8,5|50,,True
1-coins/85_1477852116.json,85_1477852116.json,85_1477852116,True,85_1477852116.jpg,85_1477852116.jpg,8,5|50,,True
1-coins/85_1477852122.json,85_1477852122.json,85_1477852122,True,85_1477852122.jpg,85_1477852122.jpg,8,5|50,,True
1-coins/85_1477852128.json,85_1477852128.json,85_1477852128,True,85_1477852128.jpg,85_1477852128.jpg,8,5|50,,True
1-coins/85_1477852134.json,85_1477852134.json,85_1477852134,True,85_1477852134.jpg,85_1477852134.jpg,8,5|50,,True
1-coins/85_1477852140.json,85_1477852140.json,85_1477852140,True,85_1477852140.jpg,85_1477852140.jpg,8,5|50,,True
1-coins/85_1477852146.json,85_1477852146.json,85_1477852146,True,85_1477852146.jpg,85_1477852146.jpg,8,5|50,,True
1-coins/85_1477852152.json,85_1477852152.json,85_1477852152,True,85_1477852152.jpg,85_1477852152.jpg,8,5|50,,True
1-coins/85_1477852158.json,85_1477852158.json,85_1477852158,True,85_1477852158.jpg,85_1477852158.jpg,8,5|50,,True
1-coins/85_1477852164.json,85_1477852164.json,85_1477852164,True,85_1477852164.jpg,85_1477852164.jpg,7,10|5|50,,True
1-coins/85_1477852170.json,85_1477852170.json,85_1477852170,True,85_1477852170.jpg,85_1477852170.jpg,7,10|5|50,,True
1-coins/85_1477852176.json,85_1477852176.json,85_1477852176,True,85_1477852176.jpg,85_1477852176.jpg,7,10|5|50,,True
1-coins/85_1477852182.json,85_1477852182.json,85_1477852182,True,85_1477852182.jpg,85_1477852182.jpg,6,10|5|50,,True
1-coins/85_1477852188.json,85_1477852188.json,85_1477852188,True,85_1477852188.jpg,85_1477852188.jpg,6,10|5|50,,True
1-coins/85_1477852194.json,85_1477852194.json,85_1477852194,True,85_1477852194.jpg,85_1477852194.jpg,6,10|5|50,,True
1-coins/85_1477852854.json,85_1477852854.json,85_1477852854,True,85_1477852854.jpg,85_1477852854.jpg,6,10|5|50,,True
1-coins/85_1477852860.json,85_1477852860.json,85_1477852860,True,85_1477852860.jpg,85_1477852860.jpg,6,10|5|50,,True
1-coins/85_1477852866.json,85_1477852866.json,85_1477852866,True,85_1477852866.jpg,85_1477852866.jpg,6,10|5|50,,True
1-coins/85_1477852872.json,85_1477852872.json,85_1477852872,True,85_1477852872.jpg,85_1477852872.jpg,7,10|25|5,,True
1-coins/85_1477852878.json,85_1477852878.json,85_1477852878,True,85_1477852878.jpg,85_1477852878.jpg,7,10|25|5,,True
1-coins/85_1477852884.json,85_1477852884.json,85_1477852884,True,85_1477852884.jpg,85_1477852884.jpg,7,10|25|5,,True
1-coins/85_1477852890.json,85_1477852890.json,85_1477852890,True,85_1477852890.jpg,85_1477852890.jpg,7,10|25|5,,True
1-coins/85_1477852896.json,85_1477852896.json,85_1477852896,True,85_1477852896.jpg,85_1477852896.jpg,7,10|25|5,,True
1-coins/85_1477852902.json,85_1477852902.json,85_1477852902,True,85_1477852902.jpg,85_1477852902.jpg,7,10|25|5,,True
1-coins/85_1477852908.json,85_1477852908.json,85_1477852908,True,85_1477852908.jpg,85_1477852908.jpg,8,10|25|5,,True
1-coins/85_1477852914.json,85_1477852914.json,85_1477852914,True,85_1477852914.jpg,85_1477852914.jpg,8,10|25|5,,True
1-coins/85_1477852920.json,85_1477852920.json,85_1477852920,True,85_1477852920.jpg,85_1477852920.jpg,8,10|25|5,,True
1-coins/85_1477852926.json,85_1477852926.json,85_1477852926,True,85_1477852926.jpg,85_1477852926.jpg,8,10|25|5,,True
1-coins/85_1477852932.json,85_1477852932.json,85_1477852932,True,85_1477852932.jpg,85_1477852932.jpg,8,10|25|5,,True
1-coins/85_1477852938.json,85_1477852938.json,85_1477852938,True,85_1477852938.jpg,85_1477852938.jpg,8,10|25|5,,True
1-coins/85_1477852944.json,85_1477852944.json,85_1477852944,True,85_1477852944.jpg,85_1477852944.jpg,8,10|25|5,,True
1-coins/85_1477852950.json,85_1477852950.json,85_1477852950,True,85_1477852950.jpg,85_1477852950.jpg,8,10|25|5,,True
1-coins/85_1477852956.json,85_1477852956.json,85_1477852956,True,85_1477852956.jpg,85_1477852956.jpg,8,10|25|5,,True
1-coins/85_1477852962.json,85_1477852962.json,85_1477852962,True,85_1477852962.jpg,85_1477852962.jpg,8,10|25|5,,True
1-coins/85_1477852968.json,85_1477852968.json,85_1477852968,True,85_1477852968.jpg,85_1477852968.jpg,8,10|25|5,,True
1-coins/85_1477852974.json,85_1477852974.json,85_1477852974,True,85_1477852974.jpg,85_1477852974.jpg,8,10|25|5,,True
1-coins/85_1477852980.json,85_1477852980.json,85_1477852980,True,85_1477852980.jpg,85_1477852980.jpg,8,10|25|5,,True
1-coins/85_1477852986.json,85_1477852986.json,85_1477852986,True,85_1477852986.jpg,85_1477852986.jpg,8,10|25|5,,True
1-coins/85_1477852992.json,85_1477852992.json,85_1477852992,True,85_1477852992.jpg,85_1477852992.jpg,8,10|25|5,,True
1-coins/85_1477852998.json,85_1477852998.json,85_1477852998,True,85_1477852998.jpg,85_1477852998.jpg,8,10|25|5,,True
1-coins/85_1477853004.json,85_1477853004.json,85_1477853004,True,85_1477853004.jpg,85_1477853004.jpg,8,10|25|5,,True
1-coins/85_1477853010.json,85_1477853010.json,85_1477853010,True,85_1477853010.jpg,85_1477853010.jpg,8,10|25|5,,True
1-coins/85_1477853016.json,85_1477853016.json,85_1477853016,True,85_1477853016.jpg,85_1477853016.jpg,8,10|25|5,,True
1-coins/85_1477853022.json,85_1477853022.json,85_1477853022,True,85_1477853022.jpg,85_1477853022.jpg,8,10|25|5,,True
1-coins/85_1477853028.json,85_1477853028.json,85_1477853028,True,85_1477853028.jpg,85_1477853028.jpg,8,10|25|5,,True
1-coins/85_1477853892.json,85_1477853892.json,85_1477853892,True,85_1477853892.jpg,85_1477853892.jpg,8,10|25|5,,True
1-coins/85_1477853898.json,85_1477853898.json,85_1477853898,True,85_1477853898.jpg,85_1477853898.jpg,8,10|25|5,,True
1-coins/85_1477853904.json,85_1477853904.json,85_1477853904,True,85_1477853904.jpg,85_1477853904.jpg,8,10|25|5,,True
1-coins/85_1477853910.json,85_1477853910.json,85_1477853910,True,85_1477853910.jpg,85_1477853910.jpg,7,10|25|5,,True
1-coins/85_1477853916.json,85_1477853916.json,85_1477853916,True,85_1477853916.jpg,85_1477853916.jpg,7,10|25|5,,True
1-coins/85_1477853922.json,85_1477853922.json,85_1477853922,True,85_1477853922.jpg,85_1477853922.jpg,7,10|25|5,,True
1-coins/85_1477853928.json,85_1477853928.json,85_1477853928,True,85_1477853928.jpg,85_1477853928.jpg,7,10|25|5,,True
1-coins/85_1477853934.json,85_1477853934.json,85_1477853934,True,85_1477853934.jpg,85_1477853934.jpg,7,10|25|5,,True
1-coins/85_1477853940.json,85_1477853940.json,85_1477853940,True,85_1477853940.jpg,85_1477853940.jpg,7,10|25|5,,True
1-coins/85_1477853946.json,85_1477853946.json,85_1477853946,True,85_1477853946.jpg,85_1477853946.jpg,7,10|25|5,,True
1-coins/85_1477853952.json,85_1477853952.json,85_1477853952,True,85_1477853952.jpg,85_1477853952.jpg,7,10|25|5,,True
1-coins/85_1477853958.json,85_1477853958.json,85_1477853958,True,85_1477853958.jpg,85_1477853958.jpg,7,10|25|5,,True
1-coins/85_1477853964.json,85_1477853964.json,85_1477853964,True,85_1477853964.jpg,85_1477853964.jpg,7,10|25|5,,True
1-coins/85_1477853970.json,85_1477853970.json,85_1477853970,True,85_1477853970.jpg,85_1477853970.jpg,6,10|25|5,,True
1-coins/85_1477853976.json,85_1477853976.json,85_1477853976,True,85_1477853976.jpg,85_1477853976.jpg,6,10|25|5,,True
1-coins/85_1477853982.json,85_1477853982.json,85_1477853982,True,85_1477853982.jpg,85_1477853982.jpg,6,10|25|5,,True
1-coins/85_1477853988.json,85_1477853988.json,85_1477853988,True,85_1477853988.jpg,85_1477853988.jpg,6,10|25|5,,True
1-coins/85_1477853994.json,85_1477853994.json,85_1477853994,True,85_1477853994.jpg,85_1477853994.jpg,6,10|25|5,,True
1-coins/85_1477854000.json,85_1477854000.json,85_1477854000,True,85_1477854000.jpg,85_1477854000.jpg,6,10|25|5,,True
1-coins/85_1477854006.json,85_1477854006.json,85_1477854006,True,85_1477854006.jpg,85_1477854006.jpg,6,10|25|5,,True
1-coins/85_1477854012.json,85_1477854012.json,85_1477854012,True,85_1477854012.jpg,85_1477854012.jpg,5,10|5|50,,True
1-coins/85_1477854018.json,85_1477854018.json,85_1477854018,True,85_1477854018.jpg,85_1477854018.jpg,5,10|5|50,,True
1-coins/85_1477854024.json,85_1477854024.json,85_1477854024,True,85_1477854024.jpg,85_1477854024.jpg,5,10|5|50,,True
1-coins/85_1477854030.json,85_1477854030.json,85_1477854030,True,85_1477854030.jpg,85_1477854030.jpg,5,10|5|50,,True
1-coins/85_1477854036.json,85_1477854036.json,85_1477854036,True,85_1477854036.jpg,85_1477854036.jpg,5,10|5|50,,True
1-coins/85_1477854042.json,85_1477854042.json,85_1477854042,True,85_1477854042.jpg,85_1477854042.jpg,5,10|5|50,,True
1-coins/85_1477854048.json,85_1477854048.json,85_1477854048,True,85_1477854048.jpg,85_1477854048.jpg,5,10|5|50,,True
1-coins/85_1477854054.json,85_1477854054.json,85_1477854054,True,85_1477854054.jpg,85_1477854054.jpg,5,10|5|50,,True
1-coins/85_1477854060.json,85_1477854060.json,85_1477854060,True,85_1477854060.jpg,85_1477854060.jpg,5,10|5|50,,True
1-coins/85_1477854066.json,85_1477854066.json,85_1477854066,True,85_1477854066.jpg,85_1477854066.jpg,5,10|5|50,,True
1-coins/85_1477854072.json,85_1477854072.json,85_1477854072,True,85_1477854072.jpg,85_1477854072.jpg,6,10|5|50,,True
1-coins/85_1477854084.json,85_1477854084.json,85_1477854084,True,85_1477854084.jpg,85_1477854084.jpg,6,10|5|50,,True
1-coins/85_1477854090.json,85_1477854090.json,85_1477854090,True,85_1477854090.jpg,85_1477854090.jpg,6,10|5|50,,True
1-coins/85_1477854096.json,85_1477854096.json,85_1477854096,True,85_1477854096.jpg,85_1477854096.jpg,6,10|5|50,,True
1-coins/85_1477854102.json,85_1477854102.json,85_1477854102,True,85_1477854102.jpg,85_1477854102.jpg,6,10|5|50,,True
1-coins/85_1477854108.json,85_1477854108.json,85_1477854108,True,85_1477854108.jpg,85_1477854108.jpg,6,10|5|50,,True
1-coins/85_1477854114.json,85_1477854114.json,85_1477854114,True,85_1477854114.jpg,85_1477854114.jpg,6,10|5|50,,True
1-coins/85_1477854120.json,85_1477854120.json,85_1477854120,True,85_1477854120.jpg,85_1477854120.jpg,6,10|5|50,,True
1-coins/85_1477854126.json,85_1477854126.json,85_1477854126,True,85_1477854126.jpg,85_1477854126.jpg,6,10|5|50,,True
1-coins/85_1477854132.json,85_1477854132.json,85_1477854132,True,85_1477854132.jpg,85_1477854132.jpg,6,10|5|50,,True
1-coins/85_1477854138.json,85_1477854138.json,85_1477854138,True,85_1477854138.jpg,85_1477854138.jpg,6,10|5|50,,True
1-coins/85_1477854144.json,85_1477854144.json,85_1477854144,True,85_1477854144.jpg,85_1477854144.jpg,6,10|5|50,,True
1-coins/85_1477854150.json,85_1477854150.json,85_1477854150,True,85_1477854150.jpg,85_1477854150.jpg,6,10|5|50,,True
1-coins/85_1477854156.json,85_1477854156.json,85_1477854156,True,85_1477854156.jpg,85_1477854156.jpg,6,10|5|50,,True
1-coins/85_1477854162.json,85_1477854162.json,85_1477854162,True,85_1477854162.jpg,85_1477854162.jpg,6,10|5|50,,True
1-coins/85_1477854168.json,85_1477854168.json,85_1477854168,True,85_1477854168.jpg,85_1477854168.jpg,6,10|5|50,,True
1-coins/85_1477854174.json,85_1477854174.json,85_1477854174,True,85_1477854174.jpg,85_1477854174.jpg,6,10|5|50,,True
1-coins/85_1477854180.json,85_1477854180.json,85_1477854180,True,85_1477854180.jpg,85_1477854180.jpg,6,10|5|50,,True
1-coins/85_1477854186.json,85_1477854186.json,85_1477854186,True,85_1477854186.jpg,85_1477854186.jpg,6,10|5|50,,True
1-coins/85_1477854192.json,85_1477854192.json,85_1477854192,True,85_1477854192.jpg,85_1477854192.jpg,6,10|5|50,,True
1-coins/85_1477854198.json,85_1477854198.json,85_1477854198,True,85_1477854198.jpg,85_1477854198.jpg,6,10|5|50,,True
1-coins/85_1477854204.json,85_1477854204.json,85_1477854204,True,85_1477854204.jpg,85_1477854204.jpg,6,10|5|50,,True
1-coins/85_1477854210.json,85_1477854210.json,85_1477854210,True,85_1477854210.jpg,85_1477854210.jpg,6,10|5|50,,True
1-coins/85_1477854216.json,85_1477854216.json,85_1477854216,True,85_1477854216.jpg,85_1477854216.jpg,6,10|5|50,,True
1-coins/85_1477854222.json,85_1477854222.json,85_1477854222,True,85_1477854222.jpg,85_1477854222.jpg,6,10|5|50,,True
1-coins/85_1477854228.json,85_1477854228.json,85_1477854228,True,85_1477854228.jpg,85_1477854228.jpg,6,10|5|50,,True
1-coins/85_1477854234.json,85_1477854234.json,85_1477854234,True,85_1477854234.jpg,85_1477854234.jpg,6,10|5|50,,True
1-coins/85_1477854240.json,85_1477854240.json,85_1477854240,True,85_1477854240.jpg,85_1477854240.jpg,6,10|5|50,,True
1-coins/85_1477854246.json,85_1477854246.json,85_1477854246,True,85_1477854246.jpg,85_1477854246.jpg,6,10|5|50,,True
1-coins/85_1477854252.json,85_1477854252.json,85_1477854252,True,85_1477854252.jpg,85_1477854252.jpg,6,10|5|50,,True
1-coins/85_1477854258.json,85_1477854258.json,85_1477854258,True,85_1477854258.jpg,85_1477854258.jpg,6,10|5|50,,True
1-coins/90_1477854720.json,90_1477854720.json,90_1477854720,True,90_1477854720.jpg,90_1477854720.jpg,7,10|5|50,,True
1-coins/90_1477854726.json,90_1477854726.json,90_1477854726,True,90_1477854726.jpg,90_1477854726.jpg,7,10|5|50,,True
1-coins/90_1477854732.json,90_1477854732.json,90_1477854732,True,90_1477854732.jpg,90_1477854732.jpg,7,10|5|50,,True
1-coins/90_1477854738.json,90_1477854738.json,90_1477854738,True,90_1477854738.jpg,90_1477854738.jpg,7,10|5|50,,True
1-coins/90_1477854744.json,90_1477854744.json,90_1477854744,True,90_1477854744.jpg,90_1477854744.jpg,7,10|5|50,,True
1-coins/90_1477854750.json,90_1477854750.json,90_1477854750,True,90_1477854750.jpg,90_1477854750.jpg,7,10|5|50,,True
1-coins/90_1477854756.json,90_1477854756.json,90_1477854756,True,90_1477854756.jpg,90_1477854756.jpg,7,10|5|50,,True
1-coins/90_1477854762.json,90_1477854762.json,90_1477854762,True,90_1477854762.jpg,90_1477854762.jpg,7,10|5|50,,True
1-coins/90_1477854768.json,90_1477854768.json,90_1477854768,True,90_1477854768.jpg,90_1477854768.jpg,7,10|5|50,,True
1-coins/90_1477854774.json,90_1477854774.json,90_1477854774,True,90_1477854774.jpg,90_1477854774.jpg,7,10|5|50,,True
1-coins/90_1477854780.json,90_1477854780.json,90_1477854780,True,90_1477854780.jpg,90_1477854780.jpg,7,10|5|50,,True
1-coins/90_1477854786.json,90_1477854786.json,90_1477854786,True,90_1477854786.jpg,90_1477854786.jpg,7,10|5|50,,True
1-coins/90_1477854792.json,90_1477854792.json,90_1477854792,True,90_1477854792.jpg,90_1477854792.jpg,7,10|5|50,,True
1-coins/90_1477854798.json,90_1477854798.json,90_1477854798,True,90_1477854798.jpg,90_1477854798.jpg,7,10|5|50,,True
1-coins/90_1477854804.json,90_1477854804.json,90_1477854804,True,90_1477854804.jpg,90_1477854804.jpg,7,10|5|50,,True
1-coins/90_1477854810.json,90_1477854810.json,90_1477854810,True,90_1477854810.jpg,90_1477854810.jpg,7,10|5|50,,True
1-coins/90_1477854816.json,90_1477854816.json,90_1477854816,True,90_1477854816.jpg,90_1477854816.jpg,7,10|5|50,,True
1-coins/90_1477854822.json,90_1477854822.json,90_1477854822,True,90_1477854822.jpg,90_1477854822.jpg,6,10|5|50,,True
1-coins/90_1477854828.json,90_1477854828.json,90_1477854828,True,90_1477854828.jpg,90_1477854828.jpg,6,10|5|50,,True
1-coins/90_1477854834.json,90_1477854834.json,90_1477854834,True,90_1477854834.jpg,90_1477854834.jpg,6,10|5|50,,True
1-coins/90_1477854840.json,90_1477854840.json,90_1477854840,True,90_1477854840.jpg,90_1477854840.jpg,6,10|5|50,,True
1-coins/90_1477854846.json,90_1477854846.json,90_1477854846,True,90_1477854846.jpg,90_1477854846.jpg,6,10|5|50,,True
1-coins/90_1477854852.json,90_1477854852.json,90_1477854852,True,90_1477854852.jpg,90_1477854852.jpg,6,10|5|50,,True
1-coins/90_1477854858.json,90_1477854858.json,90_1477854858,True,90_1477854858.jpg,90_1477854858.jpg,6,10|5|50,,True
1-coins/90_1477854864.json,90_1477854864.json,90_1477854864,True,90_1477854864.jpg,90_1477854864.jpg,6,10|5|50,,True
1-coins/90_1477854870.json,90_1477854870.json,90_1477854870,True,90_1477854870.jpg,90_1477854870.jpg,6,10|5|50,,True
1-coins/90_1477854876.json,90_1477854876.json,90_1477854876,True,90_1477854876.jpg,90_1477854876.jpg,6,10|5|50,,True
1-coins/90_1477854882.json,90_1477854882.json,90_1477854882,True,90_1477854882.jpg,90_1477854882.jpg,5,10|50,,True
1-coins/90_1477854888.json,90_1477854888.json,90_1477854888,True,90_1477854888.jpg,90_1477854888.jpg,5,10|50,,True
1-coins/90_1477854894.json,90_1477854894.json,90_1477854894,True,90_1477854894.jpg,90_1477854894.jpg,5,10|50,,True
1-coins/90_1477854924.json,90_1477854924.json,90_1477854924,True,90_1477854924.jpg,90_1477854924.jpg,4,10|25|5|50,,True
1-coins/90_1477854930.json,90_1477854930.json,90_1477854930,True,90_1477854930.jpg,90_1477854930.jpg,4,10|25|5|50,,True
1-coins/90_1477854936.json,90_1477854936.json,90_1477854936,True,90_1477854936.jpg,90_1477854936.jpg,4,10|25|5|50,,True
1-coins/90_1477854942.json,90_1477854942.json,90_1477854942,True,90_1477854942.jpg,90_1477854942.jpg,4,10|25|5|50,,True
1-coins/90_1477854948.json,90_1477854948.json,90_1477854948,True,90_1477854948.jpg,90_1477854948.jpg,4,10|25|5|50,,True
1-coins/90_1477854954.json,90_1477854954.json,90_1477854954,True,90_1477854954.jpg,90_1477854954.jpg,4,10|25|5|50,,True
1-coins/90_1477854960.json,90_1477854960.json,90_1477854960,True,90_1477854960.jpg,90_1477854960.jpg,4,10|25|5|50,,True
1-coins/90_1477854966.json,90_1477854966.json,90_1477854966,True,90_1477854966.jpg,90_1477854966.jpg,4,10|25|5|50,,True
1-coins/90_1477854972.json,90_1477854972.json,90_1477854972,True,90_1477854972.jpg,90_1477854972.jpg,4,10|25|5|50,,True
1-coins/90_1477854978.json,90_1477854978.json,90_1477854978,True,90_1477854978.jpg,90_1477854978.jpg,4,10|25|5|50,,True
1-coins/90_1477854984.json,90_1477854984.json,90_1477854984,True,90_1477854984.jpg,90_1477854984.jpg,4,10|25|5|50,,True
1-coins/90_1477854990.json,90_1477854990.json,90_1477854990,True,90_1477854990.jpg,90_1477854990.jpg,4,10|25|5|50,,True
1-coins/90_1477854996.json,90_1477854996.json,90_1477854996,True,90_1477854996.jpg,90_1477854996.jpg,4,10|25|5|50,,True
1-coins/90_1477855002.json,90_1477855002.json,90_1477855002,True,90_1477855002.jpg,90_1477855002.jpg,4,10|25|5|50,,True
1-coins/90_1477855008.json,90_1477855008.json,90_1477855008,True,90_1477855008.jpg,90_1477855008.jpg,4,10|25|5|50,,True
1-coins/90_1477855014.json,90_1477855014.json,90_1477855014,True,90_1477855014.jpg,90_1477855014.jpg,4,10|25|5|50,,True
1-coins/90_1477855020.json,90_1477855020.json,90_1477855020,True,90_1477855020.jpg,90_1477855020.jpg,4,10|25|5|50,,True
1-coins/90_1477855026.json,90_1477855026.json,90_1477855026,True,90_1477855026.jpg,90_1477855026.jpg,4,10|25|5|50,,True
1-coins/90_1477855032.json,90_1477855032.json,90_1477855032,True,90_1477855032.jpg,90_1477855032.jpg,4,10|25|5|50,,True
1-coins/90_1477855038.json,90_1477855038.json,90_1477855038,True,90_1477855038.jpg,90_1477855038.jpg,4,10|25|5|50,,True
1-coins/90_1477855044.json,90_1477855044.json,90_1477855044,True,90_1477855044.jpg,90_1477855044.jpg,4,10|25|5|50,,True
1-coins/90_1477855050.json,90_1477855050.json,90_1477855050,True,90_1477855050.jpg,90_1477855050.jpg,4,10|25|5|50,,True
1-coins/90_1477855056.json,90_1477855056.json,90_1477855056,True,90_1477855056.jpg,90_1477855056.jpg,4,10|25|5|50,,True
1-coins/90_1477855062.json,90_1477855062.json,90_1477855062,True,90_1477855062.jpg,90_1477855062.jpg,4,10|25|5|50,,True
1-coins/90_1477855068.json,90_1477855068.json,90_1477855068,True,90_1477855068.jpg,90_1477855068.jpg,4,10|25|5|50,,True
1-coins/90_1477855074.json,90_1477855074.json,90_1477855074,True,90_1477855074.jpg,90_1477855074.jpg,4,10|25|5|50,,True
1-coins/90_1477855080.json,90_1477855080.json,90_1477855080,True,90_1477855080.jpg,90_1477855080.jpg,4,10|25|5|50,,True
1-coins/90_1477855086.json,90_1477855086.json,90_1477855086,True,90_1477855086.jpg,90_1477855086.jpg,4,10|25|5|50,,True
1-coins/90_1477855092.json,90_1477855092.json,90_1477855092,True,90_1477855092.jpg,90_1477855092.jpg,4,10|25|5|50,,True
1-coins/90_1477855098.json,90_1477855098.json,90_1477855098,True,90_1477855098.jpg,90_1477855098.jpg,4,10|25|5|50,,True
1-coins/90_1477855104.json,90_1477855104.json,90_1477855104,True,90_1477855104.jpg,90_1477855104.jpg,4,10|25|5|50,,True
1-coins/90_1477855500.json,90_1477855500.json,90_1477855500,True,90_1477855500.jpg,90_1477855500.jpg,5,25|5|50,,True
1-coins/90_1477855506.json,90_1477855506.json,90_1477855506,True,90_1477855506.jpg,90_1477855506.jpg,5,25|5|50,,True
1-coins/90_1477855512.json,90_1477855512.json,90_1477855512,True,90_1477855512.jpg,90_1477855512.jpg,5,25|5|50,,True
1-coins/90_1477855518.json,90_1477855518.json,90_1477855518,True,90_1477855518.jpg,90_1477855518.jpg,5,25|5|50,,True
1-coins/90_1477855524.json,90_1477855524.json,90_1477855524,True,90_1477855524.jpg,90_1477855524.jpg,5,25|5|50,,True
1-coins/90_1477855530.json,90_1477855530.json,90_1477855530,True,90_1477855530.jpg,90_1477855530.jpg,5,25|5|50,,True
1-coins/90_1477855536.json,90_1477855536.json,90_1477855536,True,90_1477855536.jpg,90_1477855536.jpg,5,25|5|50,,True
1-coins/90_1477855542.json,90_1477855542.json,90_1477855542,True,90_1477855542.jpg,90_1477855542.jpg,5,25|5|50,,True
1-coins/90_1477855548.json,90_1477855548.json,90_1477855548,True,90_1477855548.jpg,90_1477855548.jpg,5,25|5|50,,True
1-coins/90_1477855554.json,90_1477855554.json,90_1477855554,True,90_1477855554.jpg,90_1477855554.jpg,5,25|5|50,,True
1-coins/90_1477855560.json,90_1477855560.json,90_1477855560,True,90_1477855560.jpg,90_1477855560.jpg,5,25|5|50,,True
1-coins/90_1477855566.json,90_1477855566.json,90_1477855566,True,90_1477855566.jpg,90_1477855566.jpg,5,25|5|50,,True
1-coins/90_1477855572.json,90_1477855572.json,90_1477855572,True,90_1477855572.jpg,90_1477855572.jpg,5,25|5|50,,True
1-coins/90_1477855578.json,90_1477855578.json,90_1477855578,True,90_1477855578.jpg,90_1477855578.jpg,5,25|5|50,,True
1-coins/90_1477855584.json,90_1477855584.json,90_1477855584,True,90_1477855584.jpg,90_1477855584.jpg,5,25|5|50,,True
1-coins/90_1477855590.json,90_1477855590.json,90_1477855590,True,90_1477855590.jpg,90_1477855590.jpg,5,25|5|50,,True
1-coins/90_1477855596.json,90_1477855596.json,90_1477855596,True,90_1477855596.jpg,90_1477855596.jpg,5,25|5|50,,True
1-coins/90_1477855602.json,90_1477855602.json,90_1477855602,True,90_1477855602.jpg,90_1477855602.jpg,6,25|5,,True
1-coins/90_1477855608.json,90_1477855608.json,90_1477855608,True,90_1477855608.jpg,90_1477855608.jpg,6,25|5,,True
1-coins/90_1477855614.json,90_1477855614.json,90_1477855614,True,90_1477855614.jpg,90_1477855614.jpg,6,25|5,,True
1-coins/90_1477855620.json,90_1477855620.json,90_1477855620,True,90_1477855620.jpg,90_1477855620.jpg,6,25|5,,True
1-coins/90_1477855626.json,90_1477855626.json,90_1477855626,True,90_1477855626.jpg,90_1477855626.jpg,6,25|5,,True
1-coins/90_1477855632.json,90_1477855632.json,90_1477855632,True,90_1477855632.jpg,90_1477855632.jpg,6,25|5,,True
1-coins/90_1477855638.json,90_1477855638.json,90_1477855638,True,90_1477855638.jpg,90_1477855638.jpg,6,25|5,,True
1-coins/90_1477855644.json,90_1477855644.json,90_1477855644,True,90_1477855644.jpg,90_1477855644.jpg,6,25|5,,True
1-coins/90_1477855650.json,90_1477855650.json,90_1477855650,True,90_1477855650.jpg,90_1477855650.jpg,6,25|5,,True
1-coins/90_1477855656.json,90_1477855656.json,90_1477855656,True,90_1477855656.jpg,90_1477855656.jpg,6,25|5,,True
1-coins/90_1477855662.json,90_1477855662.json,90_1477855662,True,90_1477855662.jpg,90_1477855662.jpg,6,25|5,,True
1-coins/90_1477855668.json,90_1477855668.json,90_1477855668,True,90_1477855668.jpg,90_1477855668.jpg,6,25|5,,True
1-coins/90_1477855674.json,90_1477855674.json,90_1477855674,True,90_1477855674.jpg,90_1477855674.jpg,6,25|5,,True
1-coins/90_1477855692.json,90_1477855692.json,90_1477855692,True,90_1477855692.jpg,90_1477855692.jpg,8,10|25|5,,True
1-coins/90_1477855698.json,90_1477855698.json,90_1477855698,True,90_1477855698.jpg,90_1477855698.jpg,8,10|25|5,,True
1-coins/90_1477855704.json,90_1477855704.json,90_1477855704,True,90_1477855704.jpg,90_1477855704.jpg,8,10|25|5,,True
1-coins/90_1477855710.json,90_1477855710.json,90_1477855710,True,90_1477855710.jpg,90_1477855710.jpg,8,10|25|5,,True
1-coins/90_1477855716.json,90_1477855716.json,90_1477855716,True,90_1477855716.jpg,90_1477855716.jpg,8,10|25|5,,True
1-coins/90_1477855722.json,90_1477855722.json,90_1477855722,True,90_1477855722.jpg,90_1477855722.jpg,8,10|25|5,,True
1-coins/90_1477855728.json,90_1477855728.json,90_1477855728,True,90_1477855728.jpg,90_1477855728.jpg,8,10|25|5,,True
1-coins/90_1477855734.json,90_1477855734.json,90_1477855734,True,90_1477855734.jpg,90_1477855734.jpg,8,10|25|5,,True
1-coins/90_1477855740.json,90_1477855740.json,90_1477855740,True,90_1477855740.jpg,90_1477855740.jpg,8,10|25|5,,True
1-coins/90_1477855746.json,90_1477855746.json,90_1477855746,True,90_1477855746.jpg,90_1477855746.jpg,8,10|25|5,,True
1-coins/90_1477855752.json,90_1477855752.json,90_1477855752,True,90_1477855752.jpg,90_1477855752.jpg,8,10|25|5,,True
1-coins/90_1477855758.json,90_1477855758.json,90_1477855758,True,90_1477855758.jpg,90_1477855758.jpg,8,10|25|5,,True
1-coins/90_1477855764.json,90_1477855764.json,90_1477855764,True,90_1477855764.jpg,90_1477855764.jpg,8,10|25|5,,True
1-coins/90_1477855770.json,90_1477855770.json,90_1477855770,True,90_1477855770.jpg,90_1477855770.jpg,8,10|25|5,,True
1-coins/90_1477855776.json,90_1477855776.json,90_1477855776,True,90_1477855776.jpg,90_1477855776.jpg,8,10|25|5,,True
1-coins/90_1477855782.json,90_1477855782.json,90_1477855782,True,90_1477855782.jpg,90_1477855782.jpg,8,10|25|5,,True
1-coins/90_1477855788.json,90_1477855788.json,90_1477855788,True,90_1477855788.jpg,90_1477855788.jpg,8,10|25|5,,True
1-coins/90_1477855794.json,90_1477855794.json,90_1477855794,True,90_1477855794.jpg,90_1477855794.jpg,8,10|25|5,,True
1-coins/90_1477855800.json,90_1477855800.json,90_1477855800,True,90_1477855800.jpg,90_1477855800.jpg,8,10|25|5,,True
1-coins/90_1477855806.json,90_1477855806.json,90_1477855806,True,90_1477855806.jpg,90_1477855806.jpg,8,10|25|5,,True
1-coins/90_1477855812.json,90_1477855812.json,90_1477855812,True,90_1477855812.jpg,90_1477855812.jpg,8,10|25|5,,True
1-coins/90_1477855818.json,90_1477855818.json,90_1477855818,True,90_1477855818.jpg,90_1477855818.jpg,8,10|25|5,,True
1-coins/90_1477855824.json,90_1477855824.json,90_1477855824,True,90_1477855824.jpg,90_1477855824.jpg,8,10|25|5,,True
1-coins/90_1477855830.json,90_1477855830.json,90_1477855830,True,90_1477855830.jpg,90_1477855830.jpg,8,10|25|5,,True
1-coins/90_1477855836.json,90_1477855836.json,90_1477855836,True,90_1477855836.jpg,90_1477855836.jpg,8,10|25|5,,True
1-coins/90_1477855842.json,90_1477855842.json,90_1477855842,True,90_1477855842.jpg,90_1477855842.jpg,8,10|25|5,,True
1-coins/90_1477855848.json,90_1477855848.json,90_1477855848,True,90_1477855848.jpg,90_1477855848.jpg,8,10|25|5,,True
1-coins/90_1477855854.json,90_1477855854.json,90_1477855854,True,90_1477855854.jpg,90_1477855854.jpg,8,10|25|5,,True
1-coins/90_1477855860.json,90_1477855860.json,90_1477855860,True,90_1477855860.jpg,90_1477855860.jpg,8,10|25|5,,True
1-coins/90_1477855866.json,90_1477855866.json,90_1477855866,True,90_1477855866.jpg,90_1477855866.jpg,8,10|25|5,,True
1-coins/90_1477856946.json,90_1477856946.json,90_1477856946,True,90_1477856946.jpg,90_1477856946.jpg,8,10|25|5,,True
1-coins/90_1477856952.json,90_1477856952.json,90_1477856952,True,90_1477856952.jpg,90_1477856952.jpg,8,10|25|5,,True
1-coins/90_1477856958.json,90_1477856958.json,90_1477856958,True,90_1477856958.jpg,90_1477856958.jpg,8,10|25|5,,True
1-coins/90_1477856964.json,90_1477856964.json,90_1477856964,True,90_1477856964.jpg,90_1477856964.jpg,8,10|25|5,,True
1-coins/90_1477856970.json,90_1477856970.json,90_1477856970,True,90_1477856970.jpg,90_1477856970.jpg,8,10|25|5,,True
1-coins/90_1477856976.json,90_1477856976.json,90_1477856976,True,90_1477856976.jpg,90_1477856976.jpg,8,10|25|5,,True
1-coins/90_1477856982.json,90_1477856982.json,90_1477856982,True,90_1477856982.jpg,90_1477856982.jpg,8,10|25|5,,True
1-coins/90_1477856988.json,90_1477856988.json,90_1477856988,True,90_1477856988.jpg,90_1477856988.jpg,8,10|25|5,,True
1-coins/90_1477856994.json,90_1477856994.json,90_1477856994,True,90_1477856994.jpg,90_1477856994.jpg,8,10|25|5,,True
1-coins/90_1477857000.json,90_1477857000.json,90_1477857000,True,90_1477857000.jpg,90_1477857000.jpg,8,10|25|5,,True
1-coins/90_1477857006.json,90_1477857006.json,90_1477857006,True,90_1477857006.jpg,90_1477857006.jpg,8,10|25|5,,True
1-coins/90_1477857012.json,90_1477857012.json,90_1477857012,True,90_1477857012.jpg,90_1477857012.jpg,8,10|25|5,,True
1-coins/90_1477857018.json,90_1477857018.json,90_1477857018,True,90_1477857018.jpg,90_1477857018.jpg,8,10|25|5,,True
1-coins/90_1477857024.json,90_1477857024.json,90_1477857024,True,90_1477857024.jpg,90_1477857024.jpg,8,10|25|5,,True
1-coins/90_1477857030.json,90_1477857030.json,90_1477857030,True,90_1477857030.jpg,90_1477857030.jpg,8,10|25|5,,True
1-coins/90_1477857036.json,90_1477857036.json,90_1477857036,True,90_1477857036.jpg,90_1477857036.jpg,8,10|25|5,,True
1-coins/90_1477857042.json,90_1477857042.json,90_1477857042,True,90_1477857042.jpg,90_1477857042.jpg,8,10|25|5,,True
1-coins/90_1477857048.json,90_1477857048.json,90_1477857048,True,90_1477857048.jpg,90_1477857048.jpg,8,10|25|5,,True
1-coins/90_1477857054.json,90_1477857054.json,90_1477857054,True,90_1477857054.jpg,90_1477857054.jpg,8,10|25|5,,True
1-coins/90_1477857060.json,90_1477857060.json,90_1477857060,True,90_1477857060.jpg,90_1477857060.jpg,8,10|25|5,,True
1-coins/90_1477857066.json,90_1477857066.json,90_1477857066,True,90_1477857066.jpg,90_1477857066.jpg,8,10|25|5,,True
1-coins/90_1477857072.json,90_1477857072.json,90_1477857072,True,90_1477857072.jpg,90_1477857072.jpg,8,10|25|5,,True
1-coins/90_1477857078.json,90_1477857078.json,90_1477857078,True,90_1477857078.jpg,90_1477857078.jpg,8,10|25|5,,True
1-coins/90_1477857084.json,90_1477857084.json,90_1477857084,True,90_1477857084.jpg,90_1477857084.jpg,8,10|25|5,,True
1-coins/90_1477857090.json,90_1477857090.json,90_1477857090,True,90_1477857090.jpg,90_1477857090.jpg,8,10|25|5,,True
1-coins/90_1477857096.json,90_1477857096.json,90_1477857096,True,90_1477857096.jpg,90_1477857096.jpg,8,10|25|5,,True
1-coins/90_1477857102.json,90_1477857102.json,90_1477857102,True,90_1477857102.jpg,90_1477857102.jpg,8,10|25|5,,True
1-coins/90_1477857108.json,90_1477857108.json,90_1477857108,True,90_1477857108.jpg,90_1477857108.jpg,8,10|25|5,,True
1-coins/90_1477857114.json,90_1477857114.json,90_1477857114,True,90_1477857114.jpg,90_1477857114.jpg,8,10|25|5,,True
1-coins/90_1477857120.json,90_1477857120.json,90_1477857120,True,90_1477857120.jpg,90_1477857120.jpg,8,10|25|5,,True
1-coins/90_1477857126.json,90_1477857126.json,90_1477857126,True,90_1477857126.jpg,90_1477857126.jpg,8,10|25|5,,True
1-coins/95_1477857318.json,95_1477857318.json,95_1477857318,True,95_1477857318.jpg,95_1477857318.jpg,9,10|25|5,,True
1-coins/95_1477857324.json,95_1477857324.json,95_1477857324,True,95_1477857324.jpg,95_1477857324.jpg,9,10|25|5,,True
1-coins/95_1477857330.json,95_1477857330.json,95_1477857330,True,95_1477857330.jpg,95_1477857330.jpg,9,10|25|5,,True
1-coins/95_1477857336.json,95_1477857336.json,95_1477857336,True,95_1477857336.jpg,95_1477857336.jpg,9,10|25|5,,True
1-coins/95_1477857342.json,95_1477857342.json,95_1477857342,True,95_1477857342.jpg,95_1477857342.jpg,9,10|25|5,,True
1-coins/95_1477857348.json,95_1477857348.json,95_1477857348,True,95_1477857348.jpg,95_1477857348.jpg,9,10|25|5,,True
1-coins/95_1477857354.json,95_1477857354.json,95_1477857354,True,95_1477857354.jpg,95_1477857354.jpg,9,10|25|5,,True
1-coins/95_1477857360.json,95_1477857360.json,95_1477857360,True,95_1477857360.jpg,95_1477857360.jpg,9,10|25|5,,True
1-coins/95_1477857366.json,95_1477857366.json,95_1477857366,True,95_1477857366.jpg,95_1477857366.jpg,9,10|25|5,,True
1-coins/95_1477857372.json,95_1477857372.json,95_1477857372,True,95_1477857372.jpg,95_1477857372.jpg,9,10|25|5,,True
1-coins/95_1477857378.json,95_1477857378.json,95_1477857378,True,95_1477857378.jpg,95_1477857378.jpg,9,10|25|5,,True
1-coins/95_1477857384.json,95_1477857384.json,95_1477857384,True,95_1477857384.jpg,95_1477857384.jpg,9,10|25|5,,True
1-coins/95_1477857390.json,95_1477857390.json,95_1477857390,True,95_1477857390.jpg,95_1477857390.jpg,9,10|25|5,,True
1-coins/95_1477857396.json,95_1477857396.json,95_1477857396,True,95_1477857396.jpg,95_1477857396.jpg,9,10|25|5,,True
1-coins/95_1477857402.json,95_1477857402.json,95_1477857402,True,95_1477857402.jpg,95_1477857402.jpg,9,10|25|5,,True
1-coins/95_1477857408.json,95_1477857408.json,95_1477857408,True,95_1477857408.jpg,95_1477857408.jpg,9,10|25|5,,True
1-coins/95_1477857414.json,95_1477857414.json,95_1477857414,True,95_1477857414.jpg,95_1477857414.jpg,9,10|25|5,,True
1-coins/95_1477857420.json,95_1477857420.json,95_1477857420,True,95_1477857420.jpg,95_1477857420.jpg,9,10|25|5,,True
1-coins/95_1477857426.json,95_1477857426.json,95_1477857426,True,95_1477857426.jpg,95_1477857426.jpg,9,10|25|5,,True
1-coins/95_1477857432.json,95_1477857432.json,95_1477857432,True,95_1477857432.jpg,95_1477857432.jpg,9,10|25|5,,True
1-coins/95_1477857438.json,95_1477857438.json,95_1477857438,True,95_1477857438.jpg,95_1477857438.jpg,8,10|5|50,,True
1-coins/95_1477857444.json,95_1477857444.json,95_1477857444,True,95_1477857444.jpg,95_1477857444.jpg,8,10|5|50,,True
1-coins/95_1477857450.json,95_1477857450.json,95_1477857450,True,95_1477857450.jpg,95_1477857450.jpg,8,10|5|50,,True
1-coins/95_1477857456.json,95_1477857456.json,95_1477857456,True,95_1477857456.jpg,95_1477857456.jpg,8,10|5|50,,True
1-coins/95_1477857462.json,95_1477857462.json,95_1477857462,True,95_1477857462.jpg,95_1477857462.jpg,8,10|5|50,,True
1-coins/95_1477857468.json,95_1477857468.json,95_1477857468,True,95_1477857468.jpg,95_1477857468.jpg,8,10|5|50,,True
1-coins/95_1477857474.json,95_1477857474.json,95_1477857474,True,95_1477857474.jpg,95_1477857474.jpg,8,10|5|50,,True
1-coins/95_1477857480.json,95_1477857480.json,95_1477857480,True,95_1477857480.jpg,95_1477857480.jpg,8,10|5|50,,True
1-coins/95_1477857486.json,95_1477857486.json,95_1477857486,True,95_1477857486.jpg,95_1477857486.jpg,8,10|5|50,,True
1-coins/95_1477857492.json,95_1477857492.json,95_1477857492,True,95_1477857492.jpg,95_1477857492.jpg,8,10|5|50,,True
1-coins/95_1477857606.json,95_1477857606.json,95_1477857606,True,95_1477857606.jpg,95_1477857606.jpg,8,10|5|50,,True
1-coins/95_1477857612.json,95_1477857612.json,95_1477857612,True,95_1477857612.jpg,95_1477857612.jpg,8,10|5|50,,True
1-coins/95_1477857618.json,95_1477857618.json,95_1477857618,True,95_1477857618.jpg,95_1477857618.jpg,8,10|5|50,,True
1-coins/95_1477857624.json,95_1477857624.json,95_1477857624,True,95_1477857624.jpg,95_1477857624.jpg,8,10|5|50,,True
1-coins/95_1477857630.json,95_1477857630.json,95_1477857630,True,95_1477857630.jpg,95_1477857630.jpg,8,10|5|50,,True
1-coins/95_1477857636.json,95_1477857636.json,95_1477857636,True,95_1477857636.jpg,95_1477857636.jpg,8,10|5|50,,True
1-coins/95_1477857642.json,95_1477857642.json,95_1477857642,True,95_1477857642.jpg,95_1477857642.jpg,8,10|5|50,,True
1-coins/95_1477857648.json,95_1477857648.json,95_1477857648,True,95_1477857648.jpg,95_1477857648.jpg,8,10|5|50,,True
1-coins/95_1477857654.json,95_1477857654.json,95_1477857654,True,95_1477857654.jpg,95_1477857654.jpg,8,10|5|50,,True
1-coins/95_1477857660.json,95_1477857660.json,95_1477857660,True,95_1477857660.jpg,95_1477857660.jpg,8,10|5|50,,True
1-coins/95_1477857666.json,95_1477857666.json,95_1477857666,True,95_1477857666.jpg,95_1477857666.jpg,8,10|5|50,,True
1-coins/95_1477857672.json,95_1477857672.json,95_1477857672,True,95_1477857672.jpg,95_1477857672.jpg,8,10|5|50,,True
1-coins/95_1477857678.json,95_1477857678.json,95_1477857678,True,95_1477857678.jpg,95_1477857678.jpg,8,10|5|50,,True
1-coins/95_1477857684.json,95_1477857684.json,95_1477857684,True,95_1477857684.jpg,95_1477857684.jpg,8,10|5|50,,True
1-coins/95_1477857690.json,95_1477857690.json,95_1477857690,True,95_1477857690.jpg,95_1477857690.jpg,8,10|5|50,,True
1-coins/95_1477857696.json,95_1477857696.json,95_1477857696,True,95_1477857696.jpg,95_1477857696.jpg,8,10|5|50,,True
1-coins/95_1477857702.json,95_1477857702.json,95_1477857702,True,95_1477857702.jpg,95_1477857702.jpg,8,10|5|50,,True
1-coins/95_1477857708.json,95_1477857708.json,95_1477857708,True,95_1477857708.jpg,95_1477857708.jpg,8,10|5|50,,True
1-coins/95_1477857714.json,95_1477857714.json,95_1477857714,True,95_1477857714.jpg,95_1477857714.jpg,8,10|5|50,,True
1-coins/95_1477857720.json,95_1477857720.json,95_1477857720,True,95_1477857720.jpg,95_1477857720.jpg,8,10|5|50,,True
1-coins/95_1477857726.json,95_1477857726.json,95_1477857726,True,95_1477857726.jpg,95_1477857726.jpg,7,10|5|50,,True
1-coins/95_1477857732.json,95_1477857732.json,95_1477857732,True,95_1477857732.jpg,95_1477857732.jpg,7,10|5|50,,True
1-coins/95_1477857738.json,95_1477857738.json,95_1477857738,True,95_1477857738.jpg,95_1477857738.jpg,7,10|5|50,,True
1-coins/95_1477857744.json,95_1477857744.json,95_1477857744,True,95_1477857744.jpg,95_1477857744.jpg,6,10|5|50,,True
1-coins/95_1477857750.json,95_1477857750.json,95_1477857750,True,95_1477857750.jpg,95_1477857750.jpg,6,10|5|50,,True
1-coins/95_1477857756.json,95_1477857756.json,95_1477857756,True,95_1477857756.jpg,95_1477857756.jpg,6,10|5|50,,True
1-coins/95_1477857762.json,95_1477857762.json,95_1477857762,True,95_1477857762.jpg,95_1477857762.jpg,6,10|5|50,,True
1-coins/95_1477857768.json,95_1477857768.json,95_1477857768,True,95_1477857768.jpg,95_1477857768.jpg,6,10|5|50,,True
1-coins/95_1477857774.json,95_1477857774.json,95_1477857774,True,95_1477857774.jpg,95_1477857774.jpg,6,10|5|50,,True
1-coins/95_1477857780.json,95_1477857780.json,95_1477857780,True,95_1477857780.jpg,95_1477857780.jpg,6,10|5|50,,True
1-coins/95_1477857786.json,95_1477857786.json,95_1477857786,True,95_1477857786.jpg,95_1477857786.jpg,6,10|5|50,,True
1-coins/95_1477857900.json,95_1477857900.json,95_1477857900,True,95_1477857900.jpg,95_1477857900.jpg,6,10|5|50,,True
1-coins/95_1477857906.json,95_1477857906.json,95_1477857906,True,95_1477857906.jpg,95_1477857906.jpg,6,10|5|50,,True
1-coins/95_1477857912.json,95_1477857912.json,95_1477857912,True,95_1477857912.jpg,95_1477857912.jpg,6,10|5|50,,True
1-coins/95_1477857918.json,95_1477857918.json,95_1477857918,True,95_1477857918.jpg,95_1477857918.jpg,6,10|5|50,,True
1-coins/95_1477857924.json,95_1477857924.json,95_1477857924,True,95_1477857924.jpg,95_1477857924.jpg,4,10|25|50,,True
1-coins/95_1477857930.json,95_1477857930.json,95_1477857930,True,95_1477857930.jpg,95_1477857930.jpg,4,10|25|50,,True
1-coins/95_1477857936.json,95_1477857936.json,95_1477857936,True,95_1477857936.jpg,95_1477857936.jpg,4,10|25|50,,True
1-coins/95_1477857942.json,95_1477857942.json,95_1477857942,True,95_1477857942.jpg,95_1477857942.jpg,4,10|25|50,,True
1-coins/95_1477857948.json,95_1477857948.json,95_1477857948,True,95_1477857948.jpg,95_1477857948.jpg,4,10|25|50,,True
1-coins/95_1477857954.json,95_1477857954.json,95_1477857954,True,95_1477857954.jpg,95_1477857954.jpg,4,10|25|50,,True
1-coins/95_1477857960.json,95_1477857960.json,95_1477857960,True,95_1477857960.jpg,95_1477857960.jpg,4,10|25|50,,True
1-coins/95_1477857966.json,95_1477857966.json,95_1477857966,True,95_1477857966.jpg,95_1477857966.jpg,4,10|25|50,,True
1-coins/95_1477857972.json,95_1477857972.json,95_1477857972,True,95_1477857972.jpg,95_1477857972.jpg,4,10|25|50,,True
1-coins/95_1477857978.json,95_1477857978.json,95_1477857978,True,95_1477857978.jpg,95_1477857978.jpg,4,10|25|50,,True
1-coins/95_1477857984.json,95_1477857984.json,95_1477857984,True,95_1477857984.jpg,95_1477857984.jpg,4,10|25|50,,True
1-coins/95_1477857990.json,95_1477857990.json,95_1477857990,True,95_1477857990.jpg,95_1477857990.jpg,4,10|25|50,,True
1-coins/95_1477857996.json,95_1477857996.json,95_1477857996,True,95_1477857996.jpg,95_1477857996.jpg,4,10|25|50,,True
1-coins/95_1477858002.json,95_1477858002.json,95_1477858002,True,95_1477858002.jpg,95_1477858002.jpg,4,10|25|50,,True
1-coins/95_1477858008.json,95_1477858008.json,95_1477858008,True,95_1477858008.jpg,95_1477858008.jpg,4,10|25|50,,True
1-coins/95_1477858014.json,95_1477858014.json,95_1477858014,True,95_1477858014.jpg,95_1477858014.jpg,4,10|25|50,,True
1-coins/95_1477858020.json,95_1477858020.json,95_1477858020,True,95_1477858020.jpg,95_1477858020.jpg,4,10|25|50,,True
1-coins/95_1477858026.json,95_1477858026.json,95_1477858026,True,95_1477858026.jpg,95_1477858026.jpg,4,10|25|50,,True
1-coins/95_1477858032.json,95_1477858032.json,95_1477858032,True,95_1477858032.jpg,95_1477858032.jpg,4,10|25|50,,True
1-coins/95_1477858038.json,95_1477858038.json,95_1477858038,True,95_1477858038.jpg,95_1477858038.jpg,4,10|25|50,,True
1-coins/95_1477858044.json,95_1477858044.json,95_1477858044,True,95_1477858044.jpg,95_1477858044.jpg,4,10|25|50,,True
1-coins/95_1477858050.json,95_1477858050.json,95_1477858050,True,95_1477858050.jpg,95_1477858050.jpg,4,10|25|50,,True
1-coins/95_1477858056.json,95_1477858056.json,95_1477858056,True,95_1477858056.jpg,95_1477858056.jpg,4,10|25|50,,True
1-coins/95_1477858062.json,95_1477858062.json,95_1477858062,True,95_1477858062.jpg,95_1477858062.jpg,4,10|25|50,,True
1-coins/95_1477858068.json,95_1477858068.json,95_1477858068,True,95_1477858068.jpg,95_1477858068.jpg,4,10|25|50,,True
1-coins/95_1477858074.json,95_1477858074.json,95_1477858074,True,95_1477858074.jpg,95_1477858074.jpg,4,10|25|50,,True
