candidate_key,source,item_a,item_b,reason,score,automatic_interpretation,manual_status,manual_action,notes
a52bce4962b1e23a4274ba69b41864b664c90df472cb0b5165b3885c06612577,alc_label_candidate,1-coins/50_1477290624.jpg,,original=50;predicted=5,16.90061252700345,manual_review_required,pending,,
0d9b7506d91c647085620ed35361463164069909eef1b4441e4ba749b0603610,alc_label_candidate,1-coins/115_1479350592.jpg,,original=10;predicted=5,16.389496482895844,manual_review_required,pending,,
daadbb4311299538b9a4c219a20c1548842f9dff3e71c716493a53b0e70e981b,alc_label_candidate,1-coins/50_1477290630.jpg,,original=50;predicted=5,14.288547747865396,manual_review_required,pending,,
4e2002e3b05a78d5836c47b8ab6480c5bc32349910e2e1ec732395142483e70c,alc_label_candidate,1-coins/115_1479350592.jpg,,original=5;predicted=10,11.903947055678776,manual_review_required,pending,,
617f35c0a82dea4b40c4650811bd132841238735da4cdbd11128e7d9598fcad1,alc_label_candidate,1-coins/45_1477835964.jpg,,original=5;predicted=10,11.664207745393105,manual_review_required,pending,,
dbdfa41d169818735316fce1c1cf2cc6fa5bce3435a6fd42e1c3f1e51b1b5c04,alc_label_candidate,1-coins/100_1477860912.jpg,,original=5;predicted=10,9.953239298355284,manual_review_required,pending,,
bddf7662e44d806731b72292fd128f0f74db7d3e93320976c15035ae54db0aa7,alc_label_candidate,1-coins/100_1477860912.jpg,,original=10;predicted=5,9.59802864102145,manual_review_required,pending,,
b3e85043812cbfe6f68681826cce8a5872c98eb9fa25a5a410df773659557438,alc_label_candidate,1-coins/5_1477189344.jpg,,original=5;predicted=10,8.339016677300885,manual_review_required,pending,,
81f4dee9885025c8bc42d3321b635b5e3b5b2ad73f488e0f8f2235324c6a2d70,alc_label_candidate,1-coins/5_1477189338.jpg,,original=5;predicted=10,7.580575946713264,manual_review_required,pending,,
ab89509a097696d91d319fd4d0627155635f2d6ff5787e482df8f6ee454d70ea,alc_label_candidate,1-coins/25_1477192026.jpg,,original=25;predicted=10,6.386714534120324,manual_review_required,pending,,
bb4d5c5d3b741535d34e89443494ecd82e6a706de1e368acf267b23fb12c89c4,alc_label_candidate,1-coins/10_1477288884.jpg,,original=10;predicted=5,5.891654974177393,manual_review_required,pending,,
8361b98232718280d65bd977a477b0a456986c2c6052d4bc5c638894f91ecbce,alc_label_candidate,1-coins/150_1479429534.jpg,,original=25;predicted=10,5.559684639921573,manual_review_required,pending,,
6e7b25cf3437aad1ff0784f475d6e04e35fb4588893e8e1a6861daebcad48d84,alc_label_candidate,1-coins/115_1479347616.jpg,,original=10;predicted=25,5.553006187809185,manual_review_required,pending,,
8f9d07effe1b50c3f247bbb002af81c5a71c353be4c8e3d576b8bead333d855c,alc_label_candidate,1-coins/5_1477189350.jpg,,original=5;predicted=25,5.524528500092302,manual_review_required,pending,,
f789ed23c14571542daf5d075cb7a946bfeeee329788005e95980f9fbf3fa296,alc_label_candidate,1-coins/25_1477191432.jpg,,original=25;predicted=10,5.417010609786106,manual_review_required,pending,,
4f9b1bbadd858fdd501d1a14bfbd9632dda7c5d7177f5d77b612f3a367fd3196,alc_label_candidate,1-coins/10_1477288890.jpg,,original=10;predicted=5,5.366783183265969,manual_review_required,pending,,
d0a7b296512ea036453ad73567f48772ac068ff941fe938c5967dee75d122ff6,alc_label_candidate,1-coins/150_1479429528.jpg,,original=25;predicted=10,5.186234775553904,manual_review_required,pending,,
bdfdb1fbd411939f3ab5119e6c285b8526c91c83a3f402fa682003852fdab407,alc_label_candidate,1-coins/25_1477192014.jpg,,original=25;predicted=10,5.098887349769175,manual_review_required,pending,,
b4093c3afefc4906232c3d25e23ced691803b7ea868d064bb610f556670863da,alc_label_candidate,1-coins/150_1479429522.jpg,,original=25;predicted=10,5.0562331312260165,manual_review_required,pending,,
4119b8034e2a471bf23554b708b3620dc678c4687bf19b7d92a030d6494a26c6,alc_label_candidate,1-coins/10_1477288002.jpg,,original=10;predicted=25,5.039215038691738,manual_review_required,pending,,
f900c0f0e896d0d2d8292e78514bfdffef89cac2e2ce8e1d140201bcc7365c48,alc_label_candidate,1-coins/55_1477842096.jpg,,original=25;predicted=10,4.960066247112227,manual_review_required,pending,,
304a0a06277872b2bae7149713611b2730a869df6be90bcb3c6c24daf7918bb5,alc_label_candidate,1-coins/25_1477192086.jpg,,original=25;predicted=10,4.917364978827945,manual_review_required,pending,,
806f70e4a96b8c3091add02f354b2c34c1b07e2fa8451ceb1fe823155ab0510f,alc_label_candidate,1-coins/105_1479344502.jpg,,original=25;predicted=10,4.900504296279384,manual_review_required,pending,,
da44d217d2018bb81f62a86dec26a21f1d3d3f753a63cb2d24806a6937d72273,alc_label_candidate,1-coins/150_1479429510.jpg,,original=25;predicted=10,4.894596361067482,manual_review_required,pending,,
db92adcd959d2369b7f3d1715137906e3a86bb09da68dba45feaec7b1e324b1f,alc_label_candidate,1-coins/150_1479430344.jpg,,original=25;predicted=5,4.892768244833265,manual_review_required,pending,,
8a418dc4faa1cd889257521ca23581d556e066dc4f88d0dd962c46203f75ff64,alc_label_candidate,1-coins/10_1477287930.jpg,,original=10;predicted=25,4.806328974510158,manual_review_required,pending,,
fc44d051a27231123623cf5ac9c458adffbc7d3a20fe3bb6fb6cc1f52432bc4c,alc_label_candidate,1-coins/30_1477787472.jpg,,original=25;predicted=10,4.50245228824331,manual_review_required,pending,,
d8288a4c5872799ba5f3f4603843996c99386f0447b4383bd41b0ac66ad5ad84,alc_label_candidate,1-coins/25_1477191960.jpg,,original=25;predicted=10,4.494386704447532,manual_review_required,pending,,
8a6cf8a19866b4ee6ed4acda61ffed166ef154040ceb3f3f0b322461f1e3f2b6,alc_label_candidate,1-coins/10_1477288698.jpg,,original=10;predicted=5,4.486244078679894,manual_review_required,pending,,
d5be747205ce870ad2de82594c0cd7502dcfb7c2fe77b0032894aae585e4f769,alc_label_candidate,1-coins/25_1477285188.jpg,,original=25;predicted=10,4.4696868205587865,manual_review_required,pending,,
14f9356439efafc2d80e3fa9451d7854710633be325754ce3035ca7175852861,alc_label_candidate,1-coins/115_1479347616.jpg,,original=5;predicted=25,4.261820982773472,manual_review_required,pending,,
c37acfd1b221a6423b2e7f445532205467aeffc4a9d7bf454abd47af3a015bf7,alc_label_candidate,1-coins/145_1479427782.jpg,,original=25;predicted=10,4.252431540191079,manual_review_required,pending,,
bce8546e6f316c40c908b4324d0207420af9c479bf2a41dbff3570436c55b704,alc_label_candidate,1-coins/5_1477189332.jpg,,original=5;predicted=25,4.219306044489449,manual_review_required,pending,,
bf46dd757c33c15bc8a902470a51de3d58cc074f781a93e46e95fa866137dbfd,alc_label_candidate,1-coins/105_1479344484.jpg,,original=25;predicted=10,4.196509103725275,manual_review_required,pending,,
997b7b385e248adc294519dcfcc3786bfbfdaf76af6dadbc1abc398f41be412e,alc_label_candidate,1-coins/90_1477856976.jpg,,original=25;predicted=10,4.165730913183773,manual_review_required,pending,,
109e14f87bd93e3d4ed28cf07bf9fb9c16a87e7b19ce9e580c6f6a832760da9e,alc_label_candidate,1-coins/85_1477853952.jpg,,original=25;predicted=10,4.150545945960213,manual_review_required,pending,,
4c621093365a268624b150fe6bb6c6b8a5d0ba318b38cdfc997e642278078bd0,alc_label_candidate,1-coins/55_1477842114.jpg,,original=25;predicted=10,4.115146902641614,manual_review_required,pending,,
9467e16f29e2c7881f94c632a574f29fb0c53f48c12681ab77646534b4bb6d9f,alc_label_candidate,1-coins/25_1477285140.jpg,,original=25;predicted=10,4.094935487077648,manual_review_required,pending,,
0b652495420ed7c16220bdfcf12450adda39c1d0d462c80ee28f0c137d90bd3f,alc_label_candidate,1-coins/25_1477285242.jpg,,original=25;predicted=10,4.015305302115415,manual_review_required,pending,,
e3dad9c1c80399d6efa6bbd7d94fe19220c4a44a3e7b800db3a839d0fc2816e4,alc_label_candidate,1-coins/30_1477787466.jpg,,original=25;predicted=10,3.934045907804296,manual_review_required,pending,,
1c34883427f841f9cb1f4881744246777f4daa30ef94851e2c2d6e62da9e6d13,alc_label_candidate,1-coins/10_1477288506.jpg,,original=10;predicted=25,3.915634691330969,manual_review_required,pending,,
525cb363f999de377981d3bacf1d06efa36f521f204f408a968dc6c40811ec90,alc_label_candidate,1-coins/25_1477285248.jpg,,original=25;predicted=10,3.8004404047255975,manual_review_required,pending,,
c69276ad31e0d503fce7b1cd4176f88cfd63f06164cd4d89f5968eb33bb359e2,alc_label_candidate,1-coins/25_1477154316.jpg,,original=25;predicted=10,3.7994221316901897,manual_review_required,pending,,
20cf5fe4547ae18dfa3fe53cdb6a36c0be23c43784f537577ef10abd6daaf8d8,alc_label_candidate,1-coins/50_1477144932.jpg,,original=50;predicted=10,3.771197353500925,manual_review_required,pending,,
5a7223dde7ba8dbdf3c9f10fccc9d4ab78ddd4dd5751f19268af572542f8e77d,alc_label_candidate,1-coins/10_1477288812.jpg,,original=10;predicted=5,3.744669622318139,manual_review_required,pending,,
47ac3cb1111feec7cb828ec11b5b2f3343907a762e2ea04e267405fbc83c2b77,alc_label_candidate,1-coins/10_1477288668.jpg,,original=10;predicted=5,3.6298342672621753,manual_review_required,pending,,
eb3c954a525cffd59a7744dc89784f7889760408f658694b6d423b48bd24cab5,alc_label_candidate,1-coins/25_1477149558.jpg,,original=25;predicted=10,3.581599475039341,manual_review_required,pending,,
7e2d40aef0e96bcb3263cc5d54b51c943448375b7283c4d9f845a18232916f5e,alc_label_candidate,1-coins/105_1479344562.jpg,,original=25;predicted=10,3.5725722315370243,manual_review_required,pending,,
f13f20f47edf7ee6f92e96f0582c33712fccb5fd238b7878a097ef49fc9217c3,alc_label_candidate,1-coins/90_1477857108.jpg,,original=25;predicted=10,3.5492045500459,manual_review_required,pending,,
187231eff6caec76220662a63113940a766d528eaeb6ebad488ee7975a0e503f,alc_label_candidate,1-coins/10_1477186458.jpg,,original=10;predicted=25,3.535579952302717,manual_review_required,pending,,
9f36ffa9c05cb6526c4956280f53df7f9d065ef91d4c7e4d72b0dcc60bbda54d,alc_label_candidate,1-coins/10_1477288704.jpg,,original=10;predicted=5,3.4973706169482277,manual_review_required,pending,,
03ab8dbe0e868bafeab7095a19eace6f1bdfc5700edc764f5a859a57b051f3c0,alc_label_candidate,1-coins/25_1477286400.jpg,,original=25;predicted=10,3.487073595372428,manual_review_required,pending,,
fe1bcd3538846b9b4488a548ffb98dd2681d5a0bff572f5a02a78613f5d3d894,alc_label_candidate,1-coins/130_1477861998.jpg,,original=25;predicted=10,3.427379831454644,manual_review_required,pending,,
74006864bfd3c3ea46b56bcc585b90f44ab26546b7d2fb4cf8187c87da8b0be4,alc_label_candidate,1-coins/95_1477857330.jpg,,original=25;predicted=10,3.409530102161143,manual_review_required,pending,,
2bed414de0b51a90f13fd2e1406479d4bd1d0379a418e0322dbfedfd7a680c9b,alc_label_candidate,1-coins/145_1479427818.jpg,,original=25;predicted=10,3.400109325046796,manual_review_required,pending,,
bdf890756e9ae6dc6b4a029c30395691081cc9fa556553565c295c51f8ae8588,alc_label_candidate,1-coins/150_1479429522.jpg,,original=25;predicted=10,3.3193778243175727,manual_review_required,pending,,
2ca1caa2e7fbac179272da43e511022de2a707a3619215d072c3cc74ed9881a4,alc_label_candidate,1-coins/25_1477191444.jpg,,original=25;predicted=10,3.3174387371361043,manual_review_required,pending,,
c64d338d421a6122fd331f1089118583a267046f32245f2976625c9efc631b99,alc_label_candidate,1-coins/10_1477288878.jpg,,original=10;predicted=5,3.3148373918111425,manual_review_required,pending,,
a78a8aceccaf04c7a4d6f38ce97ba6420140bd27123392d92a05db85005b00c5,alc_label_candidate,1-coins/5_1477292052.jpg,,original=5;predicted=25,3.272354440488682,manual_review_required,pending,,
abd4209334c10b9d3312c0dee6c3ff03485a750d8ba0fa9979158e1515eadeeb,alc_label_candidate,1-coins/25_1477287006.jpg,,original=25;predicted=10,3.268070653509025,manual_review_required,pending,,
77905f7490a7fa9bb3c32c88659c77b1dbdbd6135507ab4a4e9d4ca30322000f,alc_label_candidate,1-coins/10_1477147428.jpg,,original=10;predicted=25,3.2312618190368747,manual_review_required,pending,,
97a73dac897489c48c49ffe94fcb7d775a36dba40a07d9ad8c44e5cf019f9dfb,alc_label_candidate,1-coins/90_1477856946.jpg,,original=25;predicted=5,3.2098736905417837,manual_review_required,pending,,
3dd0a0abd787690a763a000d0e717052a2ebffbbdb2d3bde14bd6d28130f8c2f,alc_label_candidate,1-coins/10_1477287936.jpg,,original=10;predicted=25,3.1946136607625104,manual_review_required,pending,,
6e9db08fcda8491466b8ef6b0c81d51d0dfe6bb9eec7b5bc35f5f02095038c0e,alc_label_candidate,1-coins/100_1477281498.jpg,,original=100;predicted=25,3.1604531452972946,manual_review_required,pending,,
2f82a788c78a6257c424e7d2d1a4a6d1f0db92963e1e4675fac1bba5617144b6,alc_label_candidate,1-coins/60_1477844742.jpg,,original=25;predicted=10,3.1360450958429555,manual_review_required,pending,,
152f9b905119e774bab2131eab77e308db0cb321c9e620f4b8b039d7762870ea,alc_label_candidate,1-coins/90_1477855830.jpg,,original=25;predicted=10,3.133968644291796,manual_review_required,pending,,
7e49c6c5eafab3a9cac1def01354ca45dcbe9d1180e2818fbee07358ad78b439,alc_label_candidate,1-coins/110_1479346242.jpg,,original=10;predicted=25,3.125064140422981,manual_review_required,pending,,
459a84a713df2e7f657070550ce616efe0fa07012b780ec2f3d675e1a2713e51,alc_label_candidate,1-coins/105_1479344538.jpg,,original=25;predicted=10,3.1182544682333493,manual_review_required,pending,,
d296356a120df4281a087a5ce859ae4cae6d16a14ce536349ea0c7de12fdb91d,alc_label_candidate,1-coins/145_1479428874.jpg,,original=25;predicted=10,3.113687072700261,manual_review_required,pending,,
e745d655eab2c034227bc37c40119d70948ccd36e6ab8d9c0686e967e8707516,alc_label_candidate,1-coins/120_1479351546.jpg,,original=25;predicted=10,3.112282195688427,manual_review_required,pending,,
870f5dc201783c8b89a2aebc5b697c0da048a75408b6d5d3f296cd5ef77501ae,alc_label_candidate,1-coins/100_1477154580.jpg,,original=100;predicted=25,3.0891858228178544,manual_review_required,pending,,
95a3da2040c4685a4209dbc6c0be750b0d702c845fea12ad32f18fe248ce7337,alc_label_candidate,1-coins/25_1477191582.jpg,,original=25;predicted=10,3.0360587766854423,manual_review_required,pending,,
4cedcea32ba082928fb272becbabdd81ab7200a700f0bb18d8c592ef757a8a58,alc_label_candidate,1-coins/55_1477842120.jpg,,original=25;predicted=10,3.0303705869804203,manual_review_required,pending,,
3ab8578304a89e5e4ca5124067498465322c2e39b1e4f93bda3a80c288366a0e,alc_label_candidate,1-coins/25_1477149294.jpg,,original=25;predicted=10,3.009403335288964,manual_review_required,pending,,
2992a27e0505388966cf74da26d99c3bc0bc11309b058c1edf7ccd8ddf2871cb,alc_label_candidate,1-coins/80_1477851654.jpg,,original=25;predicted=10,3.00901845720846,manual_review_required,pending,,
ee24091f785897c826c7bb006cf5f2d0f197d2163c110a0da30e199819a37b4c,alc_label_candidate,1-coins/105_1479344508.jpg,,original=25;predicted=10,3.001239434432141,manual_review_required,pending,,
cf941399873f46ede76665e99d67e7dae104acf6cc4b632cb613de10963d334e,alc_label_candidate,1-coins/25_1477154022.jpg,,original=25;predicted=5,3.0006269107834624,manual_review_required,pending,,
e59894e24da85633a4550fb096c346a69328148e48bbf692916ea248789e0068,alc_label_candidate,1-coins/25_1477285194.jpg,,original=25;predicted=10,2.968413637112248,manual_review_required,pending,,
57edd7c4737928722a64774dd989a021d2c23b176c9a830f145c865b3fae184f,alc_label_candidate,1-coins/10_1477287990.jpg,,original=10;predicted=25,2.95951154778044,manual_review_required,pending,,
bc0635d34d2daf5e1d97089973bf1d124aebbaf965ec6666b10cfb235611f89b,alc_label_candidate,1-coins/105_1479344556.jpg,,original=25;predicted=10,2.9300346855314583,manual_review_required,pending,,
99d6f76fe863ca5b641df284de1d24b62f44dfc3074bfd0c8019507513d2deeb,alc_label_candidate,1-coins/120_1479351552.jpg,,original=25;predicted=10,2.888472913377462,manual_review_required,pending,,
4cc138bc17cfcabf46c930bf132d3f4491758c901224434a5e5ee73d2730550a,alc_label_candidate,1-coins/175_1479423744.jpg,,original=10;predicted=25,2.872975174045368,manual_review_required,pending,,
dad26687515996c8f29a3a1bf7c354286534a5a1ebebbbe654e118b2b2d0b29d,alc_label_candidate,1-coins/145_1479428928.jpg,,original=25;predicted=10,2.872142762395968,manual_review_required,pending,,
f5f38f665d3fbe0bf80f9d94309c43b93e18af1685bd8ed6740399bed7abe6b3,alc_label_candidate,1-coins/120_1479351474.jpg,,original=25;predicted=10,2.8440527268270275,manual_review_required,pending,,
db0478e9ea3d13445dda116b6c1d20b4365f226bc38d2c56066c74f43826932b,alc_label_candidate,1-coins/150_1477864416.jpg,,original=25;predicted=10,2.832165804337291,manual_review_required,pending,,
f64b99ce3467c66631f5b070ae916f8a9fe2aba75af48e8e9477633ac493b8ee,alc_label_candidate,1-coins/85_1477853946.jpg,,original=25;predicted=10,2.828806903877057,manual_review_required,pending,,
c1e6b4e39992a083aadb8adca94d497e99b3189b3066ad7008d9378f006d3428,alc_label_candidate,1-coins/110_1479345636.jpg,,original=25;predicted=10,2.8268517215055264,manual_review_required,pending,,
c39bfadc19b632369a6e897d1b9065c1a901c0eafba9068a105f6d8e12157d0c,alc_label_candidate,1-coins/5_1477291164.jpg,,original=5;predicted=25,2.8264333435564013,manual_review_required,pending,,
98665f6db95230fc78c0bc19c302165a367da4b7d96f1b835f265af4bdc480b3,alc_label_candidate,1-coins/35_1477789656.jpg,,original=10;predicted=25,2.7964925192647754,manual_review_required,pending,,
a5b94491b5009abe361c301d05ec7911a7e1d04fab8598607c737ba9b9739679,alc_label_candidate,1-coins/175_1479423732.jpg,,original=10;predicted=25,2.786792430580665,manual_review_required,pending,,
f9e8503ecc44c9c12a754fe86bab726fcec1c38bfc2f2d2dc0e3d947a8268511,alc_label_candidate,1-coins/25_1477191438.jpg,,original=25;predicted=10,2.7766735359851444,manual_review_required,pending,,
a61e44a16e051f4f554d0e88d278041e3fc39f185bc8ae6f8891d6cad1bb48f6,alc_label_candidate,1-coins/85_1477852908.jpg,,original=25;predicted=10,2.775657975845602,manual_review_required,pending,,
59a98232ae7e6b486c4e18a9f5a494c993b94fc0df34d87a7a4b11a22ca1dabd,alc_label_candidate,1-coins/120_1479351318.jpg,,original=10;predicted=25,2.756638436875741,manual_review_required,pending,,
58f8ce58a7bdd5609cbe10c83523931b428e3228904b5b716b84018d63c86eee,alc_label_candidate,1-coins/105_1479344592.jpg,,original=25;predicted=10,2.7397899088807547,manual_review_required,pending,,
0fdc7f114ee74068a4cbab6155872bba829448358a668bc2e784cb43f94a2e92,alc_label_candidate,1-coins/120_1479351594.jpg,,original=10;predicted=25,2.732787239936147,manual_review_required,pending,,
7e53c577691ddc3b7049f5f6e203094f1f1d986567a9cf085497a9ce4482fd7c,alc_label_candidate,1-coins/110_1479345672.jpg,,original=25;predicted=10,2.72634275993032,manual_review_required,pending,,
a277c3b3a123c052a8e71f92b5220945dd0e079d66af399b14a8203c527a622b,alc_label_candidate,1-coins/125_1479424692.jpg,,original=10;predicted=25,2.716894903781868,manual_review_required,pending,,
d8ef381101d263e92fa47550a2f7ebb013c3ef49a34184b4cb0414eae5e83107,alc_label_candidate,1-coins/85_1477853892.jpg,,original=25;predicted=5,2.697741002500336,manual_review_required,pending,,
f3cc335554345d0f4c8fd6d1a108e7439f7fa170ab96571bb5feae5da9bbf78f,alc_label_candidate,1-coins/100_1477858626.jpg,,original=25;predicted=10,2.6949744520992294,manual_review_required,pending,,
b29c80f3b0283bd2fed25588a4b53aeac69bcf1d2046924b953f1b608d85ad86,alc_label_candidate,1-coins/175_1479423732.jpg,,original=10;predicted=25,2.67643885739549,manual_review_required,pending,,
5c489212d175e13722bd7ebf56c25dc91fcf9231cc1bf179d17118bf15dcf8a8,alc_label_candidate,1-coins/55_1477842048.jpg,,original=25;predicted=10,2.671561202931975,manual_review_required,pending,,
6fa71ac873bb4d7ba5e328b868bf4fcf6c2a3d5b819e64382502edefc34bf8e7,alc_label_candidate,1-coins/5_1477291308.jpg,,original=5;predicted=25,2.6517096310031887,manual_review_required,pending,,
8fecb205a1a5191fcd3d1906b47281bc2600636066a0948b2331278d90d34b20,alc_label_candidate,1-coins/5_1477291998.jpg,,original=5;predicted=25,2.6298557995459158,manual_review_required,pending,,
509dd1f8fd14e3d50a32595619a0b28f0e5ff847c90a110fbc22264ea41a3e11,alc_label_candidate,1-coins/105_1479344472.jpg,,original=25;predicted=10,2.6191547125193653,manual_review_required,pending,,
b154a60ac4c727ebf7c50e5c81733ea5a1887293deb93058f5b69329c6f1213d,alc_label_candidate,1-coins/30_1477787532.jpg,,original=25;predicted=10,2.598398770894258,manual_review_required,pending,,
71c2a5c7942e7eb6c90172536f6feac3b0a071b5c80ba36d212f48eb5be9c261,alc_label_candidate,1-coins/10_1477288716.jpg,,original=10;predicted=5,2.596204401884321,manual_review_required,pending,,
dd2e17320ac34a79c72f3cf58b72edd721c29d920e401eba2e243ca54aa6c0b8,alc_label_candidate,1-coins/5_1477189362.jpg,,original=5;predicted=25,2.593022874272664,manual_review_required,pending,,
37c98170c83a6273ddd5565412287af01a198c1469c60e937b12bf96ffc479ea,alc_label_candidate,1-coins/25_1477191360.jpg,,original=25;predicted=5,2.576604894705745,manual_review_required,pending,,
a27fa8e9cc49576702e1f30a16f7681a12720e8b20d63088389d59b588c9c458,alc_label_candidate,1-coins/110_1479346284.jpg,,original=25;predicted=10,2.5426476507308093,manual_review_required,pending,,
8060a347c7ffa1e47bdb865b188bb237a2a6b820a1664827f7799a0f6396b8f1,alc_label_candidate,1-coins/95_1477857336.jpg,,original=25;predicted=10,2.536270391209053,manual_review_required,pending,,
67e9cb1f219e413f76fa796abefbcc7ed53e5e669c7aac51957f9c721587ce0a,alc_label_candidate,1-coins/5_1477189356.jpg,,original=5;predicted=25,2.527296750728107,manual_review_required,pending,,
a5a880646f913a319b8f6c7aae7cb5e4445eaee760508c3894a4e28e40d53ba0,alc_label_candidate,1-coins/25_1477154274.jpg,,original=25;predicted=10,2.520508098824787,manual_review_required,pending,,
ca5a58e1a75d98cf30beee9d28ed49e33680c748a8a844c9b14d246e883ac3d8,alc_label_candidate,1-coins/60_1477843968.jpg,,original=50;predicted=10,2.5025360851020264,manual_review_required,pending,,
71c07ba80723914cda558119b6e9a3b79ffd0fceb64d71615fd466cb55c71f19,alc_label_candidate,1-coins/5_1477156770.jpg,,original=5;predicted=25,2.490294841402104,manual_review_required,pending,,
a2e95eaff8b54a13973adbf1c1a685813fbece45a1c81a5ea8185503318e3e48,alc_label_candidate,1-coins/25_1477191588.jpg,,original=25;predicted=10,2.4823379200040248,manual_review_required,pending,,
a9bbceff92a40f1c59ab50b3007ba9c22dd3e232a9f4f56be1aa721e4e6ea9f2,alc_label_candidate,1-coins/75_1477850544.jpg,,original=10;predicted=25,2.481142083354196,manual_review_required,pending,,
09908e3541006ef4fd73a27d9db17cbff31fd33d2d99a266c1edb9f873083aeb,alc_label_candidate,1-coins/85_1477852056.jpg,,original=5;predicted=25,2.480907656400661,manual_review_required,pending,,
65a0f297e2736750946537cd12582d9a8c745c36b4e26f6e22ed6f2ce0233d5f,alc_label_candidate,1-coins/55_1477842036.jpg,,original=25;predicted=10,2.4692919024410243,manual_review_required,pending,,
523ab0506c9a6aa0bf3a50fc62c7a816daa5b696aa730f2a3a5f5e1b2a4f51dc,alc_label_candidate,1-coins/10_1477288380.jpg,,original=10;predicted=25,2.4661840810103923,manual_review_required,pending,,
2e9940bc3e5d601487f8d101c75e4825530c1c3e70c6a7039cbf4800a6cdd40e,alc_label_candidate,1-coins/55_1477838886.jpg,,original=25;predicted=10,2.459327946969302,manual_review_required,pending,,
dd5aaea92d115acf47c6ae66e49958597a90596b6a26d3b691726f7b2a012dc0,alc_label_candidate,1-coins/150_1479429516.jpg,,original=25;predicted=10,2.4135531651600903,manual_review_required,pending,,
5ef638c1cbb512d199ae3691b03d057691079c890d924c0c3012559bf8408c93,alc_label_candidate,1-coins/5_1477292058.jpg,,original=5;predicted=25,2.3909689306657493,manual_review_required,pending,,
30e365b78d10f6ac91ceafb392d740b49c5e61ee16c5f2de3fed99c03c2edf2c,alc_label_candidate,1-coins/90_1477856982.jpg,,original=25;predicted=10,2.3755210113805227,manual_review_required,pending,,
abb56a2e0e596b8d80813f3a908f11af7307fde042255046bdac7ac631031f9d,alc_label_candidate,1-coins/10_1477288458.jpg,,original=10;predicted=25,2.343548564972904,manual_review_required,pending,,
ec8bb58019294f18110d249f915af531157cf01ccdffc164524d56afaf9470f0,alc_label_candidate,1-coins/145_1479427902.jpg,,original=25;predicted=10,2.3326694889218977,manual_review_required,pending,,
19e95a3fb2571bcf86376870b871375b56dce4e359f6e21134e8162933b5be55,alc_label_candidate,1-coins/90_1477855788.jpg,,original=25;predicted=10,2.3238530111604,manual_review_required,pending,,
a3cccfe04b46d3d051611cb97b43d2104d95b1559e33ae9cf6ab62b6d6f3494d,alc_label_candidate,1-coins/5_1477290960.jpg,,original=5;predicted=25,2.323130087947247,manual_review_required,pending,,
8f0b754c41d270b2102f291eb13c9cb64bdc93058314e5cf469b2d505bb100dc,alc_label_candidate,1-coins/25_1477191306.jpg,,original=25;predicted=5,2.312159998049161,manual_review_required,pending,,
2c177770430600b485182f703c17f08722ca74d8db41aa751511dc7d8c5b52b0,alc_label_candidate,1-coins/5_1477291110.jpg,,original=5;predicted=25,2.2822662072396573,manual_review_required,pending,,
bcb6fe956ee25dd512f77febedee0e41fa17cb89f7aaf3871c60538a353b4d80,alc_label_candidate,1-coins/10_1477787694.jpg,,original=5;predicted=25,2.278263860465811,manual_review_required,pending,,
a4752867c7d8300cdbda820302d7655d56ff002e7cc282229f8e28d21c0a385d,alc_label_candidate,1-coins/5_1477290966.jpg,,original=5;predicted=25,2.261543237177949,manual_review_required,pending,,
490570174c6b1c77b28678b3234a9a158a4480841a9f503c3f9dd863f3ae9329,alc_label_candidate,1-coins/10_1477288710.jpg,,original=10;predicted=5,2.248669370080828,manual_review_required,pending,,
6f3d2f921bac3057624a3d71a66c111f7a22e66e66ac371b580e016791738140,alc_label_candidate,1-coins/25_1477191762.jpg,,original=25;predicted=10,2.247307240472233,manual_review_required,pending,,
400ecbae7e29de1be093e77d888eed554c51779803dc63a5fad59e9540fde26c,alc_label_candidate,1-coins/90_1477855782.jpg,,original=25;predicted=10,2.2472236422316256,manual_review_required,pending,,
8480b0d0c9c070cac8f3a78e8b94ba9aa919b18d6f6c6475bf097d49664234c5,alc_label_candidate,1-coins/90_1477855542.jpg,,original=25;predicted=10,2.2324409677098926,manual_review_required,pending,,
5929baf45083f107f31ea97a2f84115e2887997d068d3e87a1dd204634433593,alc_label_candidate,1-coins/120_1479351558.jpg,,original=25;predicted=10,2.2298869239089525,manual_review_required,pending,,
3be35da900472c7be3693bc3873a8168312ea30bb1f904876c61e271513e27ea,alc_label_candidate,1-coins/5_1477292100.jpg,,original=5;predicted=25,2.213475579685242,manual_review_required,pending,,
4a59205409af543cad043c889f0195912408c75cedd3da372115429f0ad0e28f,alc_label_candidate,1-coins/150_1479430350.jpg,,original=25;predicted=5,2.2047237712775694,manual_review_required,pending,,
f4776b0f58e1224b0db51252471a2a5a2e3bdd81aef3ba3a184f5e8fcbdff00f,alc_label_candidate,1-coins/105_1479344550.jpg,,original=25;predicted=10,2.201411140844486,manual_review_required,pending,,
2e8d6cf79277a3c5c439b915cd205e6ef56d939272fa7e6ed0c05f25161f7145,alc_label_candidate,1-coins/55_1477842066.jpg,,original=25;predicted=10,2.1998481808269434,manual_review_required,pending,,
803d7e07a5b5cc89c59fc4d8b8d0f29e474c73d5b5f9b0d4e481b41da884265b,alc_label_candidate,1-coins/20_1477788930.jpg,,original=10;predicted=25,2.195778966025438,manual_review_required,pending,,
dee1b003a17751f10ff04460d2eff287d733044daed1b62d71075c7118e5d9e8,alc_label_candidate,1-coins/105_1479345234.jpg,,original=25;predicted=10,2.191441299150731,manual_review_required,pending,,
7754158fe9aa3abb6972fbe5fe8c569e7b8433c7965d2d6452d1377d4ee139ab,alc_label_candidate,1-coins/135_1479426024.jpg,,original=10;predicted=25,2.18658411586413,manual_review_required,pending,,
ef7ccdd6bf121e65898d7fec0a9be93e28e80f67f697e7c78cef6327d638dc80,alc_label_candidate,1-coins/55_1477842078.jpg,,original=25;predicted=10,2.1824588327864705,manual_review_required,pending,,
7a3675fb98bba29ae74343aa1b62e4fddf52dd6823755aa02b907d7cd5d37df8,alc_label_candidate,1-coins/5_1477291032.jpg,,original=5;predicted=25,2.159192511776696,manual_review_required,pending,,
f1b81fbffa34ebd38c9b9bcc0d32d538678f461cd396dfd360d5a330df9fc85e,alc_label_candidate,1-coins/45_1477835964.jpg,,original=10;predicted=5,2.1590491762699964,manual_review_required,pending,,
4105e617be5234f1d7de6a811be83c9e9fc68d14fcce082b3723f839b66e13bb,alc_label_candidate,1-coins/10_1477287972.jpg,,original=10;predicted=25,2.12634065566486,manual_review_required,pending,,
fb61b5dc522eaa5cb3b127af35e161667b292d390022b45254d23c0ea6c2b278,alc_label_candidate,1-coins/105_1479345312.jpg,,original=25;predicted=10,2.121534543195583,manual_review_required,pending,,
b065a97658166c8e3fe4ba094f56811accc7faa64701a6c5d37316b672dbfba2,alc_label_candidate,1-coins/120_1479422964.jpg,,original=10;predicted=25,2.114576732945788,manual_review_required,pending,,
d2ea03d747d61aea4058ae07b673d5a993c59fe2e413f7a7ad7406cec50f830c,alc_label_candidate,1-coins/90_1477857096.jpg,,original=25;predicted=10,2.114360845907957,manual_review_required,pending,,
af4c04c1c09061815d5493bd276f4a07574ce61a15fa55141af9ce3591754631,alc_label_candidate,1-coins/10_1477147458.jpg,,original=10;predicted=5,2.1118712330215947,manual_review_required,pending,,
4e82ba8c32abaa11f87dab2a7d43f822315abed358fa903421f5cae35426c7fc,alc_label_candidate,1-coins/105_1479344466.jpg,,original=25;predicted=10,2.108797246118089,manual_review_required,pending,,
71588ea8439fd6696205f2922b4b9c21fa01501700fc349f01afb5a8c9109665,alc_label_candidate,1-coins/25_1477286250.jpg,,original=25;predicted=10,2.0803645294893403,manual_review_required,pending,,
dc566f05035b92791d8852941e68b246799fb54be05fcd1955cae00de29cfe4d,alc_label_candidate,1-coins/10_1477289370.jpg,,original=10;predicted=25,2.079218285801627,manual_review_required,pending,,
92950135dfd3d4085f84a2fced31c44225ebf60e91ffc22f7f48f28a79a24ac2,alc_label_candidate,1-coins/145_1479428976.jpg,,original=25;predicted=10,2.0748090035488973,manual_review_required,pending,,
5238532bfc16265d937ec5404a09483b095d3fc137201b805aaea371dab2d1f8,alc_label_candidate,1-coins/55_1477838922.jpg,,original=25;predicted=10,2.0715830671800286,manual_review_required,pending,,
aaf0cc564890face59064966a1a22bfc4340b9cbbe834850de5a90bd86930b1c,alc_label_candidate,1-coins/105_1479344586.jpg,,original=25;predicted=10,2.063270960084201,manual_review_required,pending,,
be5c1f95696d5824adb66bc181bf4809c26ef5add8cebe012f1ce03d1f82695a,alc_label_candidate,1-coins/105_1479345372.jpg,,original=25;predicted=10,2.0546222923637667,manual_review_required,pending,,
c719fb974922e007e19bbf543e52531e6ef42cc51049569616731fd7ea3f5936,alc_label_candidate,1-coins/25_1477286124.jpg,,original=25;predicted=10,2.0453033533118914,manual_review_required,pending,,
fc8cbfbcb604d9bd0d3d31e58cf1dee75251f090b86a71d8e0bd331b4e967c48,alc_label_candidate,1-coins/25_1477149546.jpg,,original=25;predicted=10,2.035376496293119,manual_review_required,pending,,
c9d1d82cb7f2c7e11c1252d12799bf09d5fa6e8add26462cf6887a514cfacf87,alc_label_candidate,1-coins/60_1477844820.jpg,,original=25;predicted=10,2.0291787621499173,manual_review_required,pending,,
c4333bc9b0c42178d9aaaa98152222ec608128378119122a20fed464dadd97f2,alc_label_candidate,1-coins/25_1477149540.jpg,,original=25;predicted=10,2.025704273212604,manual_review_required,pending,,
937581136c14c5279ad47296593df3a2f6ab9f99ab123e44022e1ca2a119867b,alc_label_candidate,1-coins/85_1477853916.jpg,,original=25;predicted=10,2.012765089649887,manual_review_required,pending,,
19f9a96c23edc599fad783d85acdfc920aa5e07a08148eef59f7dd4f4bd7b36f,alc_label_candidate,1-coins/25_1477285656.jpg,,original=25;predicted=10,2.007384136442404,manual_review_required,pending,,
9214b277e7eeaf1db67a907eb1279b152233c1423cb9e9ccf874f8e7a4c93fd7,alc_label_candidate,1-coins/115_1479350634.jpg,,original=10;predicted=25,2.000096793645334,manual_review_required,pending,,
04a5bf5ea4c9b84a72843774935b1ea68d0eb37f1157d8f52e53fb36514ddf9d,alc_label_candidate,1-coins/50_1477144566.jpg,,original=50;predicted=10,1.99768335472486,manual_review_required,pending,,
1dd6c7f0ffdb35fd348bb7a079023c0834254e8962bcc6ac917ee2c106db4bdc,alc_label_candidate,1-coins/110_1479345630.jpg,,original=25;predicted=10,1.983146270481742,manual_review_required,pending,,
3cd59ce9cb0157f3c921627df393b47037833dae78a843f80a45cccadec0b5ae,alc_label_candidate,1-coins/55_1477839204.jpg,,original=25;predicted=10,1.96227413039168,manual_review_required,pending,,
f0f490094873a87d8ee44a6d2dac27f1b839dfea04d68e5583e4e14672ffd4e3,alc_label_candidate,1-coins/45_1477835958.jpg,,original=5;predicted=10,1.9600177869739888,manual_review_required,pending,,
a9c1d930f0d7130b0ccefc1cae7cf8ad9d70dbcdc6d5904695da6339c3b37eeb,alc_label_candidate,1-coins/110_1479345708.jpg,,original=25;predicted=10,1.956040335816986,manual_review_required,pending,,
342893a7065bbd8fab6cbf7eef12af456e877eaf26b483aa12d38c5e21a97839,alc_label_candidate,1-coins/5_1477189482.jpg,,original=5;predicted=25,1.951885999278247,manual_review_required,pending,,
0b37d0fdad6b09f3b7f1963b0c655973667c5dd024ae578e8cbd5d38b0ac8b55,alc_label_candidate,1-coins/55_1477842030.jpg,,original=25;predicted=10,1.947756679216846,manual_review_required,pending,,
c5ce0bf5d809d9407c4c5b1f6858160a810caa8e4b61581eaf2cb1576ff34b23,alc_label_candidate,1-coins/55_1477842126.jpg,,original=10;predicted=25,1.942297459046372,manual_review_required,pending,,
1b25dc1ccbaca0b74b503d3149a39d9e2d5449b23935fb42d71a6096445ced95,alc_label_candidate,1-coins/85_1477852896.jpg,,original=25;predicted=10,1.9360114518886675,manual_review_required,pending,,
be87d631e14679875eef7a4341f43a097fb5c9fe867f7281101bf2cbf7999548,alc_label_candidate,1-coins/100_1477858644.jpg,,original=25;predicted=10,1.9194696587201228,manual_review_required,pending,,
a0b0a6b28d305ab05305ae96fa44799ee0b361f6b49e308b0c792babe52891cb,alc_label_candidate,1-coins/105_1479344694.jpg,,original=10;predicted=25,1.9171661690678357,manual_review_required,pending,,
347d15181550bd9c25f21cefe5e31eabe6b5add8596e30eca828da83d03af035,alc_label_candidate,1-coins/5_1477290984.jpg,,original=5;predicted=25,1.914713083818503,manual_review_required,pending,,
4ec730cd0b876ae340746000509afc3a945b1f912d8abbb5f19850e55b74a2c0,alc_label_candidate,1-coins/25_1477286376.jpg,,original=25;predicted=10,1.8990204280952985,manual_review_required,pending,,
43b4b7be98cfbd74245981a658b4973d3f22d46f783f6d5ad7b442fffc74a550,alc_label_candidate,1-coins/105_1479344460.jpg,,original=25;predicted=10,1.896471724587636,manual_review_required,pending,,
d7549686e5581fae7e8c9b7f4fff005e94afe84e54e9ed89831f35e492c02a69,alc_label_candidate,1-coins/5_1477292118.jpg,,original=5;predicted=25,1.8876732777610563,manual_review_required,pending,,
529feecf7db1025780172a3f4bcad07a83f7a1e6b590e4bdfd8bcb9afd015480,alc_label_candidate,1-coins/10_1477288134.jpg,,original=10;predicted=100,1.8688633281495672,manual_review_required,pending,,
f78f7dd20552db4be798f0ecd6adb8b7cbae820f4cb4278b8bc6cd4b671d4f09,alc_label_candidate,1-coins/90_1477856946.jpg,,original=25;predicted=5,1.860788186926504,manual_review_required,pending,,
04dbd56fb85f7efd9004d220299c439d302452cc5003a59b92e34537205ea394,alc_label_candidate,1-coins/5_1477292082.jpg,,original=5;predicted=25,1.8570109563621016,manual_review_required,pending,,
07546ad440a5af66465475cc9f7a3608ca69c0cd13a74537df258728a0f64d68,alc_label_candidate,1-coins/105_1479344502.jpg,,original=25;predicted=10,1.8548529242916847,manual_review_required,pending,,
64ed34e8d7023fc7a188c8f75be92a88910b2bc49438a644ff6d77226f4dc82f,alc_label_candidate,1-coins/70_1477846764.jpg,,original=10;predicted=25,1.853843204444476,manual_review_required,pending,,
01bad48d3940cd5e371ed48f78657b7e89512445ce87e8760459506551832181,alc_label_candidate,1-coins/55_1477839300.jpg,,original=25;predicted=10,1.8533701808483445,manual_review_required,pending,,
e4e288e14ccc093590b502860758c494e39e3b258c864d95e0a61ebc6e7863ea,alc_label_candidate,1-coins/10_1477288800.jpg,,original=10;predicted=25,1.8490416815638693,manual_review_required,pending,,
e55f91378010d8ac4734edfba9305409c58aae463ab410b7334b43fee37f8d80,alc_label_candidate,1-coins/145_1479428982.jpg,,original=25;predicted=10,1.8402935619254757,manual_review_required,pending,,
a5e8918cf7d45230a39aff10d7e460fd36f690b411055a494ec12540bb301923,alc_label_candidate,1-coins/10_1477287966.jpg,,original=10;predicted=25,1.822346628745248,manual_review_required,pending,,
bbb3560ba413b5c104430028dae6456d1726061e12702e762b829b8449369803,alc_label_candidate,1-coins/75_1477850394.jpg,,original=10;predicted=25,1.813813971596132,manual_review_required,pending,,
c113b1753a70803e57691e444414a7ae1a72ff25280922ebcc2dc0f9b970b331,alc_label_candidate,1-coins/55_1477842102.jpg,,original=25;predicted=10,1.8109259013493133,manual_review_required,pending,,
174c0a7156e5ccb28c3889382ae667339ba299afd32c910604d8d9b00fa3bdaa,alc_label_candidate,1-coins/120_1479351372.jpg,,original=10;predicted=25,1.8067126696667264,manual_review_required,pending,,
ef727a55f7f1d88fdb9a8b532011c593c61402b95768827c8d3aaaed6100c89b,alc_label_candidate,1-coins/90_1477857054.jpg,,original=25;predicted=10,1.8015513269116936,manual_review_required,pending,,
6137c74ddee155fbe9095c84266991e5eec7ae5f82cda8f7b04bd1701a97951f,alc_label_candidate,1-coins/145_1479428856.jpg,,original=25;predicted=10,1.797374033746506,manual_review_required,pending,,
38d7ea53f38b78d9e936574c7f3817b14e152ad6613c925d42b104d9d4504bf9,alc_label_candidate,1-coins/105_1479344496.jpg,,original=25;predicted=10,1.7914392823685288,manual_review_required,pending,,
3556483b5f8ef0a5d8f988145485e94a7ca7aca320397d8c54f41779e874a04d,alc_label_candidate,1-coins/85_1477853934.jpg,,original=25;predicted=10,1.7814532189028112,manual_review_required,pending,,
7f6d63c0eccb320167dd1060aea071be524713bb4d028c140fed41f8992966fb,alc_label_candidate,1-coins/45_1477835598.jpg,,original=10;predicted=25,1.781249821355399,manual_review_required,pending,,
0ef5d6d2b3ad51456f374c4dd65e6e3bc60a121a935b045d18f818b53f8b18a9,alc_label_candidate,1-coins/25_1477192002.jpg,,original=25;predicted=10,1.777994297889444,manual_review_required,pending,,
8ec88c5382a58e0c8c655b614443bf2e8e2d0e713636e12c3c5a9e0001e67283,alc_label_candidate,1-coins/5_1477291260.jpg,,original=5;predicted=25,1.77780318561144,manual_review_required,pending,,
d891586610e3c7c70b3c0057653f563bc7382d018b245957d04b252350540eb3,alc_label_candidate,1-coins/65_1477845996.jpg,,original=10;predicted=25,1.769015483296583,manual_review_required,pending,,
d16906dc0f279dc4278bed8049d279b88787c5d23b7106e4242be8002c2e1732,alc_label_candidate,1-coins/80_1477850868.jpg,,original=10;predicted=25,1.7676807262691858,manual_review_required,pending,,
55a959a130635f82e94942cde5cd858794191999f685dc29bacdfa69a1711652,alc_label_candidate,1-coins/115_1479350556.jpg,,original=10;predicted=25,1.7642678434956651,manual_review_required,pending,,
e93163fc1cd8459fb29e0070476c53c740f3b15229b142b86dc80aeb7963e31c,alc_label_candidate,1-coins/115_1479347616.jpg,,original=10;predicted=5,1.759895518525892,manual_review_required,pending,,
a8214d13a69ffb00817d812a3abcf3266db10975e84635a7c2ca681d0c520a7f,alc_label_candidate,1-coins/5_1477291278.jpg,,original=5;predicted=25,1.7520867104177469,manual_review_required,pending,,
7817a5c2534e03e38dadcf2e135d2af664748b807756f466995dc9cff06e476b,alc_label_candidate,1-coins/55_1477838946.jpg,,original=10;predicted=25,1.7448099874974186,manual_review_required,pending,,
dfe7ce02d94197e2771f1a060db306c43ad262aef6c4823826f2ac770f3e148d,alc_label_candidate,1-coins/60_1477844910.jpg,,original=10;predicted=25,1.7255301478273406,manual_review_required,pending,,
f2250ac06c5fdd5e0d00e65858fe87a6db59b00639ddd12ea51bbe7aee02bed3,alc_label_candidate,1-coins/45_1477835646.jpg,,original=25;predicted=10,1.7215027855701692,manual_review_required,pending,,
7938d00c5eaef00fd769e338a15e388cdbb7229f16a4a403510275a61df30423,alc_label_candidate,1-coins/25_1477285200.jpg,,original=25;predicted=10,1.7173887259642229,manual_review_required,pending,,
565a5b0c6592584f80318fa5a6dbf7a2a3640c6888289cfe0b821cafbd56281a,alc_label_candidate,1-coins/145_1479428892.jpg,,original=25;predicted=10,1.715078413474313,manual_review_required,pending,,
84eafb1d6e4ebcbd8cd9b3966ee65b0602d36cfa6d3bd2c38bae826947b4f4c9,alc_label_candidate,1-coins/5_1477291038.jpg,,original=5;predicted=25,1.712562416894099,manual_review_required,pending,,
0e1ec6f48d6d68710711652aa1a8ff1eb47ab887732a0e771ba886459221a5f6,alc_label_candidate,1-coins/120_1479422982.jpg,,original=10;predicted=25,1.710265656809388,manual_review_required,pending,,
21a54295a06823a126a201e968dae3ff19dbdf079d4fa7d72fce45509658bf71,alc_label_candidate,1-coins/25_1477286418.jpg,,original=25;predicted=10,1.7033665412733727,manual_review_required,pending,,
a1f066ddc13bf050d052bd6a6c543bb4cde2b5c58e75922db1e2c81792fe7a73,alc_label_candidate,1-coins/25_1477286322.jpg,,original=25;predicted=10,1.6998458400672551,manual_review_required,pending,,
56360f2fb7f775565e143059a36c3d0808e4305719e1b27e5ce6d2f067e0ce26,alc_label_candidate,1-coins/5_1477291272.jpg,,original=5;predicted=25,1.6727293736979223,manual_review_required,pending,,
8f4d00b836c0134f8b2808a353464cb527f0b13ba1681cefd6b3de87870959ed,alc_label_candidate,1-coins/100_1477858704.jpg,,original=10;predicted=25,1.6697473301182677,manual_review_required,pending,,
cb2d8e891fe3afe6623520e0229b2da781521ff35c44afb1882966f61d9843fe,alc_label_candidate,1-coins/100_1477195020.jpg,,original=100;predicted=25,1.6684811225527485,manual_review_required,pending,,
e10c5c9fab49f6eef588ba27e3f44bc06c4fe1d129e31b4232a73c40199cd128,alc_label_candidate,1-coins/90_1477857102.jpg,,original=25;predicted=10,1.667701694686118,manual_review_required,pending,,
1b6027f9f86032d0469d3acaa71459bee63e3cef9ee5360e9774de8d516ce2f8,alc_label_candidate,1-coins/145_1479427788.jpg,,original=25;predicted=10,1.6650187520023096,manual_review_required,pending,,
02a29ecfe7a652dafd622d04f0b5882d4307e2ae22618a879fea437f8266e43a,alc_label_candidate,1-coins/105_1479344436.jpg,,original=25;predicted=10,1.6606261717774902,manual_review_required,pending,,
e687e0366f5fb4fbde428e44922ca552f509df7e68e5d26f09721d706e19498c,alc_label_candidate,1-coins/115_1479350646.jpg,,original=10;predicted=25,1.6576171462729172,manual_review_required,pending,,
a5d7379fc77646c705f86d9db246b29940a64614b0e3bc11743698b5e6a68b45,alc_label_candidate,1-coins/10_1477288398.jpg,,original=10;predicted=5,1.65728950288857,manual_review_required,pending,,
9788661bee80f904081210311a17945ae9d4c87d5dbd7e2e187e83116cea9f95,alc_label_candidate,1-coins/10_1477289274.jpg,,original=10;predicted=25,1.6566593680144044,manual_review_required,pending,,
7b60ef88b8c5270e9e3432a436d9bd9fd76f97413a478a686aba2800e284c22b,alc_label_candidate,1-coins/150_1479430050.jpg,,original=10;predicted=25,1.6562524995027308,manual_review_required,pending,,
51161092a0ab3bcc7d08bc94d05f5c86d59b3c7d0806f5ecd27043b7993c29ee,alc_label_candidate,1-coins/80_1477851798.jpg,,original=25;predicted=10,1.6537692741464416,manual_review_required,pending,,
d4a87b9a2e2159dc92956ba008bf257e686dda810eca18caff462d259b1620e3,alc_label_candidate,1-coins/120_1479351576.jpg,,original=25;predicted=10,1.6415742936165938,manual_review_required,pending,,
869405cf310d7764e5142f296c8c0ee3e23ff6fa0850f572fe04ed36e5051c9a,alc_label_candidate,1-coins/110_1479345642.jpg,,original=25;predicted=10,1.6339707367421803,manual_review_required,pending,,
f180f3a6fee00cfa1e523b6af1554d577017e97fef74973b4443e7f7a643fd55,alc_label_candidate,1-coins/60_1477844904.jpg,,original=25;predicted=10,1.6308727489114938,manual_review_required,pending,,
efb81e85920f8ae7163158a256ac01d3188881fb16f8530b43f1c6673f91d2fb,alc_label_candidate,1-coins/10_1477288872.jpg,,original=10;predicted=5,1.6240979262594313,manual_review_required,pending,,
6de01cb64bac88991861dd7a091313313ff1b39b15af16ab2620f2daa3c44ff9,alc_label_candidate,1-coins/55_1477842348.jpg,,original=10;predicted=25,1.6223293291600809,manual_review_required,pending,,
ddb7c936029c620d3aeaf5048decb2764f77a70e37fa1f4d8d237c6bf0895919,alc_label_candidate,1-coins/65_1477846506.jpg,,original=10;predicted=25,1.620293668700469,manual_review_required,pending,,
5fe5b373b083d6c1bc88698f3e9e00331b14d6a1e7db9b88bb862f27bed39eda,alc_label_candidate,1-coins/120_1479351564.jpg,,original=25;predicted=10,1.60697993008705,manual_review_required,pending,,
70d18c22a1f1fb0765cf09c7ef8d3fb611e4fb8cc9302073cd1364a3efe63edd,alc_label_candidate,1-coins/150_1477864518.jpg,,original=25;predicted=10,1.603902282186761,manual_review_required,pending,,
5009995b720d0b4e52325ade5dc122d3d3d95534b41ba95ddfe430d08721a6f5,alc_label_candidate,1-coins/100_1477858704.jpg,,original=50;predicted=25,1.6028523373657204,manual_review_required,pending,,
b3204bf9d9edfb826bfc3175634d5a44eb4f8aeabfeb8de9755a0682a0f0eca6,alc_label_candidate,1-coins/105_1479345318.jpg,,original=25;predicted=10,1.5992725972739272,manual_review_required,pending,,
6c8ea924f27f6c73eba9e95f7ba91216990e37f6549afb1868a5f89eeb67d683,alc_label_candidate,1-coins/145_1479428934.jpg,,original=25;predicted=10,1.5985974147077044,manual_review_required,pending,,
b84f40c580508aa66836e8ef74951da00a958424697fa2ac5e1282e8f0651232,alc_label_candidate,1-coins/145_1479428976.jpg,,original=25;predicted=10,1.5974966639836468,manual_review_required,pending,,
538554e89fcf7a11d165407ae4a248bb1c4b611946050d2f735f071ed579aaef,alc_label_candidate,1-coins/105_1479344790.jpg,,original=10;predicted=25,1.5958203141192355,manual_review_required,pending,,
d282aa86c468dfddb8c66e5cf3d3f66bebca2c8c4133f41312ef0d654eaa17bd,alc_label_candidate,1-coins/105_1479344568.jpg,,original=25;predicted=10,1.595568409524649,manual_review_required,pending,,
5742b5153c6484803d6c1c4c84a702f8aea0a83d70f4d63b8ba69806acf33940,alc_label_candidate,1-coins/10_1477288428.jpg,,original=10;predicted=25,1.579927514382293,manual_review_required,pending,,
d8f463f91856d20f59ab9c45261ebf3d968b9a5edb56b64aa10a19666bee635f,alc_label_candidate,1-coins/100_1477858620.jpg,,original=25;predicted=10,1.578860240725835,manual_review_required,pending,,
3df8b60222e393746f915e947886f320eefe72ea4342b5fcab0865d42bb74319,alc_label_candidate,1-coins/120_1479351582.jpg,,original=25;predicted=10,1.5766722261805646,manual_review_required,pending,,
9daf8c4242aaa805970927be32b243e7e10e88f9dd229abe648487d2b7af8177,alc_label_candidate,1-coins/85_1477853994.jpg,,original=25;predicted=10,1.5755799603221177,manual_review_required,pending,,
f0a097430ce28031f0ce3ef33ad6151f911772bea604bf4c7bc2e3fc38b45f72,alc_label_candidate,1-coins/125_1479424704.jpg,,original=10;predicted=25,1.5694366900538943,manual_review_required,pending,,
f42ef3b0b512bb4568858ba9fb2899f1a9c8049873e8867e855b1ac00dc30636,alc_label_candidate,1-coins/10_1477287912.jpg,,original=10;predicted=25,1.5443734385818302,manual_review_required,pending,,
40ebbbd39966db5c7f2a705708f17c9581d97e5fc5c585eb04cca36a91d5d92c,alc_label_candidate,1-coins/145_1479428898.jpg,,original=25;predicted=10,1.5369098459150774,manual_review_required,pending,,
b8dcdb82d141014c4d51fd25b8b880165c11166a5e316be109dff8478e73db12,alc_label_candidate,1-coins/70_1477846764.jpg,,original=10;predicted=25,1.5334500002570732,manual_review_required,pending,,
3985e024a00a1c4b99392fd12370bfe20f811dae99fa4d74ed4c0743f086d648,alc_label_candidate,1-coins/130_1477861908.jpg,,original=10;predicted=5,1.5217161721782788,manual_review_required,pending,,
8cdbb463f2e6c01c2cc17c7328b02ab76d7a34aef1bcfeb3a6ccbb31f4493dab,alc_label_candidate,1-coins/25_1477285596.jpg,,original=25;predicted=10,1.5165232518826337,manual_review_required,pending,,
adfd2ba985bcc0668b674bdec727cfb953afc30c5cb52aeab8bf26065506cf93,alc_label_candidate,1-coins/55_1477842084.jpg,,original=25;predicted=10,1.5133047366913912,manual_review_required,pending,,
29e2857c05e570e5b647633c49e4949bdd96b4a0ccf794e5610601e2fa7bb294,alc_label_candidate,1-coins/55_1477839288.jpg,,original=25;predicted=10,1.512480502760293,manual_review_required,pending,,
1ac2d387b6960f34ccf599c1f247b322de8a19a8cfb82af48321db5ca8eff8ac,alc_label_candidate,1-coins/90_1477855722.jpg,,original=25;predicted=10,1.4980574243535445,manual_review_required,pending,,
1e17e0faf5e88e079094bb04cd7782cc3ee3b0855f26203bed5949223dc7c170,alc_label_candidate,1-coins/55_1477842408.jpg,,original=10;predicted=25,1.4939776470822184,manual_review_required,pending,,
44f07d806a08b87c29f0b61b83881ae97ba9afcb138357ca323fbcabcf84cafb,alc_label_candidate,1-coins/25_1477286256.jpg,,original=25;predicted=10,1.4879068082495104,manual_review_required,pending,,
ea484dad2b839b123d51b95974dbfa35eba1e2809ecbe19c26292409fbe7823f,alc_label_candidate,1-coins/175_1479423552.jpg,,original=10;predicted=25,1.485507360096416,manual_review_required,pending,,
f25830a6056b90fdeb9c26af14d0047b9c5d744333f94bb795eca71818e59ae4,alc_label_candidate,1-coins/120_1479351510.jpg,,original=25;predicted=10,1.47882293806319,manual_review_required,pending,,
ebee1839aebbce787d035faa41c5c49dcc683cef68fc143d00dd960edf0911e2,alc_label_candidate,1-coins/65_1477846548.jpg,,original=10;predicted=25,1.4705370969714686,manual_review_required,pending,,
8744644063618646bdbae1cf9488c94825b1669a55ad1548124ecacc315e4de4,alc_label_candidate,1-coins/145_1479429012.jpg,,original=25;predicted=10,1.4687048925951638,manual_review_required,pending,,
d30e4fcc47efeab03eaeb442f6c99877d2638cf8a7c49311f0903adef43ae018,alc_label_candidate,1-coins/150_1479429546.jpg,,original=25;predicted=10,1.468295300292466,manual_review_required,pending,,
349a69aca6eb8076aa0333aa2df90f484ceae2a8a9b526d49c7d0c83d4c91408,alc_label_candidate,1-coins/150_1479430056.jpg,,original=10;predicted=25,1.4647526416452312,manual_review_required,pending,,
042dca0d2aa4aa2bfb23b62d3c295878738c249cf5a62bfb60905a039de34404,alc_label_candidate,1-coins/100_1477155210.jpg,,original=100;predicted=25,1.459957401882069,manual_review_required,pending,,
8dad9343cbafbd03f27fa2c90590852d24aef0a09f11db686b4c3309eb58bac1,alc_label_candidate,1-coins/25_1477285692.jpg,,original=25;predicted=10,1.4582544912799489,manual_review_required,pending,,
190fccb3b322df96093d4366e7a97ee3507739e94e1156e19333d3eade6e2fba,alc_label_candidate,1-coins/90_1477857066.jpg,,original=25;predicted=10,1.4541681011236112,manual_review_required,pending,,
2e8eca4e2d143cefa7c1b6c463a190cad8921f91c036cf89012dd3a1fb5d2c56,alc_label_candidate,1-coins/110_1479347508.jpg,,original=25;predicted=10,1.453716110868006,manual_review_required,pending,,
ec4590a415ed94eed9e00e00f0ae5db72c98ee5d24fd37986a095b3b860c5f6d,alc_label_candidate,1-coins/10_1477287996.jpg,,original=10;predicted=25,1.4480133479637187,manual_review_required,pending,,
55dba4affd488e6b550011ecffa2e3940efb460c009dcfc67eff461aea10ce04,alc_label_candidate,1-coins/145_1479429006.jpg,,original=25;predicted=10,1.4228630972623513,manual_review_required,pending,,
590234ff08416ae598bbf8fb5785fedf48c1176e0b83bda53c80cf720165496c,alc_label_candidate,1-coins/120_1479351654.jpg,,original=10;predicted=25,1.421698190066014,manual_review_required,pending,,
a55af82a57fbf38e9d01a4e47414290495d14644d7cd61bedde24f8959915ed8,alc_label_candidate,1-coins/105_1479344508.jpg,,original=25;predicted=10,1.4112857196396973,manual_review_required,pending,,
8895319b42f6a8fedda44b4bb004eedc03798152128146c005ea257a5f352fcb,alc_label_candidate,1-coins/145_1479428886.jpg,,original=25;predicted=10,1.4096397569563193,manual_review_required,pending,,
9313ee2051cdeb7f999425f038db974f7047bd95ac64ca54476ed453f3d9a6c7,alc_label_candidate,1-coins/105_1479344514.jpg,,original=25;predicted=10,1.408947441144216,manual_review_required,pending,,
56a68b3b330e2ba3c82f644d8ff073b69c3b6d218d18ee21ea13dfc99fbdc1dc,alc_label_candidate,1-coins/50_1477144596.jpg,,original=50;predicted=10,1.404352318738422,manual_review_required,pending,,
7819e748b10ef1f0fffc3cfa3cbad2dd482b9538cde6d242327c8610a1e9ae3d,alc_label_candidate,1-coins/120_1479351624.jpg,,original=10;predicted=25,1.3996646369154484,manual_review_required,pending,,
f0f801a7b25304361b0b4e02bc2f187bddf99779ced919e824afa1ae23026997,alc_label_candidate,1-coins/10_1477186482.jpg,,original=10;predicted=25,1.3979808752811838,manual_review_required,pending,,
1e75391259dd0de5c3bbce822c02e5fbda53f317e4f2c15a6b9c664f010687ef,alc_label_candidate,1-coins/145_1479429024.jpg,,original=25;predicted=10,1.3956693128027589,manual_review_required,pending,,
279dbc294b350eef8ce23c6b572976d4d74d533538feaad8c5ca2110c95b376a,alc_label_candidate,1-coins/10_1477288806.jpg,,original=10;predicted=5,1.3928877325651636,manual_review_required,pending,,
e7ebf9041aec45438030195d4b2014abb5018802d236f83629fabfddda52ad9d,alc_label_candidate,1-coins/25_1477285182.jpg,,original=25;predicted=10,1.391903903322365,manual_review_required,pending,,
dcac19dbfb96fc93229cf644e4862d59a06db12ce6383c4211a9561f240e4ef1,alc_label_candidate,1-coins/55_1477838892.jpg,,original=25;predicted=10,1.390852604407537,manual_review_required,pending,,
43c70887ec8f8ed6139c5250507563d044e27c9092eb07ee61f80dcc629bc0cb,alc_label_candidate,1-coins/10_1477186464.jpg,,original=10;predicted=25,1.3908433568356275,manual_review_required,pending,,
f3bb02408864c51500d95119529e81070af04674d1d6431430fc9e6e34dbe106,alc_label_candidate,1-coins/80_1477851684.jpg,,original=10;predicted=25,1.3836319736194087,manual_review_required,pending,,
84972f9c61af5a289f3dbab72f44a75ea17ae9926ac6c1a009eae72c44f0d38e,alc_label_candidate,1-coins/60_1477844988.jpg,,original=10;predicted=25,1.3723734870793955,manual_review_required,pending,,
36cdf0dc85ec94cecb2b26f1ea2e849e88b62b8b6606412c4ad4e3e2d3e85ee2,alc_label_candidate,1-coins/50_1477194414.jpg,,original=50;predicted=10,1.3716478752740722,manual_review_required,pending,,
9bc9b1e5fc12fe39e0be81a3e3c42b8ddb9e147a66930574e7f66d17820148b6,alc_label_candidate,1-coins/25_1477285626.jpg,,original=25;predicted=10,1.3697070601320285,manual_review_required,pending,,
bea278d65aee3e23194a8584e4d110f827dde121e437436b1052a93116257fe3,alc_label_candidate,1-coins/25_1477286982.jpg,,original=25;predicted=10,1.369414135099149,manual_review_required,pending,,
373468d8a5e44411e90450e06a7b33a77a41eb54bcb60d70f13d8bcd8a01f791,alc_label_candidate,1-coins/55_1477839294.jpg,,original=25;predicted=10,1.358197254411294,manual_review_required,pending,,
4a48b9bd69ffa5ac5f3d54bfe485c61fa732db53533685ec3341e52a1cde067a,alc_label_candidate,1-coins/105_1479345414.jpg,,original=25;predicted=10,1.356502867238074,manual_review_required,pending,,
cdf31c5aa6911a35031fc0acec904e2e95993706baca8c8efde83beb87645571,alc_label_candidate,1-coins/25_1477287126.jpg,,original=25;predicted=10,1.3542111999727402,manual_review_required,pending,,
f11a968bc6ce92721e3057a27d72d66c9334746ae68bba6f63bce221f8af19f7,alc_label_candidate,1-coins/110_1479345738.jpg,,original=25;predicted=10,1.3488135177539329,manual_review_required,pending,,
0d2a51b00bd369935b0b9433accf26dd8a78df4e78e275bbe2546cbe41088249,alc_label_candidate,1-coins/115_1479350586.jpg,,original=10;predicted=25,1.3484207122148972,manual_review_required,pending,,
68ff4053673e398918d4bad029a1ea1c6b6811115c6b5b4c016d9690c63df0ad,alc_label_candidate,1-coins/25_1477286076.jpg,,original=25;predicted=10,1.3403161285078744,manual_review_required,pending,,
c331a1b05f255a86fd29165ca7e0e2d20eab026135e3981554f05753d21fded7,alc_label_candidate,1-coins/100_1477858638.jpg,,original=25;predicted=10,1.334638643672203,manual_review_required,pending,,
c7f5807f832feccbfc99404b8cc449d21b0a8aa12a20019df4ab953568ecf97a,alc_label_candidate,1-coins/65_1477846242.jpg,,original=10;predicted=25,1.3334300870921243,manual_review_required,pending,,
65ed454981f855bd3114989196241e30debe1f01ae1d305ce0c5c59bae457b25,alc_label_candidate,1-coins/5_1477291026.jpg,,original=5;predicted=25,1.3201156032144588,manual_review_required,pending,,
8a54621d186ac7796c5923bfcf34b6d6059433f6ed92d7669214fb1dfe317d01,alc_label_candidate,1-coins/105_1479344490.jpg,,original=25;predicted=10,1.3166410590075857,manual_review_required,pending,,
3ec990dd21cb69f83e5fa88a49a63457049a98b1e83ed5157eb5883bffe92f84,alc_label_candidate,1-coins/50_1477282284.jpg,,original=50;predicted=25,1.312991263882484,manual_review_required,pending,,
009159ac499c828c8673793c26f4da2b9ab156d56008bb8a7855d956ea18bc1c,alc_label_candidate,1-coins/70_1477846782.jpg,,original=10;predicted=25,1.3099513512257226,manual_review_required,pending,,
f577ee67626cfaf7732ff8a589cdd5c1ed543b47437ea82bf77afc35cbb8c5fb,alc_label_candidate,1-coins/90_1477854942.jpg,,original=25;predicted=10,1.3052888182530906,manual_review_required,pending,,
4c4fc1bf9a2f647ee9b1ba0c6ac358499668ee5e9fce43629f54c9f9f945b589,alc_label_candidate,1-coins/145_1479428970.jpg,,original=25;predicted=10,1.3037923611240676,manual_review_required,pending,,
7214495bb45051288ea16898be629785c7fdbdd2ee21f0c7b603f0f9fdf05d84,alc_label_candidate,1-coins/5_1477156710.jpg,,original=5;predicted=25,1.294519541201665,manual_review_required,pending,,
195390c37deb4950ede012046a71a3ceed6a143a4e31136b722d043167d8c56d,alc_label_candidate,1-coins/65_1477846356.jpg,,original=25;predicted=10,1.2920715406225325,manual_review_required,pending,,
fb391f2d585ab031572a512cc6bbb450e79d1b6f5ba62a861f1dcb63cf333b9a,alc_label_candidate,1-coins/115_1479349554.jpg,,original=10;predicted=25,1.2841876684713698,manual_review_required,pending,,
5093b29418f3620279fbdad10d0f0420933ba4fd44e2e017428999c5ae6c8cb2,alc_label_candidate,1-coins/25_1477153932.jpg,,original=25;predicted=10,1.276851149594029,manual_review_required,pending,,
b4b3b9a671adf69f47faaea515487d14a3be8ed88fccd4db89fb4e138a348c73,alc_label_candidate,1-coins/25_1477191954.jpg,,original=25;predicted=10,1.2763555273821876,manual_review_required,pending,,
1aa9acc232f300bce57b7a5013b3bd9af3636ea318ea568dbdbe61ad0ec9f9a7,alc_label_candidate,1-coins/150_1477864512.jpg,,original=25;predicted=10,1.2760045365748096,manual_review_required,pending,,
26d6cf59c86e5da05fb135210e0d5562470428ab70361eb643fe2f6a8e4777df,alc_label_candidate,1-coins/60_1477844838.jpg,,original=25;predicted=10,1.2696545113458726,manual_review_required,pending,,
46c81ee7d79188c2849ec66caf94ef1d7648b3ac5f1bd707d5d5dea9944eabea,alc_label_candidate,1-coins/85_1477853892.jpg,,original=25;predicted=10,1.2566079599149158,manual_review_required,pending,,
2ee0324eed5f3cb19c8282448b1a9a13e00f839e828747e9f9d63fc8ad23f7da,alc_label_candidate,1-coins/65_1477846002.jpg,,original=10;predicted=25,1.2554687932526585,manual_review_required,pending,,
1e5a16c18c9058c3017fe7d737365393948b73dcd68082ca35fb232ed2d08ca3,alc_label_candidate,1-coins/110_1479345732.jpg,,original=25;predicted=10,1.2487924360248428,manual_review_required,pending,,
797ac45e071aaa8e7da1616a814377b0870749757cd46def11c730722c31a67d,alc_label_candidate,1-coins/120_1479422994.jpg,,original=10;predicted=25,1.2467764344875951,manual_review_required,pending,,
c532c86c52ea7b2b7068f40ae3cc743304739ae4262c5e0405c1a83f4e6415bb,alc_label_candidate,1-coins/10_1477149072.jpg,,original=10;predicted=25,1.2345598504158142,manual_review_required,pending,,
ed9c67a24c38d481004618839dc6bde0a4adc4618b5a51d5102c1a220eadd8da,alc_label_candidate,1-coins/35_1477789662.jpg,,original=10;predicted=25,1.2343029374876244,manual_review_required,pending,,
b7296dccd37d0fb89d5c8043cb47bededc1d4f61c83db10ff431990ebb650e6c,alc_label_candidate,1-coins/115_1479350550.jpg,,original=10;predicted=25,1.228336600999129,manual_review_required,pending,,
3953756755f18693d622f285503d0b0381b490f85306e579756b77779d42c825,alc_label_candidate,1-coins/10_1477289688.jpg,,original=10;predicted=25,1.215567569222315,manual_review_required,pending,,
86003c23f8c6baff6f94e4edf4eb4d7d4bf7587a254ef35f05e6738cebf63dd2,alc_label_candidate,1-coins/10_1477288500.jpg,,original=10;predicted=5,1.2152909223492212,manual_review_required,pending,,
b631927e73e8030a42f09ba755d5ad6dbb5a616fb99ef02c73fc7f54e42057ca,alc_label_candidate,1-coins/70_1477846830.jpg,,original=10;predicted=25,1.214548844730344,manual_review_required,pending,,
84ac10abc8b7002ec3302ed168d44e3b46cd4c1e2e14f82e460a2e236ef4f258,alc_label_candidate,1-coins/145_1479428850.jpg,,original=25;predicted=10,1.2113826057251698,manual_review_required,pending,,
63b7e06ad45999327a627ea0eb6cc7a015d1253e0d937978190b2b801b381322,alc_label_candidate,1-coins/115_1479349566.jpg,,original=10;predicted=25,1.2065796904921309,manual_review_required,pending,,
e545a69ce2ac29dd34819f70bced426f5ee1372fceb56c36a42132be3c8ff9e2,alc_label_candidate,1-coins/75_1477850496.jpg,,original=10;predicted=25,1.205305442562738,manual_review_required,pending,,
8ab89f5494ce34f71fa77ac96d420761c556ff076f4d86e9ae1ec88d630caec0,alc_label_candidate,1-coins/130_1477862466.jpg,,original=10;predicted=25,1.1988420796913477,manual_review_required,pending,,
86450b8be84fda2188a19efc9f6cd5843b3f9ecda286367018c0c387d5aa5dc3,alc_label_candidate,1-coins/115_1479347616.jpg,,original=5;predicted=25,1.193134681855625,manual_review_required,pending,,
df122ca1219abaa3ce3962628e33b0d7339bb58e5c77cb3b9d079de9f7fd2a14,alc_label_candidate,1-coins/25_1477191456.jpg,,original=25;predicted=10,1.1911156640897504,manual_review_required,pending,,
8cefdd5c1928f6d185cd3881a7318e04d7c88858a46672b79d7e21783b5c9306,alc_label_candidate,1-coins/145_1479428982.jpg,,original=10;predicted=25,1.1874942239781616,manual_review_required,pending,,
b8585009194cc684e42ac0fca2a3260fae72e02950df04fa07218d15d71d369c,alc_label_candidate,1-coins/5_1477292004.jpg,,original=5;predicted=25,1.1855876771891545,manual_review_required,pending,,
8df06e84c56badc8cd5831ef083a52bb9750262249349315999f40e224df7f1e,alc_label_candidate,1-coins/60_1477845150.jpg,,original=10;predicted=25,1.1758958350452389,manual_review_required,pending,,
f0cd1f10117b4cf0645decafd8f3d09bc8bdf3eed8502887bcb445e69bd86f49,alc_label_candidate,1-coins/70_1477848834.jpg,,original=10;predicted=25,1.1756366006915746,manual_review_required,pending,,
ce9530c4377667198be97a89de06b5205584fcba84b283dc4f2e15b8b82a5743,alc_label_candidate,1-coins/145_1479428880.jpg,,original=25;predicted=10,1.1745561178333068,manual_review_required,pending,,
12974c843a22c75487d4a4410ca7096c3127414cbe52be331f9a227b9d3ca2c5,alc_label_candidate,1-coins/25_1477153944.jpg,,original=25;predicted=10,1.168654170757827,manual_review_required,pending,,
837830708dca9d6afe5eaaa8d387ee476fe655313e136acc655336572cbcc1e3,alc_label_candidate,1-coins/120_1479423042.jpg,,original=10;predicted=25,1.168233195704571,manual_review_required,pending,,
6321a24eea533e6cdbfc282586d389ed9f2f01a5ee91e194a0e24faea0cb70c1,alc_label_candidate,1-coins/55_1477842360.jpg,,original=10;predicted=25,1.1639872822951691,manual_review_required,pending,,
d207e54e38f3652e7e6160cf8589e9f4b5c0c46bfbe4ad39950c2a768f94b799,alc_label_candidate,1-coins/150_1479430068.jpg,,original=10;predicted=25,1.1558860126654107,manual_review_required,pending,,
9ca57440dd0623f96316caabb12991bb9d8befc34165a6e2bfb581c703ea2bf9,alc_label_candidate,1-coins/105_1479344544.jpg,,original=25;predicted=10,1.1521575578225949,manual_review_required,pending,,
2c51c2b5a97b434cf45454f198b6fe10e99af398bbd23c9508a9811458488728,alc_label_candidate,1-coins/100_1477861050.jpg,,original=10;predicted=25,1.149340267051682,manual_review_required,pending,,
224e26c602681a6e924fdab1bc0aa95c705d9e4a6754873ad128c459fe198173,alc_label_candidate,1-coins/110_1479347478.jpg,,original=25;predicted=10,1.1443753025010452,manual_review_required,pending,,
2477aa96aded93a930269f6ccd24f0482c7019f84420edde1aeb399ecc33e621,alc_label_candidate,1-coins/75_1477849818.jpg,,original=10;predicted=25,1.1432898612749562,manual_review_required,pending,,
e302675349a1d4e6bc14e9946e5458ddc35bc23aeb63a182d552e1bb22cfc3e1,alc_label_candidate,1-coins/25_1477285686.jpg,,original=25;predicted=10,1.142881170910348,manual_review_required,pending,,
c30e67d06f58be01358234e08a6c448da18a2df790a1fbe320efe9c9c909f8a7,alc_label_candidate,1-coins/90_1477855668.jpg,,original=25;predicted=10,1.1400969285570994,manual_review_required,pending,,
987a1952c48e0d5a99843270e2440eb1c95a6364426c3dac5198b5427da2541b,alc_label_candidate,1-coins/55_1477838910.jpg,,original=25;predicted=10,1.1275407594322735,manual_review_required,pending,,
06227faab6e1197bce1a4403ac006e0bc1d3491625adddf60ba1947e49ea9ebb,alc_label_candidate,1-coins/140_1479427326.jpg,,original=10;predicted=25,1.1253562683728005,manual_review_required,pending,,
8d8eaadf26634bd1f255da2217d1dec5426e49214fb7188c4eb108acd585dda7,alc_label_candidate,1-coins/85_1477853892.jpg,,original=10;predicted=5,1.1231415711678208,manual_review_required,pending,,
f14f8698e3d3d1916c7125cba544789192a994f17191775acd654abd074dc1e7,alc_label_candidate,1-coins/150_1477864410.jpg,,original=25;predicted=10,1.1133532671694613,manual_review_required,pending,,
3cbf7f32f34293f1f5961279bd79fe8af398b698a537baf8cd17b7601fd1918c,alc_label_candidate,1-coins/55_1477842612.jpg,,original=25;predicted=10,1.105536658029784,manual_review_required,pending,,
bd855f7aa27814ee4eb1a2190e34c4bd004eba73aa45d4cecd53a3ae5514e50b,alc_label_candidate,1-coins/25_1477154028.jpg,,original=25;predicted=10,1.0947313333612891,manual_review_required,pending,,
13a1cac647f78fb880685249bc5d0e1396d5355a9067941cc7dabc623e7a54b2,alc_label_candidate,1-coins/120_1479351360.jpg,,original=10;predicted=25,1.0931366991944915,manual_review_required,pending,,
9c7e71d60c5709c1e2008b4a6f780b76436d75efc1e0a70dcc720478970ff788,alc_label_candidate,1-coins/10_1477288254.jpg,,original=10;predicted=25,1.0911704912836069,manual_review_required,pending,,
de4604752ae7863d94d151ad8881b483a9cfca1a076cbf04dbffb39b161fe06c,alc_label_candidate,1-coins/90_1477857036.jpg,,original=25;predicted=10,1.0900562895988322,manual_review_required,pending,,
1a1d2b6fe260ee90ad01dd006b279a548d1d8fa29889911befac9b749af8645d,alc_label_candidate,1-coins/170_1479423144.jpg,,original=10;predicted=25,1.0886537046458749,manual_review_required,pending,,
ff0c1df0a300190aeea91cb851d1bb0ba689cbfc28431efa6f4eb69812e1692b,alc_label_candidate,1-coins/55_1477842132.jpg,,original=10;predicted=25,1.0809063272442732,manual_review_required,pending,,
e881b9a573db5f4b1bef292004e638bd309a3c0392312e0b750d086c85c0b928,alc_label_candidate,1-coins/45_1477837050.jpg,,original=25;predicted=10,1.074307770642074,manual_review_required,pending,,
f7c38cd2e2b57dab25e66588e83a7ffabd426d17098312cd0da8f16849c8df97,alc_label_candidate,1-coins/60_1477845150.jpg,,original=10;predicted=25,1.0741705932739345,manual_review_required,pending,,
61c9fe48d6262bd19f5d61f36725543b477011d52f085abf803b7d119f4e5b2d,alc_label_candidate,1-coins/150_1479429504.jpg,,original=25;predicted=10,1.07407794290457,manual_review_required,pending,,
0eea384dc14768634b55939f652454789e45257ef813d9d8faefda3745131cba,alc_label_candidate,1-coins/90_1477857012.jpg,,original=25;predicted=10,1.0734055038999235,manual_review_required,pending,,
f66a9e60ed06981406d7af3ad7eb81086877eba25cc9058c149b98dcc4d8865e,alc_label_candidate,1-coins/25_1477286886.jpg,,original=25;predicted=10,1.072482978833004,manual_review_required,pending,,
ef2ae6bfcacf2fd10d989bfda24b7043b0839b9987e6a5d19fa0ccfa0d32ccf4,alc_label_candidate,1-coins/60_1477845378.jpg,,original=10;predicted=25,1.0712511089716874,manual_review_required,pending,,
f93168c7e3dd5cdbf6c87a3e05384276ad316a3a69f47379b2b271e0e258c3f1,alc_label_candidate,1-coins/125_1479424686.jpg,,original=10;predicted=25,1.0671434803288506,manual_review_required,pending,,
9efd37d0805c2a759a035194fcbbd3c8a56cc6b85a49b6e16e3cf92f140bfd7c,alc_label_candidate,1-coins/80_1477850808.jpg,,original=10;predicted=25,1.066928435945167,manual_review_required,pending,,
8056c2f6ada8004deb3c71b4693ae0e199e8bd64e7b316420536f4a8f5fd7632,alc_label_candidate,1-coins/35_1477789554.jpg,,original=10;predicted=25,1.06111538333967,manual_review_required,pending,,
61b59ea392eeb1c417a4d3bf71b5f93bbca6b38a7868c8349edba7faa4d9595e,alc_label_candidate,1-coins/90_1477855836.jpg,,original=25;predicted=10,1.0555558890190508,manual_review_required,pending,,
b49e162a2e3f9152ffb16ffa77970d32a60d81db803b567a17baaa00a54109b7,alc_label_candidate,1-coins/60_1477845402.jpg,,original=10;predicted=25,1.0540662267194492,manual_review_required,pending,,
5a77e86cea13a4b2d4f9fced5a0026e41c40b82908f1a6cb0605ea883aa67157,alc_label_candidate,1-coins/130_1477861968.jpg,,original=10;predicted=25,1.0509282543165668,manual_review_required,pending,,
e69292ff8034a480655a058f53bf49ed8bf77aab47ccfa4b93960e575ee878c7,alc_label_candidate,1-coins/25_1477285392.jpg,,original=25;predicted=10,1.044633503042365,manual_review_required,pending,,
1c9d90907101bfd178f255f7d735dd7826930bf24549d42f4a86bddb3922be82,alc_label_candidate,1-coins/100_1477861398.jpg,,original=25;predicted=10,1.0415100019421604,manual_review_required,pending,,
574479991e5f2896ac2c4bbe1d833920cb7417c38ca15e990022966553f2e16d,alc_label_candidate,1-coins/35_1477789530.jpg,,original=10;predicted=5,1.0358867920925603,manual_review_required,pending,,
4f7d2ad3f68cf3ce932c07dcf38dde2f11eeb3d23728deaf83b64d82fd6c16b6,alc_label_candidate,1-coins/65_1477846518.jpg,,original=10;predicted=25,1.0358762729476885,manual_review_required,pending,,
39425e1bb6a8c269631329b2560206354a852b0d1a6e3404b1a9bbacdec2e255,alc_label_candidate,1-coins/25_1477285674.jpg,,original=25;predicted=10,1.0354036295835414,manual_review_required,pending,,
f58c087189578792c55db0c60e88092e8bfe63e2d174f8b30762cb4082a3fd88,alc_label_candidate,1-coins/105_1479344490.jpg,,original=25;predicted=10,1.0301126415639226,manual_review_required,pending,,
a8e2746b3bbe3667cc97c6c68e30a5dc251adc70e55052834dafb420bd6b3ee8,alc_label_candidate,1-coins/25_1477286232.jpg,,original=25;predicted=10,1.0290076843925142,manual_review_required,pending,,
fda5ed5398d88b2ad8c000ef410a15039a01a8a1a5c9133a247e3860a67d82fb,alc_label_candidate,1-coins/105_1479344478.jpg,,original=25;predicted=10,1.020069549732798,manual_review_required,pending,,
5b0b562c25b15cdc32faa0bafeeebd3ac1d051dc5393f318ad61009e8fe0a283,alc_label_candidate,1-coins/10_1477288266.jpg,,original=10;predicted=25,1.0154398440750396,manual_review_required,pending,,
38098609f61129529351ef4daeca2f678009556b039300a8eea0fa99ca14529d,alc_label_candidate,1-coins/110_1479346206.jpg,,original=10;predicted=25,1.0132356108263427,manual_review_required,pending,,
6be78de50e4c505e796e841a7b5942fb414b7036938c61ee61fbdf3d584aa78b,alc_label_candidate,1-coins/145_1479429012.jpg,,original=25;predicted=10,1.0092066452067572,manual_review_required,pending,,
1186e1865b2405bc4b10ec4407b781746c98ae9ef7edd7868cceed513518b599,alc_label_candidate,1-coins/60_1477844712.jpg,,original=25;predicted=10,1.006812793594997,manual_review_required,pending,,
7e356aad734bd8e22bacbbe758c984ad2226db5d5b862f018c981f52fd6c8fa5,alc_label_candidate,1-coins/80_1477850826.jpg,,original=25;predicted=10,1.0065880943915202,manual_review_required,pending,,
c942b8d9d8153baa76d01da31f7dc375193f7b1e416c1e397e5699a243272419,alc_label_candidate,1-coins/75_1477850544.jpg,,original=10;predicted=25,1.003835765440445,manual_review_required,pending,,
9c37d2099fc44c3bbbd205c10ef649d0da231eabfeec56402819882904beb7d7,alc_label_candidate,1-coins/25_1477286316.jpg,,original=25;predicted=10,1.0037670669848109,manual_review_required,pending,,
83f885ad91aa10e5f735f67d0ce4f5a09992c6255764be8073f1d139b7f01f70,alc_label_candidate,1-coins/90_1477856988.jpg,,original=25;predicted=10,0.999327534954369,manual_review_required,pending,,
be4313fd2aabbfe0fa34f939cbaf38df468c54e6d00603a580a5e9a544ff4870,alc_label_candidate,1-coins/150_1479429780.jpg,,original=25;predicted=10,0.99893114560624,manual_review_required,pending,,
40420e5b5efef261659f45a397f55a9705e4d43e033cec9f044e4cc7688cd4af,alc_label_candidate,1-coins/10_1477288764.jpg,,original=10;predicted=5,0.99776346390155,manual_review_required,pending,,
982dcf0879fe79018aa84d8ceec851d428bc41bba384a2a6ed7cfca2bed2a411,alc_label_candidate,1-coins/105_1479344580.jpg,,original=10;predicted=25,0.9974179176510598,manual_review_required,pending,,
a25f081beac3513b6aa8897f527cf630125af3f247851c2003b179f750460cd3,alc_label_candidate,1-coins/65_1477845894.jpg,,original=10;predicted=25,0.9918352518625706,manual_review_required,pending,,
ebd2ff5c01f1ef1129082c12a2e72d0fea15a7ccf9336ff8f11a62683e909484,alc_label_candidate,1-coins/10_1477288248.jpg,,original=10;predicted=25,0.9877248502024176,manual_review_required,pending,,
1270b9ca1fbea0231599607f085deb58c81a65b1cb4a65f93cf1ddb609a821b3,alc_label_candidate,1-coins/125_1479424698.jpg,,original=10;predicted=25,0.986795818866875,manual_review_required,pending,,
a022ae4281c52acc704969954c85369c26c957afcc5fd3a1b599952f15f2200a,alc_label_candidate,1-coins/110_1479346122.jpg,,original=25;predicted=10,0.9814394090702868,manual_review_required,pending,,
0ae85738860ce73fc32b68da4335f15d8d0247ae4e5f5da656f14ee8feb01e52,alc_label_candidate,1-coins/65_1477846554.jpg,,original=10;predicted=25,0.978187149668164,manual_review_required,pending,,
7c9cf6db9af0e59090135cc57e1b4ed4f88b2583cd74c26a5fe1cdfab3c0b84c,alc_label_candidate,1-coins/130_1477861974.jpg,,original=25;predicted=10,0.9700230444446992,manual_review_required,pending,,
6645a136adc7f12ed834979fccc9588481070fedcfc2fc3c816bc68d63d4a81d,alc_label_candidate,1-coins/70_1477846758.jpg,,original=10;predicted=25,0.9686302075209208,manual_review_required,pending,,
90f7170977cc3b2600d3d784b95724a5a18e2a9958ae05072a8c7f9f260bd059,alc_label_candidate,1-coins/105_1479344538.jpg,,original=25;predicted=10,0.9683607823563888,manual_review_required,pending,,
cbc26308a5714003d701d4ae72e6ccd8a5559f1f68da566a745cbd2f82957886,alc_label_candidate,1-coins/110_1479345744.jpg,,original=25;predicted=10,0.9678353946958697,manual_review_required,pending,,
3f85bb664ba0beb147a35fc630a7fe540beef67473097510a1f900ec50a3c489,alc_label_candidate,1-coins/10_1477288752.jpg,,original=10;predicted=5,0.9645290665284592,manual_review_required,pending,,
4409f00dd96fcbe547f3a673f44e60163a2a16915052e4e6ce8024d5bc519d70,alc_label_candidate,1-coins/55_1477842324.jpg,,original=10;predicted=25,0.9561569936567486,manual_review_required,pending,,
f2e81cc77e93a53418acb450ed6145cf3ab3b0d646269070be763e2601ab40bf,alc_label_candidate,1-coins/10_1477287852.jpg,,original=10;predicted=25,0.9543860419588436,manual_review_required,pending,,
e2370d427aa7f66721c0b4d4aeff90cc4f2385c8d8089fcdd87fcfeb60b1e3a3,alc_label_candidate,1-coins/30_1477787484.jpg,,original=25;predicted=10,0.9530447610601324,manual_review_required,pending,,
b809ec7ff99e1aaf80b5ddff49b07c9c1616ac41aa90a365e7af55642636ad6b,alc_label_candidate,1-coins/120_1479351354.jpg,,original=10;predicted=25,0.9517753876713816,manual_review_required,pending,,
7aa1d92d8d41b4da891ae691ede85c1b29259e82d36037e6fd4d68771e6d7e0b,alc_label_candidate,1-coins/25_1477287156.jpg,,original=25;predicted=10,0.950566342600758,manual_review_required,pending,,
a00774dc250999b601f1dc49477fb811e5a90dc2854a79ba79e4c77a90eca4fe,alc_label_candidate,1-coins/90_1477855554.jpg,,original=25;predicted=10,0.9475897665365572,manual_review_required,pending,,
081039166e15a565b2ebafb08bb8f0830b4c5d23f30a3e8afedab0f712e0bbc9,alc_label_candidate,1-coins/5_1477291194.jpg,,original=5;predicted=25,0.9400752298156496,manual_review_required,pending,,
eddda3ab9904279bef6837b96027b64808a0250732ef489d00e308c39899e6fd,alc_label_candidate,1-coins/105_1479344688.jpg,,original=10;predicted=25,0.9390209287483896,manual_review_required,pending,,
2092d380065f458343e3e0cce371995d0896805a1340b3f783f34387fd1ac3ba,alc_label_candidate,1-coins/115_1479349656.jpg,,original=10;predicted=25,0.9367206803186616,manual_review_required,pending,,
e006f768db9a7c47a0c030d334a32ac0026f8c08117d9ab9dd9f8dcd03f77c5c,alc_label_candidate,1-coins/120_1479351582.jpg,,original=10;predicted=25,0.9362290632312346,manual_review_required,pending,,
4542fd1f04a6a405aab8130881a0143acc32b366c614345e9d84e1c867baad26,alc_label_candidate,1-coins/25_1477286910.jpg,,original=25;predicted=10,0.9361550845943504,manual_review_required,pending,,
2d6dd6b77520cfb4cfc7d2cc86228ed83597687701057faeaf252e408c47741d,alc_label_candidate,1-coins/55_1477839312.jpg,,original=25;predicted=10,0.9303608196047962,manual_review_required,pending,,
c08c66962faada09d244105b7427a16641e4bd608736757ffbe54dd37a1fd894,alc_label_candidate,1-coins/75_1477850508.jpg,,original=10;predicted=25,0.9303316278715598,manual_review_required,pending,,
e9a47b20ccafde9a725c0ecea8ecf2ac6742d919c941c503e59123a4f37c47a2,alc_label_candidate,1-coins/80_1477850862.jpg,,original=10;predicted=25,0.929999794827695,manual_review_required,pending,,
932c8849cd7a71132bce9527c795b6defea41e4930991de3de17b4defe2f8c20,alc_label_candidate,1-coins/70_1477846710.jpg,,original=10;predicted=5,0.923456901883924,manual_review_required,pending,,
9cff7394b858dc78ae0687d5d6ea772c49813255f4c70724bf3524c287092ad6,alc_label_candidate,1-coins/10_1477787688.jpg,,original=5;predicted=25,0.9209323312681312,manual_review_required,pending,,
6ce817ac1c0a21b0c3d89e2c211abd86db09ab3b14a9257e95e166c9773e3b8b,alc_label_candidate,1-coins/105_1479344520.jpg,,original=10;predicted=25,0.9175172545194225,manual_review_required,pending,,
28d3d47521cba847f09be3d97bdcdfe4de9b94154c672390f452fb313aff0ecb,alc_label_candidate,1-coins/10_1477288740.jpg,,original=10;predicted=5,0.9142732237127796,manual_review_required,pending,,
967edf7debe1934691f43c6b11b1bbcd1dbb24adcbec50db93f3cadf059ebb7f,alc_label_candidate,1-coins/55_1477842168.jpg,,original=10;predicted=25,0.9136116631614004,manual_review_required,pending,,
64b1a13c18c45ae99fff943cc56c29b404b75a6379c49d665605bd9b4466f98d,alc_label_candidate,1-coins/75_1477850388.jpg,,original=10;predicted=25,0.9087706356915108,manual_review_required,pending,,
4d092a97d33caa67876b933f8600c3f22a011b9304495f584d2f695bf58d0348,alc_label_candidate,1-coins/100_1477858704.jpg,,original=5;predicted=50,0.9051020223126718,manual_review_required,pending,,
e68d0854a203035acdb4074b87e3ef68f287450b1501eeeb6116a2aea51bd306,alc_label_candidate,1-coins/5_1477292088.jpg,,original=5;predicted=25,0.902876656164426,manual_review_required,pending,,
b4fdb12b2882101be539d51868d869e6eba4a00da2364a4e21088074b2b45303,alc_label_candidate,1-coins/45_1477835880.jpg,,original=10;predicted=25,0.900828368487134,manual_review_required,pending,,
1d3f0e0e4324bfb7cc598f923480d5100955c5214b092672dcb84fd85746057d,alc_label_candidate,1-coins/10_1477288008.jpg,,original=10;predicted=25,0.8998650598338399,manual_review_required,pending,,
f1c88ed511c7346d8f65e90fce1e64586b4bce61fdecf174de9aaedc0c9c9e5d,alc_label_candidate,1-coins/90_1477855824.jpg,,original=25;predicted=10,0.8978589650088107,manual_review_required,pending,,
dcb78b1a55716a008eda4038fb3f9d5b66376d8dafd1b0a93fb8901c835321eb,alc_label_candidate,1-coins/120_1479351636.jpg,,original=10;predicted=25,0.8973776084909594,manual_review_required,pending,,
733075992f288e71bafa19aa672b21a6fabaed02957a47df63bf0ca1ef86f796,alc_label_candidate,1-coins/45_1477835916.jpg,,original=10;predicted=25,0.8942950137782901,manual_review_required,pending,,
35dae39173481d9370f42206dc95aa464a9c8dee86ee4ebd19607acf7829c6ff,alc_label_candidate,1-coins/60_1477845372.jpg,,original=10;predicted=25,0.8930764581032477,manual_review_required,pending,,
1409ee92f765b31549211e8875425b321142f99e5156385afca406506f375ed3,alc_label_candidate,1-coins/75_1477850514.jpg,,original=10;predicted=25,0.892949447195234,manual_review_required,pending,,
ddf11397576e4f842066a2a127e7e92a06a2d150d6e1d7c5bab2a608ad5b7380,alc_label_candidate,1-coins/5_1477189470.jpg,,original=5;predicted=25,0.8913429914032522,manual_review_required,pending,,
a6c3c11d05fe731c25434c368359556225793c5c56e1b89e81f0e185d4b2930f,alc_label_candidate,1-coins/25_1477285704.jpg,,original=25;predicted=10,0.8863279782846372,manual_review_required,pending,,
950df81e283cc9c917ec64d53b139614702986857bdc5bdbd463704379a04fec,alc_label_candidate,1-coins/115_1479347724.jpg,,original=25;predicted=10,0.88560051409456,manual_review_required,pending,,
14d1f8d50f037822107cf7c700dd47df6d62cde3cdded296a4862cd32a983867,alc_label_candidate,1-coins/5_1477290996.jpg,,original=5;predicted=25,0.8712937039143189,manual_review_required,pending,,
ac4ddd9779cf57e36776df2b2677cf3d7ab1f11eb30a8bb4a0f7dc6a72704959,alc_label_candidate,1-coins/60_1477844706.jpg,,original=25;predicted=10,0.8640396806455723,manual_review_required,pending,,
9caf0a01059a3c2ffb9e5f3c7839ded663453da6ada700dffe3d10fe69b3f23c,alc_label_candidate,1-coins/10_1477288050.jpg,,original=10;predicted=25,0.8621595329386387,manual_review_required,pending,,
c4515b745b7d7170998f7b28f794a2fe45f1a24ea8e0868a85e0fb2115d57b4b,alc_label_candidate,1-coins/25_1477285290.jpg,,original=25;predicted=10,0.8593820369254643,manual_review_required,pending,,
278f32fd12122135415b1f99e7bf8eb8765581079638045a24c8b321e71426df,alc_label_candidate,1-coins/70_1477846836.jpg,,original=10;predicted=25,0.8534954829418795,manual_review_required,pending,,
d516054ba84ee22fb506990f5eb791fb8f35cbca4b49c359fffbe1dcacde1d9e,alc_label_candidate,1-coins/120_1479351294.jpg,,original=10;predicted=25,0.8489724932603615,manual_review_required,pending,,
4dd2ac9e526c156ab50efa6dafe37acb77ad0d834132a315b0b211363943e406,alc_label_candidate,1-coins/10_1477288260.jpg,,original=10;predicted=25,0.8441513887613529,manual_review_required,pending,,
35a2390df4d9c530dc37591f85721fb15854812408f03ffbc646ab1fca41a76e,alc_label_candidate,1-coins/55_1477839030.jpg,,original=25;predicted=10,0.8429760382564976,manual_review_required,pending,,
313507f219a9821521de7c8b34b7772c297d3bc2ccf3b82d494f5aa8c7604351,alc_label_candidate,1-coins/25_1477285602.jpg,,original=25;predicted=10,0.8424108463310964,manual_review_required,pending,,
010bb89ca8c08e4fd8ae96798674db121d4f4b3c39e8251994c58d597e050236,alc_label_candidate,1-coins/80_1477851852.jpg,,original=25;predicted=10,0.8393482866148476,manual_review_required,pending,,
cccf5d1dcec76687056bc546e1a5ec457efd8e471830bf6e593013f39096b032,alc_label_candidate,1-coins/85_1477852998.jpg,,original=25;predicted=10,0.8392507928646472,manual_review_required,pending,,
4a6d16e6f56026e1767fc45b60661bf5b80b116f87596e7fdd0515c9452baed6,alc_label_candidate,1-coins/145_1479428946.jpg,,original=25;predicted=10,0.839046017438932,manual_review_required,pending,,
6c3ee7d28cbb27f2753ae54703463300d84f8883e35efb94288c11186cb55341,alc_label_candidate,1-coins/125_1479424710.jpg,,original=10;predicted=25,0.8365974091577288,manual_review_required,pending,,
6793b736893cb526e06eef43ad5a30dc5e8f5423cc908d142ade75c468b81ba9,alc_label_candidate,1-coins/25_1477286262.jpg,,original=25;predicted=10,0.8314933361128073,manual_review_required,pending,,
2324e72adbd9795c4851669d45de2929efade385c7f66cff418d91bc3654ea15,alc_label_candidate,1-coins/10_1477186722.jpg,,original=10;predicted=25,0.8133270451132943,manual_review_required,pending,,
26a787f64eee5f4dc149a7cb47ffed155c37acd2754683bc7720e25c51de0d79,alc_label_candidate,1-coins/70_1477846740.jpg,,original=10;predicted=25,0.8060627248644798,manual_review_required,pending,,
2badb6739234a6b87940bc600b9080d1ef3775cfe1f5983d96b3346ffe78d52c,alc_label_candidate,1-coins/65_1477845528.jpg,,original=25;predicted=10,0.8032059869954321,manual_review_required,pending,,
7a92fce1dcf25cdd15f9086df2e161156abc8a985097b4ec7ef3331d2176d963,alc_label_candidate,1-coins/115_1479349536.jpg,,original=10;predicted=25,0.8021598211380916,manual_review_required,pending,,
024d1784acff8ad8c5dc8688530c67a103d1bf866c6e29aa60bd276abab1ebb8,alc_label_candidate,1-coins/65_1477845984.jpg,,original=10;predicted=25,0.8005089032730349,manual_review_required,pending,,
63a2679214bbc22a3d67db862915a9ab3530401d948019809b8faa5f4f3e2a37,alc_label_candidate,1-coins/55_1477842312.jpg,,original=10;predicted=25,0.7967907931846601,manual_review_required,pending,,
8ede2aa63aaa4f29864b93581bbf27608a228d69fb5d6728fbf92282a64ee485,alc_label_candidate,1-coins/25_1477285662.jpg,,original=25;predicted=10,0.7815517227986276,manual_review_required,pending,,
8ce38fd233975bed2dfad7fed129651d63f63c084ee414ee0c3808cad06c7b99,alc_label_candidate,1-coins/105_1479344442.jpg,,original=25;predicted=10,0.7758366674893732,manual_review_required,pending,,
3f1359e7450a4bcd5fad8591ffb80d47f3cacc066357ee927bdf3213ef94811f,alc_label_candidate,1-coins/25_1477286106.jpg,,original=25;predicted=10,0.77493251185881,manual_review_required,pending,,
5eedcbd7de499f1ca7177b98f8c1959a4a502a812bf209d4013749e018d48e6b,alc_label_candidate,1-coins/105_1479344580.jpg,,original=10;predicted=25,0.77250438610735,manual_review_required,pending,,
c8e1d7e98ccacfa3cd75a4246fa28c7027b1549e1adafe2af6d1e18e611e5c4d,alc_label_candidate,1-coins/5_1477188564.jpg,,original=5;predicted=25,0.7679596233603967,manual_review_required,pending,,
107dd75cfc5ca586cda1bad4c8bf2359a2ef08b698ee7cf98eeaa87100fa694d,alc_label_candidate,1-coins/10_1477187388.jpg,,original=10;predicted=25,0.7642019699083622,manual_review_required,pending,,
e9aff5d8415db2195c335c515e20068c6f23a0623ce117b94c462f632116dc29,alc_label_candidate,1-coins/70_1477846758.jpg,,original=10;predicted=25,0.7636749709395447,manual_review_required,pending,,
691f167c7da72dedbd8e0e6ba5b164c7f872e9d8e863d086d52c1150be1ec2a3,alc_label_candidate,1-coins/115_1479350640.jpg,,original=10;predicted=25,0.7607350428849559,manual_review_required,pending,,
9e34afcd2d0ddaa09a7b0afa6dcb9e78dda43989eff5dac70282d09c316c5c02,alc_label_candidate,1-coins/100_1477858638.jpg,,original=10;predicted=25,0.7591901054882285,manual_review_required,pending,,
25efd0eee5f7e8c5814f9945e5f975183e7ce9caf8f1eb91c2fb85dadf2d580f,alc_label_candidate,1-coins/150_1479430044.jpg,,original=10;predicted=25,0.7563238423191826,manual_review_required,pending,,
cc14e943ab89b5a5fa12073f99ab69951575b55ecab40c7f31c94e7a6cca129f,alc_label_candidate,1-coins/150_1477864428.jpg,,original=25;predicted=10,0.7547454679903767,manual_review_required,pending,,
3229cd6c1949c16a117f2902eae58a3e6024dea927f27ed42dc393209309d2f5,alc_label_candidate,1-coins/10_1477289268.jpg,,original=10;predicted=25,0.7541973506276676,manual_review_required,pending,,
2feefb7d747bb3067f4c4848c0bcfe9a455b9cf0d17a822e48270b7c604eb66b,alc_label_candidate,1-coins/120_1479351594.jpg,,original=10;predicted=25,0.7534904672341542,manual_review_required,pending,,
6d3bbc89f15feb356433f7c9d23dabb6486deaa35c4aa90e3a25a0ee3b4b23f1,alc_label_candidate,1-coins/65_1477845966.jpg,,original=10;predicted=25,0.7513889267606486,manual_review_required,pending,,
6dc964324d3fd1b717f40b81e308e324130b30d0e32c99047eb7e4dc41870244,alc_label_candidate,1-coins/100_1477858896.jpg,,original=25;predicted=10,0.7469041282036861,manual_review_required,pending,,
ccbfab170128b82e8989cccd388996bbc6ce8db21d82900889a4b07c262a45d5,alc_label_candidate,1-coins/85_1477852884.jpg,,original=25;predicted=10,0.7459033265990433,manual_review_required,pending,,
ba9d18a2acbfba2ae1d47799bb3369f09cb83c6e3e2c4741815dfe5fff8ecaac,alc_label_candidate,1-coins/145_1479428940.jpg,,original=25;predicted=10,0.7425134643187908,manual_review_required,pending,,
14e1b79c8883f4293b8b49faac056258990c9c186e9f2e32044b1ff154d25383,alc_label_candidate,1-coins/100_1477858932.jpg,,original=25;predicted=10,0.741674868243105,manual_review_required,pending,,
ff94d9da7f1a32c9fa13fe1da54c5f60b6475dafbc3ae7ed6d5ffc2ca003e161,alc_label_candidate,1-coins/80_1477850976.jpg,,original=10;predicted=25,0.7365653921357223,manual_review_required,pending,,
39fab53383d3412510ac68cfe29ccff7c65ffcea82a7f67e2db1a14b79a4d328,alc_label_candidate,1-coins/115_1479349644.jpg,,original=10;predicted=25,0.7315207375486916,manual_review_required,pending,,
f2d6d2a2c0e2d7d64e22919e0d0333ec1187a677c8e9b5101bc7f0105072652b,alc_label_candidate,1-coins/110_1479346254.jpg,,original=10;predicted=25,0.7302210307974671,manual_review_required,pending,,
e031096b359e7bcdc0bc0c1b2469e699ceccde02041b40dd29bd4b8239a2b994,alc_label_candidate,1-coins/90_1477857006.jpg,,original=25;predicted=10,0.7220213039165775,manual_review_required,pending,,
f2328349894373cf87fae2266583a97cb5f3abb11efc67df31dfae6312ef6eb8,alc_label_candidate,1-coins/150_1479429516.jpg,,original=25;predicted=10,0.7208254505607747,manual_review_required,pending,,
f8e86ed9d37e9ce522abc318c8fbaa5b7b203342e1b36d7954a89186e955ac29,alc_label_candidate,1-coins/75_1477849560.jpg,,original=25;predicted=10,0.7207894637121747,manual_review_required,pending,,
31b05f3d529aad43fb4ca33709dae2b9b6b296b7299730438e089e0d094a1f64,alc_label_candidate,1-coins/60_1477845048.jpg,,original=10;predicted=25,0.7201355420510867,manual_review_required,pending,,
1aa42d771d24dced26d96d4868195c87447e245785985b6af6e2d4c7af9ba0e1,alc_label_candidate,1-coins/10_1477186740.jpg,,original=10;predicted=25,0.7194597194382124,manual_review_required,pending,,
91bf2cf6fce750cf5e139195ffaeef7dd944a9ddf2d7b3771b422442c62fcb75,alc_label_candidate,1-coins/170_1479423132.jpg,,original=10;predicted=25,0.7178585440168791,manual_review_required,pending,,
7aad7bb1d81f17fe43ac1ebf75e23a0ccf9f76ed94bc2fb2ed595640294ea02a,alc_label_candidate,1-coins/55_1477842264.jpg,,original=10;predicted=25,0.7167795304248276,manual_review_required,pending,,
0809255c17e19b145bb5d60db91ad425070dcdfd59597c83744c7fdd35325570,alc_label_candidate,1-coins/85_1477852872.jpg,,original=25;predicted=10,0.7146698987480571,manual_review_required,pending,,
e504b32babfd521a1b56e5b89b4ee1932b95b6cce8ab3cc770724a965e76558d,alc_label_candidate,1-coins/75_1477850454.jpg,,original=10;predicted=25,0.7097122627280199,manual_review_required,pending,,
537d1d7bee3c1dcd9f77a81ab8c938146b0b5466d8122f3b5d547b84a396e750,alc_label_candidate,1-coins/25_1477191594.jpg,,original=25;predicted=10,0.7022234338343752,manual_review_required,pending,,
fe137e76402726a1a8c8c78b945ac30f4da46b3facb80d401014b11d77fa6c4f,alc_label_candidate,1-coins/115_1479349674.jpg,,original=10;predicted=25,0.6949270887235189,manual_review_required,pending,,
82c2cf3bd558e1bcb8cbc4c727c5a62f0e345302760914d74f9a58e42c277029,alc_label_candidate,1-coins/25_1477191738.jpg,,original=25;predicted=10,0.6937376392523149,manual_review_required,pending,,
e6955e5dc14a33dce04b69b32ff623ee9d0d2d0951b6d3d79202f3351f575d3d,alc_label_candidate,1-coins/65_1477846194.jpg,,original=10;predicted=25,0.6932610049359897,manual_review_required,pending,,
1e9aec7aa434605c6d0fe6c33dc0172a341b706bc6b2dfa70eaac479cbeebf8d,alc_label_candidate,1-coins/55_1477838994.jpg,,original=25;predicted=10,0.6927192463416393,manual_review_required,pending,,
7ea4af52316829014141d240bf8d4bb05aeb1e015d536f260c7b91b26a5e8c1c,alc_label_candidate,1-coins/75_1477849812.jpg,,original=10;predicted=25,0.6925678968788237,manual_review_required,pending,,
0ad9207455a2f1c818a3c3c229756d09732a047cebeadf1af590243326700fb5,alc_label_candidate,1-coins/145_1479429018.jpg,,original=25;predicted=10,0.692325803602421,manual_review_required,pending,,
1fdc9ca42332f6b2f64a674045b93a6390862ac56402e934da3e33632776fa3c,alc_label_candidate,1-coins/25_1477154034.jpg,,original=25;predicted=10,0.6912204853936842,manual_review_required,pending,,
11b4d7930b34bec8dc7ea6ded4028308407c126fd2f312bc24ba4b66ed333cd5,alc_label_candidate,1-coins/55_1477839240.jpg,,original=25;predicted=10,0.6901469559984139,manual_review_required,pending,,
38dd39dc91764f9a9f5000adc8031f5234d515b6bba6c8c20d22e2a39a334577,alc_label_candidate,1-coins/115_1479349542.jpg,,original=10;predicted=25,0.6897861444400224,manual_review_required,pending,,
0d1a1ff21aaecc0c7ee7b7e6e7c92e042368589a7b3df6e4e033a9717dbb645b,alc_label_candidate,1-coins/115_1479350604.jpg,,original=10;predicted=25,0.687750301002554,manual_review_required,pending,,
6693202485c0d0cdfca00d3b6494f9d6f4d61487e786b7eba19d3f866a4f1f71,alc_label_candidate,1-coins/105_1479344532.jpg,,original=10;predicted=25,0.6836161903150353,manual_review_required,pending,,
fe5f11c9b977060be13443ceea6b05fcaa48b597f31709d6a67dcf18d4e75ae0,alc_label_candidate,1-coins/110_1479347442.jpg,,original=25;predicted=10,0.6687343732751597,manual_review_required,pending,,
206b7d971816840995355b0df72a900e4708b88e2d579c4e683dd248d3bd618e,alc_label_candidate,1-coins/10_1477186764.jpg,,original=10;predicted=25,0.6648477176875749,manual_review_required,pending,,
c14b4ddbad5ac96aa5f8090e737178312c701f7dad9df5e779295bd0371af1e7,alc_label_candidate,1-coins/55_1477842600.jpg,,original=25;predicted=10,0.6597770621833472,manual_review_required,pending,,
f105c521cb2e5ec2c98776618fd5d9c31516ba6688d4546f8ed032d51bf99ba3,alc_label_candidate,1-coins/25_1477191192.jpg,,original=25;predicted=5,0.6558285595148617,manual_review_required,pending,,
5695cca73479d45ac8a685fdf4b68f2fa1f819ece3af750ef1532295657365aa,alc_label_candidate,1-coins/25_1477192134.jpg,,original=25;predicted=10,0.6517357976391916,manual_review_required,pending,,
e39beea9b22530d7551f71282fbb986686b3b069fd66c3062797783a1b372419,alc_label_candidate,1-coins/5_1477189500.jpg,,original=5;predicted=25,0.6486070436444273,manual_review_required,pending,,
b295cad21a340b23ab74f87c850843a17d459912f9eaf246c52338d9f8ce418f,alc_label_candidate,1-coins/120_1479351570.jpg,,original=25;predicted=10,0.6482316445051881,manual_review_required,pending,,
b7344022f2f32f8f8902bcaedb2d367ecbc435df658f6237b8c528df9437d1b3,alc_label_candidate,1-coins/10_1477287924.jpg,,original=10;predicted=25,0.6478999431434936,manual_review_required,pending,,
a29f43d2b4d7a904042c5865c1ba01d5356b653390b08a6fddd3a17c708e42b7,alc_label_candidate,1-coins/130_1477861986.jpg,,original=25;predicted=10,0.6474276851566328,manual_review_required,pending,,
17a76dacc77e83b1f7be815f4223948e57fe04dadd8e11fffb9cc4f0d6f587b9,alc_label_candidate,1-coins/10_1477186452.jpg,,original=10;predicted=25,0.647395770699794,manual_review_required,pending,,
1c2f5292ecc8e9ed1d6e1affbd1b827efe28d90157b5c2a2790ff8dc7283105e,alc_label_candidate,1-coins/105_1479344514.jpg,,original=25;predicted=10,0.6458253359744877,manual_review_required,pending,,
a31d985f68e201de266ed8e3a9873dbcd8b7ea3d37415b8570ee364082904eba,alc_label_candidate,1-coins/90_1477855620.jpg,,original=25;predicted=10,0.6453847313200919,manual_review_required,pending,,
0dcb698ecdce3cb49539233bb5c8235afabc7d11b5399c0d0cca4d32bb2f5898,alc_label_candidate,1-coins/150_1479429582.jpg,,original=25;predicted=10,0.6437384267560256,manual_review_required,pending,,
7a90275218b73393ef5f885dbaecbeb3dbb6428ce5fbaa8f26ba0127fbb63735,alc_label_candidate,1-coins/25_1477286118.jpg,,original=25;predicted=10,0.6414743877936131,manual_review_required,pending,,
1cab9ed3055e235595827e8c40716ac7dacde1f655fb27af5dfa993efa8cae27,alc_label_candidate,1-coins/25_1477287138.jpg,,original=25;predicted=10,0.6404897713791782,manual_review_required,pending,,
b46571c1d9fad324d69f6b9c3f9556aba3d48bc1e9e10b457d691831a0e35fd0,alc_label_candidate,1-coins/25_1477285404.jpg,,original=25;predicted=10,0.6331919727906157,manual_review_required,pending,,
cce7f95a7106559ac1077026bfe4c23836666508ccb759bf6bbdfd9bc8cc8b45,alc_label_candidate,1-coins/25_1477285236.jpg,,original=25;predicted=10,0.6327084732505833,manual_review_required,pending,,
b8e133088d9e01a7a921a3cf6a211b694042e138d6d1ecfe9274d9635f2d25da,alc_label_candidate,1-coins/5_1477291200.jpg,,original=5;predicted=25,0.6312604516010566,manual_review_required,pending,,
c4761a4918a4b4df6dca6624edabfb8152527a9566bf044922d5b2e56acc09e7,alc_label_candidate,1-coins/100_1477860570.jpg,,original=10;predicted=25,0.6278590136582824,manual_review_required,pending,,
41554916b9dec5206fb19f32df95708652b279a21f9f8320ab3388828568e8a9,alc_label_candidate,1-coins/10_1477288296.jpg,,original=10;predicted=5,0.6263246291683395,manual_review_required,pending,,
1082d8dacfbdcd9f67a3c6eb2253d4142895b58ff4ce975ab7da69e1e100fc5b,alc_label_candidate,1-coins/120_1479423054.jpg,,original=10;predicted=25,0.615921024793651,manual_review_required,pending,,
9471ecfb6c7f7d8125329aec1f2470ee545f05b119116b8afdc1e72d944d968b,alc_label_candidate,1-coins/10_1477289262.jpg,,original=10;predicted=25,0.615225422564858,manual_review_required,pending,,
e080ca9a0bc35734ba0845957a1fcf0319b12d0f4d739331f0c80dce2014da73,alc_label_candidate,1-coins/85_1477853022.jpg,,original=25;predicted=10,0.6145179149213132,manual_review_required,pending,,
7d94bd53516ac8bd9f9d15796164cdd9fbe305104e331904b28f39afebd27919,alc_label_candidate,1-coins/145_1479428880.jpg,,original=25;predicted=10,0.609495960123647,manual_review_required,pending,,
5cc48c18af017d7a81992d2d540b923d8a929f6b5b7e5f93a7778761c7bd897d,alc_label_candidate,1-coins/145_1479428970.jpg,,original=25;predicted=10,0.6092681957025893,manual_review_required,pending,,
5648a5f7bf8f0613193ca4284d957bb85a69e4072975ff18fed34189459da724,alc_label_candidate,1-coins/100_1477861194.jpg,,original=10;predicted=25,0.6052325603295933,manual_review_required,pending,,
41e0d6f31a35ea016b05b25b8cb220593a60102a490a1d9dbe3642474e1c1c1e,alc_label_candidate,1-coins/10_1477288410.jpg,,original=10;predicted=25,0.6046164245890977,manual_review_required,pending,,
33a705d8d2dee3d813ac81dfc183be9f1eec1fc9f444cc4d155692fd61afc52a,alc_label_candidate,1-coins/5_1477156860.jpg,,original=5;predicted=25,0.6004877098925422,manual_review_required,pending,,
cb2497769b6833b8e3994ac7cef30ad53104ddac80c53d422d14e75f5dc04f11,alc_label_candidate,1-coins/55_1477839042.jpg,,original=25;predicted=10,0.5982378015704355,manual_review_required,pending,,
af24bc55c300cb66ab7749da44f92de9665b3d1c81de9e2135c2699a80966c7e,alc_label_candidate,1-coins/120_1479351486.jpg,,original=25;predicted=10,0.5921420825147422,manual_review_required,pending,,
a5d728603de1d8cc3a8e2090eb7a6d29d5eb35295b6321162e626e6bfc86427a,alc_label_candidate,1-coins/65_1477846422.jpg,,original=10;predicted=25,0.5887891002439729,manual_review_required,pending,,
5bfcb227cbbd9c38c54ccbede96f9c41fd116d699e3a452db9e52c1bd3cb6c31,alc_label_candidate,1-coins/25_1477154304.jpg,,original=25;predicted=10,0.5859002455100683,manual_review_required,pending,,
c2a3c5d41fc4cd93eb64c462d770e10b4b06b019c0a7caa8df21f64e43136c93,alc_label_candidate,1-coins/25_1477285434.jpg,,original=25;predicted=10,0.5801024787735453,manual_review_required,pending,,
b6f133ca93a7e24a7c04e54eab8f4dc837a95a96dbcb253c2c0c6268d7e73e1a,alc_label_candidate,1-coins/150_1479429792.jpg,,original=25;predicted=10,0.5798032201741812,manual_review_required,pending,,
b95ab0103bd2a45030c1ebec2d05cc4174a133f1a2515a02bc40e9e31e2da820,alc_label_candidate,1-coins/100_1477858134.jpg,,original=25;predicted=10,0.5774617636573512,manual_review_required,pending,,
3122598951e76af04bb595a145764d5aaf0846d96f94184cd4c1141d47c48730,alc_label_candidate,1-coins/90_1477855776.jpg,,original=25;predicted=10,0.5756366649991603,manual_review_required,pending,,
c08d466a6f5afb415f4b7ed75ff6f01d414121e25131b6a2ca1ebc5bf66e6659,alc_label_candidate,1-coins/10_1477187328.jpg,,original=10;predicted=25,0.5740643069868478,manual_review_required,pending,,
89f20c8d13ac432fb5880fa7be837b976c8559b147245b12dcd69305e24c87fb,alc_label_candidate,1-coins/70_1477846704.jpg,,original=10;predicted=25,0.5670573616188921,manual_review_required,pending,,
22d861fa58e7a3a6d4898293fd2d7c8067c0fe1bd72088a592a5357bbc4661ef,alc_label_candidate,1-coins/5_1477290240.jpg,,original=5;predicted=25,0.565580580555147,manual_review_required,pending,,
80798c8a3d39fec5dd2500fbb66589186cd1ca26563ea58f103084fd02e9532a,alc_label_candidate,1-coins/25_1477286364.jpg,,original=25;predicted=10,0.5629048363406934,manual_review_required,pending,,
fa4c146f3f4578d1bb64aac627bb23a62a54ea0c519cf2add413f697a1e9d665,alc_label_candidate,1-coins/90_1477855572.jpg,,original=25;predicted=10,0.5624407513531514,manual_review_required,pending,,
69826a1c1314ebbfc6f3ad0dd16ebe77f04bd0783fd5c1c03ef8c376e79b2256,alc_label_candidate,1-coins/25_1477191354.jpg,,original=25;predicted=5,0.548224672694763,manual_review_required,pending,,
d97e336cce7fbe69fae50c1c34cd85480d34f9a6d0b3a33a549dbe7ec4a75e61,alc_label_candidate,1-coins/75_1477850424.jpg,,original=10;predicted=25,0.5449827907056721,manual_review_required,pending,,
3ead38caa821c5220b48b3b27f945e2737805673a025456ed158f47ecb3a6a74,alc_label_candidate,1-coins/55_1477839258.jpg,,original=25;predicted=10,0.5402646151021079,manual_review_required,pending,,
3a1111cc4e4dad68c19e50c56e6aa2a530c3cf0162acc3c20a0fd88ce8ae9096,alc_label_candidate,1-coins/130_1477861908.jpg,,original=25;predicted=10,0.5402160567369776,manual_review_required,pending,,
2d05df475cda2b7ea025190abbf7e9de125017fd482998b3eb539f25361d6f2a,alc_label_candidate,1-coins/55_1477842288.jpg,,original=10;predicted=25,0.534617531762357,manual_review_required,pending,,
a22ddedc0a66c1ac4f65fb5e5b718bbe923b8e075961482d2962c58f60c5faf2,alc_label_candidate,1-coins/35_1477789560.jpg,,original=10;predicted=25,0.532683859040992,manual_review_required,pending,,
b0276de77f8b538f3af3576bab11c5276233babdc631351e4889c9952e210d12,alc_label_candidate,1-coins/90_1477855662.jpg,,original=25;predicted=10,0.5321086565878939,manual_review_required,pending,,
8e5eec1e47ef08c774a145c96044e801366e6a1090fb7b13a508b98ba6273779,alc_label_candidate,1-coins/25_1477191162.jpg,,original=25;predicted=10,0.5314082982314576,manual_review_required,pending,,
a3883a4394b947cf6cc9c9496213b8337c59c80beeb04358b2ca95496b999fa2,alc_label_candidate,1-coins/100_1477861410.jpg,,original=25;predicted=10,0.5286134087037365,manual_review_required,pending,,
f9400b39fa828da0852b2d65be8cfe6e9e4efbffb40d95823e6f7b7f899e13da,alc_label_candidate,1-coins/10_1477288044.jpg,,original=10;predicted=25,0.5275071663668175,manual_review_required,pending,,
69e65d3e93658cbf41e3d6abecc99165045840d35e4978499efaa58c5dfa56bd,alc_label_candidate,1-coins/70_1477846722.jpg,,original=10;predicted=25,0.5266045802608599,manual_review_required,pending,,
467636f21245f160dfdc2689ad6402b12be732cfe7fbb4827ca41877b2f8fda1,alc_label_candidate,1-coins/85_1477852902.jpg,,original=25;predicted=10,0.5256225512805748,manual_review_required,pending,,
f6b60325d2c3303247ac91c593672e6bd641e2864e92f0690e7c5752de240a77,alc_label_candidate,1-coins/25_1477191966.jpg,,original=25;predicted=10,0.5239853856921256,manual_review_required,pending,,
87dedf6e3d02f515a2c4f22048c1fb5308fa72685009fbc676757222aa8133e6,alc_label_candidate,1-coins/10_1477787742.jpg,,original=5;predicted=25,0.5166110222826558,manual_review_required,pending,,
0e01610102244e7ffc8ee28ddf0b55e17f110730f62919388ead142e94b66dac,alc_label_candidate,1-coins/30_1477787454.jpg,,original=10;predicted=25,0.5148679070114925,manual_review_required,pending,,
a85d8d46bb567053e23ee569cec93aa93b487ef45723a8e88db5d052269a18a2,alc_label_candidate,1-coins/55_1477842666.jpg,,original=25;predicted=10,0.5100372631445425,manual_review_required,pending,,
c86d2e753236ac7ec889d88a19ca8f4f4710a2fc5b1187d30765929257e551fc,alc_label_candidate,1-coins/5_1477145514.jpg,,original=5;predicted=25,0.5086983632156941,manual_review_required,pending,,
a20ec0fa2256887e9cbbbb5f3e0d0e9bd04ba43a353ce9243648a901516d5731,alc_label_candidate,1-coins/25_1477149522.jpg,,original=25;predicted=10,0.50749683667374,manual_review_required,pending,,
06f38cf2a05b79bfebe5679ddc22ebd19b7ae02d6cf813dcfdd662d05278a67e,alc_label_candidate,1-coins/150_1479429816.jpg,,original=25;predicted=10,0.5020051262015564,manual_review_required,pending,,
76fde5e25eff6bb372f969fe069dc5beaad604810c62d29781c873ce6f1b28d2,alc_label_candidate,1-coins/20_1477788924.jpg,,original=10;predicted=25,0.5001910657420927,manual_review_required,pending,,
2278eb1c6dbbf56cd931819568dd50f678966c339911ca63e659ab2a51fac517,alc_label_candidate,1-coins/150_1479430110.jpg,,original=25;predicted=10,0.4996596730829528,manual_review_required,pending,,
5badbd42d87c9ba3080fa83fcecd9483c69ac5627b8925e4761c5cf3bbb3b357,alc_label_candidate,1-coins/65_1477845978.jpg,,original=10;predicted=25,0.499279993495757,manual_review_required,pending,,
0f75cdd6ebf6c015f45f902e27da5aec0c69bde2d6353b3ccd88a8a9a5d4778e,alc_label_candidate,1-coins/55_1477839276.jpg,,original=25;predicted=10,0.4951724718233085,manual_review_required,pending,,
82aa7877b4848709581372ae4372b5710b2106ac7fe88f42988f80ed71b99dbc,alc_label_candidate,1-coins/10_1477787682.jpg,,original=5;predicted=25,0.4920415158334109,manual_review_required,pending,,
aec5170577a3ae98670c8a75399cfab432031abd612ed228b1aec2c9d449a923,alc_label_candidate,1-coins/110_1479346200.jpg,,original=10;predicted=25,0.4903614381054132,manual_review_required,pending,,
9e25dd729e67dea0518fdf3f9a5557ff3de3b0396316fb54656e6e370bdcfd92,alc_label_candidate,1-coins/150_1479430014.jpg,,original=10;predicted=25,0.489813651404492,manual_review_required,pending,,
d8af6d48517ad942486b6ccabc5be4b860e4f9015762e2403a3db0d6a49d3cf8,alc_label_candidate,1-coins/25_1477149552.jpg,,original=25;predicted=10,0.4888700960102738,manual_review_required,pending,,
cd4e258af3036173b16b272a2f4f0a79fecf1734117844c31175429aa54deb92,alc_label_candidate,1-coins/10_1477288818.jpg,,original=10;predicted=5,0.4887953246935612,manual_review_required,pending,,
7dd099314c548e37e513df8b26752ab261be98370a9e9e2ca457b13078cae6ba,alc_label_candidate,1-coins/90_1477855548.jpg,,original=25;predicted=10,0.4812754637989422,manual_review_required,pending,,
6b3b382ad2677ee642492e93569c34fc302e4424c6e353575bcc5a810dea08f1,alc_label_candidate,1-coins/25_1477286184.jpg,,original=25;predicted=10,0.4776227527391232,manual_review_required,pending,,
de3953ff658362eec869c8bb6c06d346c3123eed7068ca55ec2c9de8faba112c,alc_label_candidate,1-coins/120_1479422928.jpg,,original=10;predicted=25,0.4760075012198961,manual_review_required,pending,,
0160ce3a55293684bb6f05256797c04475e2484f1bf608959656090bf61541e1,alc_label_candidate,1-coins/10_1477288374.jpg,,original=10;predicted=25,0.4741826549535484,manual_review_required,pending,,
bd81f623a7c7c4603ca6e359bb9432c0b4f4c31c83fc752361acc65687156a57,alc_label_candidate,1-coins/25_1477286508.jpg,,original=25;predicted=10,0.4704296216472352,manual_review_required,pending,,
b83bb5f87399eb185a73950dd9dba7418cb59f73c9cd21ccf8a7f72b485464e5,alc_label_candidate,1-coins/25_1477191348.jpg,,original=25;predicted=10,0.4638556209601091,manual_review_required,pending,,
d8e74c65d655c0a3d0afb5bc9612f46d7a87307e8b8dc08b7c2a61c8c3d17f45,alc_label_candidate,1-coins/25_1477191750.jpg,,original=25;predicted=10,0.4627544152704916,manual_review_required,pending,,
2cdf6898f0fb9aa1ee71b61dd501d9bad480d99b488ed37f2f0e3c57698a6585,alc_label_candidate,1-coins/10_1477287984.jpg,,original=10;predicted=25,0.4621423564913594,manual_review_required,pending,,
7d5dda2ab8f4ef8a3e96fe686434249bbb2746eaed4ab7ace97cde7100aa0a2a,alc_label_candidate,1-coins/75_1477850058.jpg,,original=10;predicted=25,0.4617725708048545,manual_review_required,pending,,
e79fa201061273ca7798e3bc03aef63cb740bda08ca039b5ae31c0611e06c846,alc_label_candidate,1-coins/25_1477191714.jpg,,original=25;predicted=10,0.4607491004335607,manual_review_required,pending,,
f2a6dbb258e8a4623e7b9d602de5e8c3760f721ba79d7d83feab487a30e02d89,alc_label_candidate,1-coins/45_1477837044.jpg,,original=25;predicted=10,0.4587078370693005,manual_review_required,pending,,
4fbea131eeeb1f800752b205075603cdfc5d7e3bf9f22801029c3e4040a26df0,alc_label_candidate,1-coins/55_1477838988.jpg,,original=25;predicted=10,0.4583467437388595,manual_review_required,pending,,
d6bac27f916d1ced0e0206662063b293c1201224c51d051c2e208055fcb559a9,alc_label_candidate,1-coins/145_1479427806.jpg,,original=25;predicted=10,0.4531948405777768,manual_review_required,pending,,
0aba97430f176e6ff4e187e366d6c3820a675b6a4e63300cc6c5c363feed7a46,alc_label_candidate,1-coins/130_1477861992.jpg,,original=25;predicted=10,0.4520499926620667,manual_review_required,pending,,
b410d8d2e108a7b6f138e665dfb062449a6c31a406f712d18de155cd52cf0a51,alc_label_candidate,1-coins/35_1477789530.jpg,,original=10;predicted=5,0.4410873939811859,manual_review_required,pending,,
2429e5f57e5c64a719a6876f86ee7f1a6afb5881fe54f475eaf61f39d5ad1875,alc_label_candidate,1-coins/25_1477191132.jpg,,original=25;predicted=10,0.4395228467811213,manual_review_required,pending,,
fe01e9353540abf85dd154eaee8d82de92f75239bc48332d79cb1bf465b62c23,alc_label_candidate,1-coins/120_1479423060.jpg,,original=10;predicted=25,0.4387641351851451,manual_review_required,pending,,
2894880dd5748ef06785cacc7d66351567c5f658be40d7caeab95432e7622eed,alc_label_candidate,1-coins/105_1479344574.jpg,,original=10;predicted=25,0.4377875198656586,manual_review_required,pending,,
88a682004cbf8f5ed64443bdd54556cefe38d4ba9a40c3172cffa196d4d6d64a,alc_label_candidate,1-coins/105_1479344700.jpg,,original=10;predicted=25,0.4339014731719905,manual_review_required,pending,,
47ae84204f0ac33656b166d1ac8e0a9f8c59429b558a725139f2a3e99830b12c,alc_label_candidate,1-coins/55_1477839012.jpg,,original=25;predicted=10,0.4305396606370671,manual_review_required,pending,,
e6850bf4c543283aa7c6091fd7e1e1b7b695b18ed27470a687b6de0bf9226fd2,alc_label_candidate,1-coins/120_1479351648.jpg,,original=10;predicted=25,0.4292084586120086,manual_review_required,pending,,
1fea2a17041503548b559cd91a424cc383ae205b450817db1731e7912cde746a,alc_label_candidate,1-coins/85_1477853928.jpg,,original=25;predicted=10,0.4289689844673887,manual_review_required,pending,,
9da4486e31371af78361ae8755148b02c272f790aca1f7551488ba59c384e0dd,alc_label_candidate,1-coins/115_1479350652.jpg,,original=10;predicted=25,0.4289679664177206,manual_review_required,pending,,
79a4e8ee663c83e10b4e9eebd8fb50a50e458cf66e26639086fa26954ea017ef,alc_label_candidate,1-coins/25_1477286412.jpg,,original=25;predicted=10,0.4282221672978543,manual_review_required,pending,,
7b18eeed2fb95d5b4fbe1a99e9ee5e6034409d91cc135267adafc4b82946097e,alc_label_candidate,1-coins/150_1479430092.jpg,,original=10;predicted=25,0.4278102968311533,manual_review_required,pending,,
639b34d61f7f9efa94932c3bb280a07d7f2699ed0406cd7c9ef5678f054e61b9,alc_label_candidate,1-coins/105_1479344574.jpg,,original=25;predicted=10,0.4271440621776652,manual_review_required,pending,,
3fb2d277268ac52f823fcbd7c0da63824c88c740471459de16f41e679ce4eb85,alc_label_candidate,1-coins/120_1479351516.jpg,,original=25;predicted=10,0.4266842794719441,manual_review_required,pending,,
9164b42ffe5451de2e37d370a56e46176d83bf37c4b5aed142575ba69f0fe5ea,alc_label_candidate,1-coins/10_1477147464.jpg,,original=10;predicted=25,0.4237560487184472,manual_review_required,pending,,
508e2ef4d9d5f43bda7f3d45d18f449f20b21585a99417d0cda3631d96110528,alc_label_candidate,1-coins/25_1477287216.jpg,,original=25;predicted=10,0.4213713767323818,manual_review_required,pending,,
d73aef8885a476abe40a1ff89c04139ff6da5e12f653509d328e9c693b3ca18e,alc_label_candidate,1-coins/55_1477838952.jpg,,original=10;predicted=25,0.4195894424564179,manual_review_required,pending,,
89030f8de396335071ec726b4907f007cc193a4490dda5ae94ab8463133d7f48,alc_label_candidate,1-coins/10_1477287900.jpg,,original=10;predicted=25,0.4194661806210279,manual_review_required,pending,,
39ac4a9dc949c7a5fa95368a634f447b305a500cc4cb454e847d1d4ec36d27ef,alc_label_candidate,1-coins/150_1477864470.jpg,,original=25;predicted=10,0.4179537207723608,manual_review_required,pending,,
946c18755d5379b87e80478835ea5444b8e77cc2beb3fec47b205525de0760a5,alc_label_candidate,1-coins/35_1477789884.jpg,,original=10;predicted=25,0.4145310905936297,manual_review_required,pending,,
3747c22a8d544fe761314dda49522de793df3b0bd969be938f47a0a3beed27f8,alc_label_candidate,1-coins/90_1477857000.jpg,,original=25;predicted=10,0.4137944943887011,manual_review_required,pending,,
3d4db236ca9e1ca41782480115c501f7afdf22061c40fa42320f853e7852cd99,alc_label_candidate,1-coins/75_1477849878.jpg,,original=10;predicted=25,0.4067764099904633,manual_review_required,pending,,
b5a8f008896e056cede66f6f7243ead479439945a0b6cadf6f9563821a8fdc57,alc_label_candidate,1-coins/90_1477855674.jpg,,original=25;predicted=10,0.4063071475723334,manual_review_required,pending,,
97efb18825c3989f321d7d7b52dcf31f8bc75192eaeae4e75f08ba195b25dfbf,alc_label_candidate,1-coins/100_1477860924.jpg,,original=10;predicted=25,0.3971309079818976,manual_review_required,pending,,
3dc72cf575edc87d311b149eccfc87cea3cd6f4e0f30231d10500b0de67d803e,alc_label_candidate,1-coins/55_1477842204.jpg,,original=10;predicted=25,0.396905330681075,manual_review_required,pending,,
2354e8b9e419a922e8dc9f900e822bb906b327cee9130c7d7ed54a2f325a13f0,alc_label_candidate,1-coins/60_1477845474.jpg,,original=10;predicted=25,0.3930162562201841,manual_review_required,pending,,
4926e9072f723e3e156811800c23ba7a32c5896459e73d1759f6bfcf047f803f,alc_label_candidate,1-coins/45_1477836948.jpg,,original=10;predicted=25,0.3834136360785154,manual_review_required,pending,,
f2cf02c59a3faaf0c407e2f8dc1a65fdc329dac6d41e73dbf0b8b4874d22ec26,alc_label_candidate,1-coins/170_1479423276.jpg,,original=10;predicted=25,0.3825895859331223,manual_review_required,pending,,
37117e1330d9e943e6483603e0d6c54ba7c5496661ba9ceb5bce4025d7d2c751,alc_label_candidate,1-coins/60_1477845174.jpg,,original=10;predicted=25,0.379120349084466,manual_review_required,pending,,
e6e5e3e42531eac85e490cb04d5fc355c9201403f4b5eefa00ab429201c5967c,alc_label_candidate,1-coins/110_1479346116.jpg,,original=25;predicted=10,0.3780915813025159,manual_review_required,pending,,
941b5c5ee364b28766318dd2a3e01a96bd696b0de7fae869a2bf0bb3ca389b83,alc_label_candidate,1-coins/25_1477285428.jpg,,original=25;predicted=10,0.378013666593196,manual_review_required,pending,,
f91ba98a7828e39f2d809eec77029ff828f96ffa6330f490cc43a9150f16eee7,alc_label_candidate,1-coins/55_1477842054.jpg,,original=25;predicted=10,0.3767454166467469,manual_review_required,pending,,
932df694bcd2d81a0a91ab1ead644de064f2d2a6442545d2cf901a82201f354d,alc_label_candidate,1-coins/90_1477855710.jpg,,original=25;predicted=10,0.3763499554601285,manual_review_required,pending,,
4ab371eaf33ba3fa71979b76b77128fba8e9aaa96e2e2d1a71baf3a9a4e10cb4,alc_label_candidate,1-coins/100_1477155282.jpg,,original=100;predicted=25,0.3759846466538049,manual_review_required,pending,,
f4c15a8485e21da268a92361d779d8d5f04e6d96e6a424f95657c6c37a47b855,alc_label_candidate,1-coins/50_1477282842.jpg,,original=50;predicted=10,0.3755799920063933,manual_review_required,pending,,
37ffca74646002b03b32597363fa1845c93ec901f15f5302f757981e104312a2,alc_label_candidate,1-coins/150_1479429978.jpg,,original=10;predicted=25,0.3740590762838198,manual_review_required,pending,,
e32fb71faf921b6240b45998a7c397f3fd7165134106c1611f7a3291e6d67c90,alc_label_candidate,1-coins/175_1479423732.jpg,,original=10;predicted=25,0.3731170535215774,manual_review_required,pending,,
cbc238b2e09d7c773fdc42e4815287b84e82fc0129e0839d0b95c23d5279fca9,alc_label_candidate,1-coins/85_1477852956.jpg,,original=25;predicted=10,0.3712556733425904,manual_review_required,pending,,
654474eafa25221008cc2dddbd50e200002455101705a6b7c89db5f35d022c3b,alc_label_candidate,1-coins/70_1477846716.jpg,,original=10;predicted=25,0.3668268267518226,manual_review_required,pending,,
32128a95c76162fb2aad9624af9ba77a5722e81fdc1d109ad2bd34c3e59855f5,alc_label_candidate,1-coins/55_1477839198.jpg,,original=25;predicted=10,0.3667780997601143,manual_review_required,pending,,
342170d7242d3ccccc12afdd1e606616d5a1a773619245103d9264506e767c6e,alc_label_candidate,1-coins/90_1477855506.jpg,,original=25;predicted=10,0.3652777077008107,manual_review_required,pending,,
81094c666bdccabdd13accc2a10a4f743f1eefbf022884e00f416ffe7682e4b7,alc_label_candidate,1-coins/45_1477835916.jpg,,original=10;predicted=25,0.3650607286231311,manual_review_required,pending,,
414870ae7ec10302668277e05d517d539136fa348d057f791fd7dc4cacd3ab44,alc_label_candidate,1-coins/90_1477856994.jpg,,original=25;predicted=10,0.3647074959445902,manual_review_required,pending,,
597d47d6d27ab7235f947070b4c15538442d15d63cc1c91aef48dbe1ddf126c7,alc_label_candidate,1-coins/150_1479429666.jpg,,original=10;predicted=25,0.3633780944925299,manual_review_required,pending,,
d66ed331f985bbc3ad1e4a490e4269d5242587a081de5cd9ce7b3cc55b761560,alc_label_candidate,1-coins/130_1477862436.jpg,,original=10;predicted=25,0.3564802102557838,manual_review_required,pending,,
5f8ca9e1178f6a3f0ba4ebacf37dea507791b66628b75491a716aa28f8cf2955,alc_label_candidate,1-coins/120_1479423066.jpg,,original=10;predicted=25,0.3510237602660305,manual_review_required,pending,,
0b7e41c132d27113f368d94a6437e1aeaaa8de79cb58d44d56d56d84e406b750,alc_label_candidate,1-coins/55_1477842708.jpg,,original=25;predicted=10,0.3497040933110695,manual_review_required,pending,,
62b04bef2de9b973b13076cab363fb612d51c132ac31c79cb8b73c8faeda6762,alc_label_candidate,1-coins/55_1477842060.jpg,,original=25;predicted=10,0.3485328492090764,manual_review_required,pending,,
616069c8a261881231c5e2623d32c9c4bfa11845e3d2e5e8412b1bcd9a90d58f,alc_label_candidate,1-coins/5_1477189476.jpg,,original=5;predicted=25,0.3445615002323201,manual_review_required,pending,,
318cf1b1e917f18d172cd935939dbead738d6278976f31dda1ee55e5d80092dd,alc_label_candidate,1-coins/170_1479423216.jpg,,original=10;predicted=25,0.3410065684180605,manual_review_required,pending,,
c5cb35910f95dfac97c10fa10a2a683d925236946032486666410de8198337c0,alc_label_candidate,1-coins/85_1477852188.jpg,,original=10;predicted=25,0.338496350248521,manual_review_required,pending,,
16f16f37bb1446a37a6d2e4ad5c25bc13dbe01deacda87ca2c1ec6ab46a160c0,alc_label_candidate,1-coins/55_1477842270.jpg,,original=10;predicted=25,0.3368453237058834,manual_review_required,pending,,
d8a1e5382e85aafe9a453150b85ae9b02ab57ec4d2af682fa56265b7f19ceab0,alc_label_candidate,1-coins/70_1477846698.jpg,,original=10;predicted=25,0.3364677752671438,manual_review_required,pending,,
767aa5974ae0e0d54ba856e1f7fdb9f901a501ad7825eec6487b9dc75150546f,alc_label_candidate,1-coins/25_1477285398.jpg,,original=25;predicted=10,0.3363623611041059,manual_review_required,pending,,
7dc6f2f13fbd8224022198f1e823bfb2657273f140b984453a171646cd2598e4,alc_label_candidate,1-coins/30_1477786770.jpg,,original=10;predicted=25,0.3358687923453023,manual_review_required,pending,,
958d839176bad494e6ee616df602c2cdb10170b195a6854d26c9ab98026506a5,alc_label_candidate,1-coins/75_1477849776.jpg,,original=10;predicted=25,0.33534290756212,manual_review_required,pending,,
9884a5798a131489c1392a01052f1a3b95b81fb6e76a1cbe0e405debdc23682e,alc_label_candidate,1-coins/25_1477286340.jpg,,original=25;predicted=10,0.3341728548925421,manual_review_required,pending,,
b055834b3e0b443d93b26440f14eb12253dac2582f03d9bb34691b00cafa942e,alc_label_candidate,1-coins/25_1477191336.jpg,,original=25;predicted=10,0.3328543790027966,manual_review_required,pending,,
30158406fb39da39cd16af4d81ecf1b914a0b0f740ab4b17545d58693584004b,alc_label_candidate,1-coins/75_1477850514.jpg,,original=10;predicted=25,0.3316076623492078,manual_review_required,pending,,
12a43ac5a50f3e288395c6b6114193a66d3b11e6449502ab7caa96b3201accf2,alc_label_candidate,1-coins/50_1477194366.jpg,,original=50;predicted=10,0.3305117919688755,manual_review_required,pending,,
568e515f25e5cf2f15a28aeef6f06c192a914f571d4f2687330683d3fcdcad14,alc_label_candidate,1-coins/105_1479344580.jpg,,original=25;predicted=10,0.3292541707645735,manual_review_required,pending,,
caaaa329afe68dbd6bbd58c2949589c404698619d6199d10eee7c747125a6285,alc_label_candidate,1-coins/65_1477846008.jpg,,original=10;predicted=25,0.3283970532414065,manual_review_required,pending,,
42ead8fc05de7a3196bcfd24820ef4f059e9fc07388a8bb33cc2774467c337c9,alc_label_candidate,1-coins/110_1479347472.jpg,,original=25;predicted=10,0.3269836944978519,manual_review_required,pending,,
89825e94b4023c475fce528a96458a64c259818b12f884be29c7dc944f281b24,alc_label_candidate,1-coins/25_1477285518.jpg,,original=25;predicted=10,0.324825913735562,manual_review_required,pending,,
f4bbcc755fdcab4437b7671bc554de3614c0cebca5db422a6291ddf7a2ae5efa,alc_label_candidate,1-coins/135_1479426042.jpg,,original=10;predicted=25,0.323814580772103,manual_review_required,pending,,
87d7c55e8d98a414ba2eab68f0f40ee61a21e0ec627219d924e71fdc14f91952,alc_label_candidate,1-coins/80_1477851690.jpg,,original=10;predicted=25,0.323047919238035,manual_review_required,pending,,
c4ba1bfafb4a5c96804a2878b7eb76b825742cc3fcef2d2a502ad4424399b4a1,alc_label_candidate,1-coins/150_1479429690.jpg,,original=10;predicted=25,0.3205207780110388,manual_review_required,pending,,
15c20943613865149d1e65e25f45a6cc2942f53190bb534199eae694e27fd74b,alc_label_candidate,1-coins/150_1479429990.jpg,,original=10;predicted=25,0.3197171287319065,manual_review_required,pending,,
68abeae934d460aa7cc18295690409ee30a66c30f576094f12810adabb2662fa,alc_label_candidate,1-coins/80_1477850904.jpg,,original=25;predicted=10,0.318699371804321,manual_review_required,pending,,
0eb3a750e8a5df138bcad05336cf9a77c8329814781a4861adb38635d5c97f08,alc_label_candidate,1-coins/145_1479428982.jpg,,original=25;predicted=10,0.3174564260175154,manual_review_required,pending,,
05641197eea3847d90d048502f82724140103b622a1cd93ab53fdd8e00bde51f,alc_label_candidate,1-coins/25_1477191726.jpg,,original=25;predicted=10,0.317182452392046,manual_review_required,pending,,
ddb87cc55a40ccc06036d63004bdca9b9c1fd672f760a80fd15d4d9315c5642b,alc_label_candidate,1-coins/45_1477835928.jpg,,original=10;predicted=25,0.3171174587189432,manual_review_required,pending,,
bb29db39794a714daab98d139e68faf87ec5a99fb46dcf4f0cf073920c6b4ee2,alc_label_candidate,1-coins/60_1477845192.jpg,,original=10;predicted=25,0.3154483161151747,manual_review_required,pending,,
0407581bf4f729ef2206de2654612abf8f3e63818477b029d5844c86ddfbcf54,alc_label_candidate,1-coins/145_1479429000.jpg,,original=25;predicted=10,0.3151939515638735,manual_review_required,pending,,
1c8fb0d2d2283ec9a90b3ddadd792f0818d66c2fea07cff4cc523c2442ed9bd9,alc_label_candidate,1-coins/120_1479423048.jpg,,original=10;predicted=25,0.3120151193793882,manual_review_required,pending,,
d9aa286d39c23d29c846854888f5a01aa976a69ad241704fbc7bb6901863e512,alc_label_candidate,1-coins/105_1479344442.jpg,,original=25;predicted=10,0.3106055005016339,manual_review_required,pending,,
41d469e184e6899b4852b383c890170cb04e328b42d62e0bdbd3c087d7cbc2ce,alc_label_candidate,1-coins/110_1479346164.jpg,,original=25;predicted=10,0.3104777712059884,manual_review_required,pending,,
4c302ef1e0533ae48fe98c23fb6820476e1d8e74e7ea7cfc429569830affdc3a,alc_label_candidate,1-coins/80_1477851678.jpg,,original=10;predicted=25,0.3089048892330176,manual_review_required,pending,,
269febf1ead9fd68e5cbd4afea36c48f2a2426a8ce7c723d117cbcd7537865b6,alc_label_candidate,1-coins/145_1479428922.jpg,,original=25;predicted=10,0.3046402451205666,manual_review_required,pending,,
fce88522895a30e587c1be047c7d5c3e9c4e6dcc859e2476a3e96b2b8050e431,alc_label_candidate,1-coins/25_1477285254.jpg,,original=25;predicted=10,0.297166113999589,manual_review_required,pending,,
898b7cba5d775237027e2f18157e17a9cb739d403a37ac26e498f51c9c1785f8,alc_label_candidate,1-coins/25_1477192230.jpg,,original=25;predicted=10,0.2962741055023683,manual_review_required,pending,,
6b45bf322979af916c2a8be0736dafe517eaca3f9556b6522fe6daf5fe190e69,alc_label_candidate,1-coins/110_1479346242.jpg,,original=10;predicted=25,0.2954312987046521,manual_review_required,pending,,
20799ca7f1406ee37a96740902acab2668b47c53f90d19004844d0e15ab8b0ba,alc_label_candidate,1-coins/45_1477835904.jpg,,original=10;predicted=25,0.2949803171057059,manual_review_required,pending,,
13c20f422dc7ea25d6de6e1a57c9420b14a12981141e7fe57965e34603cfd3da,alc_label_candidate,1-coins/150_1479430254.jpg,,original=25;predicted=10,0.2931895693958707,manual_review_required,pending,,
cbf2c225ea85757c1c4824f0321e7408f02606f317e5aee7c311a32ba34b1bb0,alc_label_candidate,1-coins/55_1477842270.jpg,,original=10;predicted=25,0.2927014770205171,manual_review_required,pending,,
de4b33be638827d8ec6d97e64cc2b446472c3746e50c7ca757c443c5fd4410a0,alc_label_candidate,1-coins/45_1477835988.jpg,,original=10;predicted=25,0.2904257599126789,manual_review_required,pending,,
af7b8f8a4aab0f224893a215f2dda045d2bc62604d3608ff39581147fca23871,alc_label_candidate,1-coins/145_1479427710.jpg,,original=10;predicted=25,0.2860960457895991,manual_review_required,pending,,
5ef4554d8e35dafd814ea3b9241287270d896d98a079f187bcc25e3f331b4935,alc_label_candidate,1-coins/55_1477842318.jpg,,original=10;predicted=25,0.2847335054698068,manual_review_required,pending,,
58544cb92a9f62cca375b24d61358300118b2687ae4676ef3edaa66a68bb75ac,alc_label_candidate,1-coins/75_1477850532.jpg,,original=5;predicted=10,0.284043823389045,manual_review_required,pending,,
29cd802fd0788c69ea94b5f8e36166dfcd9e96788b13519fe419e4bc9ffeb52a,alc_label_candidate,1-coins/55_1477839270.jpg,,original=10;predicted=25,0.2827045805693727,manual_review_required,pending,,
206266292bb394aa937bdec95417658aa1b1d872fdacee3ac4199b251d10d07f,alc_label_candidate,1-coins/45_1477835868.jpg,,original=10;predicted=25,0.27586106149957,manual_review_required,pending,,
2ee9287595ddc2fa3aee188e8d633ab39b5469fe4716a2df89f1467c0c8c2933,alc_label_candidate,1-coins/50_1477282290.jpg,,original=50;predicted=25,0.275564071247607,manual_review_required,pending,,
cdba5596422e7b97a9ee1410871b28d29c181156ca211781d468885d9b98e977,alc_label_candidate,1-coins/75_1477849932.jpg,,original=10;predicted=25,0.2745367726560946,manual_review_required,pending,,
6f05c3b303bafad98401607362b3977663f0f57d16f33fa74b437084caf1cb17,alc_label_candidate,1-coins/120_1479351588.jpg,,original=10;predicted=25,0.2742333379043434,manual_review_required,pending,,
822cc3145c352309ccc6607d643a2349801b719eba037d46aba909333fb4e4b6,alc_label_candidate,1-coins/150_1479429792.jpg,,original=25;predicted=10,0.2730803765502531,manual_review_required,pending,,
5059853ed7121c38eba63d9473422151bbfd0e9d88b0378ec80c2507c51f1fb6,alc_label_candidate,1-coins/65_1477846260.jpg,,original=10;predicted=25,0.2724443245413522,manual_review_required,pending,,
53580e21386bced9b40ab7a66b3cf1d4ad777190a76a3cb4d6d186fa3324f523,alc_label_candidate,1-coins/25_1477285296.jpg,,original=25;predicted=10,0.2713595952706502,manual_review_required,pending,,
86706024d418d6da487ea9891a4e4f2a1892b85562602fd430c79d6277597f79,alc_label_candidate,1-coins/85_1477852890.jpg,,original=25;predicted=10,0.2711844490474501,manual_review_required,pending,,
a8a8f071077f6a48bf6ceaf4cd2000b16b426380aabc1ac8b1f7bead9e0cadb0,alc_label_candidate,1-coins/5_1477290948.jpg,,original=5;predicted=25,0.2667982412693573,manual_review_required,pending,,
88249bfb949e895df9712b5c03001c7eb8a783c2928208e57b561c011aafa0cf,alc_label_candidate,1-coins/5_1477292064.jpg,,original=5;predicted=25,0.263671659834005,manual_review_required,pending,,
2c7437b1b71fce43c4695dd765c8954d881a41ed48ebbf4024f383f8f3bdab48,alc_label_candidate,1-coins/25_1477154262.jpg,,original=25;predicted=10,0.2514416647447099,manual_review_required,pending,,
393dbe005675fceb15448ec580a166e2aaff6b29854eb46d05be8a4af6ad444e,alc_label_candidate,1-coins/100_1477861140.jpg,,original=10;predicted=25,0.2503145632596188,manual_review_required,pending,,
7c3127680fac0b6530cb0fa38c2b84b0ee4cdd7e65247dbea817e48c0c5edb12,alc_label_candidate,1-coins/110_1479345726.jpg,,original=25;predicted=10,0.2500765337606222,manual_review_required,pending,,
67d647b9ff5b729bcfff24fd0096f3dabd6ad5ca1551efa749fa165a00d9c11e,alc_label_candidate,1-coins/150_1479429582.jpg,,original=10;predicted=25,0.2498696689734451,manual_review_required,pending,,
9618fb555b7deefc243b7ddf6c6e6649426add72fd272342843188521e683143,alc_label_candidate,1-coins/150_1479429522.jpg,,original=10;predicted=25,0.2477312559287517,manual_review_required,pending,,
5f6bef1ee2dde3dda3f64d0aa1b013b03f36c78410558710d23b2a4839cbf9e5,alc_label_candidate,1-coins/10_1477147422.jpg,,original=10;predicted=25,0.2425817582413784,manual_review_required,pending,,
0810e9692cbb2396f375aa327463521a069b9dff61f7ef2495aa44a276bb99f3,alc_label_candidate,1-coins/90_1477855794.jpg,,original=10;predicted=25,0.2421713706814009,manual_review_required,pending,,
c07a4169e06bb7d403c8b9351ed72411b5d2b6be8ef886bbda60acf2589eb4b5,alc_label_candidate,1-coins/175_1479423750.jpg,,original=10;predicted=25,0.2420628562865864,manual_review_required,pending,,
5c5ee591cc65734c1a0c12404f7639780494639386183c070eee779c839f01bf,alc_label_candidate,1-coins/80_1477850970.jpg,,original=10;predicted=25,0.2418669367053906,manual_review_required,pending,,
fe884b17a6133f51eaaad5ba6dcba6dbf6a76b818926febf00d5299e82426e61,alc_label_candidate,1-coins/85_1477852944.jpg,,original=25;predicted=10,0.2377514908725183,manual_review_required,pending,,
819c54806179b73ee3b913b5ad8f7c4ae42b14c74193d9e8ea5853f5300df962,alc_label_candidate,1-coins/110_1479345762.jpg,,original=25;predicted=10,0.2327744633751449,manual_review_required,pending,,
b7356cb67f6b325949cb69b144edfd7ce6c1e37a99a5c4b4c8dc4a0f8fc958ec,alc_label_candidate,1-coins/100_1477858704.jpg,,original=10;predicted=25,0.2307364412563015,manual_review_required,pending,,
08130f499b0880dd61021f60620afd888e569d045a2423a54044b3913efe2aba,alc_label_candidate,1-coins/105_1479344592.jpg,,original=10;predicted=25,0.2292748503041364,manual_review_required,pending,,
7d40c8def7492ad25a78c65227e38d7b21d41737d62ce9e7eee305b927bd2cb8,alc_label_candidate,1-coins/95_1477858056.jpg,,original=25;predicted=10,0.2272001798016273,manual_review_required,pending,,
c5a01c5da77a5df4f7117f47b95247e8c6bf20b199694a8ba8bbe0954c93bfd7,alc_label_candidate,1-coins/90_1477855614.jpg,,original=25;predicted=10,0.2253544069904713,manual_review_required,pending,,
3c213d74b2cf94594f9c6179f55c822301afd428e7b78319f6b540760d20aa2a,alc_label_candidate,1-coins/120_1479351366.jpg,,original=10;predicted=25,0.2244790165122302,manual_review_required,pending,,
7194a6dd810f36bf0ce2659e509a59d7cad848852bf6aef95a3ea37b467df3a4,alc_label_candidate,1-coins/55_1477839246.jpg,,original=25;predicted=10,0.2242265456859312,manual_review_required,pending,,
693feff631dc0cb1e583e2e303ff681d18acb7e1a860fb8ca398dfc2112555ad,alc_label_candidate,1-coins/110_1479345756.jpg,,original=25;predicted=10,0.2241995270805029,manual_review_required,pending,,
2c5a0fd95321387b1b803ea8493775611774b605c4d0c1462e480929261d461e,alc_label_candidate,1-coins/65_1477846464.jpg,,original=10;predicted=25,0.2238901263968252,manual_review_required,pending,,
852041e4f346c0f0097064e2249e8b3ffe6a4f6d6adeee108d14eddaea6254d9,alc_label_candidate,1-coins/10_1477186224.jpg,,original=10;predicted=25,0.223623666026077,manual_review_required,pending,,
b0f70f5a190077b27632a2a8b7f7788a5903435af06b2b24367f36d4b5958283,alc_label_candidate,1-coins/30_1477786824.jpg,,original=10;predicted=25,0.2209255699835219,manual_review_required,pending,,
530f03bd90ad03c8814aa9b3fd2071ba303149a6508698d4b6422013e47d15f7,alc_label_candidate,1-coins/115_1479347718.jpg,,original=25;predicted=10,0.2206619216720878,manual_review_required,pending,,
1c5c4525a5bb22d10ef8cc0f64cc493bbcc516b77209d9547c4590f8fb84fa2e,alc_label_candidate,1-coins/55_1477838976.jpg,,original=25;predicted=10,0.2201414359064782,manual_review_required,pending,,
6a71e905dbdd6363a0ea418ed3417fd27e201019be27ee50e1c4f0f76bb55dc7,alc_label_candidate,1-coins/100_1477860792.jpg,,original=10;predicted=25,0.2197488595693653,manual_review_required,pending,,
1aae325e5a6ede401bdcf283a27c763fcfe2490aff9c7c97de52de75e8e211fc,alc_label_candidate,1-coins/10_1477149012.jpg,,original=10;predicted=5,0.2194599927798054,manual_review_required,pending,,
7337d0f992897df8cbc8f25cdbdc74bcdc295e1b57ad07a8fa03bd1e29d80813,alc_label_candidate,1-coins/110_1479345714.jpg,,original=25;predicted=10,0.2133331443592516,manual_review_required,pending,,
12698a1ca2d7fac63a01dd0eeeb13a57cb2070a6bc2a606a7dfb5e99f3ddc33e,alc_label_candidate,1-coins/90_1477856976.jpg,,original=25;predicted=10,0.2133184058091033,manual_review_required,pending,,
cf61e920a9dd69bad31df3a8818f590de2eace72d8aa115b3021c3cfa2b215bd,alc_label_candidate,1-coins/90_1477855800.jpg,,original=25;predicted=10,0.2130677087415011,manual_review_required,pending,,
283eb339a71f164f8696ec19f20f9e2697c4afb0eea5dd553de29e64ebf92513,alc_label_candidate,1-coins/10_1477186524.jpg,,original=10;predicted=25,0.2111055896742274,manual_review_required,pending,,
02aa03d0902e9c7df1c9f25977a7bb06ac4387821532cbae0b970e56c67c9600,alc_label_candidate,1-coins/115_1479350544.jpg,,original=10;predicted=25,0.2097595278340162,manual_review_required,pending,,
12eebc8c42c42ae2d1b5045bf8b0518189612279622dc515ac99940b7498d2b4,alc_label_candidate,1-coins/85_1477852986.jpg,,original=25;predicted=10,0.2072658432977695,manual_review_required,pending,,
860316615361a49168d665e00dbea767cc9dfa2c2510410c07d97554def240af,alc_label_candidate,1-coins/60_1477844772.jpg,,original=25;predicted=10,0.2061447015088603,manual_review_required,pending,,
533a4098c1fe85efea16826e3563b557d63e59871263aa1e91919998b4531b63,alc_label_candidate,1-coins/105_1479344484.jpg,,original=25;predicted=10,0.2056826881441278,manual_review_required,pending,,
09c6d72353982ffc7b40e898d49899d272a33c911ec49cc3bcac934a801ab500,alc_label_candidate,1-coins/55_1477842612.jpg,,original=25;predicted=10,0.204760853754587,manual_review_required,pending,,
effc333e220acc5d512fca9e6ebf3af7d7220da475e2311967393ceeaa3031c2,alc_label_candidate,1-coins/25_1477285536.jpg,,original=25;predicted=10,0.2042172527125961,manual_review_required,pending,,
d814ba92a9d161e9f6b6a999007175d7cdfe15469eb75fbdf33fe646f608c296,alc_label_candidate,1-coins/25_1477149510.jpg,,original=25;predicted=10,0.2039188516752195,manual_review_required,pending,,
12a4216fd1bfa6b86850094a54194b84a149be033504e47b34ea7a830bd4daab,alc_label_candidate,1-coins/90_1477855092.jpg,,original=25;predicted=10,0.2027743111976141,manual_review_required,pending,,
f301819b3858996bee19a31a7b5615bbaf3d60f1809b1a61f97eada15687531c,alc_label_candidate,1-coins/135_1479426048.jpg,,original=10;predicted=25,0.2026603521592321,manual_review_required,pending,,
2ee0ab857d1fbb41c7ee44f5c7625826ca1f5a34097b72a779dcf467f057a7b2,alc_label_candidate,1-coins/150_1479429786.jpg,,original=25;predicted=5,0.198524709047702,manual_review_required,pending,,
c6625ca89c8b0618e8c9bbfb2a6dd181a7c8ed2d4d41bb6da4ffaafa9b628e88,alc_label_candidate,1-coins/150_1479429564.jpg,,original=25;predicted=10,0.197924986507735,manual_review_required,pending,,
33497966cde104aef27eebe793bb3246efa8b9f4499ba7dfe89db2e0a2402925,alc_label_candidate,1-coins/120_1479351432.jpg,,original=10;predicted=25,0.1967019266259518,manual_review_required,pending,,
17163dcc868feb46258e31e46a1a5afc59375c53c8b8a458a0515613963ac580,alc_label_candidate,1-coins/70_1477846818.jpg,,original=10;predicted=25,0.1955048311439124,manual_review_required,pending,,
3b7b848b0cb74e550f496b959413a2ee9ca1b28eb364efa3c23630912d6ac92b,alc_label_candidate,1-coins/105_1479344562.jpg,,original=25;predicted=10,0.1914903034067755,manual_review_required,pending,,
ce949c24978dfabbe17a51bf260c0565ee34f388c2fe7d732f14390dd520040a,alc_label_candidate,1-coins/65_1477845516.jpg,,original=10;predicted=25,0.1907601600837399,manual_review_required,pending,,
38717163a1fe03124ec0c47b48cc927c849aa53b19c3aa6199fe1226ab09dba9,alc_label_candidate,1-coins/90_1477857018.jpg,,original=25;predicted=10,0.190548741783449,manual_review_required,pending,,
da8d4d02c68a4b05fd1406ecca0afa5829dd22541a36a19a52c5e0f0fae26c29,alc_label_candidate,1-coins/10_1477289460.jpg,,original=10;predicted=25,0.1891323714231982,manual_review_required,pending,,
5355ab3fa293272f35600de5269cc9602e0a7b070c2695b3b34cac2e8fad5288,alc_label_candidate,1-coins/90_1477855668.jpg,,original=25;predicted=10,0.1888483985757363,manual_review_required,pending,,
81b45792c50b43d60f1d3ce7399bcb4c4979e31169b5a924bf53d23485baeec7,alc_label_candidate,1-coins/25_1477154268.jpg,,original=25;predicted=10,0.1886992102385484,manual_review_required,pending,,
52cf61a10f6b274d17049ea37c5b7c9a1475673267a03c6186af535859f7714e,alc_label_candidate,1-coins/105_1479345384.jpg,,original=25;predicted=10,0.1874914595730356,manual_review_required,pending,,
f8f0df2209ad69dd559cc29c3115825e4dfe97c945d542cd92c0a27ce52cb840,alc_label_candidate,1-coins/90_1477857072.jpg,,original=25;predicted=10,0.1873609538272695,manual_review_required,pending,,
2adf2ac4ddba84cd12f24a85427d54e2ff9d6c31dfbe4634daf0cb9d4e2c675b,alc_label_candidate,1-coins/150_1479429546.jpg,,original=25;predicted=10,0.1863572928313466,manual_review_required,pending,,
18d68cdd9e81379399b0ccad084617b5bffaddf74ad13700552f3977be65ea92,alc_label_candidate,1-coins/15_1477788468.jpg,,original=5;predicted=25,0.1823702079731892,manual_review_required,pending,,
bfc32394c64cf806984ed44949cd29273f065fd71955d6e5d90244b0b96993c6,alc_label_candidate,1-coins/25_1477286160.jpg,,original=25;predicted=10,0.1822111050456218,manual_review_required,pending,,
59b0a03c63f21df1434a68e2ace9f3d8d7954a63f9059eba8ec22abd92b93151,alc_label_candidate,1-coins/105_1479345408.jpg,,original=25;predicted=10,0.1810517411585869,manual_review_required,pending,,
eb74bb1b70c23a4c320f399f0f2276d6b980e06a5cc122e7b19f57ac85ee6c23,alc_label_candidate,1-coins/105_1479344694.jpg,,original=10;predicted=25,0.1781494281315946,manual_review_required,pending,,
aafe191662561325d9f6c4ebf42f378a9e4e431689182b49dcbdcfa04d26346a,alc_label_candidate,1-coins/25_1477149462.jpg,,original=25;predicted=10,0.1773107265683491,manual_review_required,pending,,
56a27487a21785c3c10523104763ee3263ce1074c3efc7f8a5846120f40ce230,alc_label_candidate,1-coins/145_1479427764.jpg,,original=25;predicted=10,0.1766304909655361,manual_review_required,pending,,
210b369076143979edebebc1a9f678c8073066205c9651cff42d3ce33eefcd0c,alc_label_candidate,1-coins/100_1477860546.jpg,,original=10;predicted=25,0.1758962452686316,manual_review_required,pending,,
53ef4b02c3bb85663988a367ebf902816bdbf715916703f6c3826d98f7129e0b,alc_label_candidate,1-coins/150_1477864254.jpg,,original=25;predicted=10,0.1756602321052892,manual_review_required,pending,,
b2e6eacde81c7440b9581defb07e9e03eaf83361b7d5c334ad4757fe6b119390,alc_label_candidate,1-coins/90_1477854888.jpg,,original=10;predicted=25,0.1745275755752308,manual_review_required,pending,,
873a685004c876269a732340a875a4b4d456fb01fd1c253a4f4561d5ab4bf66d,alc_label_candidate,1-coins/10_1477287894.jpg,,original=10;predicted=25,0.1743318754557276,manual_review_required,pending,,
bce193e386323cf8dc800c6774e8cf9f29d40d086745f8e46e92d14d8e1c74a1,alc_label_candidate,1-coins/5_1477291176.jpg,,original=5;predicted=10,0.173839925464865,manual_review_required,pending,,
ab1ee26e2fbb87604f0baa384cc8acb011bfcbe3f6fd7bf6fabcbdb4ace83283,alc_label_candidate,1-coins/70_1477846746.jpg,,original=10;predicted=25,0.1714709819167489,manual_review_required,pending,,
64d5210edb609bc5d1635c78cea933b9e0be12a578cc4812fcd69616132643f3,alc_label_candidate,1-coins/25_1477285668.jpg,,original=25;predicted=10,0.1705740613602475,manual_review_required,pending,,
e9fcdd46c14e83dd96cda6f4d656f6f468ebb197a59d481c402a76fc355bb6c5,alc_label_candidate,1-coins/105_1479344568.jpg,,original=10;predicted=25,0.1700763673815564,manual_review_required,pending,,
832f9e839b8051351a7210a0470585de2d5b9e3c451dd5849271cf00ae7ce547,alc_label_candidate,1-coins/150_1479430008.jpg,,original=10;predicted=25,0.1698258989575073,manual_review_required,pending,,
0e66759b912c6d15dfe2f83c7b5592f742341c18f7ac9d86b9d723f996cbfc31,alc_label_candidate,1-coins/60_1477845162.jpg,,original=10;predicted=25,0.1698227402108507,manual_review_required,pending,,
c53e018e4694225b15730fe5d9d80e8c1dcf08440cbf25653608bee1580b9841,alc_label_candidate,1-coins/145_1479427800.jpg,,original=10;predicted=25,0.1684586553102274,manual_review_required,pending,,
d9d00d5427c9128f1912e136c8f61e17a6b7e9dbeb485ec43b8e49341120c9b0,alc_label_candidate,1-coins/80_1477851798.jpg,,original=25;predicted=10,0.1671908688361817,manual_review_required,pending,,
db7e35f76f26490441548a63574c6bed268d85cdc9bfc492a152faa01decd029,alc_label_candidate,1-coins/60_1477845126.jpg,,original=10;predicted=25,0.1671463217939837,manual_review_required,pending,,
3af4da9762dec9800a90d26aa41ba12d1f535808a19340b0e3eab7455dc2acd9,alc_label_candidate,1-coins/25_1477191402.jpg,,original=25;predicted=5,0.166635644704868,manual_review_required,pending,,
99f65c855ef98442dd3e989110b3f1a50658553a3905c2d1bd7b88449532df45,alc_label_candidate,1-coins/60_1477845126.jpg,,original=10;predicted=25,0.1648807254391131,manual_review_required,pending,,
9b697fb6a166169a07e2348ad061db5711412fad59aa1ebe2d6df28f31d9ff78,alc_label_candidate,1-coins/150_1477864452.jpg,,original=25;predicted=10,0.1646142444816606,manual_review_required,pending,,
86ee59c67bdb0c6116357b4d49f9abee4c5561d334f0d933d829d8e116226b44,alc_label_candidate,1-coins/55_1477842024.jpg,,original=25;predicted=10,0.1640920135275191,manual_review_required,pending,,
0c5f8ea3471e9e038608a1cc7a6221d2a531a5c96a86f96680f6183fb2c111bc,alc_label_candidate,1-coins/85_1477853940.jpg,,original=25;predicted=10,0.1640826310759372,manual_review_required,pending,,
d61e870974baec09f19df188689700deb94e753f58c6ed1f1b0e34fe905b4dad,alc_label_candidate,1-coins/25_1477286370.jpg,,original=25;predicted=10,0.1634448984405981,manual_review_required,pending,,
6222ea991a1f1d6c80fed91e769f67ec9fed4d6de4203691ca8952cf28a9d3fc,alc_label_candidate,1-coins/55_1477842258.jpg,,original=10;predicted=25,0.1624922081617882,manual_review_required,pending,,
fd23514f01e5fb1e7f232c276ae4c133622c8c61e4209dfe698adc7152c2b70a,alc_label_candidate,1-coins/5_1477147050.jpg,,original=5;predicted=25,0.1624850308604215,manual_review_required,pending,,
8d9ed947e273fac7b467a84836a08ce34e88cf3e1cade347acb07bb534307af4,alc_label_candidate,1-coins/80_1477850670.jpg,,original=10;predicted=25,0.1606015925546302,manual_review_required,pending,,
f0332b5552970709b2e4f2ecddf2b9f53514234115edf93e9ac6e740499cfd9d,alc_label_candidate,1-coins/65_1477846302.jpg,,original=10;predicted=25,0.1587887922379995,manual_review_required,pending,,
9929dfdb908e5d69fb06192662a12d374340fcbc90b767738571ee9ca26ad0f2,alc_label_candidate,1-coins/25_1477149528.jpg,,original=25;predicted=10,0.154686097163479,manual_review_required,pending,,
fb86403d24d3a81c5d9d2ad13d24766ec5c7c326f8857aba9076c03d5c8d63bb,alc_label_candidate,1-coins/120_1479422904.jpg,,original=10;predicted=25,0.1524814337317919,manual_review_required,pending,,
0ff1e53a0494a903ae6b02fc82c135da41d7bbef84fc2ed8b647a444bd6c36d3,alc_label_candidate,1-coins/105_1479344472.jpg,,original=25;predicted=10,0.1523923989717019,manual_review_required,pending,,
4b6159317b085f63c3a9582ae3443c241b74f81e5dda68c826a3b91f7579a0b4,alc_label_candidate,1-coins/175_1479423534.jpg,,original=10;predicted=25,0.1490387115531806,manual_review_required,pending,,
db436c0887c0ec66e68737833188883ceadee06767c40ee0d6fe5011c3b53daa,alc_label_candidate,1-coins/100_1477858872.jpg,,original=25;predicted=10,0.1463889684223004,manual_review_required,pending,,
4f2195c4f74e25a797095274731ec01b95e05f5ed7cf26eebfbed4f963f4979b,alc_label_candidate,1-coins/75_1477850424.jpg,,original=10;predicted=25,0.1434845074201808,manual_review_required,pending,,
58445864f7c0b845fe72e9496d2375b0ce813f6907d881b369a00f3cece12cec,alc_label_candidate,1-coins/75_1477849968.jpg,,original=10;predicted=25,0.1434650603971561,manual_review_required,pending,,
817bae7a3bca36ebe08fc338ef4ebd8a7408cc48c751f93590cd3f2fe7183022,alc_label_candidate,1-coins/120_1479422910.jpg,,original=10;predicted=25,0.1427341181613334,manual_review_required,pending,,
2e12723ac3cba029fbf406c9720bbbe60dfb34f971584b36e7970780645a5ddc,alc_label_candidate,1-coins/25_1477285824.jpg,,original=25;predicted=5,0.1392128962500899,manual_review_required,pending,,
a46c7a7edcad5c69ff38b7f4c4d0e34223d76c37ca0a203bbab8a082cdc9c4b5,alc_label_candidate,1-coins/115_1479350628.jpg,,original=10;predicted=25,0.1386683483154844,manual_review_required,pending,,
7e54f27c5490c0e99530add0452c6e0336694ffa49883ab5a7e8fefd553974e1,alc_label_candidate,1-coins/55_1477838928.jpg,,original=25;predicted=10,0.138023148205006,manual_review_required,pending,,
56a776a2fc40a91c97260b8646584baa403bcfbe1d4bd762cb8379ceb7b2305b,alc_label_candidate,1-coins/70_1477846704.jpg,,original=10;predicted=25,0.1374913797651016,manual_review_required,pending,,
fe5b200ababc374753bf6e7b5c8a7493734489ad01c5a703a0ba73ce4d5aa29c,alc_label_candidate,1-coins/150_1477864428.jpg,,original=25;predicted=10,0.1337857130257183,manual_review_required,pending,,
e7dae27f253b8548da57897b8b0116f926f671a242fddb5843121c28206268cb,alc_label_candidate,1-coins/110_1479346140.jpg,,original=10;predicted=25,0.1336126739874961,manual_review_required,pending,,
4cc13668d1e71719b8643b8d0cdf7f63a2e4d80b081d481fb916c61ee6e22fba,alc_label_candidate,1-coins/100_1477860600.jpg,,original=10;predicted=25,0.1313657284984423,manual_review_required,pending,,
ea7b7c0e485ccc8336e085d21e87da262bb3f6f474f729b51491eec6698bee42,alc_label_candidate,1-coins/5_1477291254.jpg,,original=5;predicted=10,0.1299657210891723,manual_review_required,pending,,
504ff47098e55a3699f9aaa99c1fbc510fee7d884154759146edc305c5ecc3d0,alc_label_candidate,1-coins/25_1477191810.jpg,,original=25;predicted=10,0.129930906086062,manual_review_required,pending,,
701e874018f40100d07326d2221db038453e48f87af5a17d95c02ffe8c578494,alc_label_candidate,1-coins/150_1479430320.jpg,,original=25;predicted=10,0.1296666479814154,manual_review_required,pending,,
b6c5616fd922861982324caa36260439af64b7c2cc482f847bda3e7eb519d312,alc_label_candidate,1-coins/100_1477861404.jpg,,original=25;predicted=10,0.1274892293313292,manual_review_required,pending,,
3cc412a0d7c6a15a96e0536c1797d9d3ee10e511cb01443c1d295ac500414527,alc_label_candidate,1-coins/10_1477289256.jpg,,original=10;predicted=25,0.1268022569920397,manual_review_required,pending,,
2c54b06c5efb59773473d8574dcfd782ef86a3845ba2b2b0c370358ffd3e648f,alc_label_candidate,1-coins/100_1477861446.jpg,,original=10;predicted=25,0.1266109812759684,manual_review_required,pending,,
8e5b7583b2a3cc9584c3760174bfcadad5fa08e49ea5b97b419491f67fe64c2d,alc_label_candidate,1-coins/10_1477186500.jpg,,original=10;predicted=25,0.1263956828716504,manual_review_required,pending,,
3e58c8e7e5377ce6d4a35afa99dd79e5f8b4f15fb069ba098a73b9f8dcb494d2,alc_label_candidate,1-coins/105_1479344526.jpg,,original=25;predicted=10,0.1256176983918753,manual_review_required,pending,,
7bc882d96eea960aebed593572e3fc821e5e3d7562697a1d7641f3c459f2231f,alc_label_candidate,1-coins/145_1479427704.jpg,,original=10;predicted=25,0.125424617092562,manual_review_required,pending,,
919dd3560deb448149e5304c51d7ea17edfaa99ac952abfe822ef8bf11e648e0,alc_label_candidate,1-coins/125_1479424680.jpg,,original=5;predicted=25,0.1243791483442613,manual_review_required,pending,,
eb6b82ed5689bfa8c8b33610a9f2699df5b6f852cad833a6407ff0e2863810eb,alc_label_candidate,1-coins/60_1477844688.jpg,,original=25;predicted=10,0.1240576552682013,manual_review_required,pending,,
60c233c6eb4dcc01ab579dd884f6dbbfdf4f2eb080dfe800a398a174fae6b792,alc_label_candidate,1-coins/10_1477186770.jpg,,original=10;predicted=25,0.1238748673298588,manual_review_required,pending,,
11c9e4e06ec31fb488099045d5d9273a7ea15fe77e358ebe9ed54ffa699f20c9,alc_label_candidate,1-coins/90_1477855086.jpg,,original=25;predicted=10,0.1238556910149147,manual_review_required,pending,,
f51cafcf26f4b48b756b37624e6ee31bfb6b5c35962827a57953fb5ad6522752,alc_label_candidate,1-coins/70_1477846722.jpg,,original=10;predicted=25,0.1227066293784432,manual_review_required,pending,,
963f5de6e739c262790727738d9062eadab8a91309e2b7a9f9faf04239a45bf3,alc_label_candidate,1-coins/150_1479430086.jpg,,original=10;predicted=25,0.1226439705309375,manual_review_required,pending,,
73233c44a6b7d2fab8a4c2de1cf62edb3f1a3f6284bd3bd448f7ad375ec4c0f5,alc_label_candidate,1-coins/55_1477842282.jpg,,original=10;predicted=25,0.1223257435809836,manual_review_required,pending,,
29d0a2238ff15c89b49bcecb47c52b753c993841bf22effeff2930c3059243a0,alc_label_candidate,1-coins/45_1477835952.jpg,,original=10;predicted=25,0.1208655835751743,manual_review_required,pending,,
5c0f2308811f99c0b35df4d1855bed878def943c44813b8c62203130a53fb7e2,alc_label_candidate,1-coins/110_1479346104.jpg,,original=25;predicted=10,0.1198620631054701,manual_review_required,pending,,
62c279a8b43aaa5def80b495eaa7237029aa787eba6186c94ab9248f721a979b,alc_label_candidate,1-coins/100_1477860696.jpg,,original=10;predicted=25,0.1177424161666945,manual_review_required,pending,,
2e6671b5e48a25196882306743fde77cba18c34f00224bd0eeb060e0408a952e,alc_label_candidate,1-coins/90_1477857114.jpg,,original=25;predicted=10,0.117061478112791,manual_review_required,pending,,
188e0e7a9107b9ee695021292bd63505adc3138484282688050779cd82d0d465,alc_label_candidate,1-coins/55_1477839036.jpg,,original=25;predicted=10,0.1154517040370798,manual_review_required,pending,,
877ab960576cbf0a1b2386fcc616cee23710a3695a341b1973eb73ef86b12d37,alc_label_candidate,1-coins/10_1477288392.jpg,,original=10;predicted=25,0.1146491903441936,manual_review_required,pending,,
6a0bcd27f2d93ef4b6bbb8a34861556e73bf987ba4d10efc6faed3aafd515e7f,alc_label_candidate,1-coins/50_1477193394.jpg,,original=50;predicted=10,0.1118522031196999,manual_review_required,pending,,
2c04e91a55c1bc913034aa4b7ba1c7656c0fbdad9c7b55a6b24391dabc516555,alc_label_candidate,1-coins/120_1479422988.jpg,,original=10;predicted=25,0.1114492106473344,manual_review_required,pending,,
5a6d1a146fcc8646c8c059a375941a222bd1e400756768883de233f7cd46bc0d,alc_label_candidate,1-coins/55_1477839264.jpg,,original=25;predicted=10,0.1098217180410787,manual_review_required,pending,,
4f7ccdb3f5d300a257c2c7280bcaf13fe5346230d11fc90e158c90a43b27925b,alc_label_candidate,1-coins/130_1477862328.jpg,,original=5;predicted=25,0.1097749354187003,manual_review_required,pending,,
81853ce680e2af6f4e4dff34fe9d04126aa9bd8eca19f370b3c224a872d2b168,alc_label_candidate,1-coins/5_1477189146.jpg,,original=5;predicted=25,0.1090908482539183,manual_review_required,pending,,
d345d484ec850e7bb24fc7fd569b89e99757e4cc110e981416dd5f46e46b1cd5,alc_label_candidate,1-coins/55_1477842606.jpg,,original=25;predicted=10,0.1063957582769283,manual_review_required,pending,,
d005577fc588e585f4898d194a29c0dc5307531be42aedc5242cf3d97fda8720,alc_label_candidate,1-coins/110_1479346110.jpg,,original=25;predicted=10,0.1045714525595558,manual_review_required,pending,,
81fa74fdc51afed3ffb7842c899d03801e408a5ec4279f8cb14e715016b9473d,alc_label_candidate,1-coins/10_1477287792.jpg,,original=10;predicted=25,0.1045109574992232,manual_review_required,pending,,
01b522e2a8742e0e91d4c6d8945b3269239fe6837535f1051a555d879c0776ec,alc_label_candidate,1-coins/10_1477287846.jpg,,original=10;predicted=25,0.1003254702482386,manual_review_required,pending,,
fdd3947017e7f06a8044baf7788a770646afd35ef6a239aba2d71fc39275322c,alc_label_candidate,1-coins/45_1477835544.jpg,,original=25;predicted=10,0.1002983882043832,manual_review_required,pending,,
96635510e1d473eed83f71047be5c4c6c19bb02a90e330188922a89ce2fce4ba,alc_label_candidate,1-coins/60_1477845408.jpg,,original=10;predicted=25,0.1001366231108458,manual_review_required,pending,,
2873a75549711c43b9059e61a782c9528ec66f44d7bb038b9ac8ea9728bf616b,alc_label_candidate,1-coins/150_1479429516.jpg,,original=10;predicted=25,0.0980505500824863,manual_review_required,pending,,
cb271ca10f8c57d0eac0acd12d3285f676b3db0866fb8ffa837b66cf027c9f18,alc_label_candidate,1-coins/25_1477192236.jpg,,original=25;predicted=10,0.0972349895664386,manual_review_required,pending,,
974808165702097223f26c58258fb3b20ad33020a542d6825cd4afd91ee1dd72,alc_label_candidate,1-coins/110_1479346146.jpg,,original=10;predicted=25,0.0971793843888223,manual_review_required,pending,,
b7d62f01d3bf8a44461ce27c189c007d4802b628a0ded33eb916b692dde10fd1,alc_label_candidate,1-coins/55_1477838940.jpg,,original=10;predicted=25,0.0957359831411067,manual_review_required,pending,,
530eebc9f3008cc91c7294d66d2b3674d99c7377ddc655b286dbb34875b2105e,alc_label_candidate,1-coins/90_1477854978.jpg,,original=25;predicted=10,0.094347613377259,manual_review_required,pending,,
2e75c093b839a4888c1edb625d606827d883a7ac2ed3cfdb143f750262d14ae8,alc_label_candidate,1-coins/95_1477857726.jpg,,original=10;predicted=25,0.0930647882249826,manual_review_required,pending,,
7532ee26e5afb9ec41fbeb88bb59e90912c1251db7d5b807b02f3d54e952d849,alc_label_candidate,1-coins/5_1477145538.jpg,,original=5;predicted=25,0.0925768581072185,manual_review_required,pending,,
a2038b33d791f2c4dbaf6f968ec90523f787d356cd5abe5574f33904b66e3efe,alc_label_candidate,1-coins/10_1477289184.jpg,,original=10;predicted=25,0.0924591934077475,manual_review_required,pending,,
b0469f4ec29e120b361cb20008bd540bfbb8000f1aac6e8baf0f4347f6b143a2,alc_label_candidate,1-coins/70_1477846824.jpg,,original=10;predicted=25,0.0905449399054171,manual_review_required,pending,,
e764a0adb677a89d9b83df1ec2f7614cbff5c1e7a5fe2e1a0668b1d7ea759510,alc_label_candidate,1-coins/115_1479349668.jpg,,original=10;predicted=25,0.0902097916527686,manual_review_required,pending,,
7a435b397375172115400e833ef3f20ad807cdb633c48033a15c72a96277a83b,alc_label_candidate,1-coins/5_1477188606.jpg,,original=5;predicted=25,0.0897629829010812,manual_review_required,pending,,
e7365f71fd52b54cbe7d36b8ca413b8fbcfd4a416a0bde4f4f74e20c64621f69,alc_label_candidate,1-coins/25_1477286952.jpg,,original=25;predicted=10,0.0891735607041258,manual_review_required,pending,,
0656d0eaaa0388cc0063a8e5d6144dc808eb1f6c032a9959479d55bfc8d4dabf,alc_label_candidate,1-coins/130_1477861932.jpg,,original=10;predicted=25,0.0889617602283165,manual_review_required,pending,,
c36b7842247fc26dca0d5be219b6c5840b0927e09de2308482e79f19db7770bf,alc_label_candidate,1-coins/120_1479351348.jpg,,original=10;predicted=25,0.0881420035534779,manual_review_required,pending,,
d71f0bda3db89fb3a1a46042881f7d160abf35f34f6decd4784b4f7d5d86170a,alc_label_candidate,1-coins/25_1477286358.jpg,,original=25;predicted=10,0.0854147630038167,manual_review_required,pending,,
60a9d5882bffed9f86a24e18967eaf8ace0001039d9a1a6f4bf5f29ba7dd5c9c,alc_label_candidate,1-coins/15_1477788366.jpg,,original=5;predicted=25,0.0853595462459827,manual_review_required,pending,,
1d1bd4ef97c031f13352c74d7c10b1c4163c4d6ad821db9f4362ac378cc6af76,alc_label_candidate,1-coins/65_1477846002.jpg,,original=10;predicted=25,0.0849785988592138,manual_review_required,pending,,
fb29f86ce17b7917e88f8da3e4e4d8dfb3ec6ee2676438fca4501cb1b5d22590,alc_label_candidate,1-coins/25_1477154280.jpg,,original=25;predicted=10,0.0841604021247511,manual_review_required,pending,,
f5d441bc8f496bc61647c1e7de8138211335268135fe21de9f62db082c05b64a,alc_label_candidate,1-coins/150_1479429510.jpg,,original=25;predicted=10,0.0835123974595091,manual_review_required,pending,,
8c40aa26960fe440d7430b24bd4d3e8f2275e052036a3c6617aa900406001edd,alc_label_candidate,1-coins/5_1477189410.jpg,,original=5;predicted=25,0.0834200369024243,manual_review_required,pending,,
f6b9a470250b83856cc22bbfe765e1291ff1db7c2546f35710af61de5d4a18b3,alc_label_candidate,1-coins/25_1477286292.jpg,,original=25;predicted=10,0.0828135975315974,manual_review_required,pending,,
9f6ac9b0b70928537b9a46b4dbb8e29723789f9c98414fa5d2da35bf31713ecd,alc_label_candidate,1-coins/100_1477858248.jpg,,original=25;predicted=10,0.0807467834727051,manual_review_required,pending,,
99744514bc7549c66bcf0ce44177a0a35f0036fd57224f537d3e8e7bb4962c66,alc_label_candidate,1-coins/100_1477860798.jpg,,original=10;predicted=25,0.0804215705607498,manual_review_required,pending,,
94f51107bdd6de4236af803b47c2ad4daef94ba1f3fff14dd1600035788e8212,alc_label_candidate,1-coins/70_1477846728.jpg,,original=10;predicted=25,0.078985783981789,manual_review_required,pending,,
b362de583eb682b8aed4b40d77b520f60a6f4b1d4a229c5c487fcd2ebbcfeca3,alc_label_candidate,1-coins/115_1479350598.jpg,,original=10;predicted=25,0.0762661669406664,manual_review_required,pending,,
f0e3dad81cf9b4d845dde43ed4d1c74540b978eafbe1ae7f2ab07365cb516fc4,alc_label_candidate,1-coins/25_1477789296.jpg,,original=10;predicted=5,0.0757965955803086,manual_review_required,pending,,
6bd1720e386e71048625d9611a6eb737c0ae1d1a6130788cad9225f7879f8a24,alc_label_candidate,1-coins/50_1477193400.jpg,,original=50;predicted=10,0.074595603861752,manual_review_required,pending,,
e0ad58c52e9c1fe3d9e655d800e8cd3a5862b4e758a789210cfb248d056368ea,alc_label_candidate,1-coins/25_1477286958.jpg,,original=25;predicted=10,0.0742530518312631,manual_review_required,pending,,
6b047662136e4b497d8e89487ba62e93ee8e06cbfdda10d44cadcb910df8fa57,alc_label_candidate,1-coins/25_1477149498.jpg,,original=25;predicted=10,0.0699343727769269,manual_review_required,pending,,
54d3d4ef0590fb06728c0cdafe5bd82204be5bd5eb9f72cdf78e27031a22b731,alc_label_candidate,1-coins/25_1477191630.jpg,,original=25;predicted=10,0.0698215250322277,manual_review_required,pending,,
6327b2426024e18b1bd27f3a6e60038831a85acc5832c3ddf020b1396db1fe5d,alc_label_candidate,1-coins/10_1477149066.jpg,,original=10;predicted=25,0.06409492108397,manual_review_required,pending,,
3ac6b87e1df585df281f51402bf86c2d7111dff9786fa35db8f80973ed54a82c,alc_label_candidate,1-coins/10_1477149096.jpg,,original=10;predicted=25,0.0640600356866213,manual_review_required,pending,,
0db9bd758c9ba9e6d332092a814d5987569de35e2b42562d71b9d9030d1dedf1,alc_label_candidate,1-coins/105_1479345378.jpg,,original=25;predicted=10,0.063124815477225,manual_review_required,pending,,
0212c303917afc5bcc6c55af050b6ac18a12179096cc3adc026a9e91ac3af22a,alc_label_candidate,1-coins/60_1477845264.jpg,,original=10;predicted=25,0.0627541904382626,manual_review_required,pending,,
a5069581cdb96c36930dc42593ccde0a26a1b3bde4917d422bb531908aedbec6,alc_label_candidate,1-coins/25_1477285818.jpg,,original=25;predicted=5,0.0620153922102288,manual_review_required,pending,,
5634d527b489780eb097f41168f23163866ad8b4a0c3f3ad7bea38a93e17b589,alc_label_candidate,1-coins/25_1477285698.jpg,,original=25;predicted=10,0.0619141928145239,manual_review_required,pending,,
31bf0199571556f8384c58f943bb8a2be679cd7148eb6fb94ef1fc6120daf132,alc_label_candidate,1-coins/55_1477842312.jpg,,original=10;predicted=25,0.0608560546273792,manual_review_required,pending,,
46fb61b7d41bc1b4fe986febcd060f2c43bb5e836f0e64b4a6e5e63299a41bfc,alc_label_candidate,1-coins/10_1477147446.jpg,,original=10;predicted=25,0.0607988075732384,manual_review_required,pending,,
7a038e4c1787174671252e9ea7ba6a3af23845d8160343305124a9ae776d9953,alc_label_candidate,1-coins/60_1477844946.jpg,,original=10;predicted=25,0.0605199056509625,manual_review_required,pending,,
5c2ba306c9b72edf6853fb5f32576c37b830afa52e7ce3eaf3a42f6e50a43c56,alc_label_candidate,1-coins/70_1477846698.jpg,,original=25;predicted=10,0.0598237678651053,manual_review_required,pending,,
0042d17da3aab36f41860fa7e311280539c3342cc8b10714b28856ce89708a32,alc_label_candidate,1-coins/45_1477835808.jpg,,original=10;predicted=25,0.059083193071624,manual_review_required,pending,,
46bc65ca1a7c0587af4b7e8a1c3519278d28cd666182ed75a8a0b6a607c5f31a,alc_label_candidate,1-coins/65_1477846338.jpg,,original=10;predicted=25,0.057613787878718,manual_review_required,pending,,
83fa65c3614414dee19ced7ca9117d386893758dce59ea44ec6cce08a4517302,alc_label_candidate,1-coins/25_1477286502.jpg,,original=25;predicted=10,0.0562220683672736,manual_review_required,pending,,
e512f6388b12f170a71989761389534341560f4f287a7aaeca5b177c8c84fbc1,alc_label_candidate,1-coins/45_1477835946.jpg,,original=10;predicted=25,0.0537025545380503,manual_review_required,pending,,
d1d5cd6995f5a34b93c28be23ad46849d9d9f9a441ac22f30c31322ccad20303,alc_label_candidate,1-coins/130_1477861926.jpg,,original=10;predicted=25,0.0508658102707093,manual_review_required,pending,,
b325f6296cfb6dd871fdacd2fa23d5f432c4144473149029d550d13abb6fcf63,alc_label_candidate,1-coins/60_1477844928.jpg,,original=25;predicted=10,0.0505980937458607,manual_review_required,pending,,
0885d635bac8378c17adb2f52e09c98e0b38a36b41955fbf1d1af03fd0d8a5eb,alc_label_candidate,1-coins/150_1479429738.jpg,,original=25;predicted=10,0.050074943770566,manual_review_required,pending,,
2f420be9fd5aed0f4d4471909441886ee7b24ac782f617b96a8a1fd333b299d4,alc_label_candidate,1-coins/25_1477192224.jpg,,original=25;predicted=10,0.0490212575713099,manual_review_required,pending,,
f76216e8aeefacd186791883812a462755d0f6772044bba94eb54764bf060e39,alc_label_candidate,1-coins/100_1477858902.jpg,,original=25;predicted=10,0.0485432920811594,manual_review_required,pending,,
087945d7714facbb8eb6df68178f73ed75b03d7f726462e3def8e276fdb8715b,alc_label_candidate,1-coins/25_1477149516.jpg,,original=25;predicted=10,0.0473469404795151,manual_review_required,pending,,
1a3d16e2402d5030ed7cccdb6484580826f9c388050cd908dd304e014ab936d1,alc_label_candidate,1-coins/60_1477844682.jpg,,original=25;predicted=10,0.0455951932233755,manual_review_required,pending,,
393661627fd921c4c9a285d7a81b35ed1d07ce7f1176881710dad207d6c255ef,alc_label_candidate,1-coins/25_1477154250.jpg,,original=25;predicted=10,0.0428683526729123,manual_review_required,pending,,
4504f408c29deb2b02db5c447755aa09a02d655beec709e9b79e46471b108acd,alc_label_candidate,1-coins/65_1477845900.jpg,,original=10;predicted=25,0.0427574709124054,manual_review_required,pending,,
7827bb5625029f421925c09ca31dcff2c7aef06b064165ebd8b17d7f84ade946,alc_label_candidate,1-coins/110_1479347496.jpg,,original=25;predicted=10,0.0417210563031421,manual_review_required,pending,,
048c990c6c7420440988e18529dad8615c3f53987803bd6578fb3ca3ae6784ac,alc_label_candidate,1-coins/145_1479427800.jpg,,original=25;predicted=10,0.0416244083459308,manual_review_required,pending,,
efb1c130e93328367c5f01d18c300b01b23589cca04bc5849fa66ff6f4ea19d3,alc_label_candidate,1-coins/90_1477857042.jpg,,original=25;predicted=10,0.039900335467619,manual_review_required,pending,,
c4f6363c1c04e28f88d26ba5aca022ff2065364bf82258b07a9368997b89d4af,alc_label_candidate,1-coins/95_1477857954.jpg,,original=25;predicted=10,0.0390988162524821,manual_review_required,pending,,
7d810a5d056e43f670c1fc528344e035a790ed688678a5f1d404a4be0e00b48c,alc_label_candidate,1-coins/60_1477844904.jpg,,original=10;predicted=25,0.0365953187690094,manual_review_required,pending,,
8231ca382b1948af655b51eaee879be3ee0a8061a5aef48de91781e80a4984ce,alc_label_candidate,1-coins/105_1479344412.jpg,,original=25;predicted=10,0.0325935911818455,manual_review_required,pending,,
38b6f92831b95cda1467827d8dbea18ebf79b22aa085bc74ae31d1ff6a883c9b,alc_label_candidate,1-coins/120_1479351630.jpg,,original=10;predicted=25,0.0318184729435836,manual_review_required,pending,,
92d817884b6dada51757291a7c4fd32bd40a0576da785a0dc34e9ab46556ef62,alc_label_candidate,1-coins/105_1479344688.jpg,,original=10;predicted=25,0.0297632654465825,manual_review_required,pending,,
27945233eb622536624f08a1a7c30c762067e9cc52eb944b6c43126569f11020,alc_label_candidate,1-coins/25_1477191798.jpg,,original=25;predicted=10,0.0279015714385224,manual_review_required,pending,,
7ecd52bf960cbc1916e75999bcf1f86c2d208e790c2f4bafcf7e6fced6ec3c8e,alc_label_candidate,1-coins/45_1477835910.jpg,,original=10;predicted=25,0.0265455181950073,manual_review_required,pending,,
bd4a0bd5529e7b84c884c02306f748b7aa84d562ecf69463f54ea5540c36482b,alc_label_candidate,1-coins/55_1477842366.jpg,,original=10;predicted=25,0.0255033547336073,manual_review_required,pending,,
4d31d8604417dca8eeff3654e2cbe47a1a08d7f7c36e2818d8230f66f3ad28cd,alc_label_candidate,1-coins/15_1477788360.jpg,,original=10;predicted=25,0.024933299598935,manual_review_required,pending,,
5bde0ca17636acdc7da94c47771e2ba491289e0f6fa4e2bf5c743bbc17768a7d,alc_label_candidate,1-coins/120_1479351642.jpg,,original=10;predicted=25,0.024485252163125,manual_review_required,pending,,
d2bc75fd7ff13b07212db3fb85ceb02a806942532b92b583df7b40dc471a5c3e,alc_label_candidate,1-coins/110_1479345654.jpg,,original=25;predicted=10,0.0211925320341969,manual_review_required,pending,,
9608fffb90773f2d8ce64b1e49212d5a04bafb41aa1c7da4f854187e65c960a4,alc_label_candidate,1-coins/10_1477186416.jpg,,original=10;predicted=25,0.0208673678231253,manual_review_required,pending,,
1c0b0d8c1e9c3cee22ed790e6ea4fbbedbf9ec04f954bcee3efeb75dc0e74034,alc_label_candidate,1-coins/55_1477842300.jpg,,original=10;predicted=25,0.0207816419044807,manual_review_required,pending,,
a1b4827a58197436e7b4b579a16d496a9cd1c54ceb228e946bc2259a49d1fecc,alc_label_candidate,1-coins/85_1477852980.jpg,,original=25;predicted=10,0.0181241313133636,manual_review_required,pending,,
e2902e0ff3cdc22dcdbbbf875fc0a725245bd401b673bebdb471f0ebfb8c8f1d,alc_label_candidate,1-coins/130_1477862034.jpg,,original=5;predicted=10,0.0178624369346217,manual_review_required,pending,,
6312bda42d3060893263309e32186f3a54867238537ab54289f5e3283eacd4e1,alc_label_candidate,1-coins/120_1479351600.jpg,,original=10;predicted=25,0.0178516618311657,manual_review_required,pending,,
94ea62641cd4631d5b24d60dc6296716b6d11ca3556e69c154f7c8792940dbe3,alc_label_candidate,1-coins/175_1479423738.jpg,,original=10;predicted=25,0.0160982269524162,manual_review_required,pending,,
0c8152653ea0d4520da1392b73ddf899f9833e5a64202b84d05e57426059a23e,alc_label_candidate,1-coins/170_1479423204.jpg,,original=10;predicted=25,0.014852193544306,manual_review_required,pending,,
80b0b1e3796fd6826a2c5512504b8bd3274e2008ff5ab4d76d981a477c6c879c,alc_label_candidate,1-coins/10_1477186734.jpg,,original=10;predicted=25,0.0144335941004131,manual_review_required,pending,,
632d54eae86403637633308a2bc3042e7a0c91902b5d789ce1b636fb04cc3bac,alc_label_candidate,1-coins/130_1477861992.jpg,,original=25;predicted=10,0.0124402436369301,manual_review_required,pending,,
db2545da867a992af90c6ab8b6926efa3207273b46d737ff41120d11c087ef29,alc_label_candidate,1-coins/90_1477855098.jpg,,original=25;predicted=10,0.0099322409821799,manual_review_required,pending,,
7e35add6c845da6087a430119efc8c3f2ee9bea05a38afcc4637cc03c462a45d,alc_label_candidate,1-coins/65_1477845972.jpg,,original=10;predicted=25,0.0089575196350187,manual_review_required,pending,,
515df63d294caaa24fb6cee80b4ae3c01f12db602f00ee511b2e8ffd1d0bb200,alc_label_candidate,1-coins/5_1477292070.jpg,,original=5;predicted=25,0.008932056295336,manual_review_required,pending,,
cd36f18ac26f05bc1f7b5627d9a1fca80831e3f14b3ab646528a4498ed40c039,alc_label_candidate,1-coins/20_1477788690.jpg,,original=10;predicted=25,0.0088942072322675,manual_review_required,pending,,
2f628bcb81bc4b027bb7cb7757b4895fd9c4ad05493f5b2e593f7d81c7151e02,alc_label_candidate,1-coins/60_1477845372.jpg,,original=10;predicted=25,0.0087295645686894,manual_review_required,pending,,
feeacc4aa89bf8b4a1a3be30a3297fd2eda1c5d02498991c3c12e2cfe89b8003,alc_label_candidate,1-coins/35_1477789596.jpg,,original=10;predicted=25,0.0070720847002432,manual_review_required,pending,,
72c8165f70360c8be9279f7ed9b1e40503e277e0b1f15324ee89573fbd18d16a,alc_label_candidate,1-coins/75_1477850514.jpg,,original=10;predicted=25,0.0054040159683828,manual_review_required,pending,,
9079d28fbc117523b11fb625497bf69b9ddc958b89e0803c6ba98c1ee912544c,alc_label_candidate,1-coins/100_1477861404.jpg,,original=10;predicted=25,0.0043438250175242,manual_review_required,pending,,
dfa6db7bf04f2e8eb2983737d80ea6d5c69dca40eaff5e2282a743ddbc3c2270,alc_label_candidate,1-coins/65_1477846470.jpg,,original=10;predicted=25,0.0016846263505054,manual_review_required,pending,,
5de822915ddc52dc04f76d21cb7b4a6d2d561e8eb57b5df1921ca28a0d21d426,alc_label_candidate,1-coins/175_1479423432.jpg,,original=10;predicted=25,0.0016796148063135,manual_review_required,pending,,
35bbaa128ad79015612116ceccff648519dd81f66d2b10977c2e2fd7dd1437f0,alc_label_candidate,1-coins/105_1479344490.jpg,,original=10;predicted=25,0.0016189666233364,manual_review_required,pending,,
98c507bde9d3d61dc5d7211305873f42154dd4da28b4ab17f28e8e028bbeb174,alc_label_candidate,1-coins/45_1477835814.jpg,,original=10;predicted=25,0.0005311473243737,manual_review_required,pending,,
8c622d5044e6bae594f51bdfc94e768017639d8d162089ad2a4a6a24364f605c,alc_label_candidate,1-coins/10_1477187376.jpg,,original=10;predicted=25,0.0004992798952233,manual_review_required,pending,,
544d1b89f22f9ab75ffa21b52ff293a9880aadc63e20ac8e10aa0f5fd892e0c0,alc_label_candidate,1-coins/10_1477288608.jpg,,original=10;predicted=25,0.0003772918301795,manual_review_required,pending,,
344c65dc71f7b1cc01c23ef06348b66db635b6e02650f603fc859c155685147f,alc_label_candidate,1-coins/85_1477853016.jpg,,original=25;predicted=10,-0.0005923698287466,manual_review_required,pending,,
6765fe6021fa591c6e172a656ae2f3a5ee59351a30fa6a429324663f2a0f2cdc,alc_label_candidate,1-coins/55_1477842090.jpg,,original=25;predicted=10,-0.0007382591078779,manual_review_required,pending,,
b2b32e750c91d7e4907604bb11bc8cad66d61fdf809d292a20996ead4b0f2178,alc_label_candidate,1-coins/65_1477845522.jpg,,original=10;predicted=25,-0.0011717128775474,manual_review_required,pending,,
93267e2f6b61354a6fcad10dc895b6da6a8bae07cc7ee9e06b70f7667cc4d03b,alc_label_candidate,1-coins/130_1477861944.jpg,,original=10;predicted=25,-0.0012406144832846,manual_review_required,pending,,
e7e4603bfafab3366c0aca319704351df5d1a790014352f0b4fd4b1b7ba1af51,alc_label_candidate,1-coins/65_1477846596.jpg,,original=10;predicted=100,-0.0012795726238138,manual_review_required,pending,,
9af9c33261479497df93b50d32aff325fba23fff6593a6c614f95db0e50e2e81,alc_label_candidate,1-coins/50_1477145226.jpg,,original=50;predicted=10,-0.0015830608059784,manual_review_required,pending,,
384742a06b5048129efe4fa9fca48e034f4563b2f83a38cd483fa4c13c6c71e5,alc_label_candidate,1-coins/10_1477287858.jpg,,original=10;predicted=25,-0.0026885004174713,manual_review_required,pending,,
651b5895e9e54d0e1e8e9ae8602d624f7242a1307a248863f558e61fde907a4d,alc_label_candidate,1-coins/50_1477282626.jpg,,original=50;predicted=10,-0.0029007539425074,manual_review_required,pending,,
e3c963be1ceb34183b40d3de51c6639413c212cc72c5e7fdb4ff1a415f028b6d,alc_label_candidate,1-coins/5_1477292076.jpg,,original=5;predicted=25,-0.0082493236065863,manual_review_required,pending,,
ce2d1f20d043e52a2a1fafc1862948f94ed50ddad20068cce5f53453e8ce2cdf,alc_label_candidate,1-coins/5_1477291266.jpg,,original=5;predicted=25,-0.0094212927445935,manual_review_required,pending,,
65918f22d38538ecaa3102d07fd2425a29eaf3c66ee3f8e606d0dfeaf473b10b,alc_label_candidate,1-coins/10_1477147440.jpg,,original=10;predicted=25,-0.0159182823417174,manual_review_required,pending,,
80df86a7ef7bba47e24d3347be0375b726ff06329b464a080bebfbb62c223921,alc_label_candidate,1-coins/5_1477145574.jpg,,original=5;predicted=25,-0.0163412371124934,manual_review_required,pending,,
f6b3ee2253d50a04effe295d9e7291141f603a85556e23813e158e475ee60774,alc_label_candidate,1-coins/100_1477860582.jpg,,original=10;predicted=25,-0.0210107314518986,manual_review_required,pending,,
bb8a68587e3e8f0b288bf69182c682e5e5ff2be02f1f5499de13fc80cbe4c375,alc_label_candidate,1-coins/25_1477191606.jpg,,original=25;predicted=5,-0.0222499900956991,manual_review_required,pending,,
1fa8a59676b677e63dc280799ead2f555139aa51801831a178b66f28bc31d7e8,alc_label_candidate,1-coins/10_1477147710.jpg,,original=10;predicted=25,-0.0268996440380951,manual_review_required,pending,,
515ed363862aaeac1dc2dcf4679a837cb2d65d087421e1d39fbae1121ab924a3,alc_label_candidate,1-coins/25_1477191396.jpg,,original=25;predicted=5,-0.0273033151327101,manual_review_required,pending,,
49f5b0f218edd65b9aadd12e84d865bba63b5dbffbdc04565e435a59c68c3ece,alc_label_candidate,1-coins/50_1477144626.jpg,,original=50;predicted=10,-0.0294639328344613,manual_review_required,pending,,
e036731780433bc2936207f024412200b2706ceea5056b9d074a0210d5ccac91,alc_label_candidate,1-coins/25_1477191282.jpg,,original=25;predicted=5,-0.0312113031810066,manual_review_required,pending,,
59fb8ec519d4291d939db39766104e2c7b2b8a6a755f0b0f53a2db76b73518b3,alc_label_candidate,1-coins/55_1477842042.jpg,,original=5;predicted=25,-0.0312324421558569,manual_review_required,pending,,
751cc5d3f238d4ea363d576d6743116b1dd5ef059edd8e3f143f49003de2410e,alc_label_candidate,1-coins/50_1477193088.jpg,,original=50;predicted=25,-0.0518370493016959,manual_review_required,pending,,
1e459704f74f85bed103edf3366986e76da514ad5e33e85cf0bca034d3523dd6,alc_label_candidate,1-coins/5_1477146798.jpg,,original=5;predicted=25,-0.0560703783376188,manual_review_required,pending,,
9e65162ce1648375181fef46efac18324961795574bcc6b02928a6113f397ca9,alc_label_candidate,1-coins/20_1477789038.jpg,,original=10;predicted=5,-0.0810442621360594,manual_review_required,pending,,
752d458fbf064ceee32ac363a865caff14bf10a7ebe60110b9b6ffc1bcb02ad8,alc_label_candidate,1-coins/60_1477843998.jpg,,original=50;predicted=10,-0.0877172755780719,manual_review_required,pending,,
7b7df4af24994fe20e713354b3f855e7073b5912b3e5a2d1b65f2ed1ed950255,alc_label_candidate,1-coins/10_1477288902.jpg,,original=10;predicted=5,-0.1117115919920989,manual_review_required,pending,,
0f245f7fdb3de31904c9db7d3a9e976bf0bddeb26d6cf587d6ef603dbc1b7187,alc_label_candidate,1-coins/150_1479429780.jpg,,original=25;predicted=10,-0.1214294803130825,manual_review_required,pending,,
968ccc8eaa8c883d4481df9bb81a367b1451a0da5bbc38bdd5388e268bcfb9ee,alc_label_candidate,1-coins/10_1477288734.jpg,,original=10;predicted=25,-0.1397998973521266,manual_review_required,pending,,
6134969882098c025c76a8aaca16196501734ad2dc82982d7469ff3a6c5b5eb1,alc_label_candidate,1-coins/5_1477189140.jpg,,original=5;predicted=10,-0.1413401208162193,manual_review_required,pending,,
6ef31d4da4c5d3e6aa1c13a27c935ab82a08cdc0e4e2ef228cd3f58663749aff,alc_label_candidate,1-coins/10_1477288896.jpg,,original=10;predicted=5,-0.1542236504719698,manual_review_required,pending,,
1-coins/25_1477191408.json:3:polygon_point_near_boundary,annotation_audit,1-coins/25_1477191408.jpg,,polygon_point_near_boundary,,manual_review_required,pending,,
1-coins/100_1477279908.jpg:full_bright_fraction,image_quality,1-coins/100_1477279908.jpg,,full_bright_fraction,284.8032970202955,manual_review_required,pending,,
1-coins/100_1477279902.jpg:full_bright_fraction,image_quality,1-coins/100_1477279902.jpg,,full_bright_fraction,229.8323823793148,manual_review_required,pending,,
1-coins/75_1477849440.jpg:full_bright_fraction,image_quality,1-coins/75_1477849440.jpg,,full_bright_fraction,200.8293231208833,manual_review_required,pending,,
1-coins/10_1477288236.jpg:full_bright_fraction,image_quality,1-coins/10_1477288236.jpg,,full_bright_fraction,177.3908043015695,manual_review_required,pending,,
1-coins/100_1477279596.jpg:full_bright_fraction,image_quality,1-coins/100_1477279596.jpg,,full_bright_fraction,159.85407079647135,manual_review_required,pending,,
1-coins/80_1477850772.jpg:full_bright_fraction,image_quality,1-coins/80_1477850772.jpg,,full_bright_fraction,131.69412372578495,manual_review_required,pending,,
1-coins/80_1477850766.jpg:full_bright_fraction,image_quality,1-coins/80_1477850766.jpg,,full_bright_fraction,122.25126722303982,manual_review_required,pending,,
1-coins/70_1477849398.jpg:full_bright_fraction,image_quality,1-coins/70_1477849398.jpg,,full_bright_fraction,117.02397165902018,manual_review_required,pending,,
1-coins/25_1477287138.jpg:full_bright_fraction,image_quality,1-coins/25_1477287138.jpg,,full_bright_fraction,116.85534922147116,manual_review_required,pending,,
1-coins/80_1477850748.jpg:full_bright_fraction,image_quality,1-coins/80_1477850748.jpg,,full_bright_fraction,112.3025434076476,manual_review_required,pending,,
1-coins/75_1477849452.jpg:full_bright_fraction,image_quality,1-coins/75_1477849452.jpg,,full_bright_fraction,104.8831561554907,manual_review_required,pending,,
1-coins/75_1477850394.jpg:full_bright_fraction,image_quality,1-coins/75_1477850394.jpg,,full_bright_fraction,101.51070740451028,manual_review_required,pending,,
1-coins/50_1477282290.jpg:full_bright_fraction,image_quality,1-coins/50_1477282290.jpg,,full_bright_fraction,98.13825865352987,manual_review_required,pending,,
1-coins/75_1477849896.jpg:full_bright_fraction,image_quality,1-coins/75_1477849896.jpg,,full_bright_fraction,95.7775445278436,manual_review_required,pending,,
1-coins/80_1477850760.jpg:full_bright_fraction,image_quality,1-coins/80_1477850760.jpg,,full_bright_fraction,91.56198358911809,manual_review_required,pending,,
1-coins/100_1477280076.jpg:full_bright_fraction,image_quality,1-coins/100_1477280076.jpg,,full_bright_fraction,91.22473871402003,manual_review_required,pending,,
1-coins/80_1477850754.jpg:full_bright_fraction,image_quality,1-coins/80_1477850754.jpg,,full_bright_fraction,90.71887140137298,manual_review_required,pending,,
1-coins/55_1477843530.jpg:full_bright_fraction,image_quality,1-coins/55_1477843530.jpg,,full_bright_fraction,89.53851433852985,manual_review_required,pending,,
1-coins/70_1477848984.jpg:full_bright_fraction,image_quality,1-coins/70_1477848984.jpg,,full_bright_fraction,85.99744315000041,manual_review_required,pending,,
1-coins/50_1477283214.jpg:full_bright_fraction,image_quality,1-coins/50_1477283214.jpg,,full_bright_fraction,83.97397389941216,manual_review_required,pending,,
1-coins/50_1477282284.jpg:full_bright_fraction,image_quality,1-coins/50_1477282284.jpg,,full_bright_fraction,82.11912708637294,manual_review_required,pending,,
1-coins/75_1477850058.jpg:full_bright_fraction,image_quality,1-coins/75_1477850058.jpg,,full_bright_fraction,78.91530077294155,manual_review_required,pending,,
1-coins/70_1477848978.jpg:full_bright_fraction,image_quality,1-coins/70_1477848978.jpg,,full_bright_fraction,78.24081102274546,manual_review_required,pending,,
1-coins/80_1477850778.jpg:full_bright_fraction,image_quality,1-coins/80_1477850778.jpg,,full_bright_fraction,75.03698470931407,manual_review_required,pending,,
1-coins/80_1477850958.jpg:full_bright_fraction,image_quality,1-coins/80_1477850958.jpg,,full_bright_fraction,73.68800520892191,manual_review_required,pending,,
1-coins/75_1477850046.jpg:full_bright_fraction,image_quality,1-coins/75_1477850046.jpg,,full_bright_fraction,70.9900462081376,manual_review_required,pending,,
1-coins/80_1477850982.jpg:full_bright_fraction,image_quality,1-coins/80_1477850982.jpg,,full_bright_fraction,67.28035258205914,manual_review_required,pending,,
1-coins/50_1477283580.jpg:full_bright_fraction,image_quality,1-coins/50_1477283580.jpg,,full_bright_fraction,66.43724039431405,manual_review_required,pending,,
1-coins/80_1477850970.jpg:full_bright_fraction,image_quality,1-coins/80_1477850970.jpg,,full_bright_fraction,66.43724039431405,manual_review_required,pending,,
1-coins/80_1477851852.jpg:full_bright_fraction,image_quality,1-coins/80_1477851852.jpg,,full_bright_fraction,65.93137308166698,manual_review_required,pending,,
1-coins/80_1477850934.jpg:full_bright_fraction,image_quality,1-coins/80_1477850934.jpg,,full_bright_fraction,65.76275064411794,manual_review_required,pending,,
1-coins/100_1477280532.jpg:full_bright_fraction,image_quality,1-coins/100_1477280532.jpg,,full_bright_fraction,59.523720454804206,manual_review_required,pending,,
1-coins/100_1477280658.jpg:full_bright_fraction,image_quality,1-coins/100_1477280658.jpg,,full_bright_fraction,57.16300632911791,manual_review_required,pending,,
1-coins/75_1477849446.jpg:full_bright_fraction,image_quality,1-coins/75_1477849446.jpg,,full_bright_fraction,56.319894141372814,manual_review_required,pending,,
1-coins/80_1477850784.jpg:full_bright_fraction,image_quality,1-coins/80_1477850784.jpg,,full_bright_fraction,55.47678195362772,manual_review_required,pending,,
1-coins/100_1477154952.jpg:full_dark_fraction,image_quality,1-coins/100_1477154952.jpg,,full_dark_fraction,52.52667237285523,manual_review_required,pending,,
1-coins/25_1477287012.jpg:full_bright_fraction,image_quality,1-coins/25_1477287012.jpg,,full_bright_fraction,52.44157807774535,manual_review_required,pending,,
1-coins/80_1477850976.jpg:full_bright_fraction,image_quality,1-coins/80_1477850976.jpg,,full_bright_fraction,50.755353702255135,manual_review_required,pending,,
1-coins/75_1477850460.jpg:full_bright_fraction,image_quality,1-coins/75_1477850460.jpg,,full_bright_fraction,49.574996639412,manual_review_required,pending,,
1-coins/80_1477851942.jpg:full_bright_fraction,image_quality,1-coins/80_1477851942.jpg,,full_bright_fraction,49.574996639412,manual_review_required,pending,,
1-coins/50_1477282212.jpg:full_bright_fraction,image_quality,1-coins/50_1477282212.jpg,,full_bright_fraction,49.40637420186298,manual_review_required,pending,,
1-coins/80_1477850988.jpg:full_bright_fraction,image_quality,1-coins/80_1477850988.jpg,,full_bright_fraction,48.56326201411788,manual_review_required,pending,,
1-coins/65_1477846560.jpg:full_bright_fraction,image_quality,1-coins/65_1477846560.jpg,,full_bright_fraction,47.8887722639218,manual_review_required,pending,,
1-coins/65_1477846434.jpg:full_bright_fraction,image_quality,1-coins/65_1477846434.jpg,,full_bright_fraction,46.03392545088258,manual_review_required,pending,,
1-coins/130_1477861998.jpg:full_bright_fraction,image_quality,1-coins/130_1477861998.jpg,,full_bright_fraction,45.02219082558845,manual_review_required,pending,,
1-coins/65_1477846506.jpg:full_bright_fraction,image_quality,1-coins/65_1477846506.jpg,,full_bright_fraction,44.85356838803944,manual_review_required,pending,,
1-coins/105_1479344472.jpg:full_bright_fraction,image_quality,1-coins/105_1479344472.jpg,,full_bright_fraction,44.34770107539237,manual_review_required,pending,,
1-coins/70_1477849392.jpg:full_bright_fraction,image_quality,1-coins/70_1477849392.jpg,,full_bright_fraction,43.33596645009825,manual_review_required,pending,,
1-coins/110_1479346158.jpg:full_bright_fraction,image_quality,1-coins/110_1479346158.jpg,,full_bright_fraction,42.99872157500021,manual_review_required,pending,,
1-coins/25_1477287144.jpg:full_bright_fraction,image_quality,1-coins/25_1477287144.jpg,,full_bright_fraction,42.661476699902174,manual_review_required,pending,,
1-coins/110_1479346152.jpg:full_bright_fraction,image_quality,1-coins/110_1479346152.jpg,,full_bright_fraction,41.81836451215707,manual_review_required,pending,,
1-coins/120_1479351618.jpg:full_bright_fraction,image_quality,1-coins/120_1479351618.jpg,,full_bright_fraction,41.312497199510005,manual_review_required,pending,,
1-coins/65_1477846344.jpg:full_bright_fraction,image_quality,1-coins/65_1477846344.jpg,,full_bright_fraction,41.14387476196098,manual_review_required,pending,,
1-coins/110_1479346146.jpg:full_bright_fraction,image_quality,1-coins/110_1479346146.jpg,,full_bright_fraction,40.4693850117649,manual_review_required,pending,,
1-coins/50_1477139796.jpg:full_bright_fraction,image_quality,1-coins/50_1477139796.jpg,,full_bright_fraction,40.4693850117649,manual_review_required,pending,,
1-coins/60_1477844904.jpg:full_bright_fraction,image_quality,1-coins/60_1477844904.jpg,,full_bright_fraction,40.4693850117649,manual_review_required,pending,,
1-coins/55_1477842384.jpg:full_bright_fraction,image_quality,1-coins/55_1477842384.jpg,,full_bright_fraction,39.96351769911784,manual_review_required,pending,,
1-coins/120_1479351624.jpg:full_bright_fraction,image_quality,1-coins/120_1479351624.jpg,,full_bright_fraction,39.12040551137273,manual_review_required,pending,,
1-coins/70_1477849404.jpg:full_bright_fraction,image_quality,1-coins/70_1477849404.jpg,,full_bright_fraction,38.95178307382372,manual_review_required,pending,,
1-coins/105_1479344412.jpg:full_bright_fraction,image_quality,1-coins/105_1479344412.jpg,,full_bright_fraction,38.61453819872567,manual_review_required,pending,,
1-coins/80_1477850742.jpg:full_bright_fraction,image_quality,1-coins/80_1477850742.jpg,,full_bright_fraction,38.61453819872567,manual_review_required,pending,,
1-coins/65_1477846530.jpg:full_bright_fraction,image_quality,1-coins/65_1477846530.jpg,,full_bright_fraction,37.9400484485296,manual_review_required,pending,,
1-coins/100_1477280538.jpg:full_bright_fraction,image_quality,1-coins/100_1477280538.jpg,,full_bright_fraction,36.42244651058841,manual_review_required,pending,,
1-coins/55_1477839240.jpg:full_bright_fraction,image_quality,1-coins/55_1477839240.jpg,,full_bright_fraction,36.42244651058841,manual_review_required,pending,,
1-coins/50_1477145100.jpg:full_bright_fraction,image_quality,1-coins/50_1477145100.jpg,,full_bright_fraction,36.08520163549037,manual_review_required,pending,,
1-coins/105_1479344562.jpg:full_bright_fraction,image_quality,1-coins/105_1479344562.jpg,,full_bright_fraction,35.74795676039233,manual_review_required,pending,,
1-coins/130_1477861908.jpg:full_dark_fraction,image_quality,1-coins/130_1477861908.jpg,,full_dark_fraction,35.64667888768488,manual_review_required,pending,,
1-coins/100_1477280988.jpg:full_bright_fraction,image_quality,1-coins/100_1477280988.jpg,,full_bright_fraction,35.41071188529429,manual_review_required,pending,,
1-coins/50_1477281894.jpg:full_bright_fraction,image_quality,1-coins/50_1477281894.jpg,,full_bright_fraction,35.41071188529429,manual_review_required,pending,,
1-coins/100_1477281462.jpg:full_bright_fraction,image_quality,1-coins/100_1477281462.jpg,,full_bright_fraction,35.242089447745265,manual_review_required,pending,,
1-coins/65_1477846356.jpg:full_bright_fraction,image_quality,1-coins/65_1477846356.jpg,,full_bright_fraction,34.7362221350982,manual_review_required,pending,,
1-coins/105_1479344466.jpg:full_bright_fraction,image_quality,1-coins/105_1479344466.jpg,,full_bright_fraction,34.398977260000166,manual_review_required,pending,,
1-coins/25_1477286016.jpg:full_bright_fraction,image_quality,1-coins/25_1477286016.jpg,,full_bright_fraction,34.398977260000166,manual_review_required,pending,,
1-coins/65_1477846350.jpg:full_bright_fraction,image_quality,1-coins/65_1477846350.jpg,,full_bright_fraction,34.398977260000166,manual_review_required,pending,,
1-coins/100_1477281114.jpg:full_bright_fraction,image_quality,1-coins/100_1477281114.jpg,,full_bright_fraction,33.21862019715702,manual_review_required,pending,,
1-coins/170_1479423282.jpg:full_bright_fraction,image_quality,1-coins/170_1479423282.jpg,,full_bright_fraction,33.049997759608,manual_review_required,pending,,
1-coins/55_1477842288.jpg:full_bright_fraction,image_quality,1-coins/55_1477842288.jpg,,full_bright_fraction,32.881375322058986,manual_review_required,pending,,
1-coins/55_1477843446.jpg:full_bright_fraction,image_quality,1-coins/55_1477843446.jpg,,full_bright_fraction,32.71275288450996,manual_review_required,pending,,
1-coins/45_1477837050.jpg:full_bright_fraction,image_quality,1-coins/45_1477837050.jpg,,full_bright_fraction,32.375508009411924,manual_review_required,pending,,
1-coins/65_1477846440.jpg:full_bright_fraction,image_quality,1-coins/65_1477846440.jpg,,full_bright_fraction,32.375508009411924,manual_review_required,pending,,
1-coins/100_1477154910.jpg:full_dark_fraction,image_quality,1-coins/100_1477154910.jpg,,full_dark_fraction,31.9975431648748,manual_review_required,pending,,
1-coins/115_1479348036.jpg:full_bright_fraction,image_quality,1-coins/115_1479348036.jpg,,full_bright_fraction,31.363773384117795,manual_review_required,pending,,
1-coins/100_1477861374.jpg:full_bright_fraction,image_quality,1-coins/100_1477861374.jpg,,full_bright_fraction,31.19515094656878,manual_review_required,pending,,
1-coins/55_1477842396.jpg:full_bright_fraction,image_quality,1-coins/55_1477842396.jpg,,full_bright_fraction,31.19515094656878,manual_review_required,pending,,
1-coins/65_1477846536.jpg:full_bright_fraction,image_quality,1-coins/65_1477846536.jpg,,full_bright_fraction,31.19515094656878,manual_review_required,pending,,
1-coins/130_1477862004.jpg:full_bright_fraction,image_quality,1-coins/130_1477862004.jpg,,full_bright_fraction,30.689283633921715,manual_review_required,pending,,
1-coins/115_1479348030.jpg:full_bright_fraction,image_quality,1-coins/115_1479348030.jpg,,full_bright_fraction,30.5206611963727,manual_review_required,pending,,
1-coins/50_1477281888.jpg:full_bright_fraction,image_quality,1-coins/50_1477281888.jpg,,full_bright_fraction,30.5206611963727,manual_review_required,pending,,
1-coins/80_1477850928.jpg:full_bright_fraction,image_quality,1-coins/80_1477850928.jpg,,full_bright_fraction,30.5206611963727,manual_review_required,pending,,
1-coins/5_1477290468.jpg:full_bright_fraction,image_quality,1-coins/5_1477290468.jpg,,full_bright_fraction,30.352038758823674,manual_review_required,pending,,
1-coins/75_1477849914.jpg:full_bright_fraction,image_quality,1-coins/75_1477849914.jpg,,full_bright_fraction,30.352038758823674,manual_review_required,pending,,
1-coins/65_1477846554.jpg:full_bright_fraction,image_quality,1-coins/65_1477846554.jpg,,full_bright_fraction,30.01479388372564,manual_review_required,pending,,
1-coins/25_1477191372.jpg:roi_dark_fraction_median,image_quality,1-coins/25_1477191372.jpg,,roi_dark_fraction_median,29.816452331670973,manual_review_required,pending,,
1-coins/25_1477191378.jpg:roi_dark_fraction_median,image_quality,1-coins/25_1477191378.jpg,,roi_dark_fraction_median,29.371973095633923,manual_review_required,pending,,
1-coins/145_1479428850.jpg:full_bright_fraction,image_quality,1-coins/145_1479428850.jpg,,full_bright_fraction,29.17168169598053,manual_review_required,pending,,
1-coins/60_1477844706.jpg:full_bright_fraction,image_quality,1-coins/60_1477844706.jpg,,full_bright_fraction,29.17168169598053,manual_review_required,pending,,
1-coins/115_1479348042.jpg:full_bright_fraction,image_quality,1-coins/115_1479348042.jpg,,full_bright_fraction,28.66581438333347,manual_review_required,pending,,
1-coins/150_1479429654.jpg:full_bright_fraction,image_quality,1-coins/150_1479429654.jpg,,full_bright_fraction,28.49719194578445,manual_review_required,pending,,
1-coins/80_1477850808.jpg:full_bright_fraction,image_quality,1-coins/80_1477850808.jpg,,full_bright_fraction,28.49719194578445,manual_review_required,pending,,
1-coins/50_1477145130.jpg:roi_dark_fraction_median,image_quality,1-coins/50_1477145130.jpg,,roi_dark_fraction_median,28.248714305076028,manual_review_required,pending,,
1-coins/75_1477850490.jpg:full_bright_fraction,image_quality,1-coins/75_1477850490.jpg,,full_bright_fraction,28.159947070686407,manual_review_required,pending,,
1-coins/5_1477145436.jpg:roi_dark_fraction_median,image_quality,1-coins/5_1477145436.jpg,,roi_dark_fraction_median,28.038719001590746,manual_review_required,pending,,
1-coins/115_1479348048.jpg:full_bright_fraction,image_quality,1-coins/115_1479348048.jpg,,full_bright_fraction,27.991324633137392,manual_review_required,pending,,
1-coins/25_1477149300.jpg:roi_dark_fraction_median,image_quality,1-coins/25_1477149300.jpg,,roi_dark_fraction_median,27.96281757448312,manual_review_required,pending,,
1-coins/85_1477853892.jpg:full_dark_fraction,image_quality,1-coins/85_1477853892.jpg,,full_dark_fraction,27.9224139156251,manual_review_required,pending,,
1-coins/120_1479351612.jpg:full_bright_fraction,image_quality,1-coins/120_1479351612.jpg,,full_bright_fraction,27.82270219558837,manual_review_required,pending,,
1-coins/25_1477191366.jpg:roi_dark_fraction_median,image_quality,1-coins/25_1477191366.jpg,,roi_dark_fraction_median,27.765728254748154,manual_review_required,pending,,
1-coins/5_1477156860.jpg:roi_dark_fraction_median,image_quality,1-coins/5_1477156860.jpg,,roi_dark_fraction_median,27.682611717682672,manual_review_required,pending,,
1-coins/90_1477855710.jpg:full_bright_fraction,image_quality,1-coins/90_1477855710.jpg,,full_bright_fraction,27.654079758039355,manual_review_required,pending,,
1-coins/25_1477286496.jpg:full_bright_fraction,image_quality,1-coins/25_1477286496.jpg,,full_bright_fraction,27.48545732049033,manual_review_required,pending,,
1-coins/90_1477855704.jpg:full_bright_fraction,image_quality,1-coins/90_1477855704.jpg,,full_bright_fraction,27.48545732049033,manual_review_required,pending,,
1-coins/130_1477861986.jpg:full_bright_fraction,image_quality,1-coins/130_1477861986.jpg,,full_bright_fraction,27.148212445392293,manual_review_required,pending,,
1-coins/5_1477156848.jpg:roi_dark_fraction_median,image_quality,1-coins/5_1477156848.jpg,,roi_dark_fraction_median,27.06512876681569,manual_review_required,pending,,
1-coins/25_1477191384.jpg:roi_dark_fraction_median,image_quality,1-coins/25_1477191384.jpg,,roi_dark_fraction_median,27.01750014117261,manual_review_required,pending,,
1-coins/90_1477855716.jpg:full_bright_fraction,image_quality,1-coins/90_1477855716.jpg,,full_bright_fraction,26.979590007843267,manual_review_required,pending,,
1-coins/130_1477861992.jpg:full_bright_fraction,image_quality,1-coins/130_1477861992.jpg,,full_bright_fraction,26.810967570294245,manual_review_required,pending,,
1-coins/55_1477842282.jpg:full_bright_fraction,image_quality,1-coins/55_1477842282.jpg,,full_bright_fraction,26.810967570294245,manual_review_required,pending,,
1-coins/75_1477850430.jpg:full_bright_fraction,image_quality,1-coins/75_1477850430.jpg,,full_bright_fraction,26.810967570294245,manual_review_required,pending,,
1-coins/120_1479351606.jpg:full_bright_fraction,image_quality,1-coins/120_1479351606.jpg,,full_bright_fraction,26.64234513274523,manual_review_required,pending,,
1-coins/25_1477191300.jpg:roi_dark_fraction_median,image_quality,1-coins/25_1477191300.jpg,,roi_dark_fraction_median,26.617279209148304,manual_review_required,pending,,
1-coins/65_1477846524.jpg:full_bright_fraction,image_quality,1-coins/65_1477846524.jpg,,full_bright_fraction,26.473722695196205,manual_review_required,pending,,
1-coins/100_1477195020.jpg:roi_dark_fraction_median,image_quality,1-coins/100_1477195020.jpg,,roi_dark_fraction_median,26.44570310117944,manual_review_required,pending,,
1-coins/50_1477192776.jpg:roi_dark_fraction_median,image_quality,1-coins/50_1477192776.jpg,,roi_dark_fraction_median,26.3650833923175,manual_review_required,pending,,
1-coins/5_1477146732.jpg:roi_dark_fraction_median,image_quality,1-coins/5_1477146732.jpg,,roi_dark_fraction_median,26.152743233582758,manual_review_required,pending,,
1-coins/75_1477850502.jpg:full_bright_fraction,image_quality,1-coins/75_1477850502.jpg,,full_bright_fraction,26.136477820098168,manual_review_required,pending,,
1-coins/90_1477856946.jpg:roi_dark_fraction_median,image_quality,1-coins/90_1477856946.jpg,,roi_dark_fraction_median,25.97600101679112,manual_review_required,pending,,
1-coins/130_1477862016.jpg:full_bright_fraction,image_quality,1-coins/130_1477862016.jpg,,full_bright_fraction,25.967855382549143,manual_review_required,pending,,
1-coins/25_1477191288.jpg:roi_dark_fraction_median,image_quality,1-coins/25_1477191288.jpg,,roi_dark_fraction_median,25.832995726617444,manual_review_required,pending,,
1-coins/10_1477288878.jpg:roi_dark_fraction_median,image_quality,1-coins/10_1477288878.jpg,,roi_dark_fraction_median,25.797443669484817,manual_review_required,pending,,
1-coins/130_1477862328.jpg:roi_dark_fraction_median,image_quality,1-coins/130_1477862328.jpg,,roi_dark_fraction_median,25.744037538304628,manual_review_required,pending,,
1-coins/120_1479351600.jpg:full_bright_fraction,image_quality,1-coins/120_1479351600.jpg,,full_bright_fraction,25.630610507451102,manual_review_required,pending,,
1-coins/130_1477862010.jpg:full_bright_fraction,image_quality,1-coins/130_1477862010.jpg,,full_bright_fraction,25.630610507451102,manual_review_required,pending,,
1-coins/5_1477291212.jpg:roi_dark_fraction_median,image_quality,1-coins/5_1477291212.jpg,,roi_dark_fraction_median,25.571681661420133,manual_review_required,pending,,
1-coins/5_1477145526.jpg:roi_dark_fraction_median,image_quality,1-coins/5_1477145526.jpg,,roi_dark_fraction_median,25.53927389110552,manual_review_required,pending,,
1-coins/5_1477146798.jpg:roi_dark_fraction_median,image_quality,1-coins/5_1477146798.jpg,,roi_dark_fraction_median,25.496335560056917,manual_review_required,pending,,
1-coins/10_1477288884.jpg:roi_dark_fraction_median,image_quality,1-coins/10_1477288884.jpg,,roi_dark_fraction_median,25.48122203828411,manual_review_required,pending,,
1-coins/25_1477191294.jpg:roi_dark_fraction_median,image_quality,1-coins/25_1477191294.jpg,,roi_dark_fraction_median,25.46624433998582,manual_review_required,pending,,
1-coins/170_1479423294.jpg:full_bright_fraction,image_quality,1-coins/170_1479423294.jpg,,full_bright_fraction,25.461988069902088,manual_review_required,pending,,
1-coins/50_1477145064.jpg:full_bright_fraction,image_quality,1-coins/50_1477145064.jpg,,full_bright_fraction,25.461988069902088,manual_review_required,pending,,
1-coins/5_1477291758.jpg:roi_dark_fraction_median,image_quality,1-coins/5_1477291758.jpg,,roi_dark_fraction_median,25.3606117106895,manual_review_required,pending,,
1-coins/50_1477140186.jpg:roi_dark_fraction_median,image_quality,1-coins/50_1477140186.jpg,,roi_dark_fraction_median,25.334184020410326,manual_review_required,pending,,
1-coins/85_1477853892.jpg:roi_dark_fraction_median,image_quality,1-coins/85_1477853892.jpg,,roi_dark_fraction_median,25.3243660670566,manual_review_required,pending,,
1-coins/10_1477288890.jpg:roi_dark_fraction_median,image_quality,1-coins/10_1477288890.jpg,,roi_dark_fraction_median,25.306754931414755,manual_review_required,pending,,
1-coins/105_1479344718.jpg:full_bright_fraction,image_quality,1-coins/105_1479344718.jpg,,full_bright_fraction,25.293365632353066,manual_review_required,pending,,
1-coins/50_1477140156.jpg:full_bright_fraction,image_quality,1-coins/50_1477140156.jpg,,full_bright_fraction,25.293365632353066,manual_review_required,pending,,
1-coins/50_1477282680.jpg:full_bright_fraction,image_quality,1-coins/50_1477282680.jpg,,full_bright_fraction,25.293365632353066,manual_review_required,pending,,
1-coins/80_1477851798.jpg:full_bright_fraction,image_quality,1-coins/80_1477851798.jpg,,full_bright_fraction,25.293365632353066,manual_review_required,pending,,
1-coins/80_1477850946.jpg:full_bright_fraction,image_quality,1-coins/80_1477850946.jpg,,full_bright_fraction,25.124743194804047,manual_review_required,pending,,
1-coins/50_1477282434.jpg:roi_dark_fraction_median,image_quality,1-coins/50_1477282434.jpg,,roi_dark_fraction_median,25.072014154449253,manual_review_required,pending,,
1-coins/35_1477789530.jpg:roi_dark_fraction_median,image_quality,1-coins/35_1477789530.jpg,,roi_dark_fraction_median,25.06363927800026,manual_review_required,pending,,
1-coins/90_1477856946.jpg:full_dark_fraction,image_quality,1-coins/90_1477856946.jpg,,full_dark_fraction,24.988487912450196,manual_review_required,pending,,
1-coins/105_1479344706.jpg:full_bright_fraction,image_quality,1-coins/105_1479344706.jpg,,full_bright_fraction,24.956120757255025,manual_review_required,pending,,
1-coins/55_1477842294.jpg:full_bright_fraction,image_quality,1-coins/55_1477842294.jpg,,full_bright_fraction,24.787498319706,manual_review_required,pending,,
1-coins/5_1477291146.jpg:roi_dark_fraction_median,image_quality,1-coins/5_1477291146.jpg,,roi_dark_fraction_median,24.68418639889748,manual_review_required,pending,,
1-coins/100_1477861368.jpg:full_bright_fraction,image_quality,1-coins/100_1477861368.jpg,,full_bright_fraction,24.618875882156985,manual_review_required,pending,,
1-coins/100_1477858998.jpg:roi_dark_fraction_median,image_quality,1-coins/100_1477858998.jpg,,roi_dark_fraction_median,24.54933067594169,manual_review_required,pending,,
1-coins/5_1477145532.jpg:roi_dark_fraction_median,image_quality,1-coins/5_1477145532.jpg,,roi_dark_fraction_median,24.547430977754072,manual_review_required,pending,,
1-coins/5_1477147086.jpg:roi_dark_fraction_median,image_quality,1-coins/5_1477147086.jpg,,roi_dark_fraction_median,24.529935490270574,manual_review_required,pending,,
1-coins/10_1477288500.jpg:roi_dark_fraction_median,image_quality,1-coins/10_1477288500.jpg,,roi_dark_fraction_median,24.469858028150814,manual_review_required,pending,,
1-coins/75_1477849860.jpg:full_bright_fraction,image_quality,1-coins/75_1477849860.jpg,,full_bright_fraction,24.450253444607963,manual_review_required,pending,,
1-coins/130_1477861908.jpg:roi_dark_fraction_median,image_quality,1-coins/130_1477861908.jpg,,roi_dark_fraction_median,24.438230220760037,manual_review_required,pending,,
1-coins/50_1477140264.jpg:roi_dark_fraction_median,image_quality,1-coins/50_1477140264.jpg,,roi_dark_fraction_median,24.374540562858492,manual_review_required,pending,,
1-coins/115_1479348270.jpg:full_bright_fraction,image_quality,1-coins/115_1479348270.jpg,,full_bright_fraction,24.28163100705894,manual_review_required,pending,,
1-coins/75_1477849866.jpg:full_bright_fraction,image_quality,1-coins/75_1477849866.jpg,,full_bright_fraction,24.11300856950992,manual_review_required,pending,,
1-coins/50_1477145124.jpg:roi_dark_fraction_median,image_quality,1-coins/50_1477145124.jpg,,roi_dark_fraction_median,23.98439045943736,manual_review_required,pending,,
1-coins/5_1477292016.jpg:roi_dark_fraction_median,image_quality,1-coins/5_1477292016.jpg,,roi_dark_fraction_median,23.977927850133103,manual_review_required,pending,,
1-coins/50_1477282962.jpg:roi_dark_fraction_median,image_quality,1-coins/50_1477282962.jpg,,roi_dark_fraction_median,23.946460099958717,manual_review_required,pending,,
1-coins/145_1479428874.jpg:full_bright_fraction,image_quality,1-coins/145_1479428874.jpg,,full_bright_fraction,23.9443861319609,manual_review_required,pending,,
1-coins/25_1477149348.jpg:full_bright_fraction,image_quality,1-coins/25_1477149348.jpg,,full_bright_fraction,23.9443861319609,manual_review_required,pending,,
1-coins/5_1477156710.jpg:roi_dark_fraction_median,image_quality,1-coins/5_1477156710.jpg,,roi_dark_fraction_median,23.917358335104986,manual_review_required,pending,,
1-coins/50_1477282068.jpg:roi_dark_fraction_median,image_quality,1-coins/50_1477282068.jpg,,roi_dark_fraction_median,23.81471682470768,manual_review_required,pending,,
1-coins/55_1477843524.jpg:roi_dark_fraction_median,image_quality,1-coins/55_1477843524.jpg,,roi_dark_fraction_median,23.800488185218,manual_review_required,pending,,
1-coins/50_1477140180.jpg:roi_dark_fraction_median,image_quality,1-coins/50_1477140180.jpg,,roi_dark_fraction_median,23.776569362228702,manual_review_required,pending,,
1-coins/100_1477154748.jpg:full_bright_fraction,image_quality,1-coins/100_1477154748.jpg,,full_bright_fraction,23.77576369441188,manual_review_required,pending,,
1-coins/100_1477861362.jpg:full_bright_fraction,image_quality,1-coins/100_1477861362.jpg,,full_bright_fraction,23.77576369441188,manual_review_required,pending,,
1-coins/25_1477153878.jpg:roi_dark_fraction_median,image_quality,1-coins/25_1477153878.jpg,,roi_dark_fraction_median,23.740628777744394,manual_review_required,pending,,
1-coins/5_1477291206.jpg:roi_dark_fraction_median,image_quality,1-coins/5_1477291206.jpg,,roi_dark_fraction_median,23.739588210891647,manual_review_required,pending,,
1-coins/25_1477191396.jpg:roi_dark_fraction_median,image_quality,1-coins/25_1477191396.jpg,,roi_dark_fraction_median,23.708073900494103,manual_review_required,pending,,
1-coins/50_1477145166.jpg:roi_dark_fraction_median,image_quality,1-coins/50_1477145166.jpg,,roi_dark_fraction_median,23.614640271501624,manual_review_required,pending,,
1-coins/60_1477845228.jpg:full_bright_fraction,image_quality,1-coins/60_1477845228.jpg,,full_bright_fraction,23.607141256862857,manual_review_required,pending,,
1-coins/75_1477850406.jpg:full_bright_fraction,image_quality,1-coins/75_1477850406.jpg,,full_bright_fraction,23.607141256862857,manual_review_required,pending,,
1-coins/50_1477283070.jpg:roi_dark_fraction_median,image_quality,1-coins/50_1477283070.jpg,,roi_dark_fraction_median,23.569775466852885,manual_review_required,pending,,
1-coins/25_1477789296.jpg:roi_dark_fraction_median,image_quality,1-coins/25_1477789296.jpg,,roi_dark_fraction_median,23.536722718770704,manual_review_required,pending,,
1-coins/5_1477146426.jpg:roi_dark_fraction_median,image_quality,1-coins/5_1477146426.jpg,,roi_dark_fraction_median,23.51837860666128,manual_review_required,pending,,
1-coins/70_1477849248.jpg:full_bright_fraction,image_quality,1-coins/70_1477849248.jpg,,full_bright_fraction,23.43851881931384,manual_review_required,pending,,
1-coins/100_1477280454.jpg:full_bright_fraction,image_quality,1-coins/100_1477280454.jpg,,full_bright_fraction,23.269896381764816,manual_review_required,pending,,
1-coins/125_1479424536.jpg:full_bright_fraction,image_quality,1-coins/125_1479424536.jpg,,full_bright_fraction,23.269896381764816,manual_review_required,pending,,
1-coins/50_1477192962.jpg:roi_dark_fraction_median,image_quality,1-coins/50_1477192962.jpg,,roi_dark_fraction_median,23.127129114174537,manual_review_required,pending,,
1-coins/60_1477844712.jpg:full_bright_fraction,image_quality,1-coins/60_1477844712.jpg,,full_bright_fraction,23.101273944215794,manual_review_required,pending,,
1-coins/5_1477291224.jpg:roi_dark_fraction_median,image_quality,1-coins/5_1477291224.jpg,,roi_dark_fraction_median,23.062293631742577,manual_review_required,pending,,
1-coins/105_1479344700.jpg:full_bright_fraction,image_quality,1-coins/105_1479344700.jpg,,full_bright_fraction,22.93265150666678,manual_review_required,pending,,
1-coins/150_1479430026.jpg:full_bright_fraction,image_quality,1-coins/150_1479430026.jpg,,full_bright_fraction,22.93265150666678,manual_review_required,pending,,
1-coins/5_1477290108.jpg:roi_dark_fraction_median,image_quality,1-coins/5_1477290108.jpg,,roi_dark_fraction_median,22.84622253248803,manual_review_required,pending,,
1-coins/25_1477285818.jpg:roi_dark_fraction_median,image_quality,1-coins/25_1477285818.jpg,,roi_dark_fraction_median,22.76440654675936,manual_review_required,pending,,
1-coins/100_1477280574.jpg:full_bright_fraction,image_quality,1-coins/100_1477280574.jpg,,full_bright_fraction,22.76402906911776,manual_review_required,pending,,
1-coins/5_1477189038.jpg:roi_dark_fraction_median,image_quality,1-coins/5_1477189038.jpg,,roi_dark_fraction_median,22.748603371387937,manual_review_required,pending,,
1-coins/10_1477147698.jpg:roi_dark_fraction_median,image_quality,1-coins/10_1477147698.jpg,,roi_dark_fraction_median,22.66452525722589,manual_review_required,pending,,
1-coins/100_1477861350.jpg:full_bright_fraction,image_quality,1-coins/100_1477861350.jpg,,full_bright_fraction,22.595406631568736,manual_review_required,pending,,
1-coins/140_1479427386.jpg:full_bright_fraction,image_quality,1-coins/140_1479427386.jpg,,full_bright_fraction,22.595406631568736,manual_review_required,pending,,
1-coins/65_1477845888.jpg:full_bright_fraction,image_quality,1-coins/65_1477845888.jpg,,full_bright_fraction,22.595406631568736,manual_review_required,pending,,
1-coins/5_1477291218.jpg:roi_dark_fraction_median,image_quality,1-coins/5_1477291218.jpg,,roi_dark_fraction_median,22.592936530772604,manual_review_required,pending,,
1-coins/50_1477194552.jpg:roi_dark_fraction_median,image_quality,1-coins/50_1477194552.jpg,,roi_dark_fraction_median,22.5229810681361,manual_review_required,pending,,
1-coins/50_1477282218.jpg:full_bright_fraction,image_quality,1-coins/50_1477282218.jpg,,full_bright_fraction,22.42678419401972,manual_review_required,pending,,
1-coins/50_1477145118.jpg:roi_dark_fraction_median,image_quality,1-coins/50_1477145118.jpg,,roi_dark_fraction_median,22.39160506155592,manual_review_required,pending,,
1-coins/50_1477193730.jpg:roi_dark_fraction_median,image_quality,1-coins/50_1477193730.jpg,,roi_dark_fraction_median,22.3598794923697,manual_review_required,pending,,
1-coins/55_1477843434.jpg:roi_dark_fraction_median,image_quality,1-coins/55_1477843434.jpg,,roi_dark_fraction_median,22.321902291751243,manual_review_required,pending,,
1-coins/5_1477291656.jpg:roi_dark_fraction_median,image_quality,1-coins/5_1477291656.jpg,,roi_dark_fraction_median,22.31022594131376,manual_review_required,pending,,
1-coins/130_1477862490.jpg:full_bright_fraction,image_quality,1-coins/130_1477862490.jpg,,full_bright_fraction,22.25816175647069,manual_review_required,pending,,
1-coins/5_1477291140.jpg:roi_dark_fraction_median,image_quality,1-coins/5_1477291140.jpg,,roi_dark_fraction_median,22.242541747340454,manual_review_required,pending,,
1-coins/50_1477282956.jpg:roi_dark_fraction_median,image_quality,1-coins/50_1477282956.jpg,,roi_dark_fraction_median,22.180573809590346,manual_review_required,pending,,
1-coins/25_1477191282.jpg:roi_dark_fraction_median,image_quality,1-coins/25_1477191282.jpg,,roi_dark_fraction_median,22.16751440396413,manual_review_required,pending,,
1-coins/115_1479348276.jpg:full_bright_fraction,image_quality,1-coins/115_1479348276.jpg,,full_bright_fraction,22.089539318921677,manual_review_required,pending,,
1-coins/135_1479425922.jpg:full_bright_fraction,image_quality,1-coins/135_1479425922.jpg,,full_bright_fraction,22.089539318921677,manual_review_required,pending,,
1-coins/5_1477156770.jpg:roi_dark_fraction_median,image_quality,1-coins/5_1477156770.jpg,,roi_dark_fraction_median,21.934842078518106,manual_review_required,pending,,
1-coins/105_1479344550.jpg:full_bright_fraction,image_quality,1-coins/105_1479344550.jpg,,full_bright_fraction,21.92091688137265,manual_review_required,pending,,
1-coins/115_1479348282.jpg:full_bright_fraction,image_quality,1-coins/115_1479348282.jpg,,full_bright_fraction,21.92091688137265,manual_review_required,pending,,
1-coins/10_1477147446.jpg:roi_dark_fraction_median,image_quality,1-coins/10_1477147446.jpg,,roi_dark_fraction_median,21.785257767072203,manual_review_required,pending,,
1-coins/50_1477145112.jpg:roi_dark_fraction_median,image_quality,1-coins/50_1477145112.jpg,,roi_dark_fraction_median,21.773176795899342,manual_review_required,pending,,
1-coins/130_1477861974.jpg:full_bright_fraction,image_quality,1-coins/130_1477861974.jpg,,full_bright_fraction,21.75229444382364,manual_review_required,pending,,
1-coins/75_1477849572.jpg:full_bright_fraction,image_quality,1-coins/75_1477849572.jpg,,full_bright_fraction,21.75229444382364,manual_review_required,pending,,
1-coins/50_1477283310.jpg:roi_dark_fraction_median,image_quality,1-coins/50_1477283310.jpg,,roi_dark_fraction_median,21.708959663813346,manual_review_required,pending,,
1-coins/10_1477288872.jpg:roi_dark_fraction_median,image_quality,1-coins/10_1477288872.jpg,,roi_dark_fraction_median,21.593160252019484,manual_review_required,pending,,
1-coins/65_1477846590.jpg:full_bright_fraction,image_quality,1-coins/65_1477846590.jpg,,full_bright_fraction,21.583672006274615,manual_review_required,pending,,
1-coins/50_1477282422.jpg:roi_dark_fraction_median,image_quality,1-coins/50_1477282422.jpg,,roi_dark_fraction_median,21.48584929856408,manual_review_required,pending,,
1-coins/110_1479346104.jpg:full_bright_fraction,image_quality,1-coins/110_1479346104.jpg,,full_bright_fraction,21.415049568725596,manual_review_required,pending,,
1-coins/145_1479428856.jpg:full_bright_fraction,image_quality,1-coins/145_1479428856.jpg,,full_bright_fraction,21.415049568725596,manual_review_required,pending,,
1-coins/50_1477194564.jpg:roi_dark_fraction_median,image_quality,1-coins/50_1477194564.jpg,,roi_dark_fraction_median,21.28525740203615,manual_review_required,pending,,
1-coins/55_1477843440.jpg:roi_dark_fraction_median,image_quality,1-coins/55_1477843440.jpg,,roi_dark_fraction_median,21.26110016123435,manual_review_required,pending,,
1-coins/5_1477156824.jpg:roi_dark_fraction_median,image_quality,1-coins/5_1477156824.jpg,,roi_dark_fraction_median,21.255257786073056,manual_review_required,pending,,
1-coins/125_1479424530.jpg:full_bright_fraction,image_quality,1-coins/125_1479424530.jpg,,full_bright_fraction,21.24642713117657,manual_review_required,pending,,
1-coins/75_1477850388.jpg:full_bright_fraction,image_quality,1-coins/75_1477850388.jpg,,full_bright_fraction,21.24642713117657,manual_review_required,pending,,
1-coins/80_1477851720.jpg:full_bright_fraction,image_quality,1-coins/80_1477851720.jpg,,full_bright_fraction,21.24642713117657,manual_review_required,pending,,
1-coins/5_1477146804.jpg:roi_dark_fraction_median,image_quality,1-coins/5_1477146804.jpg,,roi_dark_fraction_median,21.169059229071745,manual_review_required,pending,,
1-coins/50_1477283460.jpg:roi_dark_fraction_median,image_quality,1-coins/50_1477283460.jpg,,roi_dark_fraction_median,21.14030183803991,manual_review_required,pending,,
1-coins/50_1477193562.jpg:roi_dark_fraction_median,image_quality,1-coins/50_1477193562.jpg,,roi_dark_fraction_median,21.13831352396378,manual_review_required,pending,,
1-coins/50_1477283064.jpg:roi_dark_fraction_median,image_quality,1-coins/50_1477283064.jpg,,roi_dark_fraction_median,21.04661315853812,manual_review_required,pending,,
1-coins/100_1477280652.jpg:full_bright_fraction,image_quality,1-coins/100_1477280652.jpg,,full_bright_fraction,20.90918225607853,manual_review_required,pending,,
1-coins/100_1477281666.jpg:full_bright_fraction,image_quality,1-coins/100_1477281666.jpg,,full_bright_fraction,20.90918225607853,manual_review_required,pending,,
1-coins/50_1477193556.jpg:roi_dark_fraction_median,image_quality,1-coins/50_1477193556.jpg,,roi_dark_fraction_median,20.853705549452343,manual_review_required,pending,,
1-coins/50_1477283316.jpg:roi_dark_fraction_median,image_quality,1-coins/50_1477283316.jpg,,roi_dark_fraction_median,20.837398112268826,manual_review_required,pending,,
1-coins/5_1477290114.jpg:roi_dark_fraction_median,image_quality,1-coins/5_1477290114.jpg,,roi_dark_fraction_median,20.779229351098376,manual_review_required,pending,,
1-coins/10_1477288230.jpg:full_bright_fraction,image_quality,1-coins/10_1477288230.jpg,,full_bright_fraction,20.740559818529512,manual_review_required,pending,,
1-coins/55_1477842312.jpg:full_bright_fraction,image_quality,1-coins/55_1477842312.jpg,,full_bright_fraction,20.740559818529512,manual_review_required,pending,,
1-coins/65_1477846452.jpg:full_bright_fraction,image_quality,1-coins/65_1477846452.jpg,,full_bright_fraction,20.740559818529512,manual_review_required,pending,,
1-coins/75_1477849578.jpg:full_bright_fraction,image_quality,1-coins/75_1477849578.jpg,,full_bright_fraction,20.740559818529512,manual_review_required,pending,,
1-coins/50_1477194558.jpg:roi_dark_fraction_median,image_quality,1-coins/50_1477194558.jpg,,roi_dark_fraction_median,20.72848022354936,manual_review_required,pending,,
1-coins/50_1477282062.jpg:roi_dark_fraction_median,image_quality,1-coins/50_1477282062.jpg,,roi_dark_fraction_median,20.67077619721402,manual_review_required,pending,,
1-coins/5_1477147068.jpg:roi_dark_fraction_median,image_quality,1-coins/5_1477147068.jpg,,roi_dark_fraction_median,20.656770365579234,manual_review_required,pending,,
1-coins/50_1477283376.jpg:roi_dark_fraction_median,image_quality,1-coins/50_1477283376.jpg,,roi_dark_fraction_median,20.62395196719239,manual_review_required,pending,,
1-coins/50_1477144668.jpg:full_bright_fraction,image_quality,1-coins/50_1477144668.jpg,,full_bright_fraction,20.57193738098049,manual_review_required,pending,,
1-coins/50_1477140168.jpg:roi_dark_fraction_median,image_quality,1-coins/50_1477140168.jpg,,roi_dark_fraction_median,20.535040668407728,manual_review_required,pending,,
1-coins/25_1477153926.jpg:roi_dark_fraction_median,image_quality,1-coins/25_1477153926.jpg,,roi_dark_fraction_median,20.46186568333375,manual_review_required,pending,,
1-coins/10_1477147716.jpg:roi_dark_fraction_median,image_quality,1-coins/10_1477147716.jpg,,roi_dark_fraction_median,20.42042195674215,manual_review_required,pending,,
1-coins/105_1479344496.jpg:full_bright_fraction,image_quality,1-coins/105_1479344496.jpg,,full_bright_fraction,20.40331494343147,manual_review_required,pending,,
1-coins/150_1479429660.jpg:full_bright_fraction,image_quality,1-coins/150_1479429660.jpg,,full_bright_fraction,20.40331494343147,manual_review_required,pending,,
1-coins/55_1477842300.jpg:full_bright_fraction,image_quality,1-coins/55_1477842300.jpg,,full_bright_fraction,20.40331494343147,manual_review_required,pending,,
1-coins/25_1477191390.jpg:roi_dark_fraction_median,image_quality,1-coins/25_1477191390.jpg,,roi_dark_fraction_median,20.31009310354694,manual_review_required,pending,,
1-coins/5_1477189146.jpg:roi_dark_fraction_median,image_quality,1-coins/5_1477189146.jpg,,roi_dark_fraction_median,20.27013942496008,manual_review_required,pending,,
1-coins/50_1477145214.jpg:full_bright_fraction,image_quality,1-coins/50_1477145214.jpg,,full_bright_fraction,20.23469250588245,manual_review_required,pending,,
1-coins/10_1477788060.jpg:roi_dark_fraction_median,image_quality,1-coins/10_1477788060.jpg,,roi_dark_fraction_median,20.058206366513296,manual_review_required,pending,,
1-coins/100_1477154922.jpg:roi_dark_fraction_median,image_quality,1-coins/100_1477154922.jpg,,roi_dark_fraction_median,20.024645757363334,manual_review_required,pending,,
1-coins/100_1477155198.jpg:roi_dark_fraction_median,image_quality,1-coins/100_1477155198.jpg,,roi_dark_fraction_median,20.019873600712994,manual_review_required,pending,,
1-coins/5_1477291866.jpg:roi_dark_fraction_median,image_quality,1-coins/5_1477291866.jpg,,roi_dark_fraction_median,19.873854229501067,manual_review_required,pending,,
1-coins/50_1477193736.jpg:roi_dark_fraction_median,image_quality,1-coins/50_1477193736.jpg,,roi_dark_fraction_median,19.864520465360886,manual_review_required,pending,,
1-coins/120_1479422952.jpg:full_bright_fraction,image_quality,1-coins/120_1479422952.jpg,,full_bright_fraction,19.728825193235387,manual_review_required,pending,,
1-coins/60_1477845348.jpg:full_bright_fraction,image_quality,1-coins/60_1477845348.jpg,,full_bright_fraction,19.728825193235387,manual_review_required,pending,,
1-coins/5_1477290102.jpg:roi_dark_fraction_median,image_quality,1-coins/5_1477290102.jpg,,roi_dark_fraction_median,19.667502362834416,manual_review_required,pending,,
1-coins/10_1477288710.jpg:roi_dark_fraction_median,image_quality,1-coins/10_1477288710.jpg,,roi_dark_fraction_median,19.560244598905328,manual_review_required,pending,,
1-coins/100_1477280664.jpg:full_bright_fraction,image_quality,1-coins/100_1477280664.jpg,,full_bright_fraction,19.56020275568637,manual_review_required,pending,,
1-coins/100_1477861440.jpg:full_bright_fraction,image_quality,1-coins/100_1477861440.jpg,,full_bright_fraction,19.56020275568637,manual_review_required,pending,,
1-coins/75_1477850376.jpg:full_bright_fraction,image_quality,1-coins/75_1477850376.jpg,,full_bright_fraction,19.56020275568637,manual_review_required,pending,,
1-coins/5_1477156800.jpg:roi_dark_fraction_median,image_quality,1-coins/5_1477156800.jpg,,roi_dark_fraction_median,19.54368139220037,manual_review_required,pending,,
1-coins/50_1477193526.jpg:roi_dark_fraction_median,image_quality,1-coins/50_1477193526.jpg,,roi_dark_fraction_median,19.52229800316124,manual_review_required,pending,,
1-coins/10_1477288296.jpg:roi_dark_fraction_median,image_quality,1-coins/10_1477288296.jpg,,roi_dark_fraction_median,19.498064700798263,manual_review_required,pending,,
1-coins/5_1477189200.jpg:roi_dark_fraction_median,image_quality,1-coins/5_1477189200.jpg,,roi_dark_fraction_median,19.426549696358705,manual_review_required,pending,,
1-coins/75_1477850022.jpg:full_bright_fraction,image_quality,1-coins/75_1477850022.jpg,,full_bright_fraction,19.39158031813735,manual_review_required,pending,,
1-coins/100_1477154970.jpg:roi_dark_fraction_median,image_quality,1-coins/100_1477154970.jpg,,roi_dark_fraction_median,19.38281724688076,manual_review_required,pending,,
1-coins/5_1477292022.jpg:roi_dark_fraction_median,image_quality,1-coins/5_1477292022.jpg,,roi_dark_fraction_median,19.25872081472848,manual_review_required,pending,,
1-coins/25_1477287084.jpg:roi_dark_fraction_median,image_quality,1-coins/25_1477287084.jpg,,roi_dark_fraction_median,19.250321583140742,manual_review_required,pending,,
1-coins/10_1477187328.jpg:roi_dark_fraction_median,image_quality,1-coins/10_1477187328.jpg,,roi_dark_fraction_median,19.23876720652123,manual_review_required,pending,,
1-coins/5_1477290120.jpg:roi_dark_fraction_median,image_quality,1-coins/5_1477290120.jpg,,roi_dark_fraction_median,19.238621446654747,manual_review_required,pending,,
1-coins/100_1477860828.jpg:full_bright_fraction,image_quality,1-coins/100_1477860828.jpg,,full_bright_fraction,19.22295788058833,manual_review_required,pending,,
1-coins/105_1479344694.jpg:full_bright_fraction,image_quality,1-coins/105_1479344694.jpg,,full_bright_fraction,19.22295788058833,manual_review_required,pending,,
1-coins/110_1479346128.jpg:full_bright_fraction,image_quality,1-coins/110_1479346128.jpg,,full_bright_fraction,19.22295788058833,manual_review_required,pending,,
1-coins/50_1477145082.jpg:roi_dark_fraction_median,image_quality,1-coins/50_1477145082.jpg,,roi_dark_fraction_median,19.146623087541705,manual_review_required,pending,,
1-coins/5_1477291662.jpg:roi_dark_fraction_median,image_quality,1-coins/5_1477291662.jpg,,roi_dark_fraction_median,19.11655565624536,manual_review_required,pending,,
1-coins/5_1477188894.jpg:roi_dark_fraction_median,image_quality,1-coins/5_1477188894.jpg,,roi_dark_fraction_median,19.0968708672545,manual_review_required,pending,,
1-coins/10_1477288704.jpg:roi_dark_fraction_median,image_quality,1-coins/10_1477288704.jpg,,roi_dark_fraction_median,19.05865166665593,manual_review_required,pending,,
1-coins/100_1477280082.jpg:full_bright_fraction,image_quality,1-coins/100_1477280082.jpg,,full_bright_fraction,19.054335443039307,manual_review_required,pending,,
1-coins/105_1479344556.jpg:full_bright_fraction,image_quality,1-coins/105_1479344556.jpg,,full_bright_fraction,19.054335443039307,manual_review_required,pending,,
1-coins/135_1479425970.jpg:full_bright_fraction,image_quality,1-coins/135_1479425970.jpg,,full_bright_fraction,19.054335443039307,manual_review_required,pending,,
1-coins/90_1477855692.jpg:full_bright_fraction,image_quality,1-coins/90_1477855692.jpg,,full_bright_fraction,19.054335443039307,manual_review_required,pending,,
1-coins/90_1477855698.jpg:full_bright_fraction,image_quality,1-coins/90_1477855698.jpg,,full_bright_fraction,19.054335443039307,manual_review_required,pending,,
1-coins/5_1477189194.jpg:roi_dark_fraction_median,image_quality,1-coins/5_1477189194.jpg,,roi_dark_fraction_median,19.0366175185834,manual_review_required,pending,,
1-coins/100_1477195710.jpg:roi_dark_fraction_median,image_quality,1-coins/100_1477195710.jpg,,roi_dark_fraction_median,18.99536712268592,manual_review_required,pending,,
1-coins/50_1477193622.jpg:roi_dark_fraction_median,image_quality,1-coins/50_1477193622.jpg,,roi_dark_fraction_median,18.94930705183204,manual_review_required,pending,,
1-coins/100_1477861092.jpg:full_bright_fraction,image_quality,1-coins/100_1477861092.jpg,,full_bright_fraction,18.885713005490288,manual_review_required,pending,,
1-coins/145_1479428868.jpg:full_bright_fraction,image_quality,1-coins/145_1479428868.jpg,,full_bright_fraction,18.885713005490288,manual_review_required,pending,,
1-coins/50_1477194546.jpg:roi_dark_fraction_median,image_quality,1-coins/50_1477194546.jpg,,roi_dark_fraction_median,18.863240373297597,manual_review_required,pending,,
1-coins/10_1477788072.jpg:roi_dark_fraction_median,image_quality,1-coins/10_1477788072.jpg,,roi_dark_fraction_median,18.721802548994905,manual_review_required,pending,,
1-coins/50_1477194516.jpg:roi_dark_fraction_median,image_quality,1-coins/50_1477194516.jpg,,roi_dark_fraction_median,18.71748894077328,manual_review_required,pending,,
1-coins/100_1477861308.jpg:full_bright_fraction,image_quality,1-coins/100_1477861308.jpg,,full_bright_fraction,18.71709056794127,manual_review_required,pending,,
1-coins/80_1477851132.jpg:full_bright_fraction,image_quality,1-coins/80_1477851132.jpg,,full_bright_fraction,18.71709056794127,manual_review_required,pending,,
1-coins/80_1477851708.jpg:full_bright_fraction,image_quality,1-coins/80_1477851708.jpg,,full_bright_fraction,18.71709056794127,manual_review_required,pending,,
1-coins/50_1477281930.jpg:roi_dark_fraction_median,image_quality,1-coins/50_1477281930.jpg,,roi_dark_fraction_median,18.7108351328206,manual_review_required,pending,,
1-coins/50_1477282170.jpg:roi_dark_fraction_median,image_quality,1-coins/50_1477282170.jpg,,roi_dark_fraction_median,18.68272620683133,manual_review_required,pending,,
1-coins/10_1477788036.jpg:roi_dark_fraction_median,image_quality,1-coins/10_1477788036.jpg,,roi_dark_fraction_median,18.635991470022187,manual_review_required,pending,,
1-coins/5_1477188564.jpg:roi_dark_fraction_median,image_quality,1-coins/5_1477188564.jpg,,roi_dark_fraction_median,18.616295769285763,manual_review_required,pending,,
1-coins/25_1477287162.jpg:roi_dark_fraction_median,image_quality,1-coins/25_1477287162.jpg,,roi_dark_fraction_median,18.59793811080044,manual_review_required,pending,,
1-coins/50_1477282890.jpg:roi_dark_fraction_median,image_quality,1-coins/50_1477282890.jpg,,roi_dark_fraction_median,18.566795081848827,manual_review_required,pending,,
1-coins/80_1477850826.jpg:full_bright_fraction,image_quality,1-coins/80_1477850826.jpg,,full_bright_fraction,18.548468130392248,manual_review_required,pending,,
1-coins/80_1477851198.jpg:full_bright_fraction,image_quality,1-coins/80_1477851198.jpg,,full_bright_fraction,18.548468130392248,manual_review_required,pending,,
1-coins/50_1477193532.jpg:roi_dark_fraction_median,image_quality,1-coins/50_1477193532.jpg,,roi_dark_fraction_median,18.54379590782417,manual_review_required,pending,,
1-coins/100_1477194678.jpg:roi_dark_fraction_median,image_quality,1-coins/100_1477194678.jpg,,roi_dark_fraction_median,18.531672107034996,manual_review_required,pending,,
1-coins/100_1477861410.jpg:full_bright_fraction,image_quality,1-coins/100_1477861410.jpg,,full_bright_fraction,18.379845692843222,manual_review_required,pending,,
1-coins/145_1479429012.jpg:full_bright_fraction,image_quality,1-coins/145_1479429012.jpg,,full_bright_fraction,18.379845692843222,manual_review_required,pending,,
1-coins/100_1477280934.jpg:roi_dark_fraction_median,image_quality,1-coins/100_1477280934.jpg,,roi_dark_fraction_median,18.356818077658744,manual_review_required,pending,,
1-coins/50_1477282164.jpg:roi_dark_fraction_median,image_quality,1-coins/50_1477282164.jpg,,roi_dark_fraction_median,18.304721786555664,manual_review_required,pending,,
1-coins/50_1477140270.jpg:roi_dark_fraction_median,image_quality,1-coins/50_1477140270.jpg,,roi_dark_fraction_median,18.29466288344643,manual_review_required,pending,,
1-coins/100_1477861398.jpg:full_bright_fraction,image_quality,1-coins/100_1477861398.jpg,,full_bright_fraction,18.211223255294207,manual_review_required,pending,,
1-coins/105_1479344520.jpg:full_bright_fraction,image_quality,1-coins/105_1479344520.jpg,,full_bright_fraction,18.211223255294207,manual_review_required,pending,,
1-coins/50_1477145172.jpg:roi_dark_fraction_median,image_quality,1-coins/50_1477145172.jpg,,roi_dark_fraction_median,18.17443849068892,manual_review_required,pending,,
1-coins/25_1477191672.jpg:roi_dark_fraction_median,image_quality,1-coins/25_1477191672.jpg,,roi_dark_fraction_median,18.105125992753123,manual_review_required,pending,,
1-coins/25_1477191360.jpg:roi_dark_fraction_median,image_quality,1-coins/25_1477191360.jpg,,roi_dark_fraction_median,18.084135589297723,manual_review_required,pending,,
1-coins/65_1477846362.jpg:full_bright_fraction,image_quality,1-coins/65_1477846362.jpg,,full_bright_fraction,18.042600817745186,manual_review_required,pending,,
1-coins/65_1477846488.jpg:full_bright_fraction,image_quality,1-coins/65_1477846488.jpg,,full_bright_fraction,18.042600817745186,manual_review_required,pending,,
1-coins/55_1477838904.jpg:full_bright_fraction,image_quality,1-coins/55_1477838904.jpg,,full_bright_fraction,17.873978380196164,manual_review_required,pending,,
1-coins/75_1477849854.jpg:full_bright_fraction,image_quality,1-coins/75_1477849854.jpg,,full_bright_fraction,17.873978380196164,manual_review_required,pending,,
1-coins/10_1477288866.jpg:roi_dark_fraction_median,image_quality,1-coins/10_1477288866.jpg,,roi_dark_fraction_median,17.802014338429842,manual_review_required,pending,,
1-coins/10_1477788066.jpg:roi_dark_fraction_median,image_quality,1-coins/10_1477788066.jpg,,roi_dark_fraction_median,17.791820870799196,manual_review_required,pending,,
1-coins/100_1477195704.jpg:roi_dark_fraction_median,image_quality,1-coins/100_1477195704.jpg,,roi_dark_fraction_median,17.732701654448817,manual_review_required,pending,,
1-coins/100_1477195092.jpg:roi_dark_fraction_median,image_quality,1-coins/100_1477195092.jpg,,roi_dark_fraction_median,17.725941803486783,manual_review_required,pending,,
1-coins/75_1477849518.jpg:full_bright_fraction,image_quality,1-coins/75_1477849518.jpg,,full_bright_fraction,17.705355942647145,manual_review_required,pending,,
1-coins/75_1477849908.jpg:full_bright_fraction,image_quality,1-coins/75_1477849908.jpg,,full_bright_fraction,17.705355942647145,manual_review_required,pending,,
1-coins/50_1477192824.jpg:roi_dark_fraction_median,image_quality,1-coins/50_1477192824.jpg,,roi_dark_fraction_median,17.703540723729226,manual_review_required,pending,,
1-coins/50_1477140144.jpg:roi_dark_fraction_median,image_quality,1-coins/50_1477140144.jpg,,roi_dark_fraction_median,17.669423455403415,manual_review_required,pending,,
1-coins/50_1477145160.jpg:roi_dark_fraction_median,image_quality,1-coins/50_1477145160.jpg,,roi_dark_fraction_median,17.637171469548743,manual_review_required,pending,,
1-coins/10_1477149012.jpg:roi_dark_fraction_median,image_quality,1-coins/10_1477149012.jpg,,roi_dark_fraction_median,17.56569638218391,manual_review_required,pending,,
1-coins/100_1477154592.jpg:full_bright_fraction,image_quality,1-coins/100_1477154592.jpg,,full_bright_fraction,17.536733505098123,manual_review_required,pending,,
1-coins/100_1477860948.jpg:full_bright_fraction,image_quality,1-coins/100_1477860948.jpg,,full_bright_fraction,17.536733505098123,manual_review_required,pending,,
1-coins/125_1479424824.jpg:full_bright_fraction,image_quality,1-coins/125_1479424824.jpg,,full_bright_fraction,17.536733505098123,manual_review_required,pending,,
1-coins/145_1479428862.jpg:full_bright_fraction,image_quality,1-coins/145_1479428862.jpg,,full_bright_fraction,17.536733505098123,manual_review_required,pending,,
1-coins/60_1477845150.jpg:full_bright_fraction,image_quality,1-coins/60_1477845150.jpg,,full_bright_fraction,17.536733505098123,manual_review_required,pending,,
1-coins/50_1477282458.jpg:roi_dark_fraction_median,image_quality,1-coins/50_1477282458.jpg,,roi_dark_fraction_median,17.52987700340252,manual_review_required,pending,,
1-coins/100_1477155210.jpg:roi_dark_fraction_median,image_quality,1-coins/100_1477155210.jpg,,roi_dark_fraction_median,17.466279442077692,manual_review_required,pending,,
1-coins/25_1477286982.jpg:roi_dark_fraction_median,image_quality,1-coins/25_1477286982.jpg,,roi_dark_fraction_median,17.439759209891434,manual_review_required,pending,,
1-coins/50_1477193550.jpg:roi_dark_fraction_median,image_quality,1-coins/50_1477193550.jpg,,roi_dark_fraction_median,17.39516232362751,manual_review_required,pending,,
1-coins/100_1477861356.jpg:full_bright_fraction,image_quality,1-coins/100_1477861356.jpg,,full_bright_fraction,17.368111067549105,manual_review_required,pending,,
1-coins/120_1479351630.jpg:full_bright_fraction,image_quality,1-coins/120_1479351630.jpg,,full_bright_fraction,17.368111067549105,manual_review_required,pending,,
1-coins/25_1477286448.jpg:full_bright_fraction,image_quality,1-coins/25_1477286448.jpg,,full_bright_fraction,17.368111067549105,manual_review_required,pending,,
1-coins/25_1477285638.jpg:roi_dark_fraction_median,image_quality,1-coins/25_1477285638.jpg,,roi_dark_fraction_median,17.307359304011676,manual_review_required,pending,,
1-coins/5_1477188534.jpg:roi_dark_fraction_median,image_quality,1-coins/5_1477188534.jpg,,roi_dark_fraction_median,17.303076403783027,manual_review_required,pending,,
1-coins/50_1477193544.jpg:roi_dark_fraction_median,image_quality,1-coins/50_1477193544.jpg,,roi_dark_fraction_median,17.300674756807304,manual_review_required,pending,,
1-coins/100_1477861386.jpg:full_bright_fraction,image_quality,1-coins/100_1477861386.jpg,,full_bright_fraction,17.199488630000083,manual_review_required,pending,,
1-coins/120_1479423000.jpg:full_bright_fraction,image_quality,1-coins/120_1479423000.jpg,,full_bright_fraction,17.199488630000083,manual_review_required,pending,,
1-coins/145_1479428892.jpg:full_bright_fraction,image_quality,1-coins/145_1479428892.jpg,,full_bright_fraction,17.199488630000083,manual_review_required,pending,,
1-coins/60_1477845102.jpg:full_bright_fraction,image_quality,1-coins/60_1477845102.jpg,,full_bright_fraction,17.199488630000083,manual_review_required,pending,,
1-coins/50_1477192974.jpg:roi_dark_fraction_median,image_quality,1-coins/50_1477192974.jpg,,roi_dark_fraction_median,17.185545140615613,manual_review_required,pending,,
1-coins/5_1477291626.jpg:roi_dark_fraction_median,image_quality,1-coins/5_1477291626.jpg,,roi_dark_fraction_median,17.056418094452148,manual_review_required,pending,,
1-coins/50_1477281876.jpg:roi_dark_fraction_median,image_quality,1-coins/50_1477281876.jpg,,roi_dark_fraction_median,17.04150283198924,manual_review_required,pending,,
1-coins/125_1479424818.jpg:full_bright_fraction,image_quality,1-coins/125_1479424818.jpg,,full_bright_fraction,17.03086619245106,manual_review_required,pending,,
1-coins/100_1477154442.jpg:roi_dark_fraction_median,image_quality,1-coins/100_1477154442.jpg,,roi_dark_fraction_median,16.959409440819645,manual_review_required,pending,,
1-coins/50_1477145076.jpg:roi_dark_fraction_median,image_quality,1-coins/50_1477145076.jpg,,roi_dark_fraction_median,16.930586306965136,manual_review_required,pending,,
1-coins/50_1477193538.jpg:roi_dark_fraction_median,image_quality,1-coins/50_1477193538.jpg,,roi_dark_fraction_median,16.87519582418593,manual_review_required,pending,,
1-coins/100_1477861392.jpg:full_bright_fraction,image_quality,1-coins/100_1477861392.jpg,,full_bright_fraction,16.862243754902043,manual_review_required,pending,,
1-coins/130_1477861914.jpg:full_bright_fraction,image_quality,1-coins/130_1477861914.jpg,,full_bright_fraction,16.862243754902043,manual_review_required,pending,,
1-coins/150_1479429666.jpg:full_bright_fraction,image_quality,1-coins/150_1479429666.jpg,,full_bright_fraction,16.862243754902043,manual_review_required,pending,,
1-coins/65_1477846422.jpg:full_bright_fraction,image_quality,1-coins/65_1477846422.jpg,,full_bright_fraction,16.862243754902043,manual_review_required,pending,,
1-coins/5_1477189032.jpg:roi_dark_fraction_median,image_quality,1-coins/5_1477189032.jpg,,roi_dark_fraction_median,16.797011371642355,manual_review_required,pending,,
1-coins/100_1477281012.jpg:roi_dark_fraction_median,image_quality,1-coins/100_1477281012.jpg,,roi_dark_fraction_median,16.72555062843026,manual_review_required,pending,,
1-coins/100_1477279914.jpg:full_bright_fraction,image_quality,1-coins/100_1477279914.jpg,,full_bright_fraction,16.693621317353024,manual_review_required,pending,,
1-coins/100_1477280994.jpg:full_bright_fraction,image_quality,1-coins/100_1477280994.jpg,,full_bright_fraction,16.693621317353024,manual_review_required,pending,,
1-coins/100_1477861446.jpg:full_bright_fraction,image_quality,1-coins/100_1477861446.jpg,,full_bright_fraction,16.693621317353024,manual_review_required,pending,,
1-coins/105_1479344592.jpg:full_bright_fraction,image_quality,1-coins/105_1479344592.jpg,,full_bright_fraction,16.693621317353024,manual_review_required,pending,,
1-coins/65_1477846428.jpg:full_bright_fraction,image_quality,1-coins/65_1477846428.jpg,,full_bright_fraction,16.693621317353024,manual_review_required,pending,,
1-coins/50_1477140228.jpg:roi_dark_fraction_median,image_quality,1-coins/50_1477140228.jpg,,roi_dark_fraction_median,16.682909799628085,manual_review_required,pending,,
1-coins/5_1477189140.jpg:roi_dark_fraction_median,image_quality,1-coins/5_1477189140.jpg,,roi_dark_fraction_median,16.589583232241036,manual_review_required,pending,,
1-coins/100_1477155282.jpg:roi_dark_fraction_median,image_quality,1-coins/100_1477155282.jpg,,roi_dark_fraction_median,16.58868158001853,manual_review_required,pending,,
1-coins/100_1477280982.jpg:full_bright_fraction,image_quality,1-coins/100_1477280982.jpg,,full_bright_fraction,16.524998879804006,manual_review_required,pending,,
1-coins/100_1477860942.jpg:full_bright_fraction,image_quality,1-coins/100_1477860942.jpg,,full_bright_fraction,16.524998879804006,manual_review_required,pending,,
1-coins/105_1479344508.jpg:full_bright_fraction,image_quality,1-coins/105_1479344508.jpg,,full_bright_fraction,16.524998879804006,manual_review_required,pending,,
1-coins/135_1479425916.jpg:full_bright_fraction,image_quality,1-coins/135_1479425916.jpg,,full_bright_fraction,16.524998879804006,manual_review_required,pending,,
1-coins/145_1479428898.jpg:full_bright_fraction,image_quality,1-coins/145_1479428898.jpg,,full_bright_fraction,16.524998879804006,manual_review_required,pending,,
1-coins/50_1477283250.jpg:full_bright_fraction,image_quality,1-coins/50_1477283250.jpg,,full_bright_fraction,16.524998879804006,manual_review_required,pending,,
1-coins/75_1477850034.jpg:full_bright_fraction,image_quality,1-coins/75_1477850034.jpg,,full_bright_fraction,16.524998879804006,manual_review_required,pending,,
1-coins/80_1477851726.jpg:full_bright_fraction,image_quality,1-coins/80_1477851726.jpg,,full_bright_fraction,16.524998879804006,manual_review_required,pending,,
1-coins/50_1477193820.jpg:roi_dark_fraction_median,image_quality,1-coins/50_1477193820.jpg,,roi_dark_fraction_median,16.520190867238806,manual_review_required,pending,,
1-coins/50_1477145070.jpg:roi_dark_fraction_median,image_quality,1-coins/50_1477145070.jpg,,roi_dark_fraction_median,16.424311299001264,manual_review_required,pending,,
1-coins/100_1477861314.jpg:full_bright_fraction,image_quality,1-coins/100_1477861314.jpg,,full_bright_fraction,16.35637644225498,manual_review_required,pending,,
1-coins/145_1479428886.jpg:full_bright_fraction,image_quality,1-coins/145_1479428886.jpg,,full_bright_fraction,16.35637644225498,manual_review_required,pending,,
1-coins/75_1477849512.jpg:full_bright_fraction,image_quality,1-coins/75_1477849512.jpg,,full_bright_fraction,16.35637644225498,manual_review_required,pending,,
1-coins/80_1477850736.jpg:full_bright_fraction,image_quality,1-coins/80_1477850736.jpg,,full_bright_fraction,16.35637644225498,manual_review_required,pending,,
1-coins/50_1477281924.jpg:roi_dark_fraction_median,image_quality,1-coins/50_1477281924.jpg,,roi_dark_fraction_median,16.35522932474435,manual_review_required,pending,,
1-coins/100_1477154874.jpg:roi_dark_fraction_median,image_quality,1-coins/100_1477154874.jpg,,roi_dark_fraction_median,16.32300743094442,manual_review_required,pending,,
1-coins/50_1477193568.jpg:roi_dark_fraction_median,image_quality,1-coins/50_1477193568.jpg,,roi_dark_fraction_median,16.31417349785716,manual_review_required,pending,,
1-coins/150_1479430032.jpg:full_bright_fraction,image_quality,1-coins/150_1479430032.jpg,,full_bright_fraction,16.187754004705962,manual_review_required,pending,,
1-coins/60_1477843956.jpg:full_bright_fraction,image_quality,1-coins/60_1477843956.jpg,,full_bright_fraction,16.187754004705962,manual_review_required,pending,,
1-coins/60_1477843962.jpg:full_bright_fraction,image_quality,1-coins/60_1477843962.jpg,,full_bright_fraction,16.187754004705962,manual_review_required,pending,,
1-coins/70_1477846866.jpg:full_bright_fraction,image_quality,1-coins/70_1477846866.jpg,,full_bright_fraction,16.187754004705962,manual_review_required,pending,,
1-coins/75_1477850448.jpg:full_bright_fraction,image_quality,1-coins/75_1477850448.jpg,,full_bright_fraction,16.187754004705962,manual_review_required,pending,,
1-coins/80_1477850688.jpg:full_bright_fraction,image_quality,1-coins/80_1477850688.jpg,,full_bright_fraction,16.187754004705962,manual_review_required,pending,,
1-coins/80_1477850832.jpg:full_bright_fraction,image_quality,1-coins/80_1477850832.jpg,,full_bright_fraction,16.187754004705962,manual_review_required,pending,,
1-coins/50_1477282074.jpg:roi_dark_fraction_median,image_quality,1-coins/50_1477282074.jpg,,roi_dark_fraction_median,16.05587512997472,manual_review_required,pending,,
1-coins/50_1477194540.jpg:roi_dark_fraction_median,image_quality,1-coins/50_1477194540.jpg,,roi_dark_fraction_median,16.049266131450327,manual_review_required,pending,,
1-coins/70_1477846860.jpg:full_bright_fraction,image_quality,1-coins/70_1477846860.jpg,,full_bright_fraction,16.01913156715694,manual_review_required,pending,,
1-coins/75_1477850520.jpg:full_bright_fraction,image_quality,1-coins/75_1477850520.jpg,,full_bright_fraction,16.01913156715694,manual_review_required,pending,,
1-coins/25_1477154142.jpg:roi_dark_fraction_median,image_quality,1-coins/25_1477154142.jpg,,roi_dark_fraction_median,16.00507155898435,manual_review_required,pending,,
1-coins/25_1477287174.jpg:roi_dark_fraction_median,image_quality,1-coins/25_1477287174.jpg,,roi_dark_fraction_median,15.970583875068318,manual_review_required,pending,,
1-coins/50_1477140246.jpg:roi_dark_fraction_median,image_quality,1-coins/50_1477140246.jpg,,roi_dark_fraction_median,15.911452776505952,manual_review_required,pending,,
1-coins/140_1479427374.jpg:full_bright_fraction,image_quality,1-coins/140_1479427374.jpg,,full_bright_fraction,15.85050912960792,manual_review_required,pending,,
1-coins/170_1479423288.jpg:full_bright_fraction,image_quality,1-coins/170_1479423288.jpg,,full_bright_fraction,15.85050912960792,manual_review_required,pending,,
1-coins/5_1477146888.jpg:roi_dark_fraction_median,image_quality,1-coins/5_1477146888.jpg,,roi_dark_fraction_median,15.845473097824865,manual_review_required,pending,,
1-coins/100_1477281018.jpg:roi_dark_fraction_median,image_quality,1-coins/100_1477281018.jpg,,roi_dark_fraction_median,15.84281555682484,manual_review_required,pending,,
1-coins/50_1477282176.jpg:roi_dark_fraction_median,image_quality,1-coins/50_1477282176.jpg,,roi_dark_fraction_median,15.738512014667709,manual_review_required,pending,,
1-coins/50_1477192980.jpg:roi_dark_fraction_median,image_quality,1-coins/50_1477192980.jpg,,roi_dark_fraction_median,15.719678554681584,manual_review_required,pending,,
1-coins/50_1477145220.jpg:roi_dark_fraction_median,image_quality,1-coins/50_1477145220.jpg,,roi_dark_fraction_median,15.69901288793665,manual_review_required,pending,,
1-coins/100_1477861104.jpg:full_bright_fraction,image_quality,1-coins/100_1477861104.jpg,,full_bright_fraction,15.681886692058898,manual_review_required,pending,,
1-coins/145_1479428970.jpg:full_bright_fraction,image_quality,1-coins/145_1479428970.jpg,,full_bright_fraction,15.681886692058898,manual_review_required,pending,,
1-coins/5_1477290222.jpg:roi_dark_fraction_median,image_quality,1-coins/5_1477290222.jpg,,roi_dark_fraction_median,15.667581896564036,manual_review_required,pending,,
1-coins/10_1477288290.jpg:roi_dark_fraction_median,image_quality,1-coins/10_1477288290.jpg,,roi_dark_fraction_median,15.586264783316665,manual_review_required,pending,,
1-coins/50_1477281918.jpg:roi_dark_fraction_median,image_quality,1-coins/50_1477281918.jpg,,roi_dark_fraction_median,15.534365788908806,manual_review_required,pending,,
1-coins/10_1477288752.jpg:roi_dark_fraction_median,image_quality,1-coins/10_1477288752.jpg,,roi_dark_fraction_median,15.531414089003576,manual_review_required,pending,,
1-coins/105_1479344418.jpg:full_bright_fraction,image_quality,1-coins/105_1479344418.jpg,,full_bright_fraction,15.51326425450988,manual_review_required,pending,,
1-coins/175_1479423516.jpg:full_bright_fraction,image_quality,1-coins/175_1479423516.jpg,,full_bright_fraction,15.51326425450988,manual_review_required,pending,,
1-coins/60_1477844238.jpg:full_bright_fraction,image_quality,1-coins/60_1477844238.jpg,,full_bright_fraction,15.51326425450988,manual_review_required,pending,,
1-coins/80_1477850874.jpg:full_bright_fraction,image_quality,1-coins/80_1477850874.jpg,,full_bright_fraction,15.51326425450988,manual_review_required,pending,,
1-coins/50_1477283556.jpg:roi_dark_fraction_median,image_quality,1-coins/50_1477283556.jpg,,roi_dark_fraction_median,15.49397082505266,manual_review_required,pending,,
1-coins/100_1477154598.jpg:roi_dark_fraction_median,image_quality,1-coins/100_1477154598.jpg,,roi_dark_fraction_median,15.458668005271456,manual_review_required,pending,,
1-coins/50_1477193826.jpg:roi_dark_fraction_median,image_quality,1-coins/50_1477193826.jpg,,roi_dark_fraction_median,15.407839878099784,manual_review_required,pending,,
1-coins/5_1477189158.jpg:roi_dark_fraction_median,image_quality,1-coins/5_1477189158.jpg,,roi_dark_fraction_median,15.393647442215403,manual_review_required,pending,,
1-coins/50_1477283562.jpg:roi_dark_fraction_median,image_quality,1-coins/50_1477283562.jpg,,roi_dark_fraction_median,15.388943919026676,manual_review_required,pending,,
1-coins/100_1477280868.jpg:roi_dark_fraction_median,image_quality,1-coins/100_1477280868.jpg,,roi_dark_fraction_median,15.383773325472594,manual_review_required,pending,,
1-coins/50_1477140132.jpg:roi_dark_fraction_median,image_quality,1-coins/50_1477140132.jpg,,roi_dark_fraction_median,15.370444287923178,manual_review_required,pending,,
1-coins/100_1477279896.jpg:full_bright_fraction,image_quality,1-coins/100_1477279896.jpg,,full_bright_fraction,15.344641816960856,manual_review_required,pending,,
1-coins/140_1479427368.jpg:full_bright_fraction,image_quality,1-coins/140_1479427368.jpg,,full_bright_fraction,15.344641816960856,manual_review_required,pending,,
1-coins/140_1479427380.jpg:full_bright_fraction,image_quality,1-coins/140_1479427380.jpg,,full_bright_fraction,15.344641816960856,manual_review_required,pending,,
1-coins/25_1477287018.jpg:full_bright_fraction,image_quality,1-coins/25_1477287018.jpg,,full_bright_fraction,15.344641816960856,manual_review_required,pending,,
1-coins/55_1477839030.jpg:full_bright_fraction,image_quality,1-coins/55_1477839030.jpg,,full_bright_fraction,15.344641816960856,manual_review_required,pending,,
1-coins/60_1477845234.jpg:full_bright_fraction,image_quality,1-coins/60_1477845234.jpg,,full_bright_fraction,15.344641816960856,manual_review_required,pending,,
1-coins/50_1477192818.jpg:roi_dark_fraction_median,image_quality,1-coins/50_1477192818.jpg,,roi_dark_fraction_median,15.33214688671642,manual_review_required,pending,,
1-coins/100_1477195698.jpg:roi_dark_fraction_median,image_quality,1-coins/100_1477195698.jpg,,roi_dark_fraction_median,15.271945203571535,manual_review_required,pending,,
1-coins/25_1477191498.jpg:roi_dark_fraction_median,image_quality,1-coins/25_1477191498.jpg,,roi_dark_fraction_median,15.267801320448989,manual_review_required,pending,,
1-coins/55_1477843500.jpg:roi_dark_fraction_median,image_quality,1-coins/55_1477843500.jpg,,roi_dark_fraction_median,15.263171475177153,manual_review_required,pending,,
1-coins/50_1477192830.jpg:roi_dark_fraction_median,image_quality,1-coins/50_1477192830.jpg,,roi_dark_fraction_median,15.205852107715012,manual_review_required,pending,,
1-coins/50_1477283382.jpg:roi_dark_fraction_median,image_quality,1-coins/50_1477283382.jpg,,roi_dark_fraction_median,15.2048878914052,manual_review_required,pending,,
1-coins/50_1477192968.jpg:roi_dark_fraction_median,image_quality,1-coins/50_1477192968.jpg,,roi_dark_fraction_median,15.179844941260376,manual_review_required,pending,,
1-coins/130_1477861980.jpg:full_bright_fraction,image_quality,1-coins/130_1477861980.jpg,,full_bright_fraction,15.17601937941184,manual_review_required,pending,,
1-coins/75_1477849848.jpg:full_bright_fraction,image_quality,1-coins/75_1477849848.jpg,,full_bright_fraction,15.17601937941184,manual_review_required,pending,,
1-coins/80_1477850952.jpg:full_bright_fraction,image_quality,1-coins/80_1477850952.jpg,,full_bright_fraction,15.17601937941184,manual_review_required,pending,,
1-coins/100_1477154784.jpg:roi_dark_fraction_median,image_quality,1-coins/100_1477154784.jpg,,roi_dark_fraction_median,15.170497054796696,manual_review_required,pending,,
1-coins/50_1477283268.jpg:roi_dark_fraction_median,image_quality,1-coins/50_1477283268.jpg,,roi_dark_fraction_median,15.146253719046852,manual_review_required,pending,,
1-coins/100_1477154736.jpg:roi_dark_fraction_median,image_quality,1-coins/100_1477154736.jpg,,roi_dark_fraction_median,15.109746184791918,manual_review_required,pending,,
1-coins/50_1477193118.jpg:roi_dark_fraction_median,image_quality,1-coins/50_1477193118.jpg,,roi_dark_fraction_median,15.094925157733549,manual_review_required,pending,,
1-coins/170_1479423216.jpg:full_bright_fraction,image_quality,1-coins/170_1479423216.jpg,,full_bright_fraction,15.00739694186282,manual_review_required,pending,,
1-coins/70_1477849278.jpg:full_bright_fraction,image_quality,1-coins/70_1477849278.jpg,,full_bright_fraction,15.00739694186282,manual_review_required,pending,,
1-coins/75_1477850070.jpg:full_bright_fraction,image_quality,1-coins/75_1477850070.jpg,,full_bright_fraction,15.00739694186282,manual_review_required,pending,,
1-coins/5_1477291248.jpg:roi_dark_fraction_median,image_quality,1-coins/5_1477291248.jpg,,roi_dark_fraction_median,14.996900241163551,manual_review_required,pending,,
1-coins/10_1477147728.jpg:roi_dark_fraction_median,image_quality,1-coins/10_1477147728.jpg,,roi_dark_fraction_median,14.978730513637338,manual_review_required,pending,,
1-coins/100_1477155234.jpg:roi_dark_fraction_median,image_quality,1-coins/100_1477155234.jpg,,roi_dark_fraction_median,14.965223854590144,manual_review_required,pending,,
1-coins/10_1477288134.jpg:roi_dark_fraction_median,image_quality,1-coins/10_1477288134.jpg,,roi_dark_fraction_median,14.925962072688044,manual_review_required,pending,,
1-coins/5_1477291764.jpg:roi_dark_fraction_median,image_quality,1-coins/5_1477291764.jpg,,roi_dark_fraction_median,14.84508738617479,manual_review_required,pending,,
1-coins/100_1477279602.jpg:full_bright_fraction,image_quality,1-coins/100_1477279602.jpg,,full_bright_fraction,14.838774504313797,manual_review_required,pending,,
1-coins/125_1479424542.jpg:full_bright_fraction,image_quality,1-coins/125_1479424542.jpg,,full_bright_fraction,14.838774504313797,manual_review_required,pending,,
1-coins/45_1477835682.jpg:full_bright_fraction,image_quality,1-coins/45_1477835682.jpg,,full_bright_fraction,14.838774504313797,manual_review_required,pending,,
1-coins/55_1477838886.jpg:full_bright_fraction,image_quality,1-coins/55_1477838886.jpg,,full_bright_fraction,14.838774504313797,manual_review_required,pending,,
1-coins/70_1477846776.jpg:full_bright_fraction,image_quality,1-coins/70_1477846776.jpg,,full_bright_fraction,14.838774504313797,manual_review_required,pending,,
1-coins/5_1477146792.jpg:roi_dark_fraction_median,image_quality,1-coins/5_1477146792.jpg,,roi_dark_fraction_median,14.81861316758762,manual_review_required,pending,,
1-coins/25_1477153932.jpg:roi_dark_fraction_median,image_quality,1-coins/25_1477153932.jpg,,roi_dark_fraction_median,14.802510031245044,manual_review_required,pending,,
1-coins/25_1477287270.jpg:roi_dark_fraction_median,image_quality,1-coins/25_1477287270.jpg,,roi_dark_fraction_median,14.770084020657745,manual_review_required,pending,,
1-coins/5_1477145574.jpg:roi_dark_fraction_median,image_quality,1-coins/5_1477145574.jpg,,roi_dark_fraction_median,14.748060144652198,manual_review_required,pending,,
1-coins/25_1477286874.jpg:roi_dark_fraction_median,image_quality,1-coins/25_1477286874.jpg,,roi_dark_fraction_median,14.737689277028087,manual_review_required,pending,,
1-coins/50_1477282182.jpg:roi_dark_fraction_median,image_quality,1-coins/50_1477282182.jpg,,roi_dark_fraction_median,14.681832865331774,manual_review_required,pending,,
1-coins/105_1479344502.jpg:full_bright_fraction,image_quality,1-coins/105_1479344502.jpg,,full_bright_fraction,14.670152066764777,manual_review_required,pending,,
1-coins/145_1479429018.jpg:full_bright_fraction,image_quality,1-coins/145_1479429018.jpg,,full_bright_fraction,14.670152066764777,manual_review_required,pending,,
1-coins/50_1477282554.jpg:full_bright_fraction,image_quality,1-coins/50_1477282554.jpg,,full_bright_fraction,14.670152066764777,manual_review_required,pending,,
1-coins/50_1477282938.jpg:full_bright_fraction,image_quality,1-coins/50_1477282938.jpg,,full_bright_fraction,14.670152066764777,manual_review_required,pending,,
1-coins/60_1477843968.jpg:full_bright_fraction,image_quality,1-coins/60_1477843968.jpg,,full_bright_fraction,14.670152066764777,manual_review_required,pending,,
1-coins/5_1477291770.jpg:roi_dark_fraction_median,image_quality,1-coins/5_1477291770.jpg,,roi_dark_fraction_median,14.6033046570484,manual_review_required,pending,,
1-coins/50_1477281966.jpg:roi_dark_fraction_median,image_quality,1-coins/50_1477281966.jpg,,roi_dark_fraction_median,14.57409569891031,manual_review_required,pending,,
1-coins/5_1477291752.jpg:roi_dark_fraction_median,image_quality,1-coins/5_1477291752.jpg,,roi_dark_fraction_median,14.566474128279047,manual_review_required,pending,,
1-coins/5_1477189458.jpg:roi_dark_fraction_median,image_quality,1-coins/5_1477189458.jpg,,roi_dark_fraction_median,14.565755348959849,manual_review_required,pending,,
1-coins/5_1477290498.jpg:roi_dark_fraction_median,image_quality,1-coins/5_1477290498.jpg,,roi_dark_fraction_median,14.529643599509695,manual_review_required,pending,,
1-coins/105_1479344484.jpg:full_bright_fraction,image_quality,1-coins/105_1479344484.jpg,,full_bright_fraction,14.501529629215757,manual_review_required,pending,,
1-coins/115_1479350544.jpg:full_bright_fraction,image_quality,1-coins/115_1479350544.jpg,,full_bright_fraction,14.501529629215757,manual_review_required,pending,,
1-coins/50_1477282158.jpg:roi_dark_fraction_median,image_quality,1-coins/50_1477282158.jpg,,roi_dark_fraction_median,14.488076894931408,manual_review_required,pending,,
1-coins/50_1477194522.jpg:roi_dark_fraction_median,image_quality,1-coins/50_1477194522.jpg,,roi_dark_fraction_median,14.428416288380806,manual_review_required,pending,,
1-coins/55_1477843566.jpg:roi_dark_fraction_median,image_quality,1-coins/55_1477843566.jpg,,roi_dark_fraction_median,14.42097985395715,manual_review_required,pending,,
1-coins/25_1477287264.jpg:roi_dark_fraction_median,image_quality,1-coins/25_1477287264.jpg,,roi_dark_fraction_median,14.403467870930234,manual_review_required,pending,,
1-coins/100_1477195422.jpg:roi_dark_fraction_median,image_quality,1-coins/100_1477195422.jpg,,roi_dark_fraction_median,14.3427567723306,manual_review_required,pending,,
1-coins/100_1477860822.jpg:full_bright_fraction,image_quality,1-coins/100_1477860822.jpg,,full_bright_fraction,14.332907191666738,manual_review_required,pending,,
1-coins/50_1477283220.jpg:full_bright_fraction,image_quality,1-coins/50_1477283220.jpg,,full_bright_fraction,14.332907191666738,manual_review_required,pending,,
1-coins/80_1477850694.jpg:full_bright_fraction,image_quality,1-coins/80_1477850694.jpg,,full_bright_fraction,14.332907191666738,manual_review_required,pending,,
1-coins/50_1477283058.jpg:roi_dark_fraction_median,image_quality,1-coins/50_1477283058.jpg,,roi_dark_fraction_median,14.322633008745452,manual_review_required,pending,,
1-coins/25_1477286940.jpg:roi_dark_fraction_median,image_quality,1-coins/25_1477286940.jpg,,roi_dark_fraction_median,14.32159689168987,manual_review_required,pending,,
1-coins/50_1477290630.jpg:roi_dark_fraction_median,image_quality,1-coins/50_1477290630.jpg,,roi_dark_fraction_median,14.271829898124226,manual_review_required,pending,,
1-coins/50_1477283274.jpg:roi_dark_fraction_median,image_quality,1-coins/50_1477283274.jpg,,roi_dark_fraction_median,14.235971925505188,manual_review_required,pending,,
1-coins/50_1477283370.jpg:roi_dark_fraction_median,image_quality,1-coins/50_1477283370.jpg,,roi_dark_fraction_median,14.20661440000634,manual_review_required,pending,,
1-coins/50_1477192914.jpg:roi_dark_fraction_median,image_quality,1-coins/50_1477192914.jpg,,roi_dark_fraction_median,14.19578354147349,manual_review_required,pending,,
1-coins/60_1477844058.jpg:full_bright_fraction,image_quality,1-coins/60_1477844058.jpg,,full_bright_fraction,14.164284754117716,manual_review_required,pending,,
1-coins/70_1477846830.jpg:full_bright_fraction,image_quality,1-coins/70_1477846830.jpg,,full_bright_fraction,14.164284754117716,manual_review_required,pending,,
1-coins/80_1477850730.jpg:full_bright_fraction,image_quality,1-coins/80_1477850730.jpg,,full_bright_fraction,14.164284754117716,manual_review_required,pending,,
1-coins/10_1477186920.jpg:roi_dark_fraction_median,image_quality,1-coins/10_1477186920.jpg,,roi_dark_fraction_median,14.14292304743149,manual_review_required,pending,,
1-coins/5_1477189206.jpg:roi_dark_fraction_median,image_quality,1-coins/5_1477189206.jpg,,roi_dark_fraction_median,14.049585406029705,manual_review_required,pending,,
1-coins/100_1477280940.jpg:roi_dark_fraction_median,image_quality,1-coins/100_1477280940.jpg,,roi_dark_fraction_median,14.037466069084934,manual_review_required,pending,,
1-coins/25_1477191678.jpg:roi_dark_fraction_median,image_quality,1-coins/25_1477191678.jpg,,roi_dark_fraction_median,14.004120805690944,manual_review_required,pending,,
1-coins/115_1479350538.jpg:full_bright_fraction,image_quality,1-coins/115_1479350538.jpg,,full_bright_fraction,13.995662316568696,manual_review_required,pending,,
1-coins/55_1477842714.jpg:full_bright_fraction,image_quality,1-coins/55_1477842714.jpg,,full_bright_fraction,13.995662316568696,manual_review_required,pending,,
1-coins/60_1477845240.jpg:full_bright_fraction,image_quality,1-coins/60_1477845240.jpg,,full_bright_fraction,13.995662316568696,manual_review_required,pending,,
1-coins/65_1477846296.jpg:full_bright_fraction,image_quality,1-coins/65_1477846296.jpg,,full_bright_fraction,13.995662316568696,manual_review_required,pending,,
1-coins/65_1477846566.jpg:full_bright_fraction,image_quality,1-coins/65_1477846566.jpg,,full_bright_fraction,13.995662316568696,manual_review_required,pending,,
1-coins/75_1477850454.jpg:full_bright_fraction,image_quality,1-coins/75_1477850454.jpg,,full_bright_fraction,13.995662316568696,manual_review_required,pending,,
1-coins/25_1477191402.jpg:roi_dark_fraction_median,image_quality,1-coins/25_1477191402.jpg,,roi_dark_fraction_median,13.96524707591273,manual_review_required,pending,,
1-coins/25_1477149372.jpg:roi_dark_fraction_median,image_quality,1-coins/25_1477149372.jpg,,roi_dark_fraction_median,13.94700707957612,manual_review_required,pending,,
1-coins/130_1477862328.jpg:full_dark_fraction,image_quality,1-coins/130_1477862328.jpg,,full_dark_fraction,13.886553680507564,manual_review_required,pending,,
1-coins/100_1477860660.jpg:full_bright_fraction,image_quality,1-coins/100_1477860660.jpg,,full_bright_fraction,13.827039879019678,manual_review_required,pending,,
1-coins/100_1477861098.jpg:full_bright_fraction,image_quality,1-coins/100_1477861098.jpg,,full_bright_fraction,13.827039879019678,manual_review_required,pending,,
1-coins/120_1479423006.jpg:full_bright_fraction,image_quality,1-coins/120_1479423006.jpg,,full_bright_fraction,13.827039879019678,manual_review_required,pending,,
1-coins/130_1477861926.jpg:full_bright_fraction,image_quality,1-coins/130_1477861926.jpg,,full_bright_fraction,13.827039879019678,manual_review_required,pending,,
1-coins/145_1479428910.jpg:full_bright_fraction,image_quality,1-coins/145_1479428910.jpg,,full_bright_fraction,13.827039879019678,manual_review_required,pending,,
1-coins/150_1479430344.jpg:full_bright_fraction,image_quality,1-coins/150_1479430344.jpg,,full_bright_fraction,13.827039879019678,manual_review_required,pending,,
1-coins/150_1479430356.jpg:full_bright_fraction,image_quality,1-coins/150_1479430356.jpg,,full_bright_fraction,13.827039879019678,manual_review_required,pending,,
1-coins/50_1477144584.jpg:roi_dark_fraction_median,image_quality,1-coins/50_1477144584.jpg,,roi_dark_fraction_median,13.78678563659963,manual_review_required,pending,,
1-coins/50_1477140240.jpg:roi_dark_fraction_median,image_quality,1-coins/50_1477140240.jpg,,roi_dark_fraction_median,13.77293821111995,manual_review_required,pending,,
1-coins/100_1477861110.jpg:full_bright_fraction,image_quality,1-coins/100_1477861110.jpg,,full_bright_fraction,13.658417441470654,manual_review_required,pending,,
1-coins/125_1479424554.jpg:full_bright_fraction,image_quality,1-coins/125_1479424554.jpg,,full_bright_fraction,13.658417441470654,manual_review_required,pending,,
1-coins/130_1477861962.jpg:full_bright_fraction,image_quality,1-coins/130_1477861962.jpg,,full_bright_fraction,13.658417441470654,manual_review_required,pending,,
1-coins/145_1479428904.jpg:full_bright_fraction,image_quality,1-coins/145_1479428904.jpg,,full_bright_fraction,13.658417441470654,manual_review_required,pending,,
1-coins/150_1479430338.jpg:full_bright_fraction,image_quality,1-coins/150_1479430338.jpg,,full_bright_fraction,13.658417441470654,manual_review_required,pending,,
1-coins/70_1477849284.jpg:full_bright_fraction,image_quality,1-coins/70_1477849284.jpg,,full_bright_fraction,13.658417441470654,manual_review_required,pending,,
1-coins/75_1477849506.jpg:full_bright_fraction,image_quality,1-coins/75_1477849506.jpg,,full_bright_fraction,13.658417441470654,manual_review_required,pending,,
1-coins/75_1477849536.jpg:full_bright_fraction,image_quality,1-coins/75_1477849536.jpg,,full_bright_fraction,13.658417441470654,manual_review_required,pending,,
1-coins/50_1477140216.jpg:roi_dark_fraction_median,image_quality,1-coins/50_1477140216.jpg,,roi_dark_fraction_median,13.655127805605574,manual_review_required,pending,,
1-coins/100_1477195326.jpg:roi_dark_fraction_median,image_quality,1-coins/100_1477195326.jpg,,roi_dark_fraction_median,13.629083903805345,manual_review_required,pending,,
1-coins/100_1477154574.jpg:roi_dark_fraction_median,image_quality,1-coins/100_1477154574.jpg,,roi_dark_fraction_median,13.611239509994713,manual_review_required,pending,,
1-coins/100_1477154604.jpg:roi_dark_fraction_median,image_quality,1-coins/100_1477154604.jpg,,roi_dark_fraction_median,13.5989724845216,manual_review_required,pending,,
1-coins/100_1477154730.jpg:roi_dark_fraction_median,image_quality,1-coins/100_1477154730.jpg,,roi_dark_fraction_median,13.593750438234308,manual_review_required,pending,,
1-coins/50_1477282752.jpg:roi_dark_fraction_median,image_quality,1-coins/50_1477282752.jpg,,roi_dark_fraction_median,13.564785912438156,manual_review_required,pending,,
1-coins/50_1477282704.jpg:roi_dark_fraction_median,image_quality,1-coins/50_1477282704.jpg,,roi_dark_fraction_median,13.526029173390764,manual_review_required,pending,,
1-coins/50_1477282326.jpg:roi_dark_fraction_median,image_quality,1-coins/50_1477282326.jpg,,roi_dark_fraction_median,13.494748300813011,manual_review_required,pending,,
1-coins/100_1477860582.jpg:full_bright_fraction,image_quality,1-coins/100_1477860582.jpg,,full_bright_fraction,13.489795003921635,manual_review_required,pending,,
1-coins/100_1477861326.jpg:full_bright_fraction,image_quality,1-coins/100_1477861326.jpg,,full_bright_fraction,13.489795003921635,manual_review_required,pending,,
1-coins/100_1477861404.jpg:full_bright_fraction,image_quality,1-coins/100_1477861404.jpg,,full_bright_fraction,13.489795003921635,manual_review_required,pending,,
1-coins/10_1477147560.jpg:full_bright_fraction,image_quality,1-coins/10_1477147560.jpg,,full_bright_fraction,13.489795003921635,manual_review_required,pending,,
1-coins/125_1479424692.jpg:full_bright_fraction,image_quality,1-coins/125_1479424692.jpg,,full_bright_fraction,13.489795003921635,manual_review_required,pending,,
1-coins/125_1479424830.jpg:full_bright_fraction,image_quality,1-coins/125_1479424830.jpg,,full_bright_fraction,13.489795003921635,manual_review_required,pending,,
1-coins/150_1479430332.jpg:full_bright_fraction,image_quality,1-coins/150_1479430332.jpg,,full_bright_fraction,13.489795003921635,manual_review_required,pending,,
1-coins/150_1479430398.jpg:full_bright_fraction,image_quality,1-coins/150_1479430398.jpg,,full_bright_fraction,13.489795003921635,manual_review_required,pending,,
1-coins/80_1477851882.jpg:full_bright_fraction,image_quality,1-coins/80_1477851882.jpg,,full_bright_fraction,13.489795003921635,manual_review_required,pending,,
1-coins/100_1477280862.jpg:roi_dark_fraction_median,image_quality,1-coins/100_1477280862.jpg,,roi_dark_fraction_median,13.479559754506845,manual_review_required,pending,,
1-coins/50_1477193082.jpg:roi_dark_fraction_median,image_quality,1-coins/50_1477193082.jpg,,roi_dark_fraction_median,13.449197906337094,manual_review_required,pending,,
1-coins/50_1477192872.jpg:roi_dark_fraction_median,image_quality,1-coins/50_1477192872.jpg,,roi_dark_fraction_median,13.422315103690106,manual_review_required,pending,,
1-coins/10_1477147674.jpg:roi_dark_fraction_median,image_quality,1-coins/10_1477147674.jpg,,roi_dark_fraction_median,13.3588868596565,manual_review_required,pending,,
1-coins/100_1477858968.jpg:roi_dark_fraction_median,image_quality,1-coins/100_1477858968.jpg,,roi_dark_fraction_median,13.345700040365802,manual_review_required,pending,,
1-coins/50_1477192812.jpg:roi_dark_fraction_median,image_quality,1-coins/50_1477192812.jpg,,roi_dark_fraction_median,13.3423648526265,manual_review_required,pending,,
1-coins/130_1477861932.jpg:full_bright_fraction,image_quality,1-coins/130_1477861932.jpg,,full_bright_fraction,13.321172566372615,manual_review_required,pending,,
1-coins/60_1477844790.jpg:full_bright_fraction,image_quality,1-coins/60_1477844790.jpg,,full_bright_fraction,13.321172566372615,manual_review_required,pending,,
1-coins/60_1477845444.jpg:full_bright_fraction,image_quality,1-coins/60_1477845444.jpg,,full_bright_fraction,13.321172566372615,manual_review_required,pending,,
1-coins/75_1477849902.jpg:full_bright_fraction,image_quality,1-coins/75_1477849902.jpg,,full_bright_fraction,13.321172566372615,manual_review_required,pending,,
1-coins/80_1477850682.jpg:full_bright_fraction,image_quality,1-coins/80_1477850682.jpg,,full_bright_fraction,13.321172566372615,manual_review_required,pending,,
1-coins/5_1477292130.jpg:roi_dark_fraction_median,image_quality,1-coins/5_1477292130.jpg,,roi_dark_fraction_median,13.311507018141606,manual_review_required,pending,,
1-coins/100_1477154952.jpg:roi_dark_fraction_median,image_quality,1-coins/100_1477154952.jpg,,roi_dark_fraction_median,13.277647407426189,manual_review_required,pending,,
1-coins/5_1477289964.jpg:roi_dark_fraction_median,image_quality,1-coins/5_1477289964.jpg,,roi_dark_fraction_median,13.259130639451946,manual_review_required,pending,,
1-coins/100_1477195716.jpg:roi_dark_fraction_median,image_quality,1-coins/100_1477195716.jpg,,roi_dark_fraction_median,13.241968764801936,manual_review_required,pending,,
1-coins/100_1477858218.jpg:full_bright_fraction,image_quality,1-coins/100_1477858218.jpg,,full_bright_fraction,13.152550128823592,manual_review_required,pending,,
1-coins/100_1477860834.jpg:full_bright_fraction,image_quality,1-coins/100_1477860834.jpg,,full_bright_fraction,13.152550128823592,manual_review_required,pending,,
1-coins/100_1477861080.jpg:full_bright_fraction,image_quality,1-coins/100_1477861080.jpg,,full_bright_fraction,13.152550128823592,manual_review_required,pending,,
1-coins/105_1479344526.jpg:full_bright_fraction,image_quality,1-coins/105_1479344526.jpg,,full_bright_fraction,13.152550128823592,manual_review_required,pending,,
1-coins/105_1479345276.jpg:full_bright_fraction,image_quality,1-coins/105_1479345276.jpg,,full_bright_fraction,13.152550128823592,manual_review_required,pending,,
1-coins/50_1477144548.jpg:full_bright_fraction,image_quality,1-coins/50_1477144548.jpg,,full_bright_fraction,13.152550128823592,manual_review_required,pending,,
1-coins/50_1477282560.jpg:full_bright_fraction,image_quality,1-coins/50_1477282560.jpg,,full_bright_fraction,13.152550128823592,manual_review_required,pending,,
1-coins/55_1477842306.jpg:full_bright_fraction,image_quality,1-coins/55_1477842306.jpg,,full_bright_fraction,13.152550128823592,manual_review_required,pending,,
1-coins/60_1477843914.jpg:full_bright_fraction,image_quality,1-coins/60_1477843914.jpg,,full_bright_fraction,13.152550128823592,manual_review_required,pending,,
1-coins/65_1477846464.jpg:full_bright_fraction,image_quality,1-coins/65_1477846464.jpg,,full_bright_fraction,13.152550128823592,manual_review_required,pending,,
1-coins/90_1477855734.jpg:full_bright_fraction,image_quality,1-coins/90_1477855734.jpg,,full_bright_fraction,13.152550128823592,manual_review_required,pending,,
1-coins/5_1477291152.jpg:roi_dark_fraction_median,image_quality,1-coins/5_1477291152.jpg,,roi_dark_fraction_median,13.120875874081946,manual_review_required,pending,,
1-coins/5_1477290180.jpg:roi_dark_fraction_median,image_quality,1-coins/5_1477290180.jpg,,roi_dark_fraction_median,13.118126888752991,manual_review_required,pending,,
1-coins/50_1477144656.jpg:roi_dark_fraction_median,image_quality,1-coins/50_1477144656.jpg,,roi_dark_fraction_median,13.08466362353569,manual_review_required,pending,,
1-coins/50_1477282320.jpg:roi_dark_fraction_median,image_quality,1-coins/50_1477282320.jpg,,roi_dark_fraction_median,13.075813314038143,manual_review_required,pending,,
1-coins/100_1477194684.jpg:roi_dark_fraction_median,image_quality,1-coins/100_1477194684.jpg,,roi_dark_fraction_median,13.04026256155854,manual_review_required,pending,,
1-coins/100_1477279872.jpg:roi_dark_fraction_median,image_quality,1-coins/100_1477279872.jpg,,roi_dark_fraction_median,12.988598787945708,manual_review_required,pending,,
1-coins/100_1477861038.jpg:full_bright_fraction,image_quality,1-coins/100_1477861038.jpg,,full_bright_fraction,12.983927691274577,manual_review_required,pending,,
1-coins/105_1479344586.jpg:full_bright_fraction,image_quality,1-coins/105_1479344586.jpg,,full_bright_fraction,12.983927691274577,manual_review_required,pending,,
1-coins/150_1479429636.jpg:full_bright_fraction,image_quality,1-coins/150_1479429636.jpg,,full_bright_fraction,12.983927691274577,manual_review_required,pending,,
1-coins/50_1477282566.jpg:full_bright_fraction,image_quality,1-coins/50_1477282566.jpg,,full_bright_fraction,12.983927691274577,manual_review_required,pending,,
1-coins/100_1477195506.jpg:roi_dark_fraction_median,image_quality,1-coins/100_1477195506.jpg,,roi_dark_fraction_median,12.940276788070303,manual_review_required,pending,,
1-coins/5_1477189386.jpg:roi_dark_fraction_median,image_quality,1-coins/5_1477189386.jpg,,roi_dark_fraction_median,12.93840172415194,manual_review_required,pending,,
1-coins/50_1477193832.jpg:roi_dark_fraction_median,image_quality,1-coins/50_1477193832.jpg,,roi_dark_fraction_median,12.899013937972388,manual_review_required,pending,,
1-coins/10_1477288812.jpg:roi_dark_fraction_median,image_quality,1-coins/10_1477288812.jpg,,roi_dark_fraction_median,12.86389249408471,manual_review_required,pending,,
1-coins/100_1477154568.jpg:roi_dark_fraction_median,image_quality,1-coins/100_1477154568.jpg,,roi_dark_fraction_median,12.781114744163697,manual_review_required,pending,,
1-coins/50_1477282968.jpg:roi_dark_fraction_median,image_quality,1-coins/50_1477282968.jpg,,roi_dark_fraction_median,12.715463828653297,manual_review_required,pending,,
1-coins/50_1477194468.jpg:roi_dark_fraction_median,image_quality,1-coins/50_1477194468.jpg,,roi_dark_fraction_median,12.714797311749672,manual_review_required,pending,,
1-coins/100_1477281594.jpg:roi_dark_fraction_median,image_quality,1-coins/100_1477281594.jpg,,roi_dark_fraction_median,12.707046122573557,manual_review_required,pending,,
1-coins/5_1477289886.jpg:roi_dark_fraction_median,image_quality,1-coins/5_1477289886.jpg,,roi_dark_fraction_median,12.66492802899685,manual_review_required,pending,,
1-coins/100_1477861140.jpg:full_bright_fraction,image_quality,1-coins/100_1477861140.jpg,,full_bright_fraction,12.64668281617653,manual_review_required,pending,,
1-coins/105_1479344538.jpg:full_bright_fraction,image_quality,1-coins/105_1479344538.jpg,,full_bright_fraction,12.64668281617653,manual_review_required,pending,,
1-coins/150_1477864386.jpg:full_bright_fraction,image_quality,1-coins/150_1477864386.jpg,,full_bright_fraction,12.64668281617653,manual_review_required,pending,,
1-coins/175_1479423510.jpg:full_bright_fraction,image_quality,1-coins/175_1479423510.jpg,,full_bright_fraction,12.64668281617653,manual_review_required,pending,,
1-coins/65_1477846470.jpg:full_bright_fraction,image_quality,1-coins/65_1477846470.jpg,,full_bright_fraction,12.64668281617653,manual_review_required,pending,,
1-coins/70_1477846854.jpg:full_bright_fraction,image_quality,1-coins/70_1477846854.jpg,,full_bright_fraction,12.64668281617653,manual_review_required,pending,,
1-coins/70_1477848954.jpg:full_bright_fraction,image_quality,1-coins/70_1477848954.jpg,,full_bright_fraction,12.64668281617653,manual_review_required,pending,,
1-coins/90_1477855728.jpg:full_bright_fraction,image_quality,1-coins/90_1477855728.jpg,,full_bright_fraction,12.64668281617653,manual_review_required,pending,,
1-coins/25_1477286976.jpg:roi_dark_fraction_median,image_quality,1-coins/25_1477286976.jpg,,roi_dark_fraction_median,12.641718837596647,manual_review_required,pending,,
1-coins/5_1477289958.jpg:roi_dark_fraction_median,image_quality,1-coins/5_1477289958.jpg,,roi_dark_fraction_median,12.63941563539663,manual_review_required,pending,,
1-coins/25_1477154022.jpg:roi_dark_fraction_median,image_quality,1-coins/25_1477154022.jpg,,roi_dark_fraction_median,12.62673862686275,manual_review_required,pending,,
1-coins/100_1477154754.jpg:roi_dark_fraction_median,image_quality,1-coins/100_1477154754.jpg,,roi_dark_fraction_median,12.62553133955977,manual_review_required,pending,,
1-coins/50_1477282110.jpg:roi_dark_fraction_median,image_quality,1-coins/50_1477282110.jpg,,roi_dark_fraction_median,12.617283088811815,manual_review_required,pending,,
1-coins/50_1477192836.jpg:roi_dark_fraction_median,image_quality,1-coins/50_1477192836.jpg,,roi_dark_fraction_median,12.545870192195803,manual_review_required,pending,,
1-coins/35_1477789530.jpg:full_dark_fraction,image_quality,1-coins/35_1477789530.jpg,,full_dark_fraction,12.540706485456868,manual_review_required,pending,,
1-coins/25_1477285830.jpg:roi_dark_fraction_median,image_quality,1-coins/25_1477285830.jpg,,roi_dark_fraction_median,12.507341500543935,manual_review_required,pending,,
1-coins/100_1477195626.jpg:roi_dark_fraction_median,image_quality,1-coins/100_1477195626.jpg,,roi_dark_fraction_median,12.500028396200133,manual_review_required,pending,,
1-coins/100_1477154892.jpg:roi_dark_fraction_median,image_quality,1-coins/100_1477154892.jpg,,roi_dark_fraction_median,12.486579053779494,manual_review_required,pending,,
1-coins/105_1479344490.jpg:full_bright_fraction,image_quality,1-coins/105_1479344490.jpg,,full_bright_fraction,12.47806037862751,manual_review_required,pending,,
1-coins/105_1479344688.jpg:full_bright_fraction,image_quality,1-coins/105_1479344688.jpg,,full_bright_fraction,12.47806037862751,manual_review_required,pending,,
1-coins/125_1479424812.jpg:full_bright_fraction,image_quality,1-coins/125_1479424812.jpg,,full_bright_fraction,12.47806037862751,manual_review_required,pending,,
1-coins/130_1477861968.jpg:full_bright_fraction,image_quality,1-coins/130_1477861968.jpg,,full_bright_fraction,12.47806037862751,manual_review_required,pending,,
1-coins/135_1479425982.jpg:full_bright_fraction,image_quality,1-coins/135_1479425982.jpg,,full_bright_fraction,12.47806037862751,manual_review_required,pending,,
1-coins/25_1477286922.jpg:full_bright_fraction,image_quality,1-coins/25_1477286922.jpg,,full_bright_fraction,12.47806037862751,manual_review_required,pending,,
1-coins/40_1477790832.jpg:full_bright_fraction,image_quality,1-coins/40_1477790832.jpg,,full_bright_fraction,12.47806037862751,manual_review_required,pending,,
1-coins/80_1477850856.jpg:full_bright_fraction,image_quality,1-coins/80_1477850856.jpg,,full_bright_fraction,12.47806037862751,manual_review_required,pending,,
1-coins/100_1477280922.jpg:roi_dark_fraction_median,image_quality,1-coins/100_1477280922.jpg,,roi_dark_fraction_median,12.477364690861869,manual_review_required,pending,,
1-coins/100_1477194672.jpg:roi_dark_fraction_median,image_quality,1-coins/100_1477194672.jpg,,roi_dark_fraction_median,12.436207383677647,manual_review_required,pending,,
1-coins/50_1477145148.jpg:roi_dark_fraction_median,image_quality,1-coins/50_1477145148.jpg,,roi_dark_fraction_median,12.427006644534533,manual_review_required,pending,,
1-coins/50_1477283520.jpg:roi_dark_fraction_median,image_quality,1-coins/50_1477283520.jpg,,roi_dark_fraction_median,12.422814226851,manual_review_required,pending,,
1-coins/100_1477154946.jpg:roi_dark_fraction_median,image_quality,1-coins/100_1477154946.jpg,,roi_dark_fraction_median,12.405020519194563,manual_review_required,pending,,
1-coins/10_1477288188.jpg:roi_dark_fraction_median,image_quality,1-coins/10_1477288188.jpg,,roi_dark_fraction_median,12.385284828903044,manual_review_required,pending,,
1-coins/5_1477292136.jpg:roi_dark_fraction_median,image_quality,1-coins/5_1477292136.jpg,,roi_dark_fraction_median,12.3822201802559,manual_review_required,pending,,
1-coins/50_1477193742.jpg:roi_dark_fraction_median,image_quality,1-coins/50_1477193742.jpg,,roi_dark_fraction_median,12.33842684104475,manual_review_required,pending,,
1-coins/60_1477844028.jpg:roi_dark_fraction_median,image_quality,1-coins/60_1477844028.jpg,,roi_dark_fraction_median,12.314242792315016,manual_review_required,pending,,
1-coins/100_1477860840.jpg:full_bright_fraction,image_quality,1-coins/100_1477860840.jpg,,full_bright_fraction,12.309437941078489,manual_review_required,pending,,
1-coins/100_1477861044.jpg:full_bright_fraction,image_quality,1-coins/100_1477861044.jpg,,full_bright_fraction,12.309437941078489,manual_review_required,pending,,
1-coins/120_1479422994.jpg:full_bright_fraction,image_quality,1-coins/120_1479422994.jpg,,full_bright_fraction,12.309437941078489,manual_review_required,pending,,
1-coins/130_1477862856.jpg:full_bright_fraction,image_quality,1-coins/130_1477862856.jpg,,full_bright_fraction,12.309437941078489,manual_review_required,pending,,
1-coins/145_1479428880.jpg:full_bright_fraction,image_quality,1-coins/145_1479428880.jpg,,full_bright_fraction,12.309437941078489,manual_review_required,pending,,
1-coins/55_1477839018.jpg:full_bright_fraction,image_quality,1-coins/55_1477839018.jpg,,full_bright_fraction,12.309437941078489,manual_review_required,pending,,
1-coins/60_1477844784.jpg:full_bright_fraction,image_quality,1-coins/60_1477844784.jpg,,full_bright_fraction,12.309437941078489,manual_review_required,pending,,
1-coins/60_1477845390.jpg:full_bright_fraction,image_quality,1-coins/60_1477845390.jpg,,full_bright_fraction,12.309437941078489,manual_review_required,pending,,
1-coins/70_1477849266.jpg:full_bright_fraction,image_quality,1-coins/70_1477849266.jpg,,full_bright_fraction,12.309437941078489,manual_review_required,pending,,
1-coins/80_1477850850.jpg:full_bright_fraction,image_quality,1-coins/80_1477850850.jpg,,full_bright_fraction,12.309437941078489,manual_review_required,pending,,
1-coins/80_1477851936.jpg:full_bright_fraction,image_quality,1-coins/80_1477851936.jpg,,full_bright_fraction,12.309437941078489,manual_review_required,pending,,
1-coins/90_1477857108.jpg:full_bright_fraction,image_quality,1-coins/90_1477857108.jpg,,full_bright_fraction,12.309437941078489,manual_review_required,pending,,
1-coins/25_1477191204.jpg:roi_dark_fraction_median,image_quality,1-coins/25_1477191204.jpg,,roi_dark_fraction_median,12.2941730761381,manual_review_required,pending,,
1-coins/50_1477282698.jpg:roi_dark_fraction_median,image_quality,1-coins/50_1477282698.jpg,,roi_dark_fraction_median,12.29003669274655,manual_review_required,pending,,
1-coins/50_1477283112.jpg:roi_dark_fraction_median,image_quality,1-coins/50_1477283112.jpg,,roi_dark_fraction_median,12.2866106948745,manual_review_required,pending,,
1-coins/100_1477281006.jpg:roi_dark_fraction_median,image_quality,1-coins/100_1477281006.jpg,,roi_dark_fraction_median,12.275932505552529,manual_review_required,pending,,
1-coins/25_1477287096.jpg:roi_dark_fraction_median,image_quality,1-coins/25_1477287096.jpg,,roi_dark_fraction_median,12.190733717870817,manual_review_required,pending,,
1-coins/25_1477286946.jpg:roi_dark_fraction_median,image_quality,1-coins/25_1477286946.jpg,,roi_dark_fraction_median,12.188006784723964,manual_review_required,pending,,
1-coins/100_1477195098.jpg:roi_dark_fraction_median,image_quality,1-coins/100_1477195098.jpg,,roi_dark_fraction_median,12.168705680944448,manual_review_required,pending,,
1-coins/10_1477288896.jpg:roi_dark_fraction_median,image_quality,1-coins/10_1477288896.jpg,,roi_dark_fraction_median,12.15723139635238,manual_review_required,pending,,
1-coins/25_1477149456.jpg:roi_dark_fraction_median,image_quality,1-coins/25_1477149456.jpg,,roi_dark_fraction_median,12.156332145525106,manual_review_required,pending,,
1-coins/105_1479345366.jpg:full_bright_fraction,image_quality,1-coins/105_1479345366.jpg,,full_bright_fraction,12.14081550352947,manual_review_required,pending,,
1-coins/125_1479424548.jpg:full_bright_fraction,image_quality,1-coins/125_1479424548.jpg,,full_bright_fraction,12.14081550352947,manual_review_required,pending,,
1-coins/125_1479424836.jpg:full_bright_fraction,image_quality,1-coins/125_1479424836.jpg,,full_bright_fraction,12.14081550352947,manual_review_required,pending,,
1-coins/150_1479429528.jpg:full_bright_fraction,image_quality,1-coins/150_1479429528.jpg,,full_bright_fraction,12.14081550352947,manual_review_required,pending,,
1-coins/60_1477843932.jpg:full_bright_fraction,image_quality,1-coins/60_1477843932.jpg,,full_bright_fraction,12.14081550352947,manual_review_required,pending,,
1-coins/65_1477845690.jpg:full_bright_fraction,image_quality,1-coins/65_1477845690.jpg,,full_bright_fraction,12.14081550352947,manual_review_required,pending,,
1-coins/65_1477846230.jpg:full_bright_fraction,image_quality,1-coins/65_1477846230.jpg,,full_bright_fraction,12.14081550352947,manual_review_required,pending,,
1-coins/65_1477846518.jpg:full_bright_fraction,image_quality,1-coins/65_1477846518.jpg,,full_bright_fraction,12.14081550352947,manual_review_required,pending,,
1-coins/75_1477849872.jpg:full_bright_fraction,image_quality,1-coins/75_1477849872.jpg,,full_bright_fraction,12.14081550352947,manual_review_required,pending,,
1-coins/75_1477850382.jpg:full_bright_fraction,image_quality,1-coins/75_1477850382.jpg,,full_bright_fraction,12.14081550352947,manual_review_required,pending,,
1-coins/80_1477850712.jpg:full_bright_fraction,image_quality,1-coins/80_1477850712.jpg,,full_bright_fraction,12.14081550352947,manual_review_required,pending,,
1-coins/85_1477853940.jpg:full_bright_fraction,image_quality,1-coins/85_1477853940.jpg,,full_bright_fraction,12.14081550352947,manual_review_required,pending,,
1-coins/90_1477855740.jpg:full_bright_fraction,image_quality,1-coins/90_1477855740.jpg,,full_bright_fraction,12.14081550352947,manual_review_required,pending,,
1-coins/100_1477195638.jpg:roi_dark_fraction_median,image_quality,1-coins/100_1477195638.jpg,,roi_dark_fraction_median,12.134702996717628,manual_review_required,pending,,
1-coins/50_1477193574.jpg:roi_dark_fraction_median,image_quality,1-coins/50_1477193574.jpg,,roi_dark_fraction_median,12.123297267134378,manual_review_required,pending,,
1-coins/10_1477186350.jpg:roi_dark_fraction_median,image_quality,1-coins/10_1477186350.jpg,,roi_dark_fraction_median,12.096271505077564,manual_review_required,pending,,
1-coins/5_1477289970.jpg:roi_dark_fraction_median,image_quality,1-coins/5_1477289970.jpg,,roi_dark_fraction_median,12.076240736317985,manual_review_required,pending,,
1-coins/5_1477291692.jpg:roi_dark_fraction_median,image_quality,1-coins/5_1477291692.jpg,,roi_dark_fraction_median,12.05158740916425,manual_review_required,pending,,
1-coins/50_1477283076.jpg:roi_dark_fraction_median,image_quality,1-coins/50_1477283076.jpg,,roi_dark_fraction_median,12.050849653423816,manual_review_required,pending,,
1-coins/25_1477287168.jpg:roi_dark_fraction_median,image_quality,1-coins/25_1477287168.jpg,,roi_dark_fraction_median,12.017159233408696,manual_review_required,pending,,
1-coins/5_1477290126.jpg:roi_dark_fraction_median,image_quality,1-coins/5_1477290126.jpg,,roi_dark_fraction_median,12.010109926591085,manual_review_required,pending,,
1-coins/50_1477193616.jpg:roi_dark_fraction_median,image_quality,1-coins/50_1477193616.jpg,,roi_dark_fraction_median,11.98459753299086,manual_review_required,pending,,
1-coins/50_1477194426.jpg:roi_dark_fraction_median,image_quality,1-coins/50_1477194426.jpg,,roi_dark_fraction_median,11.984302250657526,manual_review_required,pending,,
1-coins/50_1477283196.jpg:roi_dark_fraction_median,image_quality,1-coins/50_1477283196.jpg,,roi_dark_fraction_median,11.975195956097297,manual_review_required,pending,,
1-coins/100_1477279920.jpg:full_bright_fraction,image_quality,1-coins/100_1477279920.jpg,,full_bright_fraction,11.97219306598045,manual_review_required,pending,,
1-coins/130_1477861920.jpg:full_bright_fraction,image_quality,1-coins/130_1477861920.jpg,,full_bright_fraction,11.97219306598045,manual_review_required,pending,,
1-coins/150_1479430326.jpg:full_bright_fraction,image_quality,1-coins/150_1479430326.jpg,,full_bright_fraction,11.97219306598045,manual_review_required,pending,,
1-coins/60_1477844064.jpg:full_bright_fraction,image_quality,1-coins/60_1477844064.jpg,,full_bright_fraction,11.97219306598045,manual_review_required,pending,,
1-coins/25_1477285824.jpg:roi_dark_fraction_median,image_quality,1-coins/25_1477285824.jpg,,roi_dark_fraction_median,11.963034800108897,manual_review_required,pending,,
1-coins/60_1477844034.jpg:roi_dark_fraction_median,image_quality,1-coins/60_1477844034.jpg,,roi_dark_fraction_median,11.905135690042322,manual_review_required,pending,,
1-coins/50_1477283202.jpg:roi_dark_fraction_median,image_quality,1-coins/50_1477283202.jpg,,roi_dark_fraction_median,11.890538074264969,manual_review_required,pending,,
1-coins/100_1477280928.jpg:roi_dark_fraction_median,image_quality,1-coins/100_1477280928.jpg,,roi_dark_fraction_median,11.88059447337951,manual_review_required,pending,,
1-coins/5_1477147002.jpg:roi_dark_fraction_median,image_quality,1-coins/5_1477147002.jpg,,roi_dark_fraction_median,11.837483304807412,manual_review_required,pending,,
1-coins/100_1477195500.jpg:roi_dark_fraction_median,image_quality,1-coins/100_1477195500.jpg,,roi_dark_fraction_median,11.821495727966926,manual_review_required,pending,,
1-coins/100_1477155312.jpg:roi_dark_fraction_median,image_quality,1-coins/100_1477155312.jpg,,roi_dark_fraction_median,11.813586229089342,manual_review_required,pending,,
1-coins/100_1477861164.jpg:full_bright_fraction,image_quality,1-coins/100_1477861164.jpg,,full_bright_fraction,11.803570628431428,manual_review_required,pending,,
1-coins/105_1479344514.jpg:full_bright_fraction,image_quality,1-coins/105_1479344514.jpg,,full_bright_fraction,11.803570628431428,manual_review_required,pending,,
1-coins/150_1479430392.jpg:full_bright_fraction,image_quality,1-coins/150_1479430392.jpg,,full_bright_fraction,11.803570628431428,manual_review_required,pending,,
1-coins/25_1477286916.jpg:full_bright_fraction,image_quality,1-coins/25_1477286916.jpg,,full_bright_fraction,11.803570628431428,manual_review_required,pending,,
1-coins/70_1477846848.jpg:full_bright_fraction,image_quality,1-coins/70_1477846848.jpg,,full_bright_fraction,11.803570628431428,manual_review_required,pending,,
1-coins/80_1477850706.jpg:full_bright_fraction,image_quality,1-coins/80_1477850706.jpg,,full_bright_fraction,11.803570628431428,manual_review_required,pending,,
1-coins/80_1477850718.jpg:full_bright_fraction,image_quality,1-coins/80_1477850718.jpg,,full_bright_fraction,11.803570628431428,manual_review_required,pending,,
1-coins/80_1477850820.jpg:full_bright_fraction,image_quality,1-coins/80_1477850820.jpg,,full_bright_fraction,11.803570628431428,manual_review_required,pending,,
1-coins/10_1477149084.jpg:roi_dark_fraction_median,image_quality,1-coins/10_1477149084.jpg,,roi_dark_fraction_median,11.722756864555317,manual_review_required,pending,,
1-coins/100_1477155240.jpg:roi_dark_fraction_median,image_quality,1-coins/100_1477155240.jpg,,roi_dark_fraction_median,11.717868402544278,manual_review_required,pending,,
1-coins/5_1477289880.jpg:roi_dark_fraction_median,image_quality,1-coins/5_1477289880.jpg,,roi_dark_fraction_median,11.678448809788163,manual_review_required,pending,,
1-coins/100_1477280946.jpg:roi_dark_fraction_median,image_quality,1-coins/100_1477280946.jpg,,roi_dark_fraction_median,11.65275168225176,manual_review_required,pending,,
1-coins/100_1477858908.jpg:full_bright_fraction,image_quality,1-coins/100_1477858908.jpg,,full_bright_fraction,11.634948190882408,manual_review_required,pending,,
1-coins/100_1477860924.jpg:full_bright_fraction,image_quality,1-coins/100_1477860924.jpg,,full_bright_fraction,11.634948190882408,manual_review_required,pending,,
1-coins/100_1477861050.jpg:full_bright_fraction,image_quality,1-coins/100_1477861050.jpg,,full_bright_fraction,11.634948190882408,manual_review_required,pending,,
1-coins/100_1477861428.jpg:full_bright_fraction,image_quality,1-coins/100_1477861428.jpg,,full_bright_fraction,11.634948190882408,manual_review_required,pending,,
1-coins/120_1479422970.jpg:full_bright_fraction,image_quality,1-coins/120_1479422970.jpg,,full_bright_fraction,11.634948190882408,manual_review_required,pending,,
1-coins/150_1479429534.jpg:full_bright_fraction,image_quality,1-coins/150_1479429534.jpg,,full_bright_fraction,11.634948190882408,manual_review_required,pending,,
1-coins/150_1479429642.jpg:full_bright_fraction,image_quality,1-coins/150_1479429642.jpg,,full_bright_fraction,11.634948190882408,manual_review_required,pending,,
1-coins/175_1479423558.jpg:full_bright_fraction,image_quality,1-coins/175_1479423558.jpg,,full_bright_fraction,11.634948190882408,manual_review_required,pending,,
1-coins/50_1477139868.jpg:full_bright_fraction,image_quality,1-coins/50_1477139868.jpg,,full_bright_fraction,11.634948190882408,manual_review_required,pending,,
1-coins/55_1477842672.jpg:full_bright_fraction,image_quality,1-coins/55_1477842672.jpg,,full_bright_fraction,11.634948190882408,manual_review_required,pending,,
1-coins/65_1477846458.jpg:full_bright_fraction,image_quality,1-coins/65_1477846458.jpg,,full_bright_fraction,11.634948190882408,manual_review_required,pending,,
1-coins/10_1477787652.jpg:roi_dark_fraction_median,image_quality,1-coins/10_1477787652.jpg,,roi_dark_fraction_median,11.59695854619898,manual_review_required,pending,,
1-coins/5_1477291962.jpg:roi_dark_fraction_median,image_quality,1-coins/5_1477291962.jpg,,roi_dark_fraction_median,11.576137908882414,manual_review_required,pending,,
1-coins/10_1477149072.jpg:roi_dark_fraction_median,image_quality,1-coins/10_1477149072.jpg,,roi_dark_fraction_median,11.575220072554371,manual_review_required,pending,,
1-coins/100_1477155294.jpg:roi_dark_fraction_median,image_quality,1-coins/100_1477155294.jpg,,roi_dark_fraction_median,11.568657850957612,manual_review_required,pending,,
1-coins/50_1477144596.jpg:roi_dark_fraction_median,image_quality,1-coins/50_1477144596.jpg,,roi_dark_fraction_median,11.533878579386892,manual_review_required,pending,,
1-coins/50_1477283304.jpg:roi_dark_fraction_median,image_quality,1-coins/50_1477283304.jpg,,roi_dark_fraction_median,11.496956476426568,manual_review_required,pending,,
1-coins/5_1477292028.jpg:roi_dark_fraction_median,image_quality,1-coins/5_1477292028.jpg,,roi_dark_fraction_median,11.492134031620806,manual_review_required,pending,,
1-coins/100_1477861380.jpg:full_bright_fraction,image_quality,1-coins/100_1477861380.jpg,,full_bright_fraction,11.466325753333388,manual_review_required,pending,,
1-coins/105_1479345282.jpg:full_bright_fraction,image_quality,1-coins/105_1479345282.jpg,,full_bright_fraction,11.466325753333388,manual_review_required,pending,,
1-coins/120_1479422964.jpg:full_bright_fraction,image_quality,1-coins/120_1479422964.jpg,,full_bright_fraction,11.466325753333388,manual_review_required,pending,,
1-coins/45_1477835688.jpg:full_bright_fraction,image_quality,1-coins/45_1477835688.jpg,,full_bright_fraction,11.466325753333388,manual_review_required,pending,,
1-coins/70_1477846842.jpg:full_bright_fraction,image_quality,1-coins/70_1477846842.jpg,,full_bright_fraction,11.466325753333388,manual_review_required,pending,,
1-coins/75_1477850436.jpg:full_bright_fraction,image_quality,1-coins/75_1477850436.jpg,,full_bright_fraction,11.466325753333388,manual_review_required,pending,,
1-coins/90_1477857102.jpg:full_bright_fraction,image_quality,1-coins/90_1477857102.jpg,,full_bright_fraction,11.466325753333388,manual_review_required,pending,,
1-coins/50_1477192908.jpg:roi_dark_fraction_median,image_quality,1-coins/50_1477192908.jpg,,roi_dark_fraction_median,11.441430398347814,manual_review_required,pending,,
1-coins/100_1477280874.jpg:roi_dark_fraction_median,image_quality,1-coins/100_1477280874.jpg,,roi_dark_fraction_median,11.379697171120444,manual_review_required,pending,,
1-coins/100_1477195104.jpg:roi_dark_fraction_median,image_quality,1-coins/100_1477195104.jpg,,roi_dark_fraction_median,11.339281495548445,manual_review_required,pending,,
1-coins/120_1479422934.jpg:full_bright_fraction,image_quality,1-coins/120_1479422934.jpg,,full_bright_fraction,11.297703315784366,manual_review_required,pending,,
1-coins/130_1477861944.jpg:full_bright_fraction,image_quality,1-coins/130_1477861944.jpg,,full_bright_fraction,11.297703315784366,manual_review_required,pending,,
1-coins/140_1479427362.jpg:full_bright_fraction,image_quality,1-coins/140_1479427362.jpg,,full_bright_fraction,11.297703315784366,manual_review_required,pending,,
1-coins/175_1479423504.jpg:full_bright_fraction,image_quality,1-coins/175_1479423504.jpg,,full_bright_fraction,11.297703315784366,manual_review_required,pending,,
1-coins/55_1477839234.jpg:full_bright_fraction,image_quality,1-coins/55_1477839234.jpg,,full_bright_fraction,11.297703315784366,manual_review_required,pending,,
1-coins/60_1477844232.jpg:full_bright_fraction,image_quality,1-coins/60_1477844232.jpg,,full_bright_fraction,11.297703315784366,manual_review_required,pending,,
1-coins/60_1477845222.jpg:full_bright_fraction,image_quality,1-coins/60_1477845222.jpg,,full_bright_fraction,11.297703315784366,manual_review_required,pending,,
1-coins/60_1477845384.jpg:full_bright_fraction,image_quality,1-coins/60_1477845384.jpg,,full_bright_fraction,11.297703315784366,manual_review_required,pending,,
1-coins/75_1477849950.jpg:full_bright_fraction,image_quality,1-coins/75_1477849950.jpg,,full_bright_fraction,11.297703315784366,manual_review_required,pending,,
1-coins/75_1477850418.jpg:full_bright_fraction,image_quality,1-coins/75_1477850418.jpg,,full_bright_fraction,11.297703315784366,manual_review_required,pending,,
1-coins/80_1477851156.jpg:full_bright_fraction,image_quality,1-coins/80_1477851156.jpg,,full_bright_fraction,11.297703315784366,manual_review_required,pending,,
1-coins/80_1477851168.jpg:full_bright_fraction,image_quality,1-coins/80_1477851168.jpg,,full_bright_fraction,11.297703315784366,manual_review_required,pending,,
1-coins/80_1477851762.jpg:full_bright_fraction,image_quality,1-coins/80_1477851762.jpg,,full_bright_fraction,11.297703315784366,manual_review_required,pending,,
1-coins/90_1477855644.jpg:full_bright_fraction,image_quality,1-coins/90_1477855644.jpg,,full_bright_fraction,11.297703315784366,manual_review_required,pending,,
1-coins/100_1477280550.jpg:roi_dark_fraction_median,image_quality,1-coins/100_1477280550.jpg,,roi_dark_fraction_median,11.269357019975931,manual_review_required,pending,,
1-coins/100_1477195344.jpg:roi_dark_fraction_median,image_quality,1-coins/100_1477195344.jpg,,roi_dark_fraction_median,11.268771579005833,manual_review_required,pending,,
1-coins/55_1477843476.jpg:roi_dark_fraction_median,image_quality,1-coins/55_1477843476.jpg,,roi_dark_fraction_median,11.266842311552963,manual_review_required,pending,,
1-coins/5_1477189164.jpg:roi_dark_fraction_median,image_quality,1-coins/5_1477189164.jpg,,roi_dark_fraction_median,11.242518906844952,manual_review_required,pending,,
1-coins/100_1477280316.jpg:roi_dark_fraction_median,image_quality,1-coins/100_1477280316.jpg,,roi_dark_fraction_median,11.215300741353316,manual_review_required,pending,,
1-coins/25_1477191132.jpg:roi_dark_fraction_median,image_quality,1-coins/25_1477191132.jpg,,roi_dark_fraction_median,11.210712292390546,manual_review_required,pending,,
1-coins/100_1477280916.jpg:roi_dark_fraction_median,image_quality,1-coins/100_1477280916.jpg,,roi_dark_fraction_median,11.206554160924162,manual_review_required,pending,,
1-coins/100_1477280310.jpg:roi_dark_fraction_median,image_quality,1-coins/100_1477280310.jpg,,roi_dark_fraction_median,11.157704110161651,manual_review_required,pending,,
1-coins/5_1477146834.jpg:roi_dark_fraction_median,image_quality,1-coins/5_1477146834.jpg,,roi_dark_fraction_median,11.149100795720852,manual_review_required,pending,,
1-coins/100_1477195176.jpg:roi_dark_fraction_median,image_quality,1-coins/100_1477195176.jpg,,roi_dark_fraction_median,11.142433863170943,manual_review_required,pending,,
1-coins/100_1477860774.jpg:full_bright_fraction,image_quality,1-coins/100_1477860774.jpg,,full_bright_fraction,11.129080878235348,manual_review_required,pending,,
1-coins/100_1477861434.jpg:full_bright_fraction,image_quality,1-coins/100_1477861434.jpg,,full_bright_fraction,11.129080878235348,manual_review_required,pending,,
1-coins/120_1479422958.jpg:full_bright_fraction,image_quality,1-coins/120_1479422958.jpg,,full_bright_fraction,11.129080878235348,manual_review_required,pending,,
1-coins/125_1479424842.jpg:full_bright_fraction,image_quality,1-coins/125_1479424842.jpg,,full_bright_fraction,11.129080878235348,manual_review_required,pending,,
1-coins/140_1479427212.jpg:full_bright_fraction,image_quality,1-coins/140_1479427212.jpg,,full_bright_fraction,11.129080878235348,manual_review_required,pending,,
1-coins/150_1477864530.jpg:full_bright_fraction,image_quality,1-coins/150_1477864530.jpg,,full_bright_fraction,11.129080878235348,manual_review_required,pending,,
1-coins/150_1479430380.jpg:full_bright_fraction,image_quality,1-coins/150_1479430380.jpg,,full_bright_fraction,11.129080878235348,manual_review_required,pending,,
1-coins/65_1477846446.jpg:full_bright_fraction,image_quality,1-coins/65_1477846446.jpg,,full_bright_fraction,11.129080878235348,manual_review_required,pending,,
1-coins/70_1477849260.jpg:full_bright_fraction,image_quality,1-coins/70_1477849260.jpg,,full_bright_fraction,11.129080878235348,manual_review_required,pending,,
1-coins/75_1477850532.jpg:full_bright_fraction,image_quality,1-coins/75_1477850532.jpg,,full_bright_fraction,11.129080878235348,manual_review_required,pending,,
1-coins/80_1477851714.jpg:full_bright_fraction,image_quality,1-coins/80_1477851714.jpg,,full_bright_fraction,11.129080878235348,manual_review_required,pending,,
1-coins/100_1477154772.jpg:roi_dark_fraction_median,image_quality,1-coins/100_1477154772.jpg,,roi_dark_fraction_median,11.121961629430574,manual_review_required,pending,,
1-coins/100_1477194768.jpg:roi_dark_fraction_median,image_quality,1-coins/100_1477194768.jpg,,roi_dark_fraction_median,11.117685524585603,manual_review_required,pending,,
1-coins/100_1477194690.jpg:roi_dark_fraction_median,image_quality,1-coins/100_1477194690.jpg,,roi_dark_fraction_median,11.090905055081814,manual_review_required,pending,,
1-coins/50_1477192902.jpg:roi_dark_fraction_median,image_quality,1-coins/50_1477192902.jpg,,roi_dark_fraction_median,11.049143100982624,manual_review_required,pending,,
1-coins/100_1477155216.jpg:roi_dark_fraction_median,image_quality,1-coins/100_1477155216.jpg,,roi_dark_fraction_median,11.011806019798788,manual_review_required,pending,,
1-coins/100_1477154502.jpg:roi_dark_fraction_median,image_quality,1-coins/100_1477154502.jpg,,roi_dark_fraction_median,11.002083758663987,manual_review_required,pending,,
1-coins/10_1477288716.jpg:roi_dark_fraction_median,image_quality,1-coins/10_1477288716.jpg,,roi_dark_fraction_median,10.967170671110598,manual_review_required,pending,,
1-coins/100_1477280526.jpg:full_bright_fraction,image_quality,1-coins/100_1477280526.jpg,,full_bright_fraction,10.960458440686327,manual_review_required,pending,,
1-coins/100_1477861062.jpg:full_bright_fraction,image_quality,1-coins/100_1477861062.jpg,,full_bright_fraction,10.960458440686327,manual_review_required,pending,,
1-coins/105_1479344460.jpg:full_bright_fraction,image_quality,1-coins/105_1479344460.jpg,,full_bright_fraction,10.960458440686327,manual_review_required,pending,,
1-coins/10_1477147566.jpg:full_bright_fraction,image_quality,1-coins/10_1477147566.jpg,,full_bright_fraction,10.960458440686327,manual_review_required,pending,,
1-coins/130_1477861950.jpg:full_bright_fraction,image_quality,1-coins/130_1477861950.jpg,,full_bright_fraction,10.960458440686327,manual_review_required,pending,,
1-coins/140_1479427170.jpg:full_bright_fraction,image_quality,1-coins/140_1479427170.jpg,,full_bright_fraction,10.960458440686327,manual_review_required,pending,,
1-coins/175_1479423528.jpg:full_bright_fraction,image_quality,1-coins/175_1479423528.jpg,,full_bright_fraction,10.960458440686327,manual_review_required,pending,,
1-coins/55_1477842684.jpg:full_bright_fraction,image_quality,1-coins/55_1477842684.jpg,,full_bright_fraction,10.960458440686327,manual_review_required,pending,,
1-coins/5_1477188522.jpg:full_bright_fraction,image_quality,1-coins/5_1477188522.jpg,,full_bright_fraction,10.960458440686327,manual_review_required,pending,,
1-coins/60_1477845036.jpg:full_bright_fraction,image_quality,1-coins/60_1477845036.jpg,,full_bright_fraction,10.960458440686327,manual_review_required,pending,,
1-coins/60_1477845120.jpg:full_bright_fraction,image_quality,1-coins/60_1477845120.jpg,,full_bright_fraction,10.960458440686327,manual_review_required,pending,,
1-coins/65_1477846512.jpg:full_bright_fraction,image_quality,1-coins/65_1477846512.jpg,,full_bright_fraction,10.960458440686327,manual_review_required,pending,,
1-coins/75_1477849524.jpg:full_bright_fraction,image_quality,1-coins/75_1477849524.jpg,,full_bright_fraction,10.960458440686327,manual_review_required,pending,,
1-coins/80_1477850814.jpg:full_bright_fraction,image_quality,1-coins/80_1477850814.jpg,,full_bright_fraction,10.960458440686327,manual_review_required,pending,,
1-coins/80_1477850844.jpg:full_bright_fraction,image_quality,1-coins/80_1477850844.jpg,,full_bright_fraction,10.960458440686327,manual_review_required,pending,,
1-coins/90_1477855746.jpg:full_bright_fraction,image_quality,1-coins/90_1477855746.jpg,,full_bright_fraction,10.960458440686327,manual_review_required,pending,,
1-coins/100_1477195272.jpg:roi_dark_fraction_median,image_quality,1-coins/100_1477195272.jpg,,roi_dark_fraction_median,10.951977087072857,manual_review_required,pending,,
1-coins/5_1477290318.jpg:roi_dark_fraction_median,image_quality,1-coins/5_1477290318.jpg,,roi_dark_fraction_median,10.951415010404167,manual_review_required,pending,,
1-coins/100_1477195680.jpg:roi_dark_fraction_median,image_quality,1-coins/100_1477195680.jpg,,roi_dark_fraction_median,10.948547397076227,manual_review_required,pending,,
1-coins/10_1477149090.jpg:roi_dark_fraction_median,image_quality,1-coins/10_1477149090.jpg,,roi_dark_fraction_median,10.938695863377896,manual_review_required,pending,,
1-coins/50_1477193124.jpg:roi_dark_fraction_median,image_quality,1-coins/50_1477193124.jpg,,roi_dark_fraction_median,10.938632586638748,manual_review_required,pending,,
1-coins/50_1477283154.jpg:roi_dark_fraction_median,image_quality,1-coins/50_1477283154.jpg,,roi_dark_fraction_median,10.93497248208062,manual_review_required,pending,,
1-coins/55_1477843518.jpg:roi_dark_fraction_median,image_quality,1-coins/55_1477843518.jpg,,roi_dark_fraction_median,10.929591476520844,manual_review_required,pending,,
1-coins/50_1477283346.jpg:roi_dark_fraction_median,image_quality,1-coins/50_1477283346.jpg,,roi_dark_fraction_median,10.859681530849084,manual_review_required,pending,,
1-coins/60_1477844052.jpg:roi_dark_fraction_median,image_quality,1-coins/60_1477844052.jpg,,roi_dark_fraction_median,10.847302077521205,manual_review_required,pending,,
1-coins/100_1477281774.jpg:roi_dark_fraction_median,image_quality,1-coins/100_1477281774.jpg,,roi_dark_fraction_median,10.833301787942066,manual_review_required,pending,,
1-coins/5_1477290132.jpg:roi_dark_fraction_median,image_quality,1-coins/5_1477290132.jpg,,roi_dark_fraction_median,10.81986982283938,manual_review_required,pending,,
1-coins/50_1477281960.jpg:roi_dark_fraction_median,image_quality,1-coins/50_1477281960.jpg,,roi_dark_fraction_median,10.808919997367507,manual_review_required,pending,,
1-coins/100_1477860918.jpg:full_bright_fraction,image_quality,1-coins/100_1477860918.jpg,,full_bright_fraction,10.791836003137306,manual_review_required,pending,,
1-coins/150_1477864272.jpg:full_bright_fraction,image_quality,1-coins/150_1477864272.jpg,,full_bright_fraction,10.791836003137306,manual_review_required,pending,,
1-coins/150_1477864284.jpg:full_bright_fraction,image_quality,1-coins/150_1477864284.jpg,,full_bright_fraction,10.791836003137306,manual_review_required,pending,,
1-coins/150_1479429594.jpg:full_bright_fraction,image_quality,1-coins/150_1479429594.jpg,,full_bright_fraction,10.791836003137306,manual_review_required,pending,,
1-coins/150_1479429624.jpg:full_bright_fraction,image_quality,1-coins/150_1479429624.jpg,,full_bright_fraction,10.791836003137306,manual_review_required,pending,,
1-coins/150_1479429630.jpg:full_bright_fraction,image_quality,1-coins/150_1479429630.jpg,,full_bright_fraction,10.791836003137306,manual_review_required,pending,,
1-coins/55_1477842708.jpg:full_bright_fraction,image_quality,1-coins/55_1477842708.jpg,,full_bright_fraction,10.791836003137306,manual_review_required,pending,,
1-coins/80_1477850700.jpg:full_bright_fraction,image_quality,1-coins/80_1477850700.jpg,,full_bright_fraction,10.791836003137306,manual_review_required,pending,,
1-coins/25_1477153908.jpg:roi_dark_fraction_median,image_quality,1-coins/25_1477153908.jpg,,roi_dark_fraction_median,10.791465808249525,manual_review_required,pending,,
1-coins/25_1477287312.jpg:roi_dark_fraction_median,image_quality,1-coins/25_1477287312.jpg,,roi_dark_fraction_median,10.790453546963686,manual_review_required,pending,,
1-coins/100_1477154904.jpg:roi_dark_fraction_median,image_quality,1-coins/100_1477154904.jpg,,roi_dark_fraction_median,10.783839575396104,manual_review_required,pending,,
1-coins/50_1477140192.jpg:roi_dark_fraction_median,image_quality,1-coins/50_1477140192.jpg,,roi_dark_fraction_median,10.782189423466324,manual_review_required,pending,,
1-coins/5_1477291686.jpg:roi_dark_fraction_median,image_quality,1-coins/5_1477291686.jpg,,roi_dark_fraction_median,10.776024721751588,manual_review_required,pending,,
1-coins/60_1477844046.jpg:roi_dark_fraction_median,image_quality,1-coins/60_1477844046.jpg,,roi_dark_fraction_median,10.75982016103382,manual_review_required,pending,,
1-coins/5_1477289952.jpg:roi_dark_fraction_median,image_quality,1-coins/5_1477289952.jpg,,roi_dark_fraction_median,10.727014272503244,manual_review_required,pending,,
1-coins/100_1477195656.jpg:roi_dark_fraction_median,image_quality,1-coins/100_1477195656.jpg,,roi_dark_fraction_median,10.699233022445048,manual_review_required,pending,,
1-coins/100_1477194834.jpg:roi_dark_fraction_median,image_quality,1-coins/100_1477194834.jpg,,roi_dark_fraction_median,10.698998971962656,manual_review_required,pending,,
1-coins/100_1477155030.jpg:roi_dark_fraction_median,image_quality,1-coins/100_1477155030.jpg,,roi_dark_fraction_median,10.656315799827718,manual_review_required,pending,,
1-coins/25_1477191870.jpg:roi_dark_fraction_median,image_quality,1-coins/25_1477191870.jpg,,roi_dark_fraction_median,10.634360551887715,manual_review_required,pending,,
1-coins/100_1477195464.jpg:full_bright_fraction,image_quality,1-coins/100_1477195464.jpg,,full_bright_fraction,10.623213565588284,manual_review_required,pending,,
1-coins/100_1477860720.jpg:full_bright_fraction,image_quality,1-coins/100_1477860720.jpg,,full_bright_fraction,10.623213565588284,manual_review_required,pending,,
1-coins/100_1477861086.jpg:full_bright_fraction,image_quality,1-coins/100_1477861086.jpg,,full_bright_fraction,10.623213565588284,manual_review_required,pending,,
1-coins/105_1479344544.jpg:full_bright_fraction,image_quality,1-coins/105_1479344544.jpg,,full_bright_fraction,10.623213565588284,manual_review_required,pending,,
1-coins/110_1479346116.jpg:full_bright_fraction,image_quality,1-coins/110_1479346116.jpg,,full_bright_fraction,10.623213565588284,manual_review_required,pending,,
1-coins/120_1479351330.jpg:full_bright_fraction,image_quality,1-coins/120_1479351330.jpg,,full_bright_fraction,10.623213565588284,manual_review_required,pending,,
1-coins/150_1477864278.jpg:full_bright_fraction,image_quality,1-coins/150_1477864278.jpg,,full_bright_fraction,10.623213565588284,manual_review_required,pending,,
1-coins/150_1477864542.jpg:full_bright_fraction,image_quality,1-coins/150_1477864542.jpg,,full_bright_fraction,10.623213565588284,manual_review_required,pending,,
1-coins/75_1477850412.jpg:full_bright_fraction,image_quality,1-coins/75_1477850412.jpg,,full_bright_fraction,10.623213565588284,manual_review_required,pending,,
1-coins/100_1477280910.jpg:roi_dark_fraction_median,image_quality,1-coins/100_1477280910.jpg,,roi_dark_fraction_median,10.614116976750475,manual_review_required,pending,,
1-coins/100_1477154460.jpg:roi_dark_fraction_median,image_quality,1-coins/100_1477154460.jpg,,roi_dark_fraction_median,10.588952991226062,manual_review_required,pending,,
1-coins/100_1477155036.jpg:roi_dark_fraction_median,image_quality,1-coins/100_1477155036.jpg,,roi_dark_fraction_median,10.556481642510857,manual_review_required,pending,,
1-coins/100_1477195458.jpg:roi_dark_fraction_median,image_quality,1-coins/100_1477195458.jpg,,roi_dark_fraction_median,10.538212230880124,manual_review_required,pending,,
1-coins/100_1477280508.jpg:roi_dark_fraction_median,image_quality,1-coins/100_1477280508.jpg,,roi_dark_fraction_median,10.515093725678511,manual_review_required,pending,,
1-coins/100_1477154742.jpg:roi_dark_fraction_median,image_quality,1-coins/100_1477154742.jpg,,roi_dark_fraction_median,10.509763430057458,manual_review_required,pending,,
1-coins/100_1477195722.jpg:roi_dark_fraction_median,image_quality,1-coins/100_1477195722.jpg,,roi_dark_fraction_median,10.48782046157668,manual_review_required,pending,,
1-coins/100_1477860936.jpg:full_bright_fraction,image_quality,1-coins/100_1477860936.jpg,,full_bright_fraction,10.454591128039269,manual_review_required,pending,,
1-coins/105_1479345414.jpg:full_bright_fraction,image_quality,1-coins/105_1479345414.jpg,,full_bright_fraction,10.454591128039269,manual_review_required,pending,,
1-coins/110_1479346110.jpg:full_bright_fraction,image_quality,1-coins/110_1479346110.jpg,,full_bright_fraction,10.454591128039269,manual_review_required,pending,,
1-coins/120_1479351648.jpg:full_bright_fraction,image_quality,1-coins/120_1479351648.jpg,,full_bright_fraction,10.454591128039269,manual_review_required,pending,,
1-coins/135_1479425976.jpg:full_bright_fraction,image_quality,1-coins/135_1479425976.jpg,,full_bright_fraction,10.454591128039269,manual_review_required,pending,,
1-coins/150_1479429522.jpg:full_bright_fraction,image_quality,1-coins/150_1479429522.jpg,,full_bright_fraction,10.454591128039269,manual_review_required,pending,,
1-coins/55_1477838892.jpg:full_bright_fraction,image_quality,1-coins/55_1477838892.jpg,,full_bright_fraction,10.454591128039269,manual_review_required,pending,,
1-coins/60_1477845042.jpg:full_bright_fraction,image_quality,1-coins/60_1477845042.jpg,,full_bright_fraction,10.454591128039269,manual_review_required,pending,,
1-coins/75_1477849878.jpg:full_bright_fraction,image_quality,1-coins/75_1477849878.jpg,,full_bright_fraction,10.454591128039269,manual_review_required,pending,,
1-coins/80_1477850838.jpg:full_bright_fraction,image_quality,1-coins/80_1477850838.jpg,,full_bright_fraction,10.454591128039269,manual_review_required,pending,,
1-coins/85_1477852170.jpg:full_bright_fraction,image_quality,1-coins/85_1477852170.jpg,,full_bright_fraction,10.454591128039269,manual_review_required,pending,,
1-coins/90_1477854954.jpg:full_bright_fraction,image_quality,1-coins/90_1477854954.jpg,,full_bright_fraction,10.454591128039269,manual_review_required,pending,,
1-coins/80_1477851828.jpg:roi_dark_fraction_median,image_quality,1-coins/80_1477851828.jpg,,roi_dark_fraction_median,10.444693926855306,manual_review_required,pending,,
1-coins/25_1477149462.jpg:roi_dark_fraction_median,image_quality,1-coins/25_1477149462.jpg,,roi_dark_fraction_median,10.441578636891272,manual_review_required,pending,,
1-coins/100_1477195338.jpg:roi_dark_fraction_median,image_quality,1-coins/100_1477195338.jpg,,roi_dark_fraction_median,10.435610875849672,manual_review_required,pending,,
1-coins/50_1477282950.jpg:roi_dark_fraction_median,image_quality,1-coins/50_1477282950.jpg,,roi_dark_fraction_median,10.40549610583376,manual_review_required,pending,,
1-coins/60_1477844040.jpg:roi_dark_fraction_median,image_quality,1-coins/60_1477844040.jpg,,roi_dark_fraction_median,10.383014401373858,manual_review_required,pending,,
1-coins/25_1477191198.jpg:roi_dark_fraction_median,image_quality,1-coins/25_1477191198.jpg,,roi_dark_fraction_median,10.381413574936287,manual_review_required,pending,,
1-coins/100_1477154580.jpg:roi_dark_fraction_median,image_quality,1-coins/100_1477154580.jpg,,roi_dark_fraction_median,10.361450260130256,manual_review_required,pending,,
1-coins/100_1477154682.jpg:roi_dark_fraction_median,image_quality,1-coins/100_1477154682.jpg,,roi_dark_fraction_median,10.35234196006614,manual_review_required,pending,,
1-coins/100_1477154976.jpg:roi_dark_fraction_median,image_quality,1-coins/100_1477154976.jpg,,roi_dark_fraction_median,10.35200318505326,manual_review_required,pending,,
1-coins/10_1477288698.jpg:roi_dark_fraction_median,image_quality,1-coins/10_1477288698.jpg,,roi_dark_fraction_median,10.332804459447896,manual_review_required,pending,,
1-coins/100_1477195692.jpg:roi_dark_fraction_median,image_quality,1-coins/100_1477195692.jpg,,roi_dark_fraction_median,10.3084864242761,manual_review_required,pending,,
1-coins/50_1477140174.jpg:roi_dark_fraction_median,image_quality,1-coins/50_1477140174.jpg,,roi_dark_fraction_median,10.298352148101904,manual_review_required,pending,,
1-coins/100_1477860630.jpg:full_bright_fraction,image_quality,1-coins/100_1477860630.jpg,,full_bright_fraction,10.285968690490243,manual_review_required,pending,,
1-coins/100_1477860690.jpg:full_bright_fraction,image_quality,1-coins/100_1477860690.jpg,,full_bright_fraction,10.285968690490243,manual_review_required,pending,,
1-coins/100_1477861074.jpg:full_bright_fraction,image_quality,1-coins/100_1477861074.jpg,,full_bright_fraction,10.285968690490243,manual_review_required,pending,,
1-coins/100_1477861128.jpg:full_bright_fraction,image_quality,1-coins/100_1477861128.jpg,,full_bright_fraction,10.285968690490243,manual_review_required,pending,,
1-coins/105_1479345408.jpg:full_bright_fraction,image_quality,1-coins/105_1479345408.jpg,,full_bright_fraction,10.285968690490243,manual_review_required,pending,,
1-coins/120_1479351474.jpg:full_bright_fraction,image_quality,1-coins/120_1479351474.jpg,,full_bright_fraction,10.285968690490243,manual_review_required,pending,,
1-coins/150_1479429774.jpg:full_bright_fraction,image_quality,1-coins/150_1479429774.jpg,,full_bright_fraction,10.285968690490243,manual_review_required,pending,,
1-coins/150_1479430374.jpg:full_bright_fraction,image_quality,1-coins/150_1479430374.jpg,,full_bright_fraction,10.285968690490243,manual_review_required,pending,,
1-coins/55_1477839048.jpg:full_bright_fraction,image_quality,1-coins/55_1477839048.jpg,,full_bright_fraction,10.285968690490243,manual_review_required,pending,,
1-coins/65_1477846572.jpg:full_bright_fraction,image_quality,1-coins/65_1477846572.jpg,,full_bright_fraction,10.285968690490243,manual_review_required,pending,,
1-coins/80_1477851126.jpg:full_bright_fraction,image_quality,1-coins/80_1477851126.jpg,,full_bright_fraction,10.285968690490243,manual_review_required,pending,,
1-coins/85_1477854246.jpg:full_bright_fraction,image_quality,1-coins/85_1477854246.jpg,,full_bright_fraction,10.285968690490243,manual_review_required,pending,,
1-coins/10_1477149078.jpg:roi_dark_fraction_median,image_quality,1-coins/10_1477149078.jpg,,roi_dark_fraction_median,10.240913495418598,manual_review_required,pending,,
1-coins/25_1477285572.jpg:roi_dark_fraction_median,image_quality,1-coins/25_1477285572.jpg,,roi_dark_fraction_median,10.22646753821095,manual_review_required,pending,,
1-coins/5_1477146468.jpg:roi_dark_fraction_median,image_quality,1-coins/5_1477146468.jpg,,roi_dark_fraction_median,10.190698301508396,manual_review_required,pending,,
1-coins/100_1477194918.jpg:roi_dark_fraction_median,image_quality,1-coins/100_1477194918.jpg,,roi_dark_fraction_median,10.186596483686843,manual_review_required,pending,,
1-coins/100_1477281426.jpg:roi_dark_fraction_median,image_quality,1-coins/100_1477281426.jpg,,roi_dark_fraction_median,10.133098615694008,manual_review_required,pending,,
1-coins/10_1477288614.jpg:full_bright_fraction,image_quality,1-coins/10_1477288614.jpg,,full_bright_fraction,10.117346252941225,manual_review_required,pending,,
1-coins/115_1479350532.jpg:full_bright_fraction,image_quality,1-coins/115_1479350532.jpg,,full_bright_fraction,10.117346252941225,manual_review_required,pending,,
1-coins/120_1479351510.jpg:full_bright_fraction,image_quality,1-coins/120_1479351510.jpg,,full_bright_fraction,10.117346252941225,manual_review_required,pending,,
1-coins/120_1479351588.jpg:full_bright_fraction,image_quality,1-coins/120_1479351588.jpg,,full_bright_fraction,10.117346252941225,manual_review_required,pending,,
1-coins/120_1479422976.jpg:full_bright_fraction,image_quality,1-coins/120_1479422976.jpg,,full_bright_fraction,10.117346252941225,manual_review_required,pending,,
1-coins/135_1479426990.jpg:full_bright_fraction,image_quality,1-coins/135_1479426990.jpg,,full_bright_fraction,10.117346252941225,manual_review_required,pending,,
1-coins/145_1479429006.jpg:full_bright_fraction,image_quality,1-coins/145_1479429006.jpg,,full_bright_fraction,10.117346252941225,manual_review_required,pending,,
1-coins/150_1477864392.jpg:full_bright_fraction,image_quality,1-coins/150_1477864392.jpg,,full_bright_fraction,10.117346252941225,manual_review_required,pending,,
1-coins/150_1479429780.jpg:full_bright_fraction,image_quality,1-coins/150_1479429780.jpg,,full_bright_fraction,10.117346252941225,manual_review_required,pending,,
1-coins/175_1479423534.jpg:full_bright_fraction,image_quality,1-coins/175_1479423534.jpg,,full_bright_fraction,10.117346252941225,manual_review_required,pending,,
1-coins/175_1479423540.jpg:full_bright_fraction,image_quality,1-coins/175_1479423540.jpg,,full_bright_fraction,10.117346252941225,manual_review_required,pending,,
1-coins/25_1477286850.jpg:full_bright_fraction,image_quality,1-coins/25_1477286850.jpg,,full_bright_fraction,10.117346252941225,manual_review_required,pending,,
1-coins/25_1477286958.jpg:full_bright_fraction,image_quality,1-coins/25_1477286958.jpg,,full_bright_fraction,10.117346252941225,manual_review_required,pending,,
1-coins/55_1477843554.jpg:full_bright_fraction,image_quality,1-coins/55_1477843554.jpg,,full_bright_fraction,10.117346252941225,manual_review_required,pending,,
1-coins/50_1477282416.jpg:roi_dark_fraction_median,image_quality,1-coins/50_1477282416.jpg,,roi_dark_fraction_median,10.107753051150832,manual_review_required,pending,,
1-coins/100_1477280628.jpg:roi_dark_fraction_median,image_quality,1-coins/100_1477280628.jpg,,roi_dark_fraction_median,10.075889159664817,manual_review_required,pending,,
1-coins/50_1477192878.jpg:roi_dark_fraction_median,image_quality,1-coins/50_1477192878.jpg,,roi_dark_fraction_median,10.049134709208923,manual_review_required,pending,,
1-coins/25_1477191306.jpg:roi_dark_fraction_median,image_quality,1-coins/25_1477191306.jpg,,roi_dark_fraction_median,10.018413604946092,manual_review_required,pending,,
1-coins/100_1477195662.jpg:roi_dark_fraction_median,image_quality,1-coins/100_1477195662.jpg,,roi_dark_fraction_median,10.004501411675882,manual_review_required,pending,,
1-coins/25_1477285554.jpg:roi_dark_fraction_median,image_quality,1-coins/25_1477285554.jpg,,roi_dark_fraction_median,9.989269894563876,manual_review_required,pending,,
1-coins/50_1477282332.jpg:roi_dark_fraction_median,image_quality,1-coins/50_1477282332.jpg,,roi_dark_fraction_median,9.986126700973262,manual_review_required,pending,,
1-coins/5_1477290096.jpg:roi_dark_fraction_median,image_quality,1-coins/5_1477290096.jpg,,roi_dark_fraction_median,9.97687757490005,manual_review_required,pending,,
1-coins/10_1477147458.jpg:roi_dark_fraction_median,image_quality,1-coins/10_1477147458.jpg,,roi_dark_fraction_median,9.959860776760372,manual_review_required,pending,,
1-coins/100_1477861134.jpg:full_bright_fraction,image_quality,1-coins/100_1477861134.jpg,,full_bright_fraction,9.948723815392205,manual_review_required,pending,,
1-coins/105_1479345402.jpg:full_bright_fraction,image_quality,1-coins/105_1479345402.jpg,,full_bright_fraction,9.948723815392205,manual_review_required,pending,,
1-coins/120_1479422940.jpg:full_bright_fraction,image_quality,1-coins/120_1479422940.jpg,,full_bright_fraction,9.948723815392205,manual_review_required,pending,,
1-coins/130_1477862934.jpg:full_bright_fraction,image_quality,1-coins/130_1477862934.jpg,,full_bright_fraction,9.948723815392205,manual_review_required,pending,,
1-coins/145_1479429000.jpg:full_bright_fraction,image_quality,1-coins/145_1479429000.jpg,,full_bright_fraction,9.948723815392205,manual_review_required,pending,,
1-coins/150_1477864380.jpg:full_bright_fraction,image_quality,1-coins/150_1477864380.jpg,,full_bright_fraction,9.948723815392205,manual_review_required,pending,,
1-coins/25_1477287006.jpg:full_bright_fraction,image_quality,1-coins/25_1477287006.jpg,,full_bright_fraction,9.948723815392205,manual_review_required,pending,,
1-coins/55_1477838934.jpg:full_bright_fraction,image_quality,1-coins/55_1477838934.jpg,,full_bright_fraction,9.948723815392205,manual_review_required,pending,,
1-coins/55_1477842660.jpg:full_bright_fraction,image_quality,1-coins/55_1477842660.jpg,,full_bright_fraction,9.948723815392205,manual_review_required,pending,,
1-coins/65_1477845540.jpg:full_bright_fraction,image_quality,1-coins/65_1477845540.jpg,,full_bright_fraction,9.948723815392205,manual_review_required,pending,,
1-coins/65_1477846332.jpg:full_bright_fraction,image_quality,1-coins/65_1477846332.jpg,,full_bright_fraction,9.948723815392205,manual_review_required,pending,,
1-coins/70_1477848948.jpg:full_bright_fraction,image_quality,1-coins/70_1477848948.jpg,,full_bright_fraction,9.948723815392205,manual_review_required,pending,,
1-coins/75_1477850004.jpg:full_bright_fraction,image_quality,1-coins/75_1477850004.jpg,,full_bright_fraction,9.948723815392205,manual_review_required,pending,,
1-coins/80_1477850634.jpg:full_bright_fraction,image_quality,1-coins/80_1477850634.jpg,,full_bright_fraction,9.948723815392205,manual_review_required,pending,,
1-coins/25_1477285812.jpg:roi_dark_fraction_median,image_quality,1-coins/25_1477285812.jpg,,roi_dark_fraction_median,9.93344833270613,manual_review_required,pending,,
1-coins/100_1477280640.jpg:roi_dark_fraction_median,image_quality,1-coins/100_1477280640.jpg,,roi_dark_fraction_median,9.924338872722718,manual_review_required,pending,,
1-coins/5_1477290420.jpg:roi_dark_fraction_median,image_quality,1-coins/5_1477290420.jpg,,roi_dark_fraction_median,9.919778044508911,manual_review_required,pending,,
1-coins/100_1477279866.jpg:roi_dark_fraction_median,image_quality,1-coins/100_1477279866.jpg,,roi_dark_fraction_median,9.916538953011502,manual_review_required,pending,,
1-coins/10_1477288176.jpg:roi_dark_fraction_median,image_quality,1-coins/10_1477288176.jpg,,roi_dark_fraction_median,9.91475247603286,manual_review_required,pending,,
1-coins/100_1477195632.jpg:roi_dark_fraction_median,image_quality,1-coins/100_1477195632.jpg,,roi_dark_fraction_median,9.89918594651039,manual_review_required,pending,,
1-coins/10_1477187322.jpg:roi_dark_fraction_median,image_quality,1-coins/10_1477187322.jpg,,roi_dark_fraction_median,9.887245141962346,manual_review_required,pending,,
1-coins/25_1477285896.jpg:roi_dark_fraction_median,image_quality,1-coins/25_1477285896.jpg,,roi_dark_fraction_median,9.865521976951277,manual_review_required,pending,,
1-coins/10_1477288182.jpg:roi_dark_fraction_median,image_quality,1-coins/10_1477288182.jpg,,roi_dark_fraction_median,9.838440120421817,manual_review_required,pending,,
1-coins/100_1477281642.jpg:roi_dark_fraction_median,image_quality,1-coins/100_1477281642.jpg,,roi_dark_fraction_median,9.815667374572882,manual_review_required,pending,,
1-coins/25_1477285482.jpg:roi_dark_fraction_median,image_quality,1-coins/25_1477285482.jpg,,roi_dark_fraction_median,9.808754645307308,manual_review_required,pending,,
1-coins/10_1477288746.jpg:roi_dark_fraction_median,image_quality,1-coins/10_1477288746.jpg,,roi_dark_fraction_median,9.80035816866633,manual_review_required,pending,,
1-coins/50_1477140138.jpg:roi_dark_fraction_median,image_quality,1-coins/50_1477140138.jpg,,roi_dark_fraction_median,9.79828092133578,manual_review_required,pending,,
1-coins/100_1477280100.jpg:roi_dark_fraction_median,image_quality,1-coins/100_1477280100.jpg,,roi_dark_fraction_median,9.790390917314738,manual_review_required,pending,,
1-coins/100_1477280976.jpg:full_bright_fraction,image_quality,1-coins/100_1477280976.jpg,,full_bright_fraction,9.780101377843184,manual_review_required,pending,,
1-coins/100_1477861158.jpg:full_bright_fraction,image_quality,1-coins/100_1477861158.jpg,,full_bright_fraction,9.780101377843184,manual_review_required,pending,,
1-coins/100_1477861188.jpg:full_bright_fraction,image_quality,1-coins/100_1477861188.jpg,,full_bright_fraction,9.780101377843184,manual_review_required,pending,,
1-coins/105_1479344532.jpg:full_bright_fraction,image_quality,1-coins/105_1479344532.jpg,,full_bright_fraction,9.780101377843184,manual_review_required,pending,,
1-coins/45_1477835646.jpg:full_bright_fraction,image_quality,1-coins/45_1477835646.jpg,,full_bright_fraction,9.780101377843184,manual_review_required,pending,,
1-coins/65_1477845684.jpg:full_bright_fraction,image_quality,1-coins/65_1477845684.jpg,,full_bright_fraction,9.780101377843184,manual_review_required,pending,,
1-coins/65_1477846482.jpg:full_bright_fraction,image_quality,1-coins/65_1477846482.jpg,,full_bright_fraction,9.780101377843184,manual_review_required,pending,,
1-coins/70_1477846710.jpg:full_bright_fraction,image_quality,1-coins/70_1477846710.jpg,,full_bright_fraction,9.780101377843184,manual_review_required,pending,,
1-coins/70_1477848942.jpg:full_bright_fraction,image_quality,1-coins/70_1477848942.jpg,,full_bright_fraction,9.780101377843184,manual_review_required,pending,,
1-coins/90_1477854948.jpg:full_bright_fraction,image_quality,1-coins/90_1477854948.jpg,,full_bright_fraction,9.780101377843184,manual_review_required,pending,,
1-coins/100_1477281696.jpg:roi_dark_fraction_median,image_quality,1-coins/100_1477281696.jpg,,roi_dark_fraction_median,9.772265413397411,manual_review_required,pending,,
1-coins/100_1477194774.jpg:roi_dark_fraction_median,image_quality,1-coins/100_1477194774.jpg,,roi_dark_fraction_median,9.766176656739372,manual_review_required,pending,,
1-coins/25_1477789296.jpg:full_dark_fraction,image_quality,1-coins/25_1477789296.jpg,,full_dark_fraction,9.758175240452909,manual_review_required,pending,,
1-coins/135_1479426810.jpg:full_dark_fraction,image_quality,1-coins/135_1479426810.jpg,,full_dark_fraction,9.747734222648017,manual_review_required,pending,,
1-coins/50_1477193592.jpg:roi_dark_fraction_median,image_quality,1-coins/50_1477193592.jpg,,roi_dark_fraction_median,9.744282267684095,manual_review_required,pending,,
1-coins/100_1477281648.jpg:roi_dark_fraction_median,image_quality,1-coins/100_1477281648.jpg,,roi_dark_fraction_median,9.73449526977188,manual_review_required,pending,,
1-coins/50_1477281972.jpg:roi_dark_fraction_median,image_quality,1-coins/50_1477281972.jpg,,roi_dark_fraction_median,9.733988742400916,manual_review_required,pending,,
1-coins/50_1477282794.jpg:roi_dark_fraction_median,image_quality,1-coins/50_1477282794.jpg,,roi_dark_fraction_median,9.731002764971016,manual_review_required,pending,,
1-coins/25_1477285566.jpg:roi_dark_fraction_median,image_quality,1-coins/25_1477285566.jpg,,roi_dark_fraction_median,9.704526637287737,manual_review_required,pending,,
1-coins/100_1477154496.jpg:roi_dark_fraction_median,image_quality,1-coins/100_1477154496.jpg,,roi_dark_fraction_median,9.643531701198818,manual_review_required,pending,,
1-coins/50_1477192866.jpg:roi_dark_fraction_median,image_quality,1-coins/50_1477192866.jpg,,roi_dark_fraction_median,9.640390905378103,manual_review_required,pending,,
1-coins/100_1477195332.jpg:roi_dark_fraction_median,image_quality,1-coins/100_1477195332.jpg,,roi_dark_fraction_median,9.61749446158408,manual_review_required,pending,,
1-coins/100_1477154994.jpg:full_bright_fraction,image_quality,1-coins/100_1477154994.jpg,,full_bright_fraction,9.611478940294164,manual_review_required,pending,,
1-coins/100_1477280070.jpg:full_bright_fraction,image_quality,1-coins/100_1477280070.jpg,,full_bright_fraction,9.611478940294164,manual_review_required,pending,,
1-coins/150_1479430302.jpg:full_bright_fraction,image_quality,1-coins/150_1479430302.jpg,,full_bright_fraction,9.611478940294164,manual_review_required,pending,,
1-coins/175_1479423564.jpg:full_bright_fraction,image_quality,1-coins/175_1479423564.jpg,,full_bright_fraction,9.611478940294164,manual_review_required,pending,,
1-coins/50_1477282296.jpg:full_bright_fraction,image_quality,1-coins/50_1477282296.jpg,,full_bright_fraction,9.611478940294164,manual_review_required,pending,,
1-coins/60_1477845108.jpg:full_bright_fraction,image_quality,1-coins/60_1477845108.jpg,,full_bright_fraction,9.611478940294164,manual_review_required,pending,,
1-coins/60_1477845180.jpg:full_bright_fraction,image_quality,1-coins/60_1477845180.jpg,,full_bright_fraction,9.611478940294164,manual_review_required,pending,,
1-coins/65_1477846326.jpg:full_bright_fraction,image_quality,1-coins/65_1477846326.jpg,,full_bright_fraction,9.611478940294164,manual_review_required,pending,,
1-coins/65_1477846338.jpg:full_bright_fraction,image_quality,1-coins/65_1477846338.jpg,,full_bright_fraction,9.611478940294164,manual_review_required,pending,,
1-coins/70_1477846746.jpg:full_bright_fraction,image_quality,1-coins/70_1477846746.jpg,,full_bright_fraction,9.611478940294164,manual_review_required,pending,,
1-coins/80_1477851192.jpg:full_bright_fraction,image_quality,1-coins/80_1477851192.jpg,,full_bright_fraction,9.611478940294164,manual_review_required,pending,,
1-coins/85_1477854162.jpg:full_bright_fraction,image_quality,1-coins/85_1477854162.jpg,,full_bright_fraction,9.611478940294164,manual_review_required,pending,,
1-coins/85_1477854192.jpg:full_bright_fraction,image_quality,1-coins/85_1477854192.jpg,,full_bright_fraction,9.611478940294164,manual_review_required,pending,,
1-coins/50_1477193580.jpg:roi_dark_fraction_median,image_quality,1-coins/50_1477193580.jpg,,roi_dark_fraction_median,9.609047116339804,manual_review_required,pending,,
1-coins/25_1477149222.jpg:roi_dark_fraction_median,image_quality,1-coins/25_1477149222.jpg,,roi_dark_fraction_median,9.595691470314202,manual_review_required,pending,,
1-coins/25_1477286934.jpg:roi_dark_fraction_median,image_quality,1-coins/25_1477286934.jpg,,roi_dark_fraction_median,9.590602962349983,manual_review_required,pending,,
1-coins/10_1477287780.jpg:roi_dark_fraction_median,image_quality,1-coins/10_1477287780.jpg,,roi_dark_fraction_median,9.550194342275995,manual_review_required,pending,,
1-coins/100_1477195284.jpg:roi_dark_fraction_median,image_quality,1-coins/100_1477195284.jpg,,roi_dark_fraction_median,9.546702296619392,manual_review_required,pending,,
1-coins/10_1477787700.jpg:full_dark_fraction,image_quality,1-coins/10_1477787700.jpg,,full_dark_fraction,9.542046171891624,manual_review_required,pending,,
1-coins/50_1477193838.jpg:roi_dark_fraction_median,image_quality,1-coins/50_1477193838.jpg,,roi_dark_fraction_median,9.53980354476426,manual_review_required,pending,,
1-coins/135_1479426810.jpg:roi_dark_fraction_median,image_quality,1-coins/135_1479426810.jpg,,roi_dark_fraction_median,9.518660850560831,manual_review_required,pending,,
1-coins/100_1477154916.jpg:roi_dark_fraction_median,image_quality,1-coins/100_1477154916.jpg,,roi_dark_fraction_median,9.47758842235435,manual_review_required,pending,,
1-coins/100_1477280634.jpg:roi_dark_fraction_median,image_quality,1-coins/100_1477280634.jpg,,roi_dark_fraction_median,9.460889103328189,manual_review_required,pending,,
1-coins/100_1477861068.jpg:full_bright_fraction,image_quality,1-coins/100_1477861068.jpg,,full_bright_fraction,9.442856502745144,manual_review_required,pending,,
1-coins/105_1479344574.jpg:full_bright_fraction,image_quality,1-coins/105_1479344574.jpg,,full_bright_fraction,9.442856502745144,manual_review_required,pending,,
1-coins/110_1479346122.jpg:full_bright_fraction,image_quality,1-coins/110_1479346122.jpg,,full_bright_fraction,9.442856502745144,manual_review_required,pending,,
1-coins/115_1479348312.jpg:full_bright_fraction,image_quality,1-coins/115_1479348312.jpg,,full_bright_fraction,9.442856502745144,manual_review_required,pending,,
1-coins/120_1479422922.jpg:full_bright_fraction,image_quality,1-coins/120_1479422922.jpg,,full_bright_fraction,9.442856502745144,manual_review_required,pending,,
1-coins/130_1477861956.jpg:full_bright_fraction,image_quality,1-coins/130_1477861956.jpg,,full_bright_fraction,9.442856502745144,manual_review_required,pending,,
1-coins/145_1479428916.jpg:full_bright_fraction,image_quality,1-coins/145_1479428916.jpg,,full_bright_fraction,9.442856502745144,manual_review_required,pending,,
1-coins/50_1477139850.jpg:full_bright_fraction,image_quality,1-coins/50_1477139850.jpg,,full_bright_fraction,9.442856502745144,manual_review_required,pending,,
1-coins/70_1477846698.jpg:full_bright_fraction,image_quality,1-coins/70_1477846698.jpg,,full_bright_fraction,9.442856502745144,manual_review_required,pending,,
1-coins/75_1477849476.jpg:full_bright_fraction,image_quality,1-coins/75_1477849476.jpg,,full_bright_fraction,9.442856502745144,manual_review_required,pending,,
1-coins/90_1477855722.jpg:full_bright_fraction,image_quality,1-coins/90_1477855722.jpg,,full_bright_fraction,9.442856502745144,manual_review_required,pending,,
1-coins/100_1477154982.jpg:roi_dark_fraction_median,image_quality,1-coins/100_1477154982.jpg,,roi_dark_fraction_median,9.407433509909662,manual_review_required,pending,,
1-coins/25_1477286910.jpg:roi_dark_fraction_median,image_quality,1-coins/25_1477286910.jpg,,roi_dark_fraction_median,9.353711148111222,manual_review_required,pending,,
1-coins/10_1477186896.jpg:roi_dark_fraction_median,image_quality,1-coins/10_1477186896.jpg,,roi_dark_fraction_median,9.309775525458548,manual_review_required,pending,,
1-coins/100_1477280856.jpg:roi_dark_fraction_median,image_quality,1-coins/100_1477280856.jpg,,roi_dark_fraction_median,9.304807772239773,manual_review_required,pending,,
1-coins/10_1477788054.jpg:roi_dark_fraction_median,image_quality,1-coins/10_1477788054.jpg,,roi_dark_fraction_median,9.300596766851026,manual_review_required,pending,,
1-coins/5_1477188798.jpg:roi_dark_fraction_median,image_quality,1-coins/5_1477188798.jpg,,roi_dark_fraction_median,9.298585632286915,manual_review_required,pending,,
1-coins/100_1477280796.jpg:full_bright_fraction,image_quality,1-coins/100_1477280796.jpg,,full_bright_fraction,9.274234065196122,manual_review_required,pending,,
1-coins/100_1477858698.jpg:full_bright_fraction,image_quality,1-coins/100_1477858698.jpg,,full_bright_fraction,9.274234065196122,manual_review_required,pending,,
1-coins/100_1477860570.jpg:full_bright_fraction,image_quality,1-coins/100_1477860570.jpg,,full_bright_fraction,9.274234065196122,manual_review_required,pending,,
1-coins/100_1477861194.jpg:full_bright_fraction,image_quality,1-coins/100_1477861194.jpg,,full_bright_fraction,9.274234065196122,manual_review_required,pending,,
1-coins/140_1479427458.jpg:full_bright_fraction,image_quality,1-coins/140_1479427458.jpg,,full_bright_fraction,9.274234065196122,manual_review_required,pending,,
1-coins/150_1479429648.jpg:full_bright_fraction,image_quality,1-coins/150_1479429648.jpg,,full_bright_fraction,9.274234065196122,manual_review_required,pending,,
1-coins/150_1479430362.jpg:full_bright_fraction,image_quality,1-coins/150_1479430362.jpg,,full_bright_fraction,9.274234065196122,manual_review_required,pending,,
1-coins/60_1477845354.jpg:full_bright_fraction,image_quality,1-coins/60_1477845354.jpg,,full_bright_fraction,9.274234065196122,manual_review_required,pending,,
1-coins/65_1477846548.jpg:full_bright_fraction,image_quality,1-coins/65_1477846548.jpg,,full_bright_fraction,9.274234065196122,manual_review_required,pending,,
1-coins/75_1477849494.jpg:full_bright_fraction,image_quality,1-coins/75_1477849494.jpg,,full_bright_fraction,9.274234065196122,manual_review_required,pending,,
1-coins/75_1477849614.jpg:full_bright_fraction,image_quality,1-coins/75_1477849614.jpg,,full_bright_fraction,9.274234065196122,manual_review_required,pending,,
1-coins/100_1477194882.jpg:roi_dark_fraction_median,image_quality,1-coins/100_1477194882.jpg,,roi_dark_fraction_median,9.256023414860165,manual_review_required,pending,,
1-coins/5_1477291668.jpg:roi_dark_fraction_median,image_quality,1-coins/5_1477291668.jpg,,roi_dark_fraction_median,9.253670353299905,manual_review_required,pending,,
1-coins/5_1477291716.jpg:roi_dark_fraction_median,image_quality,1-coins/5_1477291716.jpg,,roi_dark_fraction_median,9.252337669693116,manual_review_required,pending,,
1-coins/100_1477195350.jpg:roi_dark_fraction_median,image_quality,1-coins/100_1477195350.jpg,,roi_dark_fraction_median,9.226780469688626,manual_review_required,pending,,
1-coins/100_1477195650.jpg:roi_dark_fraction_median,image_quality,1-coins/100_1477195650.jpg,,roi_dark_fraction_median,9.222990515086128,manual_review_required,pending,,
1-coins/5_1477189044.jpg:roi_dark_fraction_median,image_quality,1-coins/5_1477189044.jpg,,roi_dark_fraction_median,9.215101026133002,manual_review_required,pending,,
1-coins/50_1477192896.jpg:roi_dark_fraction_median,image_quality,1-coins/50_1477192896.jpg,,roi_dark_fraction_median,9.212099800857567,manual_review_required,pending,,
1-coins/100_1477154610.jpg:roi_dark_fraction_median,image_quality,1-coins/100_1477154610.jpg,,roi_dark_fraction_median,9.187077181812615,manual_review_required,pending,,
1-coins/100_1477154514.jpg:roi_dark_fraction_median,image_quality,1-coins/100_1477154514.jpg,,roi_dark_fraction_median,9.172039869795722,manual_review_required,pending,,
1-coins/50_1477282776.jpg:roi_dark_fraction_median,image_quality,1-coins/50_1477282776.jpg,,roi_dark_fraction_median,9.161225974565998,manual_review_required,pending,,
1-coins/80_1477851954.jpg:roi_dark_fraction_median,image_quality,1-coins/80_1477851954.jpg,,roi_dark_fraction_median,9.16004049240864,manual_review_required,pending,,
1-coins/100_1477860624.jpg:full_bright_fraction,image_quality,1-coins/100_1477860624.jpg,,full_bright_fraction,9.105611627647102,manual_review_required,pending,,
1-coins/115_1479348306.jpg:full_bright_fraction,image_quality,1-coins/115_1479348306.jpg,,full_bright_fraction,9.105611627647102,manual_review_required,pending,,
1-coins/150_1477864332.jpg:full_bright_fraction,image_quality,1-coins/150_1477864332.jpg,,full_bright_fraction,9.105611627647102,manual_review_required,pending,,
1-coins/150_1479430254.jpg:full_bright_fraction,image_quality,1-coins/150_1479430254.jpg,,full_bright_fraction,9.105611627647102,manual_review_required,pending,,
1-coins/175_1479423756.jpg:full_bright_fraction,image_quality,1-coins/175_1479423756.jpg,,full_bright_fraction,9.105611627647102,manual_review_required,pending,,
1-coins/50_1477139856.jpg:full_bright_fraction,image_quality,1-coins/50_1477139856.jpg,,full_bright_fraction,9.105611627647102,manual_review_required,pending,,
1-coins/50_1477282692.jpg:full_bright_fraction,image_quality,1-coins/50_1477282692.jpg,,full_bright_fraction,9.105611627647102,manual_review_required,pending,,
1-coins/65_1477845612.jpg:full_bright_fraction,image_quality,1-coins/65_1477845612.jpg,,full_bright_fraction,9.105611627647102,manual_review_required,pending,,
1-coins/65_1477845618.jpg:full_bright_fraction,image_quality,1-coins/65_1477845618.jpg,,full_bright_fraction,9.105611627647102,manual_review_required,pending,,
1-coins/70_1477846782.jpg:full_bright_fraction,image_quality,1-coins/70_1477846782.jpg,,full_bright_fraction,9.105611627647102,manual_review_required,pending,,
1-coins/80_1477851114.jpg:full_bright_fraction,image_quality,1-coins/80_1477851114.jpg,,full_bright_fraction,9.105611627647102,manual_review_required,pending,,
1-coins/80_1477851120.jpg:full_bright_fraction,image_quality,1-coins/80_1477851120.jpg,,full_bright_fraction,9.105611627647102,manual_review_required,pending,,
1-coins/80_1477851768.jpg:full_bright_fraction,image_quality,1-coins/80_1477851768.jpg,,full_bright_fraction,9.105611627647102,manual_review_required,pending,,
1-coins/90_1477854960.jpg:full_bright_fraction,image_quality,1-coins/90_1477854960.jpg,,full_bright_fraction,9.105611627647102,manual_review_required,pending,,
1-coins/90_1477856970.jpg:full_bright_fraction,image_quality,1-coins/90_1477856970.jpg,,full_bright_fraction,9.105611627647102,manual_review_required,pending,,
1-coins/50_1477194576.jpg:roi_dark_fraction_median,image_quality,1-coins/50_1477194576.jpg,,roi_dark_fraction_median,9.05110244506846,manual_review_required,pending,,
1-coins/100_1477195308.jpg:roi_dark_fraction_median,image_quality,1-coins/100_1477195308.jpg,,roi_dark_fraction_median,9.034932399355728,manual_review_required,pending,,
1-coins/50_1477193586.jpg:roi_dark_fraction_median,image_quality,1-coins/50_1477193586.jpg,,roi_dark_fraction_median,9.021845909926478,manual_review_required,pending,,
1-coins/50_1477193136.jpg:roi_dark_fraction_median,image_quality,1-coins/50_1477193136.jpg,,roi_dark_fraction_median,9.017947001511626,manual_review_required,pending,,
1-coins/5_1477290060.jpg:roi_dark_fraction_median,image_quality,1-coins/5_1477290060.jpg,,roi_dark_fraction_median,9.016655744164725,manual_review_required,pending,,
1-coins/100_1477154472.jpg:roi_dark_fraction_median,image_quality,1-coins/100_1477154472.jpg,,roi_dark_fraction_median,8.996252095486481,manual_review_required,pending,,
1-coins/50_1477194216.jpg:roi_dark_fraction_median,image_quality,1-coins/50_1477194216.jpg,,roi_dark_fraction_median,8.9911433505645,manual_review_required,pending,,
1-coins/5_1477189170.jpg:roi_dark_fraction_median,image_quality,1-coins/5_1477189170.jpg,,roi_dark_fraction_median,8.959099784202616,manual_review_required,pending,,
1-coins/100_1477195734.jpg:full_bright_fraction,image_quality,1-coins/100_1477195734.jpg,,full_bright_fraction,8.936989190098082,manual_review_required,pending,,
1-coins/100_1477861200.jpg:full_bright_fraction,image_quality,1-coins/100_1477861200.jpg,,full_bright_fraction,8.936989190098082,manual_review_required,pending,,
1-coins/105_1479344580.jpg:full_bright_fraction,image_quality,1-coins/105_1479344580.jpg,,full_bright_fraction,8.936989190098082,manual_review_required,pending,,
1-coins/115_1479350604.jpg:full_bright_fraction,image_quality,1-coins/115_1479350604.jpg,,full_bright_fraction,8.936989190098082,manual_review_required,pending,,
1-coins/140_1479427176.jpg:full_bright_fraction,image_quality,1-coins/140_1479427176.jpg,,full_bright_fraction,8.936989190098082,manual_review_required,pending,,
1-coins/175_1479423750.jpg:full_bright_fraction,image_quality,1-coins/175_1479423750.jpg,,full_bright_fraction,8.936989190098082,manual_review_required,pending,,
1-coins/55_1477838982.jpg:full_bright_fraction,image_quality,1-coins/55_1477838982.jpg,,full_bright_fraction,8.936989190098082,manual_review_required,pending,,
1-coins/55_1477839042.jpg:full_bright_fraction,image_quality,1-coins/55_1477839042.jpg,,full_bright_fraction,8.936989190098082,manual_review_required,pending,,
1-coins/55_1477842150.jpg:full_bright_fraction,image_quality,1-coins/55_1477842150.jpg,,full_bright_fraction,8.936989190098082,manual_review_required,pending,,
1-coins/60_1477845096.jpg:full_bright_fraction,image_quality,1-coins/60_1477845096.jpg,,full_bright_fraction,8.936989190098082,manual_review_required,pending,,
1-coins/60_1477845252.jpg:full_bright_fraction,image_quality,1-coins/60_1477845252.jpg,,full_bright_fraction,8.936989190098082,manual_review_required,pending,,
1-coins/70_1477846752.jpg:full_bright_fraction,image_quality,1-coins/70_1477846752.jpg,,full_bright_fraction,8.936989190098082,manual_review_required,pending,,
1-coins/75_1477850496.jpg:full_bright_fraction,image_quality,1-coins/75_1477850496.jpg,,full_bright_fraction,8.936989190098082,manual_review_required,pending,,
1-coins/80_1477850646.jpg:full_bright_fraction,image_quality,1-coins/80_1477850646.jpg,,full_bright_fraction,8.936989190098082,manual_review_required,pending,,
1-coins/5_1477290780.jpg:roi_dark_fraction_median,image_quality,1-coins/5_1477290780.jpg,,roi_dark_fraction_median,8.936100734360226,manual_review_required,pending,,
1-coins/5_1477188438.jpg:roi_dark_fraction_median,image_quality,1-coins/5_1477188438.jpg,,roi_dark_fraction_median,8.918409157558385,manual_review_required,pending,,
1-coins/50_1477283448.jpg:roi_dark_fraction_median,image_quality,1-coins/50_1477283448.jpg,,roi_dark_fraction_median,8.917670709271752,manual_review_required,pending,,
1-coins/100_1477195356.jpg:roi_dark_fraction_median,image_quality,1-coins/100_1477195356.jpg,,roi_dark_fraction_median,8.914677274539745,manual_review_required,pending,,
1-coins/100_1477280106.jpg:roi_dark_fraction_median,image_quality,1-coins/100_1477280106.jpg,,roi_dark_fraction_median,8.910048639681026,manual_review_required,pending,,
1-coins/100_1477281042.jpg:roi_dark_fraction_median,image_quality,1-coins/100_1477281042.jpg,,roi_dark_fraction_median,8.867965678434913,manual_review_required,pending,,
1-coins/10_1477288146.jpg:roi_dark_fraction_median,image_quality,1-coins/10_1477288146.jpg,,roi_dark_fraction_median,8.854080909364713,manual_review_required,pending,,
1-coins/100_1477195086.jpg:roi_dark_fraction_median,image_quality,1-coins/100_1477195086.jpg,,roi_dark_fraction_median,8.831537289330509,manual_review_required,pending,,
1-coins/100_1477154640.jpg:roi_dark_fraction_median,image_quality,1-coins/100_1477154640.jpg,,roi_dark_fraction_median,8.817246970676509,manual_review_required,pending,,
1-coins/50_1477194570.jpg:roi_dark_fraction_median,image_quality,1-coins/50_1477194570.jpg,,roi_dark_fraction_median,8.815680068262369,manual_review_required,pending,,
1-coins/5_1477189380.jpg:roi_dark_fraction_median,image_quality,1-coins/5_1477189380.jpg,,roi_dark_fraction_median,8.815680068262369,manual_review_required,pending,,
1-coins/50_1477281912.jpg:roi_dark_fraction_median,image_quality,1-coins/50_1477281912.jpg,,roi_dark_fraction_median,8.795614911526823,manual_review_required,pending,,
1-coins/100_1477858980.jpg:roi_dark_fraction_median,image_quality,1-coins/100_1477858980.jpg,,roi_dark_fraction_median,8.795348097186597,manual_review_required,pending,,
1-coins/5_1477189188.jpg:roi_dark_fraction_median,image_quality,1-coins/5_1477189188.jpg,,roi_dark_fraction_median,8.794164755978265,manual_review_required,pending,,
1-coins/25_1477153962.jpg:roi_dark_fraction_median,image_quality,1-coins/25_1477153962.jpg,,roi_dark_fraction_median,8.77649962885682,manual_review_required,pending,,
1-coins/100_1477281672.jpg:full_bright_fraction,image_quality,1-coins/100_1477281672.jpg,,full_bright_fraction,8.768366752549062,manual_review_required,pending,,
1-coins/100_1477860636.jpg:full_bright_fraction,image_quality,1-coins/100_1477860636.jpg,,full_bright_fraction,8.768366752549062,manual_review_required,pending,,
1-coins/110_1479347418.jpg:full_bright_fraction,image_quality,1-coins/110_1479347418.jpg,,full_bright_fraction,8.768366752549062,manual_review_required,pending,,
1-coins/130_1477862862.jpg:full_bright_fraction,image_quality,1-coins/130_1477862862.jpg,,full_bright_fraction,8.768366752549062,manual_review_required,pending,,
1-coins/145_1479428946.jpg:full_bright_fraction,image_quality,1-coins/145_1479428946.jpg,,full_bright_fraction,8.768366752549062,manual_review_required,pending,,
1-coins/150_1477864536.jpg:full_bright_fraction,image_quality,1-coins/150_1477864536.jpg,,full_bright_fraction,8.768366752549062,manual_review_required,pending,,
1-coins/150_1479430350.jpg:full_bright_fraction,image_quality,1-coins/150_1479430350.jpg,,full_bright_fraction,8.768366752549062,manual_review_required,pending,,
1-coins/50_1477139838.jpg:full_bright_fraction,image_quality,1-coins/50_1477139838.jpg,,full_bright_fraction,8.768366752549062,manual_review_required,pending,,
1-coins/50_1477139874.jpg:full_bright_fraction,image_quality,1-coins/50_1477139874.jpg,,full_bright_fraction,8.768366752549062,manual_review_required,pending,,
1-coins/5_1477290336.jpg:full_bright_fraction,image_quality,1-coins/5_1477290336.jpg,,full_bright_fraction,8.768366752549062,manual_review_required,pending,,
1-coins/60_1477845246.jpg:full_bright_fraction,image_quality,1-coins/60_1477845246.jpg,,full_bright_fraction,8.768366752549062,manual_review_required,pending,,
1-coins/75_1477849530.jpg:full_bright_fraction,image_quality,1-coins/75_1477849530.jpg,,full_bright_fraction,8.768366752549062,manual_review_required,pending,,
1-coins/95_1477857744.jpg:full_bright_fraction,image_quality,1-coins/95_1477857744.jpg,,full_bright_fraction,8.768366752549062,manual_review_required,pending,,
1-coins/80_1477851978.jpg:full_dark_fraction,image_quality,1-coins/80_1477851978.jpg,,full_dark_fraction,8.747484716939278,manual_review_required,pending,,
1-coins/5_1477290912.jpg:roi_dark_fraction_median,image_quality,1-coins/5_1477290912.jpg,,roi_dark_fraction_median,8.740657906117503,manual_review_required,pending,,
1-coins/50_1477193814.jpg:roi_dark_fraction_median,image_quality,1-coins/50_1477193814.jpg,,roi_dark_fraction_median,8.683759748560284,manual_review_required,pending,,
1-coins/50_1477193130.jpg:roi_dark_fraction_median,image_quality,1-coins/50_1477193130.jpg,,roi_dark_fraction_median,8.674369465791827,manual_review_required,pending,,
1-coins/100_1477194786.jpg:roi_dark_fraction_median,image_quality,1-coins/100_1477194786.jpg,,roi_dark_fraction_median,8.67020045829185,manual_review_required,pending,,
1-coins/5_1477188558.jpg:roi_dark_fraction_median,image_quality,1-coins/5_1477188558.jpg,,roi_dark_fraction_median,8.664003497146734,manual_review_required,pending,,
1-coins/5_1477290216.jpg:roi_dark_fraction_median,image_quality,1-coins/5_1477290216.jpg,,roi_dark_fraction_median,8.663755386772845,manual_review_required,pending,,
1-coins/20_1477789038.jpg:roi_dark_fraction_median,image_quality,1-coins/20_1477789038.jpg,,roi_dark_fraction_median,8.66354547847663,manual_review_required,pending,,
1-coins/25_1477149240.jpg:roi_dark_fraction_median,image_quality,1-coins/25_1477149240.jpg,,roi_dark_fraction_median,8.661784220807963,manual_review_required,pending,,
1-coins/25_1477287156.jpg:roi_dark_fraction_median,image_quality,1-coins/25_1477287156.jpg,,roi_dark_fraction_median,8.64721549246034,manual_review_required,pending,,
1-coins/50_1477194474.jpg:roi_dark_fraction_median,image_quality,1-coins/50_1477194474.jpg,,roi_dark_fraction_median,8.621213643361243,manual_review_required,pending,,
1-coins/55_1477842024.jpg:full_brightness_mean,image_quality,1-coins/55_1477842024.jpg,,full_brightness_mean,8.60177026362084,manual_review_required,pending,,
1-coins/100_1477279878.jpg:roi_dark_fraction_median,image_quality,1-coins/100_1477279878.jpg,,roi_dark_fraction_median,8.60042634293584,manual_review_required,pending,,
1-coins/100_1477280568.jpg:full_bright_fraction,image_quality,1-coins/100_1477280568.jpg,,full_bright_fraction,8.599744315000041,manual_review_required,pending,,
1-coins/100_1477860930.jpg:full_bright_fraction,image_quality,1-coins/100_1477860930.jpg,,full_bright_fraction,8.599744315000041,manual_review_required,pending,,
1-coins/105_1479345378.jpg:full_bright_fraction,image_quality,1-coins/105_1479345378.jpg,,full_bright_fraction,8.599744315000041,manual_review_required,pending,,
1-coins/120_1479351486.jpg:full_bright_fraction,image_quality,1-coins/120_1479351486.jpg,,full_bright_fraction,8.599744315000041,manual_review_required,pending,,
1-coins/125_1479424500.jpg:full_bright_fraction,image_quality,1-coins/125_1479424500.jpg,,full_bright_fraction,8.599744315000041,manual_review_required,pending,,
1-coins/125_1479424578.jpg:full_bright_fraction,image_quality,1-coins/125_1479424578.jpg,,full_bright_fraction,8.599744315000041,manual_review_required,pending,,
1-coins/145_1479428964.jpg:full_bright_fraction,image_quality,1-coins/145_1479428964.jpg,,full_bright_fraction,8.599744315000041,manual_review_required,pending,,
1-coins/45_1477835676.jpg:full_bright_fraction,image_quality,1-coins/45_1477835676.jpg,,full_bright_fraction,8.599744315000041,manual_review_required,pending,,
1-coins/50_1477139862.jpg:full_bright_fraction,image_quality,1-coins/50_1477139862.jpg,,full_bright_fraction,8.599744315000041,manual_review_required,pending,,
1-coins/55_1477838928.jpg:full_bright_fraction,image_quality,1-coins/55_1477838928.jpg,,full_bright_fraction,8.599744315000041,manual_review_required,pending,,
1-coins/65_1477846236.jpg:full_bright_fraction,image_quality,1-coins/65_1477846236.jpg,,full_bright_fraction,8.599744315000041,manual_review_required,pending,,
1-coins/70_1477848918.jpg:full_bright_fraction,image_quality,1-coins/70_1477848918.jpg,,full_bright_fraction,8.599744315000041,manual_review_required,pending,,
1-coins/75_1477849566.jpg:full_bright_fraction,image_quality,1-coins/75_1477849566.jpg,,full_bright_fraction,8.599744315000041,manual_review_required,pending,,
1-coins/80_1477850916.jpg:full_bright_fraction,image_quality,1-coins/80_1477850916.jpg,,full_bright_fraction,8.599744315000041,manual_review_required,pending,,
1-coins/90_1477855776.jpg:full_bright_fraction,image_quality,1-coins/90_1477855776.jpg,,full_bright_fraction,8.599744315000041,manual_review_required,pending,,
1-coins/50_1477283514.jpg:roi_dark_fraction_median,image_quality,1-coins/50_1477283514.jpg,,roi_dark_fraction_median,8.59763293607239,manual_review_required,pending,,
1-coins/100_1477195770.jpg:roi_dark_fraction_median,image_quality,1-coins/100_1477195770.jpg,,roi_dark_fraction_median,8.590371702086614,manual_review_required,pending,,
1-coins/5_1477188492.jpg:full_dark_fraction,image_quality,1-coins/5_1477188492.jpg,,full_dark_fraction,8.58042843206099,manual_review_required,pending,,
1-coins/25_1477191516.jpg:roi_dark_fraction_median,image_quality,1-coins/25_1477191516.jpg,,roi_dark_fraction_median,8.568594331560778,manual_review_required,pending,,
1-coins/100_1477194828.jpg:roi_dark_fraction_median,image_quality,1-coins/100_1477194828.jpg,,roi_dark_fraction_median,8.530159055156888,manual_review_required,pending,,
1-coins/10_1477187136.jpg:roi_dark_fraction_median,image_quality,1-coins/10_1477187136.jpg,,roi_dark_fraction_median,8.516340431647818,manual_review_required,pending,,
1-coins/100_1477195644.jpg:roi_dark_fraction_median,image_quality,1-coins/100_1477195644.jpg,,roi_dark_fraction_median,8.505933320641411,manual_review_required,pending,,
1-coins/50_1477193598.jpg:roi_dark_fraction_median,image_quality,1-coins/50_1477193598.jpg,,roi_dark_fraction_median,8.493811314314225,manual_review_required,pending,,
1-coins/100_1477155222.jpg:roi_dark_fraction_median,image_quality,1-coins/100_1477155222.jpg,,roi_dark_fraction_median,8.456102721491746,manual_review_required,pending,,
1-coins/70_1477848906.jpg:roi_dark_fraction_median,image_quality,1-coins/70_1477848906.jpg,,roi_dark_fraction_median,8.44275906997422,manual_review_required,pending,,
1-coins/50_1477145178.jpg:roi_dark_fraction_median,image_quality,1-coins/50_1477145178.jpg,,roi_dark_fraction_median,8.440090709098765,manual_review_required,pending,,
1-coins/100_1477860846.jpg:full_bright_fraction,image_quality,1-coins/100_1477860846.jpg,,full_bright_fraction,8.431121877451021,manual_review_required,pending,,
1-coins/100_1477860870.jpg:full_bright_fraction,image_quality,1-coins/100_1477860870.jpg,,full_bright_fraction,8.431121877451021,manual_review_required,pending,,
1-coins/110_1479345702.jpg:full_bright_fraction,image_quality,1-coins/110_1479345702.jpg,,full_bright_fraction,8.431121877451021,manual_review_required,pending,,
1-coins/120_1479351522.jpg:full_bright_fraction,image_quality,1-coins/120_1479351522.jpg,,full_bright_fraction,8.431121877451021,manual_review_required,pending,,
1-coins/120_1479351528.jpg:full_bright_fraction,image_quality,1-coins/120_1479351528.jpg,,full_bright_fraction,8.431121877451021,manual_review_required,pending,,
1-coins/120_1479351594.jpg:full_bright_fraction,image_quality,1-coins/120_1479351594.jpg,,full_bright_fraction,8.431121877451021,manual_review_required,pending,,
1-coins/130_1477862454.jpg:full_bright_fraction,image_quality,1-coins/130_1477862454.jpg,,full_bright_fraction,8.431121877451021,manual_review_required,pending,,
1-coins/135_1479426876.jpg:full_bright_fraction,image_quality,1-coins/135_1479426876.jpg,,full_bright_fraction,8.431121877451021,manual_review_required,pending,,
1-coins/145_1479428982.jpg:full_bright_fraction,image_quality,1-coins/145_1479428982.jpg,,full_bright_fraction,8.431121877451021,manual_review_required,pending,,
1-coins/150_1477864398.jpg:full_bright_fraction,image_quality,1-coins/150_1477864398.jpg,,full_bright_fraction,8.431121877451021,manual_review_required,pending,,
1-coins/150_1479429762.jpg:full_bright_fraction,image_quality,1-coins/150_1479429762.jpg,,full_bright_fraction,8.431121877451021,manual_review_required,pending,,
1-coins/170_1479423210.jpg:full_bright_fraction,image_quality,1-coins/170_1479423210.jpg,,full_bright_fraction,8.431121877451021,manual_review_required,pending,,
1-coins/65_1477845924.jpg:full_bright_fraction,image_quality,1-coins/65_1477845924.jpg,,full_bright_fraction,8.431121877451021,manual_review_required,pending,,
1-coins/80_1477850640.jpg:full_bright_fraction,image_quality,1-coins/80_1477850640.jpg,,full_bright_fraction,8.431121877451021,manual_review_required,pending,,
1-coins/80_1477851918.jpg:full_bright_fraction,image_quality,1-coins/80_1477851918.jpg,,full_bright_fraction,8.431121877451021,manual_review_required,pending,,
1-coins/85_1477853952.jpg:full_bright_fraction,image_quality,1-coins/85_1477853952.jpg,,full_bright_fraction,8.431121877451021,manual_review_required,pending,,
1-coins/5_1477291872.jpg:roi_dark_fraction_median,image_quality,1-coins/5_1477291872.jpg,,roi_dark_fraction_median,8.412312117180415,manual_review_required,pending,,
1-coins/100_1477195446.jpg:roi_dark_fraction_median,image_quality,1-coins/100_1477195446.jpg,,roi_dark_fraction_median,8.399281852093981,manual_review_required,pending,,
1-coins/50_1477193382.jpg:roi_dark_fraction_median,image_quality,1-coins/50_1477193382.jpg,,roi_dark_fraction_median,8.390190950323694,manual_review_required,pending,,
1-coins/100_1477194780.jpg:roi_dark_fraction_median,image_quality,1-coins/100_1477194780.jpg,,roi_dark_fraction_median,8.386162258626706,manual_review_required,pending,,
1-coins/60_1477843920.jpg:roi_dark_fraction_median,image_quality,1-coins/60_1477843920.jpg,,roi_dark_fraction_median,8.328316812291614,manual_review_required,pending,,
1-coins/5_1477289802.jpg:roi_dark_fraction_median,image_quality,1-coins/5_1477289802.jpg,,roi_dark_fraction_median,8.304747330225227,manual_review_required,pending,,
1-coins/5_1477146462.jpg:roi_dark_fraction_median,image_quality,1-coins/5_1477146462.jpg,,roi_dark_fraction_median,8.293709539450795,manual_review_required,pending,,
1-coins/100_1477281654.jpg:roi_dark_fraction_median,image_quality,1-coins/100_1477281654.jpg,,roi_dark_fraction_median,8.28505733411124,manual_review_required,pending,,
1-coins/5_1477289832.jpg:roi_dark_fraction_median,image_quality,1-coins/5_1477289832.jpg,,roi_dark_fraction_median,8.283374663934444,manual_review_required,pending,,
1-coins/100_1477155300.jpg:roi_dark_fraction_median,image_quality,1-coins/100_1477155300.jpg,,roi_dark_fraction_median,8.268342518861092,manual_review_required,pending,,
1-coins/100_1477860666.jpg:full_bright_fraction,image_quality,1-coins/100_1477860666.jpg,,full_bright_fraction,8.262499439902,manual_review_required,pending,,
1-coins/100_1477861116.jpg:full_bright_fraction,image_quality,1-coins/100_1477861116.jpg,,full_bright_fraction,8.262499439902,manual_review_required,pending,,
1-coins/120_1479351636.jpg:full_bright_fraction,image_quality,1-coins/120_1479351636.jpg,,full_bright_fraction,8.262499439902,manual_review_required,pending,,
1-coins/120_1479422988.jpg:full_bright_fraction,image_quality,1-coins/120_1479422988.jpg,,full_bright_fraction,8.262499439902,manual_review_required,pending,,
1-coins/130_1477862346.jpg:full_bright_fraction,image_quality,1-coins/130_1477862346.jpg,,full_bright_fraction,8.262499439902,manual_review_required,pending,,
1-coins/170_1479423186.jpg:full_bright_fraction,image_quality,1-coins/170_1479423186.jpg,,full_bright_fraction,8.262499439902,manual_review_required,pending,,
1-coins/55_1477842318.jpg:full_bright_fraction,image_quality,1-coins/55_1477842318.jpg,,full_bright_fraction,8.262499439902,manual_review_required,pending,,
1-coins/5_1477145610.jpg:full_bright_fraction,image_quality,1-coins/5_1477145610.jpg,,full_bright_fraction,8.262499439902,manual_review_required,pending,,
1-coins/90_1477856982.jpg:full_bright_fraction,image_quality,1-coins/90_1477856982.jpg,,full_bright_fraction,8.262499439902,manual_review_required,pending,,
1-coins/95_1477857732.jpg:full_bright_fraction,image_quality,1-coins/95_1477857732.jpg,,full_bright_fraction,8.262499439902,manual_review_required,pending,,
1-coins/100_1477281000.jpg:roi_dark_fraction_median,image_quality,1-coins/100_1477281000.jpg,,roi_dark_fraction_median,8.257529157508039,manual_review_required,pending,,
1-coins/5_1477290066.jpg:roi_dark_fraction_median,image_quality,1-coins/5_1477290066.jpg,,roi_dark_fraction_median,8.257186474589613,manual_review_required,pending,,
1-coins/100_1477194756.jpg:roi_dark_fraction_median,image_quality,1-coins/100_1477194756.jpg,,roi_dark_fraction_median,8.255281017392408,manual_review_required,pending,,
1-coins/50_1477193388.jpg:roi_dark_fraction_median,image_quality,1-coins/50_1477193388.jpg,,roi_dark_fraction_median,8.22382893219539,manual_review_required,pending,,
1-coins/50_1477283400.jpg:roi_dark_fraction_median,image_quality,1-coins/50_1477283400.jpg,,roi_dark_fraction_median,8.209315405703965,manual_review_required,pending,,
1-coins/50_1477282314.jpg:roi_dark_fraction_median,image_quality,1-coins/50_1477282314.jpg,,roi_dark_fraction_median,8.208763280157608,manual_review_required,pending,,
1-coins/100_1477155024.jpg:roi_dark_fraction_median,image_quality,1-coins/100_1477155024.jpg,,roi_dark_fraction_median,8.193549780689766,manual_review_required,pending,,
1-coins/100_1477280712.jpg:roi_dark_fraction_median,image_quality,1-coins/100_1477280712.jpg,,roi_dark_fraction_median,8.186347262532797,manual_review_required,pending,,
1-coins/115_1479349542.jpg:roi_dark_fraction_median,image_quality,1-coins/115_1479349542.jpg,,roi_dark_fraction_median,8.184243173206664,manual_review_required,pending,,
1-coins/25_1477287000.jpg:roi_dark_fraction_median,image_quality,1-coins/25_1477287000.jpg,,roi_dark_fraction_median,8.18401939306298,manual_review_required,pending,,
1-coins/55_1477843548.jpg:roi_dark_fraction_median,image_quality,1-coins/55_1477843548.jpg,,roi_dark_fraction_median,8.16159054975976,manual_review_required,pending,,
1-coins/50_1477282488.jpg:roi_dark_fraction_median,image_quality,1-coins/50_1477282488.jpg,,roi_dark_fraction_median,8.154577149260012,manual_review_required,pending,,
1-coins/100_1477281768.jpg:roi_dark_fraction_median,image_quality,1-coins/100_1477281768.jpg,,roi_dark_fraction_median,8.1526561423583,manual_review_required,pending,,
1-coins/120_1479423018.jpg:full_dark_fraction,image_quality,1-coins/120_1479423018.jpg,,full_dark_fraction,8.141905684255487,manual_review_required,pending,,
1-coins/55_1477843428.jpg:roi_dark_fraction_median,image_quality,1-coins/55_1477843428.jpg,,roi_dark_fraction_median,8.141301226216976,manual_review_required,pending,,
1-coins/100_1477195080.jpg:roi_dark_fraction_median,image_quality,1-coins/100_1477195080.jpg,,roi_dark_fraction_median,8.12661699154412,manual_review_required,pending,,
1-coins/5_1477290834.jpg:roi_dark_fraction_median,image_quality,1-coins/5_1477290834.jpg,,roi_dark_fraction_median,8.108786734968918,manual_review_required,pending,,
1-coins/100_1477280964.jpg:full_bright_fraction,image_quality,1-coins/100_1477280964.jpg,,full_bright_fraction,8.093877002352981,manual_review_required,pending,,
1-coins/100_1477861176.jpg:full_bright_fraction,image_quality,1-coins/100_1477861176.jpg,,full_bright_fraction,8.093877002352981,manual_review_required,pending,,
1-coins/105_1479345330.jpg:full_bright_fraction,image_quality,1-coins/105_1479345330.jpg,,full_bright_fraction,8.093877002352981,manual_review_required,pending,,
1-coins/105_1479345384.jpg:full_bright_fraction,image_quality,1-coins/105_1479345384.jpg,,full_bright_fraction,8.093877002352981,manual_review_required,pending,,
1-coins/150_1477864260.jpg:full_bright_fraction,image_quality,1-coins/150_1477864260.jpg,,full_bright_fraction,8.093877002352981,manual_review_required,pending,,
1-coins/150_1479429768.jpg:full_bright_fraction,image_quality,1-coins/150_1479429768.jpg,,full_bright_fraction,8.093877002352981,manual_review_required,pending,,
1-coins/170_1479423132.jpg:full_bright_fraction,image_quality,1-coins/170_1479423132.jpg,,full_bright_fraction,8.093877002352981,manual_review_required,pending,,
1-coins/175_1479423450.jpg:full_bright_fraction,image_quality,1-coins/175_1479423450.jpg,,full_bright_fraction,8.093877002352981,manual_review_required,pending,,
1-coins/75_1477849992.jpg:full_bright_fraction,image_quality,1-coins/75_1477849992.jpg,,full_bright_fraction,8.093877002352981,manual_review_required,pending,,
1-coins/85_1477852116.jpg:full_bright_fraction,image_quality,1-coins/85_1477852116.jpg,,full_bright_fraction,8.093877002352981,manual_review_required,pending,,
1-coins/100_1477194822.jpg:roi_dark_fraction_median,image_quality,1-coins/100_1477194822.jpg,,roi_dark_fraction_median,8.06955384771745,manual_review_required,pending,,
1-coins/5_1477189152.jpg:roi_dark_fraction_median,image_quality,1-coins/5_1477189152.jpg,,roi_dark_fraction_median,8.054672726076324,manual_review_required,pending,,
1-coins/100_1477154988.jpg:roi_dark_fraction_median,image_quality,1-coins/100_1477154988.jpg,,roi_dark_fraction_median,8.05326656533692,manual_review_required,pending,,
1-coins/40_1477790658.jpg:roi_dark_fraction_median,image_quality,1-coins/40_1477790658.jpg,,roi_dark_fraction_median,8.043565918901717,manual_review_required,pending,,
1-coins/100_1477281528.jpg:roi_dark_fraction_median,image_quality,1-coins/100_1477281528.jpg,,roi_dark_fraction_median,8.011394459688272,manual_review_required,pending,,
1-coins/100_1477280670.jpg:roi_dark_fraction_median,image_quality,1-coins/100_1477280670.jpg,,roi_dark_fraction_median,7.989273753669157,manual_review_required,pending,,
1-coins/5_1477146894.jpg:roi_dark_fraction_median,image_quality,1-coins/5_1477146894.jpg,,roi_dark_fraction_median,7.938766085157763,manual_review_required,pending,,
1-coins/75_1477849764.jpg:roi_dark_fraction_median,image_quality,1-coins/75_1477849764.jpg,,roi_dark_fraction_median,7.93825146710442,manual_review_required,pending,,
1-coins/100_1477858692.jpg:full_bright_fraction,image_quality,1-coins/100_1477858692.jpg,,full_bright_fraction,7.925254564803961,manual_review_required,pending,,
1-coins/100_1477858854.jpg:full_bright_fraction,image_quality,1-coins/100_1477858854.jpg,,full_bright_fraction,7.925254564803961,manual_review_required,pending,,
1-coins/100_1477858962.jpg:full_bright_fraction,image_quality,1-coins/100_1477858962.jpg,,full_bright_fraction,7.925254564803961,manual_review_required,pending,,
1-coins/100_1477861182.jpg:full_bright_fraction,image_quality,1-coins/100_1477861182.jpg,,full_bright_fraction,7.925254564803961,manual_review_required,pending,,
1-coins/105_1479344448.jpg:full_bright_fraction,image_quality,1-coins/105_1479344448.jpg,,full_bright_fraction,7.925254564803961,manual_review_required,pending,,
1-coins/105_1479345348.jpg:full_bright_fraction,image_quality,1-coins/105_1479345348.jpg,,full_bright_fraction,7.925254564803961,manual_review_required,pending,,
1-coins/105_1479345354.jpg:full_bright_fraction,image_quality,1-coins/105_1479345354.jpg,,full_bright_fraction,7.925254564803961,manual_review_required,pending,,
1-coins/105_1479345360.jpg:full_bright_fraction,image_quality,1-coins/105_1479345360.jpg,,full_bright_fraction,7.925254564803961,manual_review_required,pending,,
1-coins/110_1479347460.jpg:full_bright_fraction,image_quality,1-coins/110_1479347460.jpg,,full_bright_fraction,7.925254564803961,manual_review_required,pending,,
1-coins/110_1479347466.jpg:full_bright_fraction,image_quality,1-coins/110_1479347466.jpg,,full_bright_fraction,7.925254564803961,manual_review_required,pending,,
1-coins/130_1477862922.jpg:full_bright_fraction,image_quality,1-coins/130_1477862922.jpg,,full_bright_fraction,7.925254564803961,manual_review_required,pending,,
1-coins/145_1479428994.jpg:full_bright_fraction,image_quality,1-coins/145_1479428994.jpg,,full_bright_fraction,7.925254564803961,manual_review_required,pending,,
1-coins/150_1477864248.jpg:full_bright_fraction,image_quality,1-coins/150_1477864248.jpg,,full_bright_fraction,7.925254564803961,manual_review_required,pending,,
1-coins/150_1479429588.jpg:full_bright_fraction,image_quality,1-coins/150_1479429588.jpg,,full_bright_fraction,7.925254564803961,manual_review_required,pending,,
1-coins/55_1477839024.jpg:full_bright_fraction,image_quality,1-coins/55_1477839024.jpg,,full_bright_fraction,7.925254564803961,manual_review_required,pending,,
1-coins/55_1477839036.jpg:full_bright_fraction,image_quality,1-coins/55_1477839036.jpg,,full_bright_fraction,7.925254564803961,manual_review_required,pending,,
1-coins/65_1477845858.jpg:full_bright_fraction,image_quality,1-coins/65_1477845858.jpg,,full_bright_fraction,7.925254564803961,manual_review_required,pending,,
1-coins/65_1477846320.jpg:full_bright_fraction,image_quality,1-coins/65_1477846320.jpg,,full_bright_fraction,7.925254564803961,manual_review_required,pending,,
1-coins/75_1477849608.jpg:full_bright_fraction,image_quality,1-coins/75_1477849608.jpg,,full_bright_fraction,7.925254564803961,manual_review_required,pending,,
1-coins/75_1477850016.jpg:full_bright_fraction,image_quality,1-coins/75_1477850016.jpg,,full_bright_fraction,7.925254564803961,manual_review_required,pending,,
1-coins/80_1477850724.jpg:full_bright_fraction,image_quality,1-coins/80_1477850724.jpg,,full_bright_fraction,7.925254564803961,manual_review_required,pending,,
1-coins/80_1477851654.jpg:full_bright_fraction,image_quality,1-coins/80_1477851654.jpg,,full_bright_fraction,7.925254564803961,manual_review_required,pending,,
1-coins/85_1477852164.jpg:full_bright_fraction,image_quality,1-coins/85_1477852164.jpg,,full_bright_fraction,7.925254564803961,manual_review_required,pending,,
1-coins/40_1477790658.jpg:full_dark_fraction,image_quality,1-coins/40_1477790658.jpg,,full_dark_fraction,7.890277155157568,manual_review_required,pending,,
1-coins/10_1477788078.jpg:roi_dark_fraction_median,image_quality,1-coins/10_1477788078.jpg,,roi_dark_fraction_median,7.887608404303071,manual_review_required,pending,,
1-coins/100_1477154928.jpg:roi_dark_fraction_median,image_quality,1-coins/100_1477154928.jpg,,roi_dark_fraction_median,7.869603451910726,manual_review_required,pending,,
1-coins/100_1477279884.jpg:roi_dark_fraction_median,image_quality,1-coins/100_1477279884.jpg,,roi_dark_fraction_median,7.858420215558778,manual_review_required,pending,,
1-coins/55_1477843482.jpg:roi_dark_fraction_median,image_quality,1-coins/55_1477843482.jpg,,roi_dark_fraction_median,7.854901801110219,manual_review_required,pending,,
1-coins/100_1477155252.jpg:roi_dark_fraction_median,image_quality,1-coins/100_1477155252.jpg,,roi_dark_fraction_median,7.849837918727248,manual_review_required,pending,,
1-coins/100_1477194732.jpg:roi_dark_fraction_median,image_quality,1-coins/100_1477194732.jpg,,roi_dark_fraction_median,7.848026956754054,manual_review_required,pending,,
1-coins/50_1477283244.jpg:roi_dark_fraction_median,image_quality,1-coins/50_1477283244.jpg,,roi_dark_fraction_median,7.830930046020282,manual_review_required,pending,,
1-coins/50_1477140210.jpg:roi_dark_fraction_median,image_quality,1-coins/50_1477140210.jpg,,roi_dark_fraction_median,7.824124057190893,manual_review_required,pending,,
1-coins/10_1477147680.jpg:roi_dark_fraction_median,image_quality,1-coins/10_1477147680.jpg,,roi_dark_fraction_median,7.784706574513311,manual_review_required,pending,,
1-coins/10_1477788084.jpg:roi_dark_fraction_median,image_quality,1-coins/10_1477788084.jpg,,roi_dark_fraction_median,7.7740922676561395,manual_review_required,pending,,
1-coins/5_1477146876.jpg:roi_dark_fraction_median,image_quality,1-coins/5_1477146876.jpg,,roi_dark_fraction_median,7.763559106338016,manual_review_required,pending,,
1-coins/5_1477291788.jpg:roi_dark_fraction_median,image_quality,1-coins/5_1477291788.jpg,,roi_dark_fraction_median,7.757591290644959,manual_review_required,pending,,
1-coins/100_1477860618.jpg:full_bright_fraction,image_quality,1-coins/100_1477860618.jpg,,full_bright_fraction,7.756632127254939,manual_review_required,pending,,
1-coins/100_1477860696.jpg:full_bright_fraction,image_quality,1-coins/100_1477860696.jpg,,full_bright_fraction,7.756632127254939,manual_review_required,pending,,
1-coins/100_1477861170.jpg:full_bright_fraction,image_quality,1-coins/100_1477861170.jpg,,full_bright_fraction,7.756632127254939,manual_review_required,pending,,
1-coins/105_1479345336.jpg:full_bright_fraction,image_quality,1-coins/105_1479345336.jpg,,full_bright_fraction,7.756632127254939,manual_review_required,pending,,
1-coins/105_1479345342.jpg:full_bright_fraction,image_quality,1-coins/105_1479345342.jpg,,full_bright_fraction,7.756632127254939,manual_review_required,pending,,
1-coins/110_1479347442.jpg:full_bright_fraction,image_quality,1-coins/110_1479347442.jpg,,full_bright_fraction,7.756632127254939,manual_review_required,pending,,
1-coins/170_1479423228.jpg:full_bright_fraction,image_quality,1-coins/170_1479423228.jpg,,full_bright_fraction,7.756632127254939,manual_review_required,pending,,
1-coins/50_1477282206.jpg:full_bright_fraction,image_quality,1-coins/50_1477282206.jpg,,full_bright_fraction,7.756632127254939,manual_review_required,pending,,
1-coins/55_1477842666.jpg:full_bright_fraction,image_quality,1-coins/55_1477842666.jpg,,full_bright_fraction,7.756632127254939,manual_review_required,pending,,
1-coins/60_1477843908.jpg:full_bright_fraction,image_quality,1-coins/60_1477843908.jpg,,full_bright_fraction,7.756632127254939,manual_review_required,pending,,
1-coins/75_1477849482.jpg:full_bright_fraction,image_quality,1-coins/75_1477849482.jpg,,full_bright_fraction,7.756632127254939,manual_review_required,pending,,
1-coins/80_1477850868.jpg:full_bright_fraction,image_quality,1-coins/80_1477850868.jpg,,full_bright_fraction,7.756632127254939,manual_review_required,pending,,
1-coins/80_1477851144.jpg:full_bright_fraction,image_quality,1-coins/80_1477851144.jpg,,full_bright_fraction,7.756632127254939,manual_review_required,pending,,
1-coins/80_1477851732.jpg:full_bright_fraction,image_quality,1-coins/80_1477851732.jpg,,full_bright_fraction,7.756632127254939,manual_review_required,pending,,
1-coins/90_1477855620.jpg:full_bright_fraction,image_quality,1-coins/90_1477855620.jpg,,full_bright_fraction,7.756632127254939,manual_review_required,pending,,
1-coins/130_1477862082.jpg:roi_dark_fraction_median,image_quality,1-coins/130_1477862082.jpg,,roi_dark_fraction_median,7.755232958259442,manual_review_required,pending,,
1-coins/10_1477147452.jpg:roi_dark_fraction_median,image_quality,1-coins/10_1477147452.jpg,,roi_dark_fraction_median,7.741919300236024,manual_review_required,pending,,
1-coins/15_1477788480.jpg:roi_dark_fraction_median,image_quality,1-coins/15_1477788480.jpg,,roi_dark_fraction_median,7.718862692482835,manual_review_required,pending,,
1-coins/25_1477191510.jpg:roi_dark_fraction_median,image_quality,1-coins/25_1477191510.jpg,,roi_dark_fraction_median,7.686227685411709,manual_review_required,pending,,
1-coins/50_1477283592.jpg:roi_dark_fraction_median,image_quality,1-coins/50_1477283592.jpg,,roi_dark_fraction_median,7.678917047936769,manual_review_required,pending,,
1-coins/5_1477290012.jpg:roi_dark_fraction_median,image_quality,1-coins/5_1477290012.jpg,,roi_dark_fraction_median,7.677286072986635,manual_review_required,pending,,
1-coins/5_1477290600.jpg:roi_dark_fraction_median,image_quality,1-coins/5_1477290600.jpg,,roi_dark_fraction_median,7.668741288303972,manual_review_required,pending,,
1-coins/100_1477280322.jpg:roi_dark_fraction_median,image_quality,1-coins/100_1477280322.jpg,,roi_dark_fraction_median,7.659435510795461,manual_review_required,pending,,
1-coins/10_1477288284.jpg:roi_dark_fraction_median,image_quality,1-coins/10_1477288284.jpg,,roi_dark_fraction_median,7.653427972792416,manual_review_required,pending,,
1-coins/50_1477192842.jpg:roi_dark_fraction_median,image_quality,1-coins/50_1477192842.jpg,,roi_dark_fraction_median,7.650394876247839,manual_review_required,pending,,
1-coins/5_1477290810.jpg:roi_dark_fraction_median,image_quality,1-coins/5_1477290810.jpg,,roi_dark_fraction_median,7.650394876247839,manual_review_required,pending,,
1-coins/100_1477195764.jpg:full_bright_fraction,image_quality,1-coins/100_1477195764.jpg,,full_bright_fraction,7.588009689705919,manual_review_required,pending,,
1-coins/105_1479344712.jpg:full_bright_fraction,image_quality,1-coins/105_1479344712.jpg,,full_bright_fraction,7.588009689705919,manual_review_required,pending,,
1-coins/105_1479344736.jpg:full_bright_fraction,image_quality,1-coins/105_1479344736.jpg,,full_bright_fraction,7.588009689705919,manual_review_required,pending,,
1-coins/10_1477787952.jpg:full_bright_fraction,image_quality,1-coins/10_1477787952.jpg,,full_bright_fraction,7.588009689705919,manual_review_required,pending,,
1-coins/120_1479422916.jpg:full_bright_fraction,image_quality,1-coins/120_1479422916.jpg,,full_bright_fraction,7.588009689705919,manual_review_required,pending,,
1-coins/120_1479422982.jpg:full_bright_fraction,image_quality,1-coins/120_1479422982.jpg,,full_bright_fraction,7.588009689705919,manual_review_required,pending,,
1-coins/120_1479423072.jpg:full_bright_fraction,image_quality,1-coins/120_1479423072.jpg,,full_bright_fraction,7.588009689705919,manual_review_required,pending,,
1-coins/125_1479424686.jpg:full_bright_fraction,image_quality,1-coins/125_1479424686.jpg,,full_bright_fraction,7.588009689705919,manual_review_required,pending,,
1-coins/140_1479427464.jpg:full_bright_fraction,image_quality,1-coins/140_1479427464.jpg,,full_bright_fraction,7.588009689705919,manual_review_required,pending,,
1-coins/150_1479430290.jpg:full_bright_fraction,image_quality,1-coins/150_1479430290.jpg,,full_bright_fraction,7.588009689705919,manual_review_required,pending,,
1-coins/50_1477139844.jpg:full_bright_fraction,image_quality,1-coins/50_1477139844.jpg,,full_bright_fraction,7.588009689705919,manual_review_required,pending,,
1-coins/80_1477850664.jpg:full_bright_fraction,image_quality,1-coins/80_1477850664.jpg,,full_bright_fraction,7.588009689705919,manual_review_required,pending,,
1-coins/80_1477850940.jpg:full_bright_fraction,image_quality,1-coins/80_1477850940.jpg,,full_bright_fraction,7.588009689705919,manual_review_required,pending,,
1-coins/90_1477855752.jpg:full_bright_fraction,image_quality,1-coins/90_1477855752.jpg,,full_bright_fraction,7.588009689705919,manual_review_required,pending,,
1-coins/90_1477856988.jpg:full_bright_fraction,image_quality,1-coins/90_1477856988.jpg,,full_bright_fraction,7.588009689705919,manual_review_required,pending,,
1-coins/95_1477857738.jpg:full_bright_fraction,image_quality,1-coins/95_1477857738.jpg,,full_bright_fraction,7.588009689705919,manual_review_required,pending,,
1-coins/50_1477282440.jpg:roi_dark_fraction_median,image_quality,1-coins/50_1477282440.jpg,,roi_dark_fraction_median,7.576293551624062,manual_review_required,pending,,
1-coins/5_1477189122.jpg:roi_dark_fraction_median,image_quality,1-coins/5_1477189122.jpg,,roi_dark_fraction_median,7.500042273648368,manual_review_required,pending,,
1-coins/100_1477154940.jpg:roi_dark_fraction_median,image_quality,1-coins/100_1477154940.jpg,,roi_dark_fraction_median,7.494098576289247,manual_review_required,pending,,
1-coins/5_1477291908.jpg:roi_dark_fraction_median,image_quality,1-coins/5_1477291908.jpg,,roi_dark_fraction_median,7.488999587141298,manual_review_required,pending,,
1-coins/50_1477282080.jpg:roi_dark_fraction_median,image_quality,1-coins/50_1477282080.jpg,,roi_dark_fraction_median,7.48768898876411,manual_review_required,pending,,
1-coins/5_1477291914.jpg:roi_dark_fraction_median,image_quality,1-coins/5_1477291914.jpg,,roi_dark_fraction_median,7.454082001348192,manual_review_required,pending,,
1-coins/5_1477145496.jpg:roi_dark_fraction_median,image_quality,1-coins/5_1477145496.jpg,,roi_dark_fraction_median,7.435594560794938,manual_review_required,pending,,
1-coins/100_1477194816.jpg:roi_dark_fraction_median,image_quality,1-coins/100_1477194816.jpg,,roi_dark_fraction_median,7.429040488277558,manual_review_required,pending,,
1-coins/100_1477194894.jpg:roi_dark_fraction_median,image_quality,1-coins/100_1477194894.jpg,,roi_dark_fraction_median,7.423086318307212,manual_review_required,pending,,
1-coins/150_1479430344.jpg:roi_dark_fraction_median,image_quality,1-coins/150_1479430344.jpg,,roi_dark_fraction_median,7.422431426436175,manual_review_required,pending,,
1-coins/100_1477858152.jpg:full_bright_fraction,image_quality,1-coins/100_1477858152.jpg,,full_bright_fraction,7.4193872521568975,manual_review_required,pending,,
1-coins/100_1477860606.jpg:full_bright_fraction,image_quality,1-coins/100_1477860606.jpg,,full_bright_fraction,7.4193872521568975,manual_review_required,pending,,
1-coins/100_1477861146.jpg:full_bright_fraction,image_quality,1-coins/100_1477861146.jpg,,full_bright_fraction,7.4193872521568975,manual_review_required,pending,,
1-coins/100_1477861344.jpg:full_bright_fraction,image_quality,1-coins/100_1477861344.jpg,,full_bright_fraction,7.4193872521568975,manual_review_required,pending,,
1-coins/105_1479345372.jpg:full_bright_fraction,image_quality,1-coins/105_1479345372.jpg,,full_bright_fraction,7.4193872521568975,manual_review_required,pending,,
1-coins/120_1479351642.jpg:full_bright_fraction,image_quality,1-coins/120_1479351642.jpg,,full_bright_fraction,7.4193872521568975,manual_review_required,pending,,
1-coins/120_1479423078.jpg:full_bright_fraction,image_quality,1-coins/120_1479423078.jpg,,full_bright_fraction,7.4193872521568975,manual_review_required,pending,,
1-coins/130_1477862916.jpg:full_bright_fraction,image_quality,1-coins/130_1477862916.jpg,,full_bright_fraction,7.4193872521568975,manual_review_required,pending,,
1-coins/150_1477864188.jpg:full_bright_fraction,image_quality,1-coins/150_1477864188.jpg,,full_bright_fraction,7.4193872521568975,manual_review_required,pending,,
1-coins/150_1479429606.jpg:full_bright_fraction,image_quality,1-coins/150_1479429606.jpg,,full_bright_fraction,7.4193872521568975,manual_review_required,pending,,
1-coins/150_1479429618.jpg:full_bright_fraction,image_quality,1-coins/150_1479429618.jpg,,full_bright_fraction,7.4193872521568975,manual_review_required,pending,,
1-coins/150_1479430278.jpg:full_bright_fraction,image_quality,1-coins/150_1479430278.jpg,,full_bright_fraction,7.4193872521568975,manual_review_required,pending,,
1-coins/55_1477842390.jpg:full_bright_fraction,image_quality,1-coins/55_1477842390.jpg,,full_bright_fraction,7.4193872521568975,manual_review_required,pending,,
1-coins/60_1477845408.jpg:full_bright_fraction,image_quality,1-coins/60_1477845408.jpg,,full_bright_fraction,7.4193872521568975,manual_review_required,pending,,
1-coins/65_1477846266.jpg:full_bright_fraction,image_quality,1-coins/65_1477846266.jpg,,full_bright_fraction,7.4193872521568975,manual_review_required,pending,,
1-coins/65_1477846494.jpg:full_bright_fraction,image_quality,1-coins/65_1477846494.jpg,,full_bright_fraction,7.4193872521568975,manual_review_required,pending,,
1-coins/70_1477846812.jpg:full_bright_fraction,image_quality,1-coins/70_1477846812.jpg,,full_bright_fraction,7.4193872521568975,manual_review_required,pending,,
1-coins/70_1477849254.jpg:full_bright_fraction,image_quality,1-coins/70_1477849254.jpg,,full_bright_fraction,7.4193872521568975,manual_review_required,pending,,
1-coins/75_1477849980.jpg:full_bright_fraction,image_quality,1-coins/75_1477849980.jpg,,full_bright_fraction,7.4193872521568975,manual_review_required,pending,,
1-coins/85_1477852944.jpg:full_bright_fraction,image_quality,1-coins/85_1477852944.jpg,,full_bright_fraction,7.4193872521568975,manual_review_required,pending,,
1-coins/100_1477194798.jpg:roi_dark_fraction_median,image_quality,1-coins/100_1477194798.jpg,,roi_dark_fraction_median,7.403739073419159,manual_review_required,pending,,
1-coins/100_1477279908.jpg:roi_brightness_median,image_quality,1-coins/100_1477279908.jpg,,roi_brightness_median,7.395800103701341,manual_review_required,pending,,
1-coins/50_1477192782.jpg:roi_dark_fraction_median,image_quality,1-coins/50_1477192782.jpg,,roi_dark_fraction_median,7.383862553750345,manual_review_required,pending,,
1-coins/50_1477282584.jpg:roi_dark_fraction_median,image_quality,1-coins/50_1477282584.jpg,,roi_dark_fraction_median,7.3739897889352575,manual_review_required,pending,,
1-coins/100_1477155246.jpg:roi_dark_fraction_median,image_quality,1-coins/100_1477155246.jpg,,roi_dark_fraction_median,7.367677178649432,manual_review_required,pending,,
1-coins/100_1477195620.jpg:roi_dark_fraction_median,image_quality,1-coins/100_1477195620.jpg,,roi_dark_fraction_median,7.341893091438864,manual_review_required,pending,,
1-coins/50_1477283454.jpg:roi_dark_fraction_median,image_quality,1-coins/50_1477283454.jpg,,roi_dark_fraction_median,7.330843125652047,manual_review_required,pending,,
1-coins/150_1477864188.jpg:full_dark_fraction,image_quality,1-coins/150_1477864188.jpg,,full_dark_fraction,7.276345308229865,manual_review_required,pending,,
1-coins/25_1477154214.jpg:roi_dark_fraction_median,image_quality,1-coins/25_1477154214.jpg,,roi_dark_fraction_median,7.270807251865856,manual_review_required,pending,,
1-coins/100_1477195668.jpg:roi_dark_fraction_median,image_quality,1-coins/100_1477195668.jpg,,roi_dark_fraction_median,7.2622656094769855,manual_review_required,pending,,
1-coins/100_1477860804.jpg:full_bright_fraction,image_quality,1-coins/100_1477860804.jpg,,full_bright_fraction,7.250764814607878,manual_review_required,pending,,
1-coins/100_1477860906.jpg:full_bright_fraction,image_quality,1-coins/100_1477860906.jpg,,full_bright_fraction,7.250764814607878,manual_review_required,pending,,
1-coins/105_1479345396.jpg:full_bright_fraction,image_quality,1-coins/105_1479345396.jpg,,full_bright_fraction,7.250764814607878,manual_review_required,pending,,
1-coins/110_1479345714.jpg:full_bright_fraction,image_quality,1-coins/110_1479345714.jpg,,full_bright_fraction,7.250764814607878,manual_review_required,pending,,
1-coins/130_1477862466.jpg:full_bright_fraction,image_quality,1-coins/130_1477862466.jpg,,full_bright_fraction,7.250764814607878,manual_review_required,pending,,
1-coins/130_1477862850.jpg:full_bright_fraction,image_quality,1-coins/130_1477862850.jpg,,full_bright_fraction,7.250764814607878,manual_review_required,pending,,
1-coins/130_1477862928.jpg:full_bright_fraction,image_quality,1-coins/130_1477862928.jpg,,full_bright_fraction,7.250764814607878,manual_review_required,pending,,
1-coins/135_1479426930.jpg:full_bright_fraction,image_quality,1-coins/135_1479426930.jpg,,full_bright_fraction,7.250764814607878,manual_review_required,pending,,
1-coins/145_1479428940.jpg:full_bright_fraction,image_quality,1-coins/145_1479428940.jpg,,full_bright_fraction,7.250764814607878,manual_review_required,pending,,
1-coins/145_1479428976.jpg:full_bright_fraction,image_quality,1-coins/145_1479428976.jpg,,full_bright_fraction,7.250764814607878,manual_review_required,pending,,
1-coins/150_1479429600.jpg:full_bright_fraction,image_quality,1-coins/150_1479429600.jpg,,full_bright_fraction,7.250764814607878,manual_review_required,pending,,
1-coins/175_1479423432.jpg:full_bright_fraction,image_quality,1-coins/175_1479423432.jpg,,full_bright_fraction,7.250764814607878,manual_review_required,pending,,
1-coins/175_1479423738.jpg:full_bright_fraction,image_quality,1-coins/175_1479423738.jpg,,full_bright_fraction,7.250764814607878,manual_review_required,pending,,
1-coins/50_1477139898.jpg:full_bright_fraction,image_quality,1-coins/50_1477139898.jpg,,full_bright_fraction,7.250764814607878,manual_review_required,pending,,
1-coins/50_1477144632.jpg:full_bright_fraction,image_quality,1-coins/50_1477144632.jpg,,full_bright_fraction,7.250764814607878,manual_review_required,pending,,
1-coins/50_1477192794.jpg:full_bright_fraction,image_quality,1-coins/50_1477192794.jpg,,full_bright_fraction,7.250764814607878,manual_review_required,pending,,
1-coins/65_1477846290.jpg:full_bright_fraction,image_quality,1-coins/65_1477846290.jpg,,full_bright_fraction,7.250764814607878,manual_review_required,pending,,
1-coins/65_1477846308.jpg:full_bright_fraction,image_quality,1-coins/65_1477846308.jpg,,full_bright_fraction,7.250764814607878,manual_review_required,pending,,
1-coins/70_1477846824.jpg:full_bright_fraction,image_quality,1-coins/70_1477846824.jpg,,full_bright_fraction,7.250764814607878,manual_review_required,pending,,
1-coins/70_1477848936.jpg:full_bright_fraction,image_quality,1-coins/70_1477848936.jpg,,full_bright_fraction,7.250764814607878,manual_review_required,pending,,
1-coins/75_1477849986.jpg:full_bright_fraction,image_quality,1-coins/75_1477849986.jpg,,full_bright_fraction,7.250764814607878,manual_review_required,pending,,
1-coins/75_1477850010.jpg:full_bright_fraction,image_quality,1-coins/75_1477850010.jpg,,full_bright_fraction,7.250764814607878,manual_review_required,pending,,
1-coins/75_1477850466.jpg:full_bright_fraction,image_quality,1-coins/75_1477850466.jpg,,full_bright_fraction,7.250764814607878,manual_review_required,pending,,
1-coins/80_1477850922.jpg:full_bright_fraction,image_quality,1-coins/80_1477850922.jpg,,full_bright_fraction,7.250764814607878,manual_review_required,pending,,
1-coins/90_1477855650.jpg:full_bright_fraction,image_quality,1-coins/90_1477855650.jpg,,full_bright_fraction,7.250764814607878,manual_review_required,pending,,
1-coins/90_1477855758.jpg:full_bright_fraction,image_quality,1-coins/90_1477855758.jpg,,full_bright_fraction,7.250764814607878,manual_review_required,pending,,
1-coins/150_1479430350.jpg:roi_dark_fraction_median,image_quality,1-coins/150_1479430350.jpg,,roi_dark_fraction_median,7.247567788621735,manual_review_required,pending,,
1-coins/100_1477280556.jpg:roi_dark_fraction_median,image_quality,1-coins/100_1477280556.jpg,,roi_dark_fraction_median,7.239387698620941,manual_review_required,pending,,
1-coins/100_1477858974.jpg:roi_dark_fraction_median,image_quality,1-coins/100_1477858974.jpg,,roi_dark_fraction_median,7.2276815510790415,manual_review_required,pending,,
1-coins/25_1477191606.jpg:roi_dark_fraction_median,image_quality,1-coins/25_1477191606.jpg,,roi_dark_fraction_median,7.186272739941197,manual_review_required,pending,,
1-coins/130_1477862082.jpg:full_dark_fraction,image_quality,1-coins/130_1477862082.jpg,,full_dark_fraction,7.185508453327297,manual_review_required,pending,,
1-coins/5_1477147032.jpg:roi_dark_fraction_median,image_quality,1-coins/5_1477147032.jpg,,roi_dark_fraction_median,7.163499029965928,manual_review_required,pending,,
1-coins/50_1477194480.jpg:roi_dark_fraction_median,image_quality,1-coins/50_1477194480.jpg,,roi_dark_fraction_median,7.162480693341019,manual_review_required,pending,,
1-coins/100_1477154646.jpg:roi_dark_fraction_median,image_quality,1-coins/100_1477154646.jpg,,roi_dark_fraction_median,7.157001993298442,manual_review_required,pending,,
1-coins/75_1477849440.jpg:full_brightness_mean,image_quality,1-coins/75_1477849440.jpg,,full_brightness_mean,7.1495885683092055,manual_review_required,pending,,
1-coins/50_1477282866.jpg:roi_dark_fraction_median,image_quality,1-coins/50_1477282866.jpg,,roi_dark_fraction_median,7.128691694596394,manual_review_required,pending,,
1-coins/60_1477844070.jpg:roi_dark_fraction_median,image_quality,1-coins/60_1477844070.jpg,,roi_dark_fraction_median,7.128614545418849,manual_review_required,pending,,
1-coins/100_1477281636.jpg:roi_dark_fraction_median,image_quality,1-coins/100_1477281636.jpg,,roi_dark_fraction_median,7.128011974577426,manual_review_required,pending,,
1-coins/10_1477187046.jpg:roi_dark_fraction_median,image_quality,1-coins/10_1477187046.jpg,,roi_dark_fraction_median,7.125331567137912,manual_review_required,pending,,
1-coins/80_1477851996.jpg:full_dark_fraction,image_quality,1-coins/80_1477851996.jpg,,full_dark_fraction,7.117641837595495,manual_review_required,pending,,
1-coins/70_1477848894.jpg:roi_dark_fraction_median,image_quality,1-coins/70_1477848894.jpg,,roi_dark_fraction_median,7.114890835982226,manual_review_required,pending,,
1-coins/5_1477292142.jpg:roi_dark_fraction_median,image_quality,1-coins/5_1477292142.jpg,,roi_dark_fraction_median,7.112570941471902,manual_review_required,pending,,
1-coins/100_1477155054.jpg:roi_dark_fraction_median,image_quality,1-coins/100_1477155054.jpg,,roi_dark_fraction_median,7.092032010629407,manual_review_required,pending,,
1-coins/100_1477279830.jpg:roi_dark_fraction_median,image_quality,1-coins/100_1477279830.jpg,,roi_dark_fraction_median,7.087182081343804,manual_review_required,pending,,
1-coins/100_1477279590.jpg:full_bright_fraction,image_quality,1-coins/100_1477279590.jpg,,full_bright_fraction,7.082142377058856,manual_review_required,pending,,
1-coins/100_1477860684.jpg:full_bright_fraction,image_quality,1-coins/100_1477860684.jpg,,full_bright_fraction,7.082142377058856,manual_review_required,pending,,
1-coins/105_1479344454.jpg:full_bright_fraction,image_quality,1-coins/105_1479344454.jpg,,full_bright_fraction,7.082142377058856,manual_review_required,pending,,
1-coins/105_1479344724.jpg:full_bright_fraction,image_quality,1-coins/105_1479344724.jpg,,full_bright_fraction,7.082142377058856,manual_review_required,pending,,
1-coins/105_1479344730.jpg:full_bright_fraction,image_quality,1-coins/105_1479344730.jpg,,full_bright_fraction,7.082142377058856,manual_review_required,pending,,
1-coins/105_1479344772.jpg:full_bright_fraction,image_quality,1-coins/105_1479344772.jpg,,full_bright_fraction,7.082142377058856,manual_review_required,pending,,
1-coins/105_1479345294.jpg:full_bright_fraction,image_quality,1-coins/105_1479345294.jpg,,full_bright_fraction,7.082142377058856,manual_review_required,pending,,
1-coins/110_1479345666.jpg:full_bright_fraction,image_quality,1-coins/110_1479345666.jpg,,full_bright_fraction,7.082142377058856,manual_review_required,pending,,
1-coins/110_1479345726.jpg:full_bright_fraction,image_quality,1-coins/110_1479345726.jpg,,full_bright_fraction,7.082142377058856,manual_review_required,pending,,
1-coins/110_1479345744.jpg:full_bright_fraction,image_quality,1-coins/110_1479345744.jpg,,full_bright_fraction,7.082142377058856,manual_review_required,pending,,
1-coins/120_1479423060.jpg:full_bright_fraction,image_quality,1-coins/120_1479423060.jpg,,full_bright_fraction,7.082142377058856,manual_review_required,pending,,
1-coins/120_1479423066.jpg:full_bright_fraction,image_quality,1-coins/120_1479423066.jpg,,full_bright_fraction,7.082142377058856,manual_review_required,pending,,
1-coins/135_1479426864.jpg:full_bright_fraction,image_quality,1-coins/135_1479426864.jpg,,full_bright_fraction,7.082142377058856,manual_review_required,pending,,
1-coins/135_1479426882.jpg:full_bright_fraction,image_quality,1-coins/135_1479426882.jpg,,full_bright_fraction,7.082142377058856,manual_review_required,pending,,
1-coins/150_1479429612.jpg:full_bright_fraction,image_quality,1-coins/150_1479429612.jpg,,full_bright_fraction,7.082142377058856,manual_review_required,pending,,
1-coins/150_1479430314.jpg:full_bright_fraction,image_quality,1-coins/150_1479430314.jpg,,full_bright_fraction,7.082142377058856,manual_review_required,pending,,
1-coins/170_1479423192.jpg:full_bright_fraction,image_quality,1-coins/170_1479423192.jpg,,full_bright_fraction,7.082142377058856,manual_review_required,pending,,
1-coins/55_1477839000.jpg:full_bright_fraction,image_quality,1-coins/55_1477839000.jpg,,full_bright_fraction,7.082142377058856,manual_review_required,pending,,
1-coins/80_1477851846.jpg:full_bright_fraction,image_quality,1-coins/80_1477851846.jpg,,full_bright_fraction,7.082142377058856,manual_review_required,pending,,
1-coins/90_1477855764.jpg:full_bright_fraction,image_quality,1-coins/90_1477855764.jpg,,full_bright_fraction,7.082142377058856,manual_review_required,pending,,
1-coins/100_1477155324.jpg:roi_dark_fraction_median,image_quality,1-coins/100_1477155324.jpg,,roi_dark_fraction_median,7.071301107954787,manual_review_required,pending,,
1-coins/100_1477155012.jpg:roi_dark_fraction_median,image_quality,1-coins/100_1477155012.jpg,,roi_dark_fraction_median,7.0696393817661045,manual_review_required,pending,,
1-coins/80_1477851960.jpg:roi_dark_fraction_median,image_quality,1-coins/80_1477851960.jpg,,roi_dark_fraction_median,7.065699660881661,manual_review_required,pending,,
1-coins/10_1477187142.jpg:roi_dark_fraction_median,image_quality,1-coins/10_1477187142.jpg,,roi_dark_fraction_median,7.057716797399647,manual_review_required,pending,,
1-coins/100_1477195674.jpg:roi_dark_fraction_median,image_quality,1-coins/100_1477195674.jpg,,roi_dark_fraction_median,7.055551644683157,manual_review_required,pending,,
1-coins/5_1477290414.jpg:roi_dark_fraction_median,image_quality,1-coins/5_1477290414.jpg,,roi_dark_fraction_median,7.053046259331069,manual_review_required,pending,,
1-coins/10_1477788030.jpg:roi_dark_fraction_median,image_quality,1-coins/10_1477788030.jpg,,roi_dark_fraction_median,7.0514644063037775,manual_review_required,pending,,
1-coins/25_1477287222.jpg:roi_dark_fraction_median,image_quality,1-coins/25_1477287222.jpg,,roi_dark_fraction_median,7.046263207402544,manual_review_required,pending,,
1-coins/5_1477188648.jpg:roi_dark_fraction_median,image_quality,1-coins/5_1477188648.jpg,,roi_dark_fraction_median,7.040258582980424,manual_review_required,pending,,
1-coins/50_1477193610.jpg:roi_dark_fraction_median,image_quality,1-coins/50_1477193610.jpg,,roi_dark_fraction_median,7.031897351255512,manual_review_required,pending,,
1-coins/25_1477191162.jpg:roi_dark_fraction_median,image_quality,1-coins/25_1477191162.jpg,,roi_dark_fraction_median,7.020193363513436,manual_review_required,pending,,
1-coins/25_1477285932.jpg:roi_dark_fraction_median,image_quality,1-coins/25_1477285932.jpg,,roi_dark_fraction_median,7.013932846547085,manual_review_required,pending,,
1-coins/100_1477195290.jpg:roi_dark_fraction_median,image_quality,1-coins/100_1477195290.jpg,,roi_dark_fraction_median,7.012029765735693,manual_review_required,pending,,
1-coins/5_1477145562.jpg:roi_dark_fraction_median,image_quality,1-coins/5_1477145562.jpg,,roi_dark_fraction_median,7.005555246548639,manual_review_required,pending,,
1-coins/100_1477154712.jpg:roi_dark_fraction_median,image_quality,1-coins/100_1477154712.jpg,,roi_dark_fraction_median,6.992282022726489,manual_review_required,pending,,
1-coins/70_1477848936.jpg:roi_dark_fraction_median,image_quality,1-coins/70_1477848936.jpg,,roi_dark_fraction_median,6.976930792336093,manual_review_required,pending,,
1-coins/100_1477154484.jpg:full_bright_fraction,image_quality,1-coins/100_1477154484.jpg,,full_bright_fraction,6.913519939509836,manual_review_required,pending,,
1-coins/105_1479344766.jpg:full_bright_fraction,image_quality,1-coins/105_1479344766.jpg,,full_bright_fraction,6.913519939509836,manual_review_required,pending,,
1-coins/110_1479345720.jpg:full_bright_fraction,image_quality,1-coins/110_1479345720.jpg,,full_bright_fraction,6.913519939509836,manual_review_required,pending,,
1-coins/130_1477862460.jpg:full_bright_fraction,image_quality,1-coins/130_1477862460.jpg,,full_bright_fraction,6.913519939509836,manual_review_required,pending,,
1-coins/140_1479427452.jpg:full_bright_fraction,image_quality,1-coins/140_1479427452.jpg,,full_bright_fraction,6.913519939509836,manual_review_required,pending,,
1-coins/145_1479427542.jpg:full_bright_fraction,image_quality,1-coins/145_1479427542.jpg,,full_bright_fraction,6.913519939509836,manual_review_required,pending,,
1-coins/145_1479428934.jpg:full_bright_fraction,image_quality,1-coins/145_1479428934.jpg,,full_bright_fraction,6.913519939509836,manual_review_required,pending,,
1-coins/145_1479428958.jpg:full_bright_fraction,image_quality,1-coins/145_1479428958.jpg,,full_bright_fraction,6.913519939509836,manual_review_required,pending,,
1-coins/150_1479429492.jpg:full_bright_fraction,image_quality,1-coins/150_1479429492.jpg,,full_bright_fraction,6.913519939509836,manual_review_required,pending,,
1-coins/25_1477191720.jpg:full_bright_fraction,image_quality,1-coins/25_1477191720.jpg,,full_bright_fraction,6.913519939509836,manual_review_required,pending,,
1-coins/50_1477144608.jpg:full_bright_fraction,image_quality,1-coins/50_1477144608.jpg,,full_bright_fraction,6.913519939509836,manual_review_required,pending,,
1-coins/50_1477283472.jpg:full_bright_fraction,image_quality,1-coins/50_1477283472.jpg,,full_bright_fraction,6.913519939509836,manual_review_required,pending,,
1-coins/60_1477845396.jpg:full_bright_fraction,image_quality,1-coins/60_1477845396.jpg,,full_bright_fraction,6.913519939509836,manual_review_required,pending,,
1-coins/65_1477846254.jpg:full_bright_fraction,image_quality,1-coins/65_1477846254.jpg,,full_bright_fraction,6.913519939509836,manual_review_required,pending,,
1-coins/65_1477846314.jpg:full_bright_fraction,image_quality,1-coins/65_1477846314.jpg,,full_bright_fraction,6.913519939509836,manual_review_required,pending,,
1-coins/80_1477850628.jpg:full_bright_fraction,image_quality,1-coins/80_1477850628.jpg,,full_bright_fraction,6.913519939509836,manual_review_required,pending,,
1-coins/95_1477857906.jpg:full_bright_fraction,image_quality,1-coins/95_1477857906.jpg,,full_bright_fraction,6.913519939509836,manual_review_required,pending,,
1-coins/100_1477194696.jpg:roi_dark_fraction_median,image_quality,1-coins/100_1477194696.jpg,,roi_dark_fraction_median,6.884121814102028,manual_review_required,pending,,
1-coins/60_1477845300.jpg:full_brightness_mean,image_quality,1-coins/60_1477845300.jpg,,full_brightness_mean,6.881543053949746,manual_review_required,pending,,
1-coins/50_1477283490.jpg:roi_dark_fraction_median,image_quality,1-coins/50_1477283490.jpg,,roi_dark_fraction_median,6.866636933068866,manual_review_required,pending,,
1-coins/100_1477279902.jpg:roi_brightness_median,image_quality,1-coins/100_1477279902.jpg,,roi_brightness_median,6.840295431184733,manual_review_required,pending,,
1-coins/10_1477149066.jpg:roi_dark_fraction_median,image_quality,1-coins/10_1477149066.jpg,,roi_dark_fraction_median,6.837965563810312,manual_review_required,pending,,
1-coins/10_1477147710.jpg:roi_dark_fraction_median,image_quality,1-coins/10_1477147710.jpg,,roi_dark_fraction_median,6.830569079375102,manual_review_required,pending,,
1-coins/5_1477188654.jpg:roi_dark_fraction_median,image_quality,1-coins/5_1477188654.jpg,,roi_dark_fraction_median,6.829897842971072,manual_review_required,pending,,
1-coins/70_1477848996.jpg:roi_dark_fraction_median,image_quality,1-coins/70_1477848996.jpg,,roi_dark_fraction_median,6.826899352695575,manual_review_required,pending,,
1-coins/80_1477850808.jpg:full_brightness_mean,image_quality,1-coins/80_1477850808.jpg,,full_brightness_mean,6.823062717912903,manual_review_required,pending,,
1-coins/25_1477286190.jpg:roi_dark_fraction_median,image_quality,1-coins/25_1477286190.jpg,,roi_dark_fraction_median,6.8225101683154,manual_review_required,pending,,
1-coins/50_1477192806.jpg:roi_dark_fraction_median,image_quality,1-coins/50_1477192806.jpg,,roi_dark_fraction_median,6.816685356087852,manual_review_required,pending,,
1-coins/50_1477282002.jpg:roi_dark_fraction_median,image_quality,1-coins/50_1477282002.jpg,,roi_dark_fraction_median,6.780049002658769,manual_review_required,pending,,
1-coins/10_1477288440.jpg:roi_dark_fraction_median,image_quality,1-coins/10_1477288440.jpg,,roi_dark_fraction_median,6.7633410169659856,manual_review_required,pending,,
1-coins/100_1477858662.jpg:full_bright_fraction,image_quality,1-coins/100_1477858662.jpg,,full_bright_fraction,6.744897501960817,manual_review_required,pending,,
1-coins/105_1479344826.jpg:full_bright_fraction,image_quality,1-coins/105_1479344826.jpg,,full_bright_fraction,6.744897501960817,manual_review_required,pending,,
1-coins/105_1479345390.jpg:full_bright_fraction,image_quality,1-coins/105_1479345390.jpg,,full_bright_fraction,6.744897501960817,manual_review_required,pending,,
1-coins/110_1479345660.jpg:full_bright_fraction,image_quality,1-coins/110_1479345660.jpg,,full_bright_fraction,6.744897501960817,manual_review_required,pending,,
1-coins/110_1479345738.jpg:full_bright_fraction,image_quality,1-coins/110_1479345738.jpg,,full_bright_fraction,6.744897501960817,manual_review_required,pending,,
1-coins/110_1479347448.jpg:full_bright_fraction,image_quality,1-coins/110_1479347448.jpg,,full_bright_fraction,6.744897501960817,manual_review_required,pending,,
1-coins/115_1479349530.jpg:full_bright_fraction,image_quality,1-coins/115_1479349530.jpg,,full_bright_fraction,6.744897501960817,manual_review_required,pending,,
1-coins/120_1479422928.jpg:full_bright_fraction,image_quality,1-coins/120_1479422928.jpg,,full_bright_fraction,6.744897501960817,manual_review_required,pending,,
1-coins/140_1479427446.jpg:full_bright_fraction,image_quality,1-coins/140_1479427446.jpg,,full_bright_fraction,6.744897501960817,manual_review_required,pending,,
1-coins/145_1479427536.jpg:full_bright_fraction,image_quality,1-coins/145_1479427536.jpg,,full_bright_fraction,6.744897501960817,manual_review_required,pending,,
1-coins/145_1479428928.jpg:full_bright_fraction,image_quality,1-coins/145_1479428928.jpg,,full_bright_fraction,6.744897501960817,manual_review_required,pending,,
1-coins/145_1479428952.jpg:full_bright_fraction,image_quality,1-coins/145_1479428952.jpg,,full_bright_fraction,6.744897501960817,manual_review_required,pending,,
1-coins/150_1477864254.jpg:full_bright_fraction,image_quality,1-coins/150_1477864254.jpg,,full_bright_fraction,6.744897501960817,manual_review_required,pending,,
1-coins/150_1479429696.jpg:full_bright_fraction,image_quality,1-coins/150_1479429696.jpg,,full_bright_fraction,6.744897501960817,manual_review_required,pending,,
1-coins/150_1479430116.jpg:full_bright_fraction,image_quality,1-coins/150_1479430116.jpg,,full_bright_fraction,6.744897501960817,manual_review_required,pending,,
1-coins/150_1479430308.jpg:full_bright_fraction,image_quality,1-coins/150_1479430308.jpg,,full_bright_fraction,6.744897501960817,manual_review_required,pending,,
1-coins/170_1479423252.jpg:full_bright_fraction,image_quality,1-coins/170_1479423252.jpg,,full_bright_fraction,6.744897501960817,manual_review_required,pending,,
1-coins/175_1479423420.jpg:full_bright_fraction,image_quality,1-coins/175_1479423420.jpg,,full_bright_fraction,6.744897501960817,manual_review_required,pending,,
1-coins/175_1479423426.jpg:full_bright_fraction,image_quality,1-coins/175_1479423426.jpg,,full_bright_fraction,6.744897501960817,manual_review_required,pending,,
1-coins/45_1477835856.jpg:full_bright_fraction,image_quality,1-coins/45_1477835856.jpg,,full_bright_fraction,6.744897501960817,manual_review_required,pending,,
1-coins/55_1477842678.jpg:full_bright_fraction,image_quality,1-coins/55_1477842678.jpg,,full_bright_fraction,6.744897501960817,manual_review_required,pending,,
1-coins/65_1477846224.jpg:full_bright_fraction,image_quality,1-coins/65_1477846224.jpg,,full_bright_fraction,6.744897501960817,manual_review_required,pending,,
1-coins/80_1477851180.jpg:full_bright_fraction,image_quality,1-coins/80_1477851180.jpg,,full_bright_fraction,6.744897501960817,manual_review_required,pending,,
1-coins/90_1477855638.jpg:full_bright_fraction,image_quality,1-coins/90_1477855638.jpg,,full_bright_fraction,6.744897501960817,manual_review_required,pending,,
1-coins/95_1477858056.jpg:full_bright_fraction,image_quality,1-coins/95_1477858056.jpg,,full_bright_fraction,6.744897501960817,manual_review_required,pending,,
1-coins/50_1477144590.jpg:roi_dark_fraction_median,image_quality,1-coins/50_1477144590.jpg,,roi_dark_fraction_median,6.744421653810985,manual_review_required,pending,,
1-coins/100_1477194810.jpg:roi_dark_fraction_median,image_quality,1-coins/100_1477194810.jpg,,roi_dark_fraction_median,6.740004170523503,manual_review_required,pending,,
1-coins/50_1477144536.jpg:roi_dark_fraction_median,image_quality,1-coins/50_1477144536.jpg,,roi_dark_fraction_median,6.720092524485999,manual_review_required,pending,,
1-coins/145_1479427620.jpg:full_dark_fraction,image_quality,1-coins/145_1479427620.jpg,,full_dark_fraction,6.709398041424182,manual_review_required,pending,,
1-coins/100_1477194792.jpg:roi_dark_fraction_median,image_quality,1-coins/100_1477194792.jpg,,roi_dark_fraction_median,6.695322862064015,manual_review_required,pending,,
1-coins/100_1477281252.jpg:roi_dark_fraction_median,image_quality,1-coins/100_1477281252.jpg,,roi_dark_fraction_median,6.69451242920857,manual_review_required,pending,,
1-coins/5_1477290018.jpg:roi_dark_fraction_median,image_quality,1-coins/5_1477290018.jpg,,roi_dark_fraction_median,6.691275525897419,manual_review_required,pending,,
1-coins/50_1477144500.jpg:roi_dark_fraction_median,image_quality,1-coins/50_1477144500.jpg,,roi_dark_fraction_median,6.686750624022761,manual_review_required,pending,,
1-coins/100_1477155018.jpg:roi_dark_fraction_median,image_quality,1-coins/100_1477155018.jpg,,roi_dark_fraction_median,6.659786712852906,manual_review_required,pending,,
1-coins/100_1477194738.jpg:roi_dark_fraction_median,image_quality,1-coins/100_1477194738.jpg,,roi_dark_fraction_median,6.65716354484913,manual_review_required,pending,,
1-coins/25_1477287180.jpg:roi_dark_fraction_median,image_quality,1-coins/25_1477287180.jpg,,roi_dark_fraction_median,6.651871342645999,manual_review_required,pending,,
1-coins/50_1477194528.jpg:roi_dark_fraction_median,image_quality,1-coins/50_1477194528.jpg,,roi_dark_fraction_median,6.650977528106771,manual_review_required,pending,,
1-coins/100_1477195026.jpg:roi_dark_fraction_median,image_quality,1-coins/100_1477195026.jpg,,roi_dark_fraction_median,6.649069103354501,manual_review_required,pending,,
1-coins/100_1477195464.jpg:roi_dark_fraction_median,image_quality,1-coins/100_1477195464.jpg,,roi_dark_fraction_median,6.645515163752712,manual_review_required,pending,,
1-coins/100_1477194912.jpg:roi_dark_fraction_median,image_quality,1-coins/100_1477194912.jpg,,roi_dark_fraction_median,6.620149994520079,manual_review_required,pending,,
1-coins/50_1477192956.jpg:roi_dark_fraction_median,image_quality,1-coins/50_1477192956.jpg,,roi_dark_fraction_median,6.618258456974712,manual_review_required,pending,,
1-coins/100_1477858962.jpg:roi_dark_fraction_median,image_quality,1-coins/100_1477858962.jpg,,roi_dark_fraction_median,6.617113429373797,manual_review_required,pending,,
1-coins/5_1477290210.jpg:roi_dark_fraction_median,image_quality,1-coins/5_1477290210.jpg,,roi_dark_fraction_median,6.592970149856344,manual_review_required,pending,,
1-coins/80_1477851990.jpg:full_dark_fraction,image_quality,1-coins/80_1477851990.jpg,,full_dark_fraction,6.588282234887423,manual_review_required,pending,,
1-coins/100_1477195728.jpg:full_bright_fraction,image_quality,1-coins/100_1477195728.jpg,,full_bright_fraction,6.576275064411797,manual_review_required,pending,,
1-coins/100_1477861206.jpg:full_bright_fraction,image_quality,1-coins/100_1477861206.jpg,,full_bright_fraction,6.576275064411797,manual_review_required,pending,,
1-coins/100_1477861212.jpg:full_bright_fraction,image_quality,1-coins/100_1477861212.jpg,,full_bright_fraction,6.576275064411797,manual_review_required,pending,,
1-coins/10_1477147524.jpg:full_bright_fraction,image_quality,1-coins/10_1477147524.jpg,,full_bright_fraction,6.576275064411797,manual_review_required,pending,,
1-coins/10_1477288242.jpg:full_bright_fraction,image_quality,1-coins/10_1477288242.jpg,,full_bright_fraction,6.576275064411797,manual_review_required,pending,,
1-coins/120_1479423024.jpg:full_bright_fraction,image_quality,1-coins/120_1479423024.jpg,,full_bright_fraction,6.576275064411797,manual_review_required,pending,,
1-coins/140_1479427092.jpg:full_bright_fraction,image_quality,1-coins/140_1479427092.jpg,,full_bright_fraction,6.576275064411797,manual_review_required,pending,,
1-coins/140_1479427104.jpg:full_bright_fraction,image_quality,1-coins/140_1479427104.jpg,,full_bright_fraction,6.576275064411797,manual_review_required,pending,,
1-coins/150_1479429786.jpg:full_bright_fraction,image_quality,1-coins/150_1479429786.jpg,,full_bright_fraction,6.576275064411797,manual_review_required,pending,,
1-coins/170_1479423156.jpg:full_bright_fraction,image_quality,1-coins/170_1479423156.jpg,,full_bright_fraction,6.576275064411797,manual_review_required,pending,,
1-coins/30_1477786716.jpg:full_bright_fraction,image_quality,1-coins/30_1477786716.jpg,,full_bright_fraction,6.576275064411797,manual_review_required,pending,,
1-coins/55_1477838898.jpg:full_bright_fraction,image_quality,1-coins/55_1477838898.jpg,,full_bright_fraction,6.576275064411797,manual_review_required,pending,,
1-coins/65_1477845546.jpg:full_bright_fraction,image_quality,1-coins/65_1477845546.jpg,,full_bright_fraction,6.576275064411797,manual_review_required,pending,,
1-coins/65_1477845864.jpg:full_bright_fraction,image_quality,1-coins/65_1477845864.jpg,,full_bright_fraction,6.576275064411797,manual_review_required,pending,,
1-coins/70_1477848972.jpg:full_bright_fraction,image_quality,1-coins/70_1477848972.jpg,,full_bright_fraction,6.576275064411797,manual_review_required,pending,,
1-coins/75_1477849974.jpg:full_bright_fraction,image_quality,1-coins/75_1477849974.jpg,,full_bright_fraction,6.576275064411797,manual_review_required,pending,,
1-coins/75_1477849998.jpg:full_bright_fraction,image_quality,1-coins/75_1477849998.jpg,,full_bright_fraction,6.576275064411797,manual_review_required,pending,,
1-coins/80_1477851738.jpg:full_bright_fraction,image_quality,1-coins/80_1477851738.jpg,,full_bright_fraction,6.576275064411797,manual_review_required,pending,,
1-coins/80_1477851744.jpg:full_bright_fraction,image_quality,1-coins/80_1477851744.jpg,,full_bright_fraction,6.576275064411797,manual_review_required,pending,,
1-coins/25_1477285122.jpg:full_brightness_mean,image_quality,1-coins/25_1477285122.jpg,,full_brightness_mean,6.556657811935453,manual_review_required,pending,,
1-coins/100_1477194906.jpg:roi_dark_fraction_median,image_quality,1-coins/100_1477194906.jpg,,roi_dark_fraction_median,6.542965987076711,manual_review_required,pending,,
1-coins/100_1477280880.jpg:roi_dark_fraction_median,image_quality,1-coins/100_1477280880.jpg,,roi_dark_fraction_median,6.538892077710903,manual_review_required,pending,,
1-coins/50_1477281870.jpg:roi_dark_fraction_median,image_quality,1-coins/50_1477281870.jpg,,roi_dark_fraction_median,6.533051511432473,manual_review_required,pending,,
1-coins/100_1477194666.jpg:roi_dark_fraction_median,image_quality,1-coins/100_1477194666.jpg,,roi_dark_fraction_median,6.522497386710331,manual_review_required,pending,,
1-coins/10_1477288236.jpg:roi_brightness_median,image_quality,1-coins/10_1477288236.jpg,,roi_brightness_median,6.515210636259918,manual_review_required,pending,,
1-coins/100_1477280076.jpg:roi_brightness_median,image_quality,1-coins/100_1477280076.jpg,,roi_brightness_median,6.5111873684863415,manual_review_required,pending,,
1-coins/50_1477282056.jpg:roi_dark_fraction_median,image_quality,1-coins/50_1477282056.jpg,,roi_dark_fraction_median,6.507378956532626,manual_review_required,pending,,
1-coins/10_1477288302.jpg:roi_dark_fraction_median,image_quality,1-coins/10_1477288302.jpg,,roi_dark_fraction_median,6.504629878009268,manual_review_required,pending,,
1-coins/50_1477193604.jpg:roi_dark_fraction_median,image_quality,1-coins/50_1477193604.jpg,,roi_dark_fraction_median,6.4930548105425,manual_review_required,pending,,
1-coins/100_1477281258.jpg:roi_dark_fraction_median,image_quality,1-coins/100_1477281258.jpg,,roi_dark_fraction_median,6.48909356523165,manual_review_required,pending,,
1-coins/50_1477283550.jpg:roi_dark_fraction_median,image_quality,1-coins/50_1477283550.jpg,,roi_dark_fraction_median,6.4782001406268135,manual_review_required,pending,,
1-coins/5_1477147074.jpg:roi_dark_fraction_median,image_quality,1-coins/5_1477147074.jpg,,roi_dark_fraction_median,6.477891253350683,manual_review_required,pending,,
1-coins/100_1477194762.jpg:roi_dark_fraction_median,image_quality,1-coins/100_1477194762.jpg,,roi_dark_fraction_median,6.456396190279612,manual_review_required,pending,,
1-coins/100_1477195170.jpg:roi_dark_fraction_median,image_quality,1-coins/100_1477195170.jpg,,roi_dark_fraction_median,6.435782090215465,manual_review_required,pending,,
1-coins/60_1477844076.jpg:roi_dark_fraction_median,image_quality,1-coins/60_1477844076.jpg,,roi_dark_fraction_median,6.420775387077675,manual_review_required,pending,,
1-coins/100_1477861056.jpg:full_bright_fraction,image_quality,1-coins/100_1477861056.jpg,,full_bright_fraction,6.407652626862776,manual_review_required,pending,,
1-coins/105_1479344568.jpg:full_bright_fraction,image_quality,1-coins/105_1479344568.jpg,,full_bright_fraction,6.407652626862776,manual_review_required,pending,,
1-coins/105_1479344784.jpg:full_bright_fraction,image_quality,1-coins/105_1479344784.jpg,,full_bright_fraction,6.407652626862776,manual_review_required,pending,,
1-coins/110_1479345708.jpg:full_bright_fraction,image_quality,1-coins/110_1479345708.jpg,,full_bright_fraction,6.407652626862776,manual_review_required,pending,,
1-coins/110_1479347490.jpg:full_bright_fraction,image_quality,1-coins/110_1479347490.jpg,,full_bright_fraction,6.407652626862776,manual_review_required,pending,,
1-coins/120_1479423054.jpg:full_bright_fraction,image_quality,1-coins/120_1479423054.jpg,,full_bright_fraction,6.407652626862776,manual_review_required,pending,,
1-coins/130_1477862940.jpg:full_bright_fraction,image_quality,1-coins/130_1477862940.jpg,,full_bright_fraction,6.407652626862776,manual_review_required,pending,,
1-coins/145_1479427596.jpg:full_bright_fraction,image_quality,1-coins/145_1479427596.jpg,,full_bright_fraction,6.407652626862776,manual_review_required,pending,,
1-coins/145_1479428988.jpg:full_bright_fraction,image_quality,1-coins/145_1479428988.jpg,,full_bright_fraction,6.407652626862776,manual_review_required,pending,,
1-coins/145_1479429024.jpg:full_bright_fraction,image_quality,1-coins/145_1479429024.jpg,,full_bright_fraction,6.407652626862776,manual_review_required,pending,,
1-coins/150_1479429564.jpg:full_bright_fraction,image_quality,1-coins/150_1479429564.jpg,,full_bright_fraction,6.407652626862776,manual_review_required,pending,,
1-coins/150_1479429570.jpg:full_bright_fraction,image_quality,1-coins/150_1479429570.jpg,,full_bright_fraction,6.407652626862776,manual_review_required,pending,,
1-coins/150_1479430008.jpg:full_bright_fraction,image_quality,1-coins/150_1479430008.jpg,,full_bright_fraction,6.407652626862776,manual_review_required,pending,,
1-coins/45_1477837026.jpg:full_bright_fraction,image_quality,1-coins/45_1477837026.jpg,,full_bright_fraction,6.407652626862776,manual_review_required,pending,,
1-coins/45_1477837032.jpg:full_bright_fraction,image_quality,1-coins/45_1477837032.jpg,,full_bright_fraction,6.407652626862776,manual_review_required,pending,,
1-coins/50_1477140150.jpg:full_bright_fraction,image_quality,1-coins/50_1477140150.jpg,,full_bright_fraction,6.407652626862776,manual_review_required,pending,,
1-coins/55_1477839246.jpg:full_bright_fraction,image_quality,1-coins/55_1477839246.jpg,,full_bright_fraction,6.407652626862776,manual_review_required,pending,,
1-coins/65_1477845912.jpg:full_bright_fraction,image_quality,1-coins/65_1477845912.jpg,,full_bright_fraction,6.407652626862776,manual_review_required,pending,,
1-coins/75_1477849500.jpg:full_bright_fraction,image_quality,1-coins/75_1477849500.jpg,,full_bright_fraction,6.407652626862776,manual_review_required,pending,,
1-coins/80_1477850904.jpg:full_bright_fraction,image_quality,1-coins/80_1477850904.jpg,,full_bright_fraction,6.407652626862776,manual_review_required,pending,,
1-coins/80_1477851174.jpg:full_bright_fraction,image_quality,1-coins/80_1477851174.jpg,,full_bright_fraction,6.407652626862776,manual_review_required,pending,,
1-coins/80_1477851924.jpg:full_bright_fraction,image_quality,1-coins/80_1477851924.jpg,,full_bright_fraction,6.407652626862776,manual_review_required,pending,,
1-coins/50_1477283394.jpg:roi_dark_fraction_median,image_quality,1-coins/50_1477283394.jpg,,roi_dark_fraction_median,6.3870373544716985,manual_review_required,pending,,
1-coins/100_1477154964.jpg:roi_dark_fraction_median,image_quality,1-coins/100_1477154964.jpg,,roi_dark_fraction_median,6.382639518535276,manual_review_required,pending,,
1-coins/5_1477147062.jpg:roi_dark_fraction_median,image_quality,1-coins/5_1477147062.jpg,,roi_dark_fraction_median,6.379352398842185,manual_review_required,pending,,
1-coins/100_1477195296.jpg:roi_dark_fraction_median,image_quality,1-coins/100_1477195296.jpg,,roi_dark_fraction_median,6.3645972840335165,manual_review_required,pending,,
1-coins/100_1477154898.jpg:roi_dark_fraction_median,image_quality,1-coins/100_1477154898.jpg,,roi_dark_fraction_median,6.357032099765792,manual_review_required,pending,,
1-coins/100_1477281690.jpg:roi_dark_fraction_median,image_quality,1-coins/100_1477281690.jpg,,roi_dark_fraction_median,6.352791906518203,manual_review_required,pending,,
1-coins/10_1477147686.jpg:roi_dark_fraction_median,image_quality,1-coins/10_1477147686.jpg,,roi_dark_fraction_median,6.350806202600226,manual_review_required,pending,,
1-coins/10_1477788048.jpg:roi_dark_fraction_median,image_quality,1-coins/10_1477788048.jpg,,roi_dark_fraction_median,6.349010486747421,manual_review_required,pending,,
1-coins/25_1477286868.jpg:roi_dark_fraction_median,image_quality,1-coins/25_1477286868.jpg,,roi_dark_fraction_median,6.332905035402294,manual_review_required,pending,,
1-coins/5_1477291680.jpg:roi_dark_fraction_median,image_quality,1-coins/5_1477291680.jpg,,roi_dark_fraction_median,6.329350284941057,manual_review_required,pending,,
1-coins/5_1477188444.jpg:roi_dark_fraction_median,image_quality,1-coins/5_1477188444.jpg,,roi_dark_fraction_median,6.309042950334486,manual_review_required,pending,,
1-coins/5_1477289874.jpg:roi_dark_fraction_median,image_quality,1-coins/5_1477289874.jpg,,roi_dark_fraction_median,6.305835039307997,manual_review_required,pending,,
1-coins/60_1477843944.jpg:roi_dark_fraction_median,image_quality,1-coins/60_1477843944.jpg,,roi_dark_fraction_median,6.305137114555017,manual_review_required,pending,,
1-coins/50_1477194534.jpg:roi_dark_fraction_median,image_quality,1-coins/50_1477194534.jpg,,roi_dark_fraction_median,6.304164973310068,manual_review_required,pending,,
1-coins/100_1477195110.jpg:roi_dark_fraction_median,image_quality,1-coins/100_1477195110.jpg,,roi_dark_fraction_median,6.295387989907153,manual_review_required,pending,,
1-coins/60_1477843914.jpg:roi_dark_fraction_median,image_quality,1-coins/60_1477843914.jpg,,roi_dark_fraction_median,6.245565620276439,manual_review_required,pending,,
1-coins/125_1479424728.jpg:roi_dark_fraction_median,image_quality,1-coins/125_1479424728.jpg,,roi_dark_fraction_median,6.2394129444844735,manual_review_required,pending,,
1-coins/100_1477860792.jpg:full_bright_fraction,image_quality,1-coins/100_1477860792.jpg,,full_bright_fraction,6.239030189313755,manual_review_required,pending,,
1-coins/100_1477860816.jpg:full_bright_fraction,image_quality,1-coins/100_1477860816.jpg,,full_bright_fraction,6.239030189313755,manual_review_required,pending,,
1-coins/100_1477861122.jpg:full_bright_fraction,image_quality,1-coins/100_1477861122.jpg,,full_bright_fraction,6.239030189313755,manual_review_required,pending,,
1-coins/100_1477861302.jpg:full_bright_fraction,image_quality,1-coins/100_1477861302.jpg,,full_bright_fraction,6.239030189313755,manual_review_required,pending,,
1-coins/105_1479344478.jpg:full_bright_fraction,image_quality,1-coins/105_1479344478.jpg,,full_bright_fraction,6.239030189313755,manual_review_required,pending,,
1-coins/105_1479344742.jpg:full_bright_fraction,image_quality,1-coins/105_1479344742.jpg,,full_bright_fraction,6.239030189313755,manual_review_required,pending,,
1-coins/105_1479345300.jpg:full_bright_fraction,image_quality,1-coins/105_1479345300.jpg,,full_bright_fraction,6.239030189313755,manual_review_required,pending,,
1-coins/110_1479347424.jpg:full_bright_fraction,image_quality,1-coins/110_1479347424.jpg,,full_bright_fraction,6.239030189313755,manual_review_required,pending,,
1-coins/110_1479347454.jpg:full_bright_fraction,image_quality,1-coins/110_1479347454.jpg,,full_bright_fraction,6.239030189313755,manual_review_required,pending,,
1-coins/120_1479422946.jpg:full_bright_fraction,image_quality,1-coins/120_1479422946.jpg,,full_bright_fraction,6.239030189313755,manual_review_required,pending,,
1-coins/120_1479423012.jpg:full_bright_fraction,image_quality,1-coins/120_1479423012.jpg,,full_bright_fraction,6.239030189313755,manual_review_required,pending,,
1-coins/130_1477862874.jpg:full_bright_fraction,image_quality,1-coins/130_1477862874.jpg,,full_bright_fraction,6.239030189313755,manual_review_required,pending,,
1-coins/145_1479427704.jpg:full_bright_fraction,image_quality,1-coins/145_1479427704.jpg,,full_bright_fraction,6.239030189313755,manual_review_required,pending,,
1-coins/145_1479427926.jpg:full_bright_fraction,image_quality,1-coins/145_1479427926.jpg,,full_bright_fraction,6.239030189313755,manual_review_required,pending,,
1-coins/150_1477864404.jpg:full_bright_fraction,image_quality,1-coins/150_1477864404.jpg,,full_bright_fraction,6.239030189313755,manual_review_required,pending,,
1-coins/150_1479430110.jpg:full_bright_fraction,image_quality,1-coins/150_1479430110.jpg,,full_bright_fraction,6.239030189313755,manual_review_required,pending,,
1-coins/150_1479430272.jpg:full_bright_fraction,image_quality,1-coins/150_1479430272.jpg,,full_bright_fraction,6.239030189313755,manual_review_required,pending,,
1-coins/170_1479423258.jpg:full_bright_fraction,image_quality,1-coins/170_1479423258.jpg,,full_bright_fraction,6.239030189313755,manual_review_required,pending,,
1-coins/175_1479423396.jpg:full_bright_fraction,image_quality,1-coins/175_1479423396.jpg,,full_bright_fraction,6.239030189313755,manual_review_required,pending,,
1-coins/175_1479423546.jpg:full_bright_fraction,image_quality,1-coins/175_1479423546.jpg,,full_bright_fraction,6.239030189313755,manual_review_required,pending,,
1-coins/175_1479423762.jpg:full_bright_fraction,image_quality,1-coins/175_1479423762.jpg,,full_bright_fraction,6.239030189313755,manual_review_required,pending,,
1-coins/25_1477286856.jpg:full_bright_fraction,image_quality,1-coins/25_1477286856.jpg,,full_bright_fraction,6.239030189313755,manual_review_required,pending,,
1-coins/55_1477838994.jpg:full_bright_fraction,image_quality,1-coins/55_1477838994.jpg,,full_bright_fraction,6.239030189313755,manual_review_required,pending,,
1-coins/65_1477845852.jpg:full_bright_fraction,image_quality,1-coins/65_1477845852.jpg,,full_bright_fraction,6.239030189313755,manual_review_required,pending,,
1-coins/75_1477849548.jpg:full_bright_fraction,image_quality,1-coins/75_1477849548.jpg,,full_bright_fraction,6.239030189313755,manual_review_required,pending,,
1-coins/75_1477849956.jpg:full_bright_fraction,image_quality,1-coins/75_1477849956.jpg,,full_bright_fraction,6.239030189313755,manual_review_required,pending,,
1-coins/80_1477850898.jpg:full_bright_fraction,image_quality,1-coins/80_1477850898.jpg,,full_bright_fraction,6.239030189313755,manual_review_required,pending,,
1-coins/85_1477854156.jpg:full_bright_fraction,image_quality,1-coins/85_1477854156.jpg,,full_bright_fraction,6.239030189313755,manual_review_required,pending,,
1-coins/90_1477855626.jpg:full_bright_fraction,image_quality,1-coins/90_1477855626.jpg,,full_bright_fraction,6.239030189313755,manual_review_required,pending,,
1-coins/90_1477855800.jpg:full_bright_fraction,image_quality,1-coins/90_1477855800.jpg,,full_bright_fraction,6.239030189313755,manual_review_required,pending,,
1-coins/5_1477146336.jpg:roi_dark_fraction_median,image_quality,1-coins/5_1477146336.jpg,,roi_dark_fraction_median,6.223760865928128,manual_review_required,pending,,
1-coins/70_1477848942.jpg:roi_dark_fraction_median,image_quality,1-coins/70_1477848942.jpg,,roi_dark_fraction_median,6.2145307992956536,manual_review_required,pending,,
1-coins/100_1477154958.jpg:roi_dark_fraction_median,image_quality,1-coins/100_1477154958.jpg,,roi_dark_fraction_median,6.182853090173905,manual_review_required,pending,,
1-coins/100_1477279578.jpg:roi_dark_fraction_median,image_quality,1-coins/100_1477279578.jpg,,roi_dark_fraction_median,6.1693511582894,manual_review_required,pending,,
1-coins/25_1477287060.jpg:roi_dark_fraction_median,image_quality,1-coins/25_1477287060.jpg,,roi_dark_fraction_median,6.146157125339444,manual_review_required,pending,,
1-coins/100_1477858998.jpg:full_dark_fraction,image_quality,1-coins/100_1477858998.jpg,,full_dark_fraction,6.145583079959963,manual_review_required,pending,,
1-coins/10_1477147410.jpg:roi_dark_fraction_median,image_quality,1-coins/10_1477147410.jpg,,roi_dark_fraction_median,6.14556163930055,manual_review_required,pending,,
1-coins/145_1479427626.jpg:full_dark_fraction,image_quality,1-coins/145_1479427626.jpg,,full_dark_fraction,6.142450774618497,manual_review_required,pending,,
1-coins/105_1479344856.jpg:roi_dark_fraction_median,image_quality,1-coins/105_1479344856.jpg,,roi_dark_fraction_median,6.141032531585587,manual_review_required,pending,,
1-coins/25_1477153938.jpg:roi_dark_fraction_median,image_quality,1-coins/25_1477153938.jpg,,roi_dark_fraction_median,6.137576177715505,manual_review_required,pending,,
1-coins/50_1477194486.jpg:roi_dark_fraction_median,image_quality,1-coins/50_1477194486.jpg,,roi_dark_fraction_median,6.137099782687865,manual_review_required,pending,,
1-coins/60_1477845354.jpg:full_dark_fraction,image_quality,1-coins/60_1477845354.jpg,,full_dark_fraction,6.134097960374583,manual_review_required,pending,,
1-coins/10_1477787946.jpg:roi_dark_fraction_median,image_quality,1-coins/10_1477787946.jpg,,roi_dark_fraction_median,6.101797731834718,manual_review_required,pending,,
1-coins/50_1477282536.jpg:roi_dark_fraction_median,image_quality,1-coins/50_1477282536.jpg,,roi_dark_fraction_median,6.099738742539036,manual_review_required,pending,,
1-coins/50_1477282188.jpg:roi_dark_fraction_median,image_quality,1-coins/50_1477282188.jpg,,roi_dark_fraction_median,6.099669197643889,manual_review_required,pending,,
1-coins/50_1477193076.jpg:roi_dark_fraction_median,image_quality,1-coins/50_1477193076.jpg,,roi_dark_fraction_median,6.0969302794575295,manual_review_required,pending,,
1-coins/100_1477154508.jpg:roi_dark_fraction_median,image_quality,1-coins/100_1477154508.jpg,,roi_dark_fraction_median,6.092675035471264,manual_review_required,pending,,
1-coins/90_1477854774.jpg:full_dark_fraction,image_quality,1-coins/90_1477854774.jpg,,full_dark_fraction,6.07876056600865,manual_review_required,pending,,
1-coins/100_1477154910.jpg:roi_dark_fraction_median,image_quality,1-coins/100_1477154910.jpg,,roi_dark_fraction_median,6.075018933966658,manual_review_required,pending,,
1-coins/100_1477858986.jpg:roi_dark_fraction_median,image_quality,1-coins/100_1477858986.jpg,,roi_dark_fraction_median,6.073352607625066,manual_review_required,pending,,
1-coins/50_1477282008.jpg:roi_dark_fraction_median,image_quality,1-coins/50_1477282008.jpg,,roi_dark_fraction_median,6.071954173661608,manual_review_required,pending,,
1-coins/100_1477155048.jpg:full_bright_fraction,image_quality,1-coins/100_1477155048.jpg,,full_bright_fraction,6.070407751764734,manual_review_required,pending,,
1-coins/100_1477860708.jpg:full_bright_fraction,image_quality,1-coins/100_1477860708.jpg,,full_bright_fraction,6.070407751764734,manual_review_required,pending,,
1-coins/100_1477860798.jpg:full_bright_fraction,image_quality,1-coins/100_1477860798.jpg,,full_bright_fraction,6.070407751764734,manual_review_required,pending,,
1-coins/100_1477860852.jpg:full_bright_fraction,image_quality,1-coins/100_1477860852.jpg,,full_bright_fraction,6.070407751764734,manual_review_required,pending,,
1-coins/105_1479344748.jpg:full_bright_fraction,image_quality,1-coins/105_1479344748.jpg,,full_bright_fraction,6.070407751764734,manual_review_required,pending,,
1-coins/105_1479345234.jpg:full_bright_fraction,image_quality,1-coins/105_1479345234.jpg,,full_bright_fraction,6.070407751764734,manual_review_required,pending,,
1-coins/105_1479345288.jpg:full_bright_fraction,image_quality,1-coins/105_1479345288.jpg,,full_bright_fraction,6.070407751764734,manual_review_required,pending,,
1-coins/110_1479345732.jpg:full_bright_fraction,image_quality,1-coins/110_1479345732.jpg,,full_bright_fraction,6.070407751764734,manual_review_required,pending,,
1-coins/120_1479423048.jpg:full_bright_fraction,image_quality,1-coins/120_1479423048.jpg,,full_bright_fraction,6.070407751764734,manual_review_required,pending,,
1-coins/125_1479424572.jpg:full_bright_fraction,image_quality,1-coins/125_1479424572.jpg,,full_bright_fraction,6.070407751764734,manual_review_required,pending,,
1-coins/140_1479427392.jpg:full_bright_fraction,image_quality,1-coins/140_1479427392.jpg,,full_bright_fraction,6.070407751764734,manual_review_required,pending,,
1-coins/145_1479427752.jpg:full_bright_fraction,image_quality,1-coins/145_1479427752.jpg,,full_bright_fraction,6.070407751764734,manual_review_required,pending,,
1-coins/150_1477864326.jpg:full_bright_fraction,image_quality,1-coins/150_1477864326.jpg,,full_bright_fraction,6.070407751764734,manual_review_required,pending,,
1-coins/150_1477864368.jpg:full_bright_fraction,image_quality,1-coins/150_1477864368.jpg,,full_bright_fraction,6.070407751764734,manual_review_required,pending,,
1-coins/170_1479423150.jpg:full_bright_fraction,image_quality,1-coins/170_1479423150.jpg,,full_bright_fraction,6.070407751764734,manual_review_required,pending,,
1-coins/65_1477846008.jpg:full_bright_fraction,image_quality,1-coins/65_1477846008.jpg,,full_bright_fraction,6.070407751764734,manual_review_required,pending,,
1-coins/65_1477846578.jpg:full_bright_fraction,image_quality,1-coins/65_1477846578.jpg,,full_bright_fraction,6.070407751764734,manual_review_required,pending,,
1-coins/70_1477846806.jpg:full_bright_fraction,image_quality,1-coins/70_1477846806.jpg,,full_bright_fraction,6.070407751764734,manual_review_required,pending,,
1-coins/75_1477849968.jpg:full_bright_fraction,image_quality,1-coins/75_1477849968.jpg,,full_bright_fraction,6.070407751764734,manual_review_required,pending,,
1-coins/75_1477850052.jpg:full_bright_fraction,image_quality,1-coins/75_1477850052.jpg,,full_bright_fraction,6.070407751764734,manual_review_required,pending,,
1-coins/75_1477850064.jpg:full_bright_fraction,image_quality,1-coins/75_1477850064.jpg,,full_bright_fraction,6.070407751764734,manual_review_required,pending,,
1-coins/75_1477850442.jpg:full_bright_fraction,image_quality,1-coins/75_1477850442.jpg,,full_bright_fraction,6.070407751764734,manual_review_required,pending,,
1-coins/75_1477850478.jpg:full_bright_fraction,image_quality,1-coins/75_1477850478.jpg,,full_bright_fraction,6.070407751764734,manual_review_required,pending,,
1-coins/85_1477852914.jpg:full_bright_fraction,image_quality,1-coins/85_1477852914.jpg,,full_bright_fraction,6.070407751764734,manual_review_required,pending,,
1-coins/85_1477854210.jpg:full_bright_fraction,image_quality,1-coins/85_1477854210.jpg,,full_bright_fraction,6.070407751764734,manual_review_required,pending,,
1-coins/90_1477857096.jpg:full_bright_fraction,image_quality,1-coins/90_1477857096.jpg,,full_bright_fraction,6.070407751764734,manual_review_required,pending,,
1-coins/95_1477857750.jpg:full_bright_fraction,image_quality,1-coins/95_1477857750.jpg,,full_bright_fraction,6.070407751764734,manual_review_required,pending,,
1-coins/95_1477857768.jpg:full_bright_fraction,image_quality,1-coins/95_1477857768.jpg,,full_bright_fraction,6.070407751764734,manual_review_required,pending,,
1-coins/100_1477195686.jpg:roi_dark_fraction_median,image_quality,1-coins/100_1477195686.jpg,,roi_dark_fraction_median,6.066355310638821,manual_review_required,pending,,
1-coins/100_1477154448.jpg:roi_dark_fraction_median,image_quality,1-coins/100_1477154448.jpg,,roi_dark_fraction_median,6.047131766978277,manual_review_required,pending,,
1-coins/25_1477287138.jpg:roi_brightness_median,image_quality,1-coins/25_1477287138.jpg,,roi_brightness_median,6.038946478167334,manual_review_required,pending,,
1-coins/50_1477193484.jpg:roi_dark_fraction_median,image_quality,1-coins/50_1477193484.jpg,,roi_dark_fraction_median,6.036128524225222,manual_review_required,pending,,
1-coins/150_1479429846.jpg:roi_dark_fraction_median,image_quality,1-coins/150_1479429846.jpg,,roi_dark_fraction_median,6.010046779381295,manual_review_required,pending,,
1-coins/85_1477852038.jpg:full_dark_fraction,image_quality,1-coins/85_1477852038.jpg,,full_dark_fraction,6.008805746715866,manual_review_required,pending,,
1-coins/10_1477147740.jpg:roi_dark_fraction_median,image_quality,1-coins/10_1477147740.jpg,,roi_dark_fraction_median,5.997054531481415,manual_review_required,pending,,
1-coins/50_1477283322.jpg:roi_dark_fraction_median,image_quality,1-coins/50_1477283322.jpg,,roi_dark_fraction_median,5.987412457091046,manual_review_required,pending,,
1-coins/10_1477187028.jpg:roi_dark_fraction_median,image_quality,1-coins/10_1477187028.jpg,,roi_dark_fraction_median,5.970039839005586,manual_review_required,pending,,
1-coins/100_1477281420.jpg:roi_dark_fraction_median,image_quality,1-coins/100_1477281420.jpg,,roi_dark_fraction_median,5.966792502121296,manual_review_required,pending,,
1-coins/120_1479423024.jpg:full_dark_fraction,image_quality,1-coins/120_1479423024.jpg,,full_dark_fraction,5.965997573715806,manual_review_required,pending,,
1-coins/100_1477155264.jpg:roi_dark_fraction_median,image_quality,1-coins/100_1477155264.jpg,,roi_dark_fraction_median,5.959154823637799,manual_review_required,pending,,
1-coins/145_1479427632.jpg:full_dark_fraction,image_quality,1-coins/145_1479427632.jpg,,full_dark_fraction,5.9576447594718935,manual_review_required,pending,,
1-coins/100_1477858284.jpg:full_dark_fraction,image_quality,1-coins/100_1477858284.jpg,,full_dark_fraction,5.936762723862106,manual_review_required,pending,,
1-coins/100_1477281432.jpg:roi_dark_fraction_median,image_quality,1-coins/100_1477281432.jpg,,roi_dark_fraction_median,5.935085113899956,manual_review_required,pending,,
1-coins/75_1477849752.jpg:roi_dark_fraction_median,image_quality,1-coins/75_1477849752.jpg,,roi_dark_fraction_median,5.935037475016845,manual_review_required,pending,,
1-coins/105_1479344850.jpg:roi_dark_fraction_median,image_quality,1-coins/105_1479344850.jpg,,roi_dark_fraction_median,5.932427910276286,manual_review_required,pending,,
1-coins/100_1477155228.jpg:roi_dark_fraction_median,image_quality,1-coins/100_1477155228.jpg,,roi_dark_fraction_median,5.930259962173046,manual_review_required,pending,,
1-coins/25_1477285902.jpg:roi_dark_fraction_median,image_quality,1-coins/25_1477285902.jpg,,roi_dark_fraction_median,5.92287787983764,manual_review_required,pending,,
1-coins/100_1477280718.jpg:roi_dark_fraction_median,image_quality,1-coins/100_1477280718.jpg,,roi_dark_fraction_median,5.909412588833012,manual_review_required,pending,,
1-coins/15_1477788474.jpg:roi_dark_fraction_median,image_quality,1-coins/15_1477788474.jpg,,roi_dark_fraction_median,5.903944589934547,manual_review_required,pending,,
1-coins/100_1477280646.jpg:full_bright_fraction,image_quality,1-coins/100_1477280646.jpg,,full_bright_fraction,5.901785314215714,manual_review_required,pending,,
1-coins/100_1477281384.jpg:full_bright_fraction,image_quality,1-coins/100_1477281384.jpg,,full_bright_fraction,5.901785314215714,manual_review_required,pending,,
1-coins/100_1477281468.jpg:full_bright_fraction,image_quality,1-coins/100_1477281468.jpg,,full_bright_fraction,5.901785314215714,manual_review_required,pending,,
1-coins/105_1479344424.jpg:full_bright_fraction,image_quality,1-coins/105_1479344424.jpg,,full_bright_fraction,5.901785314215714,manual_review_required,pending,,
1-coins/105_1479344442.jpg:full_bright_fraction,image_quality,1-coins/105_1479344442.jpg,,full_bright_fraction,5.901785314215714,manual_review_required,pending,,
1-coins/105_1479344754.jpg:full_bright_fraction,image_quality,1-coins/105_1479344754.jpg,,full_bright_fraction,5.901785314215714,manual_review_required,pending,,
1-coins/105_1479345324.jpg:full_bright_fraction,image_quality,1-coins/105_1479345324.jpg,,full_bright_fraction,5.901785314215714,manual_review_required,pending,,
1-coins/10_1477147500.jpg:full_bright_fraction,image_quality,1-coins/10_1477147500.jpg,,full_bright_fraction,5.901785314215714,manual_review_required,pending,,
1-coins/110_1479347430.jpg:full_bright_fraction,image_quality,1-coins/110_1479347430.jpg,,full_bright_fraction,5.901785314215714,manual_review_required,pending,,
1-coins/110_1479347484.jpg:full_bright_fraction,image_quality,1-coins/110_1479347484.jpg,,full_bright_fraction,5.901785314215714,manual_review_required,pending,,
1-coins/140_1479427428.jpg:full_bright_fraction,image_quality,1-coins/140_1479427428.jpg,,full_bright_fraction,5.901785314215714,manual_review_required,pending,,
1-coins/150_1477864182.jpg:full_bright_fraction,image_quality,1-coins/150_1477864182.jpg,,full_bright_fraction,5.901785314215714,manual_review_required,pending,,
1-coins/150_1479430260.jpg:full_bright_fraction,image_quality,1-coins/150_1479430260.jpg,,full_bright_fraction,5.901785314215714,manual_review_required,pending,,
1-coins/175_1479423408.jpg:full_bright_fraction,image_quality,1-coins/175_1479423408.jpg,,full_bright_fraction,5.901785314215714,manual_review_required,pending,,
1-coins/25_1477191726.jpg:full_bright_fraction,image_quality,1-coins/25_1477191726.jpg,,full_bright_fraction,5.901785314215714,manual_review_required,pending,,
1-coins/25_1477287384.jpg:full_bright_fraction,image_quality,1-coins/25_1477287384.jpg,,full_bright_fraction,5.901785314215714,manual_review_required,pending,,
1-coins/50_1477139922.jpg:full_bright_fraction,image_quality,1-coins/50_1477139922.jpg,,full_bright_fraction,5.901785314215714,manual_review_required,pending,,
1-coins/50_1477193256.jpg:full_bright_fraction,image_quality,1-coins/50_1477193256.jpg,,full_bright_fraction,5.901785314215714,manual_review_required,pending,,
1-coins/5_1477290198.jpg:full_bright_fraction,image_quality,1-coins/5_1477290198.jpg,,full_bright_fraction,5.901785314215714,manual_review_required,pending,,
1-coins/5_1477290342.jpg:full_bright_fraction,image_quality,1-coins/5_1477290342.jpg,,full_bright_fraction,5.901785314215714,manual_review_required,pending,,
1-coins/60_1477844958.jpg:full_bright_fraction,image_quality,1-coins/60_1477844958.jpg,,full_bright_fraction,5.901785314215714,manual_review_required,pending,,
1-coins/60_1477845114.jpg:full_bright_fraction,image_quality,1-coins/60_1477845114.jpg,,full_bright_fraction,5.901785314215714,manual_review_required,pending,,
1-coins/60_1477845414.jpg:full_bright_fraction,image_quality,1-coins/60_1477845414.jpg,,full_bright_fraction,5.901785314215714,manual_review_required,pending,,
1-coins/70_1477846770.jpg:full_bright_fraction,image_quality,1-coins/70_1477846770.jpg,,full_bright_fraction,5.901785314215714,manual_review_required,pending,,
1-coins/80_1477851210.jpg:full_bright_fraction,image_quality,1-coins/80_1477851210.jpg,,full_bright_fraction,5.901785314215714,manual_review_required,pending,,
1-coins/85_1477852194.jpg:full_bright_fraction,image_quality,1-coins/85_1477852194.jpg,,full_bright_fraction,5.901785314215714,manual_review_required,pending,,
1-coins/85_1477852926.jpg:full_bright_fraction,image_quality,1-coins/85_1477852926.jpg,,full_bright_fraction,5.901785314215714,manual_review_required,pending,,
1-coins/90_1477855668.jpg:full_bright_fraction,image_quality,1-coins/90_1477855668.jpg,,full_bright_fraction,5.901785314215714,manual_review_required,pending,,
1-coins/95_1477857348.jpg:full_bright_fraction,image_quality,1-coins/95_1477857348.jpg,,full_bright_fraction,5.901785314215714,manual_review_required,pending,,
1-coins/95_1477858050.jpg:full_bright_fraction,image_quality,1-coins/95_1477858050.jpg,,full_bright_fraction,5.901785314215714,manual_review_required,pending,,
1-coins/100_1477155306.jpg:roi_dark_fraction_median,image_quality,1-coins/100_1477155306.jpg,,roi_dark_fraction_median,5.898558863656654,manual_review_required,pending,,
1-coins/10_1477187208.jpg:roi_dark_fraction_median,image_quality,1-coins/10_1477187208.jpg,,roi_dark_fraction_median,5.897131260399145,manual_review_required,pending,,
1-coins/60_1477843974.jpg:roi_dark_fraction_median,image_quality,1-coins/60_1477843974.jpg,,roi_dark_fraction_median,5.882750921221564,manual_review_required,pending,,
1-coins/10_1477787928.jpg:roi_dark_fraction_median,image_quality,1-coins/10_1477787928.jpg,,roi_dark_fraction_median,5.869589067194794,manual_review_required,pending,,
1-coins/175_1479423732.jpg:full_dark_fraction,image_quality,1-coins/175_1479423732.jpg,,full_dark_fraction,5.8688961081303015,manual_review_required,pending,,
1-coins/100_1477280622.jpg:roi_dark_fraction_median,image_quality,1-coins/100_1477280622.jpg,,roi_dark_fraction_median,5.863580720135845,manual_review_required,pending,,
1-coins/105_1479344964.jpg:roi_dark_fraction_median,image_quality,1-coins/105_1479344964.jpg,,roi_dark_fraction_median,5.849754870334588,manual_review_required,pending,,
1-coins/50_1477193808.jpg:roi_dark_fraction_median,image_quality,1-coins/50_1477193808.jpg,,roi_dark_fraction_median,5.831875578702524,manual_review_required,pending,,
1-coins/50_1477192890.jpg:roi_dark_fraction_median,image_quality,1-coins/50_1477192890.jpg,,roi_dark_fraction_median,5.825644052321237,manual_review_required,pending,,
1-coins/100_1477858260.jpg:full_dark_fraction,image_quality,1-coins/100_1477858260.jpg,,full_dark_fraction,5.817735120886327,manual_review_required,pending,,
1-coins/120_1479423072.jpg:full_dark_fraction,image_quality,1-coins/120_1479423072.jpg,,full_dark_fraction,5.817735120886327,manual_review_required,pending,,
1-coins/50_1477282242.jpg:full_brightness_mean,image_quality,1-coins/50_1477282242.jpg,,full_brightness_mean,5.811336262376483,manual_review_required,pending,,
1-coins/5_1477146816.jpg:roi_dark_fraction_median,image_quality,1-coins/5_1477146816.jpg,,roi_dark_fraction_median,5.783021514034661,manual_review_required,pending,,
1-coins/5_1477290228.jpg:roi_dark_fraction_median,image_quality,1-coins/5_1477290228.jpg,,roi_dark_fraction_median,5.781426005188288,manual_review_required,pending,,
1-coins/15_1477788462.jpg:roi_dark_fraction_median,image_quality,1-coins/15_1477788462.jpg,,roi_dark_fraction_median,5.772773385137896,manual_review_required,pending,,
1-coins/100_1477281108.jpg:full_bright_fraction,image_quality,1-coins/100_1477281108.jpg,,full_bright_fraction,5.733162876666695,manual_review_required,pending,,
1-coins/100_1477858686.jpg:full_bright_fraction,image_quality,1-coins/100_1477858686.jpg,,full_bright_fraction,5.733162876666695,manual_review_required,pending,,
1-coins/100_1477858980.jpg:full_bright_fraction,image_quality,1-coins/100_1477858980.jpg,,full_bright_fraction,5.733162876666695,manual_review_required,pending,,
1-coins/100_1477860552.jpg:full_bright_fraction,image_quality,1-coins/100_1477860552.jpg,,full_bright_fraction,5.733162876666695,manual_review_required,pending,,
1-coins/110_1479347472.jpg:full_bright_fraction,image_quality,1-coins/110_1479347472.jpg,,full_bright_fraction,5.733162876666695,manual_review_required,pending,,
1-coins/110_1479347478.jpg:full_bright_fraction,image_quality,1-coins/110_1479347478.jpg,,full_bright_fraction,5.733162876666695,manual_review_required,pending,,
1-coins/120_1479351498.jpg:full_bright_fraction,image_quality,1-coins/120_1479351498.jpg,,full_bright_fraction,5.733162876666695,manual_review_required,pending,,
1-coins/145_1479428922.jpg:full_bright_fraction,image_quality,1-coins/145_1479428922.jpg,,full_bright_fraction,5.733162876666695,manual_review_required,pending,,
1-coins/150_1477864374.jpg:full_bright_fraction,image_quality,1-coins/150_1477864374.jpg,,full_bright_fraction,5.733162876666695,manual_review_required,pending,,
1-coins/150_1479429498.jpg:full_bright_fraction,image_quality,1-coins/150_1479429498.jpg,,full_bright_fraction,5.733162876666695,manual_review_required,pending,,
1-coins/170_1479423180.jpg:full_bright_fraction,image_quality,1-coins/170_1479423180.jpg,,full_bright_fraction,5.733162876666695,manual_review_required,pending,,
1-coins/170_1479423204.jpg:full_bright_fraction,image_quality,1-coins/170_1479423204.jpg,,full_bright_fraction,5.733162876666695,manual_review_required,pending,,
1-coins/175_1479423732.jpg:full_bright_fraction,image_quality,1-coins/175_1479423732.jpg,,full_bright_fraction,5.733162876666695,manual_review_required,pending,,
1-coins/25_1477287378.jpg:full_bright_fraction,image_quality,1-coins/25_1477287378.jpg,,full_bright_fraction,5.733162876666695,manual_review_required,pending,,
1-coins/50_1477192788.jpg:full_bright_fraction,image_quality,1-coins/50_1477192788.jpg,,full_bright_fraction,5.733162876666695,manual_review_required,pending,,
1-coins/55_1477838970.jpg:full_bright_fraction,image_quality,1-coins/55_1477838970.jpg,,full_bright_fraction,5.733162876666695,manual_review_required,pending,,
1-coins/60_1477845216.jpg:full_bright_fraction,image_quality,1-coins/60_1477845216.jpg,,full_bright_fraction,5.733162876666695,manual_review_required,pending,,
1-coins/75_1477849962.jpg:full_bright_fraction,image_quality,1-coins/75_1477849962.jpg,,full_bright_fraction,5.733162876666695,manual_review_required,pending,,
1-coins/80_1477851078.jpg:full_bright_fraction,image_quality,1-coins/80_1477851078.jpg,,full_bright_fraction,5.733162876666695,manual_review_required,pending,,
1-coins/80_1477851186.jpg:full_bright_fraction,image_quality,1-coins/80_1477851186.jpg,,full_bright_fraction,5.733162876666695,manual_review_required,pending,,
1-coins/80_1477851948.jpg:full_bright_fraction,image_quality,1-coins/80_1477851948.jpg,,full_bright_fraction,5.733162876666695,manual_review_required,pending,,
1-coins/85_1477854240.jpg:full_bright_fraction,image_quality,1-coins/85_1477854240.jpg,,full_bright_fraction,5.733162876666695,manual_review_required,pending,,
1-coins/95_1477857630.jpg:full_bright_fraction,image_quality,1-coins/95_1477857630.jpg,,full_bright_fraction,5.733162876666695,manual_review_required,pending,,
1-coins/95_1477857774.jpg:full_bright_fraction,image_quality,1-coins/95_1477857774.jpg,,full_bright_fraction,5.733162876666695,manual_review_required,pending,,
1-coins/95_1477857912.jpg:full_bright_fraction,image_quality,1-coins/95_1477857912.jpg,,full_bright_fraction,5.733162876666695,manual_review_required,pending,,
1-coins/50_1477283598.jpg:roi_dark_fraction_median,image_quality,1-coins/50_1477283598.jpg,,roi_dark_fraction_median,5.731517935118071,manual_review_required,pending,,
1-coins/5_1477290894.jpg:roi_dark_fraction_median,image_quality,1-coins/5_1477290894.jpg,,roi_dark_fraction_median,5.725079544826263,manual_review_required,pending,,
1-coins/25_1477287330.jpg:roi_dark_fraction_median,image_quality,1-coins/25_1477287330.jpg,,roi_dark_fraction_median,5.710991807743316,manual_review_required,pending,,
1-coins/50_1477282212.jpg:roi_brightness_median,image_quality,1-coins/50_1477282212.jpg,,roi_brightness_median,5.702756512954805,manual_review_required,pending,,
1-coins/100_1477154724.jpg:roi_dark_fraction_median,image_quality,1-coins/100_1477154724.jpg,,roi_dark_fraction_median,5.700870018676376,manual_review_required,pending,,
1-coins/105_1479344958.jpg:roi_dark_fraction_median,image_quality,1-coins/105_1479344958.jpg,,roi_dark_fraction_median,5.6987833558343,manual_review_required,pending,,
1-coins/25_1477285950.jpg:roi_dark_fraction_median,image_quality,1-coins/25_1477285950.jpg,,roi_dark_fraction_median,5.698472354123039,manual_review_required,pending,,
1-coins/25_1477287324.jpg:roi_dark_fraction_median,image_quality,1-coins/25_1477287324.jpg,,roi_dark_fraction_median,5.696356696994971,manual_review_required,pending,,
1-coins/100_1477195494.jpg:roi_dark_fraction_median,image_quality,1-coins/100_1477195494.jpg,,roi_dark_fraction_median,5.688996036202888,manual_review_required,pending,,
1-coins/80_1477851984.jpg:full_dark_fraction,image_quality,1-coins/80_1477851984.jpg,,full_dark_fraction,5.673649075178804,manual_review_required,pending,,
1-coins/50_1477193142.jpg:roi_dark_fraction_median,image_quality,1-coins/50_1477193142.jpg,,roi_dark_fraction_median,5.670636563754078,manual_review_required,pending,,
1-coins/55_1477842654.jpg:roi_dark_fraction_median,image_quality,1-coins/55_1477842654.jpg,,roi_dark_fraction_median,5.664011735904624,manual_review_required,pending,,
1-coins/100_1477280970.jpg:roi_dark_fraction_median,image_quality,1-coins/100_1477280970.jpg,,roi_dark_fraction_median,5.6478821684242,manual_review_required,pending,,
1-coins/100_1477155006.jpg:roi_dark_fraction_median,image_quality,1-coins/100_1477155006.jpg,,roi_dark_fraction_median,5.645432829922385,manual_review_required,pending,,
1-coins/50_1477282470.jpg:roi_dark_fraction_median,image_quality,1-coins/50_1477282470.jpg,,roi_dark_fraction_median,5.643759876140591,manual_review_required,pending,,
1-coins/55_1477843404.jpg:roi_dark_fraction_median,image_quality,1-coins/55_1477843404.jpg,,roi_dark_fraction_median,5.640578483853934,manual_review_required,pending,,
1-coins/5_1477188456.jpg:roi_dark_fraction_median,image_quality,1-coins/5_1477188456.jpg,,roi_dark_fraction_median,5.633951905766484,manual_review_required,pending,,
1-coins/50_1477193766.jpg:roi_dark_fraction_median,image_quality,1-coins/50_1477193766.jpg,,roi_dark_fraction_median,5.632261060901115,manual_review_required,pending,,
1-coins/90_1477854774.jpg:roi_dark_fraction_median,image_quality,1-coins/90_1477854774.jpg,,roi_dark_fraction_median,5.623623411588886,manual_review_required,pending,,
1-coins/5_1477289796.jpg:roi_dark_fraction_median,image_quality,1-coins/5_1477289796.jpg,,roi_dark_fraction_median,5.619825860055822,manual_review_required,pending,,
1-coins/100_1477194840.jpg:roi_dark_fraction_median,image_quality,1-coins/100_1477194840.jpg,,roi_dark_fraction_median,5.614110049031167,manual_review_required,pending,,
1-coins/50_1477193028.jpg:roi_dark_fraction_median,image_quality,1-coins/50_1477193028.jpg,,roi_dark_fraction_median,5.61186262330838,manual_review_required,pending,,
1-coins/25_1477285644.jpg:roi_dark_fraction_median,image_quality,1-coins/25_1477285644.jpg,,roi_dark_fraction_median,5.572764645799119,manual_review_required,pending,,
1-coins/25_1477191696.jpg:roi_dark_fraction_median,image_quality,1-coins/25_1477191696.jpg,,roi_dark_fraction_median,5.570188148109383,manual_review_required,pending,,
1-coins/100_1477281000.jpg:full_bright_fraction,image_quality,1-coins/100_1477281000.jpg,,full_bright_fraction,5.564540439117674,manual_review_required,pending,,
1-coins/100_1477858902.jpg:full_bright_fraction,image_quality,1-coins/100_1477858902.jpg,,full_bright_fraction,5.564540439117674,manual_review_required,pending,,
1-coins/100_1477860810.jpg:full_bright_fraction,image_quality,1-coins/100_1477860810.jpg,,full_bright_fraction,5.564540439117674,manual_review_required,pending,,
1-coins/100_1477860900.jpg:full_bright_fraction,image_quality,1-coins/100_1477860900.jpg,,full_bright_fraction,5.564540439117674,manual_review_required,pending,,
1-coins/105_1479344778.jpg:full_bright_fraction,image_quality,1-coins/105_1479344778.jpg,,full_bright_fraction,5.564540439117674,manual_review_required,pending,,
1-coins/105_1479345306.jpg:full_bright_fraction,image_quality,1-coins/105_1479345306.jpg,,full_bright_fraction,5.564540439117674,manual_review_required,pending,,
1-coins/110_1479347436.jpg:full_bright_fraction,image_quality,1-coins/110_1479347436.jpg,,full_bright_fraction,5.564540439117674,manual_review_required,pending,,
1-coins/115_1479347556.jpg:full_bright_fraction,image_quality,1-coins/115_1479347556.jpg,,full_bright_fraction,5.564540439117674,manual_review_required,pending,,
1-coins/125_1479424512.jpg:full_bright_fraction,image_quality,1-coins/125_1479424512.jpg,,full_bright_fraction,5.564540439117674,manual_review_required,pending,,
1-coins/125_1479424524.jpg:full_bright_fraction,image_quality,1-coins/125_1479424524.jpg,,full_bright_fraction,5.564540439117674,manual_review_required,pending,,
1-coins/130_1477861938.jpg:full_bright_fraction,image_quality,1-coins/130_1477861938.jpg,,full_bright_fraction,5.564540439117674,manual_review_required,pending,,
1-coins/140_1479427164.jpg:full_bright_fraction,image_quality,1-coins/140_1479427164.jpg,,full_bright_fraction,5.564540439117674,manual_review_required,pending,,
1-coins/150_1479429990.jpg:full_bright_fraction,image_quality,1-coins/150_1479429990.jpg,,full_bright_fraction,5.564540439117674,manual_review_required,pending,,
1-coins/150_1479430020.jpg:full_bright_fraction,image_quality,1-coins/150_1479430020.jpg,,full_bright_fraction,5.564540439117674,manual_review_required,pending,,
1-coins/170_1479423168.jpg:full_bright_fraction,image_quality,1-coins/170_1479423168.jpg,,full_bright_fraction,5.564540439117674,manual_review_required,pending,,
1-coins/55_1477842204.jpg:full_bright_fraction,image_quality,1-coins/55_1477842204.jpg,,full_bright_fraction,5.564540439117674,manual_review_required,pending,,
1-coins/60_1477845462.jpg:full_bright_fraction,image_quality,1-coins/60_1477845462.jpg,,full_bright_fraction,5.564540439117674,manual_review_required,pending,,
1-coins/65_1477845918.jpg:full_bright_fraction,image_quality,1-coins/65_1477845918.jpg,,full_bright_fraction,5.564540439117674,manual_review_required,pending,,
1-coins/65_1477846302.jpg:full_bright_fraction,image_quality,1-coins/65_1477846302.jpg,,full_bright_fraction,5.564540439117674,manual_review_required,pending,,
1-coins/75_1477850472.jpg:full_bright_fraction,image_quality,1-coins/75_1477850472.jpg,,full_bright_fraction,5.564540439117674,manual_review_required,pending,,
1-coins/80_1477850670.jpg:full_bright_fraction,image_quality,1-coins/80_1477850670.jpg,,full_bright_fraction,5.564540439117674,manual_review_required,pending,,
1-coins/80_1477851240.jpg:full_bright_fraction,image_quality,1-coins/80_1477851240.jpg,,full_bright_fraction,5.564540439117674,manual_review_required,pending,,
1-coins/80_1477851912.jpg:full_bright_fraction,image_quality,1-coins/80_1477851912.jpg,,full_bright_fraction,5.564540439117674,manual_review_required,pending,,
1-coins/90_1477854942.jpg:full_bright_fraction,image_quality,1-coins/90_1477854942.jpg,,full_bright_fraction,5.564540439117674,manual_review_required,pending,,
1-coins/90_1477855674.jpg:full_bright_fraction,image_quality,1-coins/90_1477855674.jpg,,full_bright_fraction,5.564540439117674,manual_review_required,pending,,
1-coins/100_1477279596.jpg:roi_brightness_median,image_quality,1-coins/100_1477279596.jpg,,roi_brightness_median,5.560825034575834,manual_review_required,pending,,
1-coins/25_1477153902.jpg:roi_dark_fraction_median,image_quality,1-coins/25_1477153902.jpg,,roi_dark_fraction_median,5.546668292716413,manual_review_required,pending,,
1-coins/50_1477145088.jpg:roi_dark_fraction_median,image_quality,1-coins/50_1477145088.jpg,,roi_dark_fraction_median,5.540358669395286,manual_review_required,pending,,
1-coins/5_1477189182.jpg:roi_dark_fraction_median,image_quality,1-coins/5_1477189182.jpg,,roi_dark_fraction_median,5.537192510186951,manual_review_required,pending,,
1-coins/90_1477854720.jpg:roi_dark_fraction_median,image_quality,1-coins/90_1477854720.jpg,,roi_dark_fraction_median,5.52408979571675,manual_review_required,pending,,
1-coins/80_1477851996.jpg:roi_dark_fraction_median,image_quality,1-coins/80_1477851996.jpg,,roi_dark_fraction_median,5.512467316139323,manual_review_required,pending,,
1-coins/55_1477842252.jpg:full_dark_fraction,image_quality,1-coins/55_1477842252.jpg,,full_dark_fraction,5.487798958251712,manual_review_required,pending,,
1-coins/50_1477193244.jpg:roi_dark_fraction_median,image_quality,1-coins/50_1477193244.jpg,,roi_dark_fraction_median,5.48511075221999,manual_review_required,pending,,
1-coins/5_1477290090.jpg:roi_dark_fraction_median,image_quality,1-coins/5_1477290090.jpg,,roi_dark_fraction_median,5.463673135110204,manual_review_required,pending,,
1-coins/50_1477283580.jpg:roi_brightness_median,image_quality,1-coins/50_1477283580.jpg,,roi_brightness_median,5.4602818195681095,manual_review_required,pending,,
1-coins/25_1477286850.jpg:full_brightness_mean,image_quality,1-coins/25_1477286850.jpg,,full_brightness_mean,5.446854322817553,manual_review_required,pending,,
1-coins/100_1477195752.jpg:roi_dark_fraction_median,image_quality,1-coins/100_1477195752.jpg,,roi_dark_fraction_median,5.436259962296569,manual_review_required,pending,,
1-coins/50_1477282482.jpg:roi_dark_fraction_median,image_quality,1-coins/50_1477282482.jpg,,roi_dark_fraction_median,5.411387846558098,manual_review_required,pending,,
1-coins/10_1477187040.jpg:roi_dark_fraction_median,image_quality,1-coins/10_1477187040.jpg,,roi_dark_fraction_median,5.404998468666251,manual_review_required,pending,,
1-coins/55_1477843524.jpg:full_dark_fraction,image_quality,1-coins/55_1477843524.jpg,,full_dark_fraction,5.402182612251591,manual_review_required,pending,,
1-coins/120_1479423030.jpg:full_dark_fraction,image_quality,1-coins/120_1479423030.jpg,,full_dark_fraction,5.400094408690611,manual_review_required,pending,,
1-coins/5_1477189212.jpg:roi_dark_fraction_median,image_quality,1-coins/5_1477189212.jpg,,roi_dark_fraction_median,5.3966386977180285,manual_review_required,pending,,
1-coins/100_1477858242.jpg:full_bright_fraction,image_quality,1-coins/100_1477858242.jpg,,full_bright_fraction,5.395918001568653,manual_review_required,pending,,
1-coins/100_1477858710.jpg:full_bright_fraction,image_quality,1-coins/100_1477858710.jpg,,full_bright_fraction,5.395918001568653,manual_review_required,pending,,
1-coins/100_1477860702.jpg:full_bright_fraction,image_quality,1-coins/100_1477860702.jpg,,full_bright_fraction,5.395918001568653,manual_review_required,pending,,
1-coins/100_1477861152.jpg:full_bright_fraction,image_quality,1-coins/100_1477861152.jpg,,full_bright_fraction,5.395918001568653,manual_review_required,pending,,
1-coins/105_1479344760.jpg:full_bright_fraction,image_quality,1-coins/105_1479344760.jpg,,full_bright_fraction,5.395918001568653,manual_review_required,pending,,
1-coins/120_1479351480.jpg:full_bright_fraction,image_quality,1-coins/120_1479351480.jpg,,full_bright_fraction,5.395918001568653,manual_review_required,pending,,
1-coins/120_1479351492.jpg:full_bright_fraction,image_quality,1-coins/120_1479351492.jpg,,full_bright_fraction,5.395918001568653,manual_review_required,pending,,
1-coins/130_1477862070.jpg:full_bright_fraction,image_quality,1-coins/130_1477862070.jpg,,full_bright_fraction,5.395918001568653,manual_review_required,pending,,
1-coins/135_1479426978.jpg:full_bright_fraction,image_quality,1-coins/135_1479426978.jpg,,full_bright_fraction,5.395918001568653,manual_review_required,pending,,
1-coins/145_1479427584.jpg:full_bright_fraction,image_quality,1-coins/145_1479427584.jpg,,full_bright_fraction,5.395918001568653,manual_review_required,pending,,
1-coins/150_1479429678.jpg:full_bright_fraction,image_quality,1-coins/150_1479429678.jpg,,full_bright_fraction,5.395918001568653,manual_review_required,pending,,
1-coins/150_1479429684.jpg:full_bright_fraction,image_quality,1-coins/150_1479429684.jpg,,full_bright_fraction,5.395918001568653,manual_review_required,pending,,
1-coins/150_1479430386.jpg:full_bright_fraction,image_quality,1-coins/150_1479430386.jpg,,full_bright_fraction,5.395918001568653,manual_review_required,pending,,
1-coins/170_1479423144.jpg:full_bright_fraction,image_quality,1-coins/170_1479423144.jpg,,full_bright_fraction,5.395918001568653,manual_review_required,pending,,
1-coins/170_1479423246.jpg:full_bright_fraction,image_quality,1-coins/170_1479423246.jpg,,full_bright_fraction,5.395918001568653,manual_review_required,pending,,
1-coins/60_1477843938.jpg:full_bright_fraction,image_quality,1-coins/60_1477843938.jpg,,full_bright_fraction,5.395918001568653,manual_review_required,pending,,
1-coins/75_1477849584.jpg:full_bright_fraction,image_quality,1-coins/75_1477849584.jpg,,full_bright_fraction,5.395918001568653,manual_review_required,pending,,
1-coins/80_1477851228.jpg:full_bright_fraction,image_quality,1-coins/80_1477851228.jpg,,full_bright_fraction,5.395918001568653,manual_review_required,pending,,
1-coins/80_1477851702.jpg:full_bright_fraction,image_quality,1-coins/80_1477851702.jpg,,full_bright_fraction,5.395918001568653,manual_review_required,pending,,
1-coins/85_1477854234.jpg:full_bright_fraction,image_quality,1-coins/85_1477854234.jpg,,full_bright_fraction,5.395918001568653,manual_review_required,pending,,
1-coins/90_1477854936.jpg:full_bright_fraction,image_quality,1-coins/90_1477854936.jpg,,full_bright_fraction,5.395918001568653,manual_review_required,pending,,
1-coins/90_1477855560.jpg:full_bright_fraction,image_quality,1-coins/90_1477855560.jpg,,full_bright_fraction,5.395918001568653,manual_review_required,pending,,
1-coins/90_1477855662.jpg:full_bright_fraction,image_quality,1-coins/90_1477855662.jpg,,full_bright_fraction,5.395918001568653,manual_review_required,pending,,
1-coins/95_1477857318.jpg:full_bright_fraction,image_quality,1-coins/95_1477857318.jpg,,full_bright_fraction,5.395918001568653,manual_review_required,pending,,
1-coins/95_1477857378.jpg:full_bright_fraction,image_quality,1-coins/95_1477857378.jpg,,full_bright_fraction,5.395918001568653,manual_review_required,pending,,
1-coins/100_1477280256.jpg:roi_dark_fraction_median,image_quality,1-coins/100_1477280256.jpg,,roi_dark_fraction_median,5.39159931995735,manual_review_required,pending,,
1-coins/100_1477280112.jpg:roi_dark_fraction_median,image_quality,1-coins/100_1477280112.jpg,,roi_dark_fraction_median,5.390813494559456,manual_review_required,pending,,
1-coins/80_1477850652.jpg:full_dark_fraction,image_quality,1-coins/80_1477850652.jpg,,full_dark_fraction,5.388609289105228,manual_review_required,pending,,
1-coins/105_1479344970.jpg:roi_dark_fraction_median,image_quality,1-coins/105_1479344970.jpg,,roi_dark_fraction_median,5.388086233041169,manual_review_required,pending,,
1-coins/100_1477194726.jpg:roi_dark_fraction_median,image_quality,1-coins/100_1477194726.jpg,,roi_dark_fraction_median,5.370673917600652,manual_review_required,pending,,
1-coins/150_1477864188.jpg:roi_dark_fraction_median,image_quality,1-coins/150_1477864188.jpg,,roi_dark_fraction_median,5.3599555129585,manual_review_required,pending,,
1-coins/50_1477282152.jpg:roi_dark_fraction_median,image_quality,1-coins/50_1477282152.jpg,,roi_dark_fraction_median,5.358424232705288,manual_review_required,pending,,
1-coins/5_1477188498.jpg:full_dark_fraction,image_quality,1-coins/5_1477188498.jpg,,full_dark_fraction,5.346845217885657,manual_review_required,pending,,
1-coins/100_1477195020.jpg:full_dark_fraction,image_quality,1-coins/100_1477195020.jpg,,full_dark_fraction,5.334315996519786,manual_review_required,pending,,
1-coins/100_1477858956.jpg:roi_dark_fraction_median,image_quality,1-coins/100_1477858956.jpg,,roi_dark_fraction_median,5.315400050379673,manual_review_required,pending,,
1-coins/50_1477283082.jpg:roi_dark_fraction_median,image_quality,1-coins/50_1477283082.jpg,,roi_dark_fraction_median,5.309880351758079,manual_review_required,pending,,
1-coins/10_1477287804.jpg:roi_brightness_median,image_quality,1-coins/10_1477287804.jpg,,roi_brightness_median,5.30970351178119,manual_review_required,pending,,
1-coins/50_1477192884.jpg:roi_dark_fraction_median,image_quality,1-coins/50_1477192884.jpg,,roi_dark_fraction_median,5.287613534229643,manual_review_required,pending,,
1-coins/90_1477854720.jpg:full_dark_fraction,image_quality,1-coins/90_1477854720.jpg,,full_dark_fraction,5.286287314617277,manual_review_required,pending,,
1-coins/100_1477154766.jpg:roi_dark_fraction_median,image_quality,1-coins/100_1477154766.jpg,,roi_dark_fraction_median,5.282013376831834,manual_review_required,pending,,
1-coins/80_1477850910.jpg:full_dark_fraction,image_quality,1-coins/80_1477850910.jpg,,full_dark_fraction,5.260184770105047,manual_review_required,pending,,
1-coins/90_1477854762.jpg:full_dark_fraction,image_quality,1-coins/90_1477854762.jpg,,full_dark_fraction,5.258096566544069,manual_review_required,pending,,
1-coins/100_1477154886.jpg:roi_dark_fraction_median,image_quality,1-coins/100_1477154886.jpg,,roi_dark_fraction_median,5.253924920524629,manual_review_required,pending,,
1-coins/50_1477282608.jpg:roi_dark_fraction_median,image_quality,1-coins/50_1477282608.jpg,,roi_dark_fraction_median,5.246854109401524,manual_review_required,pending,,
1-coins/130_1477861956.jpg:full_dark_fraction,image_quality,1-coins/130_1477861956.jpg,,full_dark_fraction,5.2393027344952605,manual_review_required,pending,,
1-coins/100_1477858146.jpg:full_bright_fraction,image_quality,1-coins/100_1477858146.jpg,,full_bright_fraction,5.2272955640196335,manual_review_required,pending,,
1-coins/100_1477858236.jpg:full_bright_fraction,image_quality,1-coins/100_1477858236.jpg,,full_bright_fraction,5.2272955640196335,manual_review_required,pending,,
1-coins/100_1477858974.jpg:full_bright_fraction,image_quality,1-coins/100_1477858974.jpg,,full_bright_fraction,5.2272955640196335,manual_review_required,pending,,
1-coins/100_1477860612.jpg:full_bright_fraction,image_quality,1-coins/100_1477860612.jpg,,full_bright_fraction,5.2272955640196335,manual_review_required,pending,,
1-coins/100_1477861296.jpg:full_bright_fraction,image_quality,1-coins/100_1477861296.jpg,,full_bright_fraction,5.2272955640196335,manual_review_required,pending,,
1-coins/105_1479344856.jpg:full_bright_fraction,image_quality,1-coins/105_1479344856.jpg,,full_bright_fraction,5.2272955640196335,manual_review_required,pending,,
1-coins/110_1479345774.jpg:full_bright_fraction,image_quality,1-coins/110_1479345774.jpg,,full_bright_fraction,5.2272955640196335,manual_review_required,pending,,
1-coins/110_1479347508.jpg:full_bright_fraction,image_quality,1-coins/110_1479347508.jpg,,full_bright_fraction,5.2272955640196335,manual_review_required,pending,,
1-coins/125_1479424800.jpg:full_bright_fraction,image_quality,1-coins/125_1479424800.jpg,,full_bright_fraction,5.2272955640196335,manual_review_required,pending,,
1-coins/135_1479426840.jpg:full_bright_fraction,image_quality,1-coins/135_1479426840.jpg,,full_bright_fraction,5.2272955640196335,manual_review_required,pending,,
1-coins/135_1479426912.jpg:full_bright_fraction,image_quality,1-coins/135_1479426912.jpg,,full_bright_fraction,5.2272955640196335,manual_review_required,pending,,
1-coins/135_1479426942.jpg:full_bright_fraction,image_quality,1-coins/135_1479426942.jpg,,full_bright_fraction,5.2272955640196335,manual_review_required,pending,,
1-coins/135_1479426954.jpg:full_bright_fraction,image_quality,1-coins/135_1479426954.jpg,,full_bright_fraction,5.2272955640196335,manual_review_required,pending,,
1-coins/145_1479427590.jpg:full_bright_fraction,image_quality,1-coins/145_1479427590.jpg,,full_bright_fraction,5.2272955640196335,manual_review_required,pending,,
1-coins/145_1479427710.jpg:full_bright_fraction,image_quality,1-coins/145_1479427710.jpg,,full_bright_fraction,5.2272955640196335,manual_review_required,pending,,
1-coins/150_1479429984.jpg:full_bright_fraction,image_quality,1-coins/150_1479429984.jpg,,full_bright_fraction,5.2272955640196335,manual_review_required,pending,,
1-coins/150_1479430014.jpg:full_bright_fraction,image_quality,1-coins/150_1479430014.jpg,,full_bright_fraction,5.2272955640196335,manual_review_required,pending,,
1-coins/150_1479430296.jpg:full_bright_fraction,image_quality,1-coins/150_1479430296.jpg,,full_bright_fraction,5.2272955640196335,manual_review_required,pending,,
1-coins/45_1477835640.jpg:full_bright_fraction,image_quality,1-coins/45_1477835640.jpg,,full_bright_fraction,5.2272955640196335,manual_review_required,pending,,
1-coins/50_1477193802.jpg:full_bright_fraction,image_quality,1-coins/50_1477193802.jpg,,full_bright_fraction,5.2272955640196335,manual_review_required,pending,,
1-coins/55_1477839222.jpg:full_bright_fraction,image_quality,1-coins/55_1477839222.jpg,,full_bright_fraction,5.2272955640196335,manual_review_required,pending,,
1-coins/60_1477845138.jpg:full_bright_fraction,image_quality,1-coins/60_1477845138.jpg,,full_bright_fraction,5.2272955640196335,manual_review_required,pending,,
1-coins/60_1477845402.jpg:full_bright_fraction,image_quality,1-coins/60_1477845402.jpg,,full_bright_fraction,5.2272955640196335,manual_review_required,pending,,
1-coins/75_1477850028.jpg:full_bright_fraction,image_quality,1-coins/75_1477850028.jpg,,full_bright_fraction,5.2272955640196335,manual_review_required,pending,,
1-coins/75_1477850424.jpg:full_bright_fraction,image_quality,1-coins/75_1477850424.jpg,,full_bright_fraction,5.2272955640196335,manual_review_required,pending,,
1-coins/80_1477851630.jpg:full_bright_fraction,image_quality,1-coins/80_1477851630.jpg,,full_bright_fraction,5.2272955640196335,manual_review_required,pending,,
1-coins/80_1477851876.jpg:full_bright_fraction,image_quality,1-coins/80_1477851876.jpg,,full_bright_fraction,5.2272955640196335,manual_review_required,pending,,
1-coins/85_1477852104.jpg:full_bright_fraction,image_quality,1-coins/85_1477852104.jpg,,full_bright_fraction,5.2272955640196335,manual_review_required,pending,,
1-coins/85_1477852920.jpg:full_bright_fraction,image_quality,1-coins/85_1477852920.jpg,,full_bright_fraction,5.2272955640196335,manual_review_required,pending,,
1-coins/85_1477852986.jpg:full_bright_fraction,image_quality,1-coins/85_1477852986.jpg,,full_bright_fraction,5.2272955640196335,manual_review_required,pending,,
1-coins/85_1477854144.jpg:full_bright_fraction,image_quality,1-coins/85_1477854144.jpg,,full_bright_fraction,5.2272955640196335,manual_review_required,pending,,
1-coins/85_1477854204.jpg:full_bright_fraction,image_quality,1-coins/85_1477854204.jpg,,full_bright_fraction,5.2272955640196335,manual_review_required,pending,,
1-coins/85_1477854222.jpg:full_bright_fraction,image_quality,1-coins/85_1477854222.jpg,,full_bright_fraction,5.2272955640196335,manual_review_required,pending,,
1-coins/90_1477855782.jpg:full_bright_fraction,image_quality,1-coins/90_1477855782.jpg,,full_bright_fraction,5.2272955640196335,manual_review_required,pending,,
1-coins/95_1477857366.jpg:full_bright_fraction,image_quality,1-coins/95_1477857366.jpg,,full_bright_fraction,5.2272955640196335,manual_review_required,pending,,
1-coins/95_1477858062.jpg:full_bright_fraction,image_quality,1-coins/95_1477858062.jpg,,full_bright_fraction,5.2272955640196335,manual_review_required,pending,,
1-coins/5_1477147104.jpg:roi_dark_fraction_median,image_quality,1-coins/5_1477147104.jpg,,roi_dark_fraction_median,5.226609054415023,manual_review_required,pending,,
1-coins/80_1477850658.jpg:full_dark_fraction,image_quality,1-coins/80_1477850658.jpg,,full_dark_fraction,5.22468530956841,manual_review_required,pending,,
1-coins/25_1477191864.jpg:roi_dark_fraction_median,image_quality,1-coins/25_1477191864.jpg,,roi_dark_fraction_median,5.2201424454097,manual_review_required,pending,,
1-coins/50_1477192920.jpg:roi_dark_fraction_median,image_quality,1-coins/50_1477192920.jpg,,roi_dark_fraction_median,5.217492020048587,manual_review_required,pending,,
1-coins/25_1477286016.jpg:roi_brightness_median,image_quality,1-coins/25_1477286016.jpg,,roi_brightness_median,5.214350464605813,manual_review_required,pending,,
1-coins/90_1477854798.jpg:full_dark_fraction,image_quality,1-coins/90_1477854798.jpg,,full_dark_fraction,5.214244291763517,manual_review_required,pending,,
1-coins/100_1477154436.jpg:roi_dark_fraction_median,image_quality,1-coins/100_1477154436.jpg,,roi_dark_fraction_median,5.186552860271199,manual_review_required,pending,,
1-coins/25_1477149342.jpg:roi_dark_fraction_median,image_quality,1-coins/25_1477149342.jpg,,roi_dark_fraction_median,5.180499320637936,manual_review_required,pending,,
1-coins/115_1479347604.jpg:full_dark_fraction,image_quality,1-coins/115_1479347604.jpg,,full_dark_fraction,5.162039202739051,manual_review_required,pending,,
1-coins/10_1477288542.jpg:full_brightness_mean,image_quality,1-coins/10_1477288542.jpg,,full_brightness_mean,5.154617248122057,manual_review_required,pending,,
1-coins/5_1477290468.jpg:roi_brightness_median,image_quality,1-coins/5_1477290468.jpg,,roi_brightness_median,5.153832577059881,manual_review_required,pending,,
1-coins/115_1479348216.jpg:full_brightness_mean,image_quality,1-coins/115_1479348216.jpg,,full_brightness_mean,5.145569997915083,manual_review_required,pending,,
1-coins/5_1477291782.jpg:full_brightness_mean,image_quality,1-coins/5_1477291782.jpg,,full_brightness_mean,5.1439977734309545,manual_review_required,pending,,
1-coins/5_1477291050.jpg:roi_dark_fraction_median,image_quality,1-coins/5_1477291050.jpg,,roi_dark_fraction_median,5.140549847293468,manual_review_required,pending,,
1-coins/125_1479424794.jpg:full_dark_fraction,image_quality,1-coins/125_1479424794.jpg,,full_dark_fraction,5.132804352885351,manual_review_required,pending,,
1-coins/115_1479347610.jpg:full_dark_fraction,image_quality,1-coins/115_1479347610.jpg,,full_dark_fraction,5.127583843982905,manual_review_required,pending,,
1-coins/100_1477858704.jpg:roi_brightness_median,image_quality,1-coins/100_1477858704.jpg,,roi_brightness_median,5.126708752664088,manual_review_required,pending,,
1-coins/10_1477787988.jpg:roi_dark_fraction_median,image_quality,1-coins/10_1477787988.jpg,,roi_dark_fraction_median,5.108114971245884,manual_review_required,pending,,
1-coins/50_1477282914.jpg:roi_dark_fraction_median,image_quality,1-coins/50_1477282914.jpg,,roi_dark_fraction_median,5.107597002993784,manual_review_required,pending,,
1-coins/100_1477280544.jpg:roi_dark_fraction_median,image_quality,1-coins/100_1477280544.jpg,,roi_dark_fraction_median,5.101576946928535,manual_review_required,pending,,
1-coins/50_1477192860.jpg:roi_dark_fraction_median,image_quality,1-coins/50_1477192860.jpg,,roi_dark_fraction_median,5.101512528161803,manual_review_required,pending,,
1-coins/50_1477282284.jpg:roi_brightness_median,image_quality,1-coins/50_1477282284.jpg,,roi_brightness_median,5.097220697786225,manual_review_required,pending,,
1-coins/50_1477283214.jpg:roi_brightness_median,image_quality,1-coins/50_1477283214.jpg,,roi_brightness_median,5.0966881732082765,manual_review_required,pending,,
1-coins/90_1477854768.jpg:full_dark_fraction,image_quality,1-coins/90_1477854768.jpg,,full_dark_fraction,5.086863874543825,manual_review_required,pending,,
1-coins/100_1477194900.jpg:roi_dark_fraction_median,image_quality,1-coins/100_1477194900.jpg,,roi_dark_fraction_median,5.070742800330875,manual_review_required,pending,,
1-coins/100_1477279974.jpg:roi_dark_fraction_median,image_quality,1-coins/100_1477279974.jpg,,roi_dark_fraction_median,5.06975051257142,manual_review_required,pending,,
1-coins/100_1477195266.jpg:roi_dark_fraction_median,image_quality,1-coins/100_1477195266.jpg,,roi_dark_fraction_median,5.0665990562617775,manual_review_required,pending,,
1-coins/100_1477280424.jpg:roi_dark_fraction_median,image_quality,1-coins/100_1477280424.jpg,,roi_dark_fraction_median,5.064913109744075,manual_review_required,pending,,
1-coins/5_1477146420.jpg:roi_dark_fraction_median,image_quality,1-coins/5_1477146420.jpg,,roi_dark_fraction_median,5.061689599514509,manual_review_required,pending,,
1-coins/100_1477195524.jpg:full_bright_fraction,image_quality,1-coins/100_1477195524.jpg,,full_bright_fraction,5.058673126470612,manual_review_required,pending,,
1-coins/100_1477280844.jpg:full_bright_fraction,image_quality,1-coins/100_1477280844.jpg,,full_bright_fraction,5.058673126470612,manual_review_required,pending,,
1-coins/100_1477858638.jpg:full_bright_fraction,image_quality,1-coins/100_1477858638.jpg,,full_bright_fraction,5.058673126470612,manual_review_required,pending,,
1-coins/100_1477860882.jpg:full_bright_fraction,image_quality,1-coins/100_1477860882.jpg,,full_bright_fraction,5.058673126470612,manual_review_required,pending,,
1-coins/105_1479344850.jpg:full_bright_fraction,image_quality,1-coins/105_1479344850.jpg,,full_bright_fraction,5.058673126470612,manual_review_required,pending,,
1-coins/110_1479345768.jpg:full_bright_fraction,image_quality,1-coins/110_1479345768.jpg,,full_bright_fraction,5.058673126470612,manual_review_required,pending,,
1-coins/125_1479424518.jpg:full_bright_fraction,image_quality,1-coins/125_1479424518.jpg,,full_bright_fraction,5.058673126470612,manual_review_required,pending,,
1-coins/130_1477862838.jpg:full_bright_fraction,image_quality,1-coins/130_1477862838.jpg,,full_bright_fraction,5.058673126470612,manual_review_required,pending,,
1-coins/135_1479426960.jpg:full_bright_fraction,image_quality,1-coins/135_1479426960.jpg,,full_bright_fraction,5.058673126470612,manual_review_required,pending,,
1-coins/140_1479427098.jpg:full_bright_fraction,image_quality,1-coins/140_1479427098.jpg,,full_bright_fraction,5.058673126470612,manual_review_required,pending,,
1-coins/150_1477864470.jpg:full_bright_fraction,image_quality,1-coins/150_1477864470.jpg,,full_bright_fraction,5.058673126470612,manual_review_required,pending,,
1-coins/150_1479429996.jpg:full_bright_fraction,image_quality,1-coins/150_1479429996.jpg,,full_bright_fraction,5.058673126470612,manual_review_required,pending,,
1-coins/170_1479423162.jpg:full_bright_fraction,image_quality,1-coins/170_1479423162.jpg,,full_bright_fraction,5.058673126470612,manual_review_required,pending,,
1-coins/170_1479423222.jpg:full_bright_fraction,image_quality,1-coins/170_1479423222.jpg,,full_bright_fraction,5.058673126470612,manual_review_required,pending,,
1-coins/170_1479423306.jpg:full_bright_fraction,image_quality,1-coins/170_1479423306.jpg,,full_bright_fraction,5.058673126470612,manual_review_required,pending,,
1-coins/175_1479423438.jpg:full_bright_fraction,image_quality,1-coins/175_1479423438.jpg,,full_bright_fraction,5.058673126470612,manual_review_required,pending,,
1-coins/25_1477191714.jpg:full_bright_fraction,image_quality,1-coins/25_1477191714.jpg,,full_bright_fraction,5.058673126470612,manual_review_required,pending,,
1-coins/25_1477287408.jpg:full_bright_fraction,image_quality,1-coins/25_1477287408.jpg,,full_bright_fraction,5.058673126470612,manual_review_required,pending,,
1-coins/50_1477193262.jpg:full_bright_fraction,image_quality,1-coins/50_1477193262.jpg,,full_bright_fraction,5.058673126470612,manual_review_required,pending,,
1-coins/50_1477193592.jpg:full_bright_fraction,image_quality,1-coins/50_1477193592.jpg,,full_bright_fraction,5.058673126470612,manual_review_required,pending,,
1-coins/50_1477281900.jpg:full_bright_fraction,image_quality,1-coins/50_1477281900.jpg,,full_bright_fraction,5.058673126470612,manual_review_required,pending,,
1-coins/50_1477282548.jpg:full_bright_fraction,image_quality,1-coins/50_1477282548.jpg,,full_bright_fraction,5.058673126470612,manual_review_required,pending,,
1-coins/50_1477282686.jpg:full_bright_fraction,image_quality,1-coins/50_1477282686.jpg,,full_bright_fraction,5.058673126470612,manual_review_required,pending,,
1-coins/55_1477839012.jpg:full_bright_fraction,image_quality,1-coins/55_1477839012.jpg,,full_bright_fraction,5.058673126470612,manual_review_required,pending,,
1-coins/55_1477842270.jpg:full_bright_fraction,image_quality,1-coins/55_1477842270.jpg,,full_bright_fraction,5.058673126470612,manual_review_required,pending,,
1-coins/60_1477843974.jpg:full_bright_fraction,image_quality,1-coins/60_1477843974.jpg,,full_bright_fraction,5.058673126470612,manual_review_required,pending,,
1-coins/60_1477844892.jpg:full_bright_fraction,image_quality,1-coins/60_1477844892.jpg,,full_bright_fraction,5.058673126470612,manual_review_required,pending,,
1-coins/60_1477845126.jpg:full_bright_fraction,image_quality,1-coins/60_1477845126.jpg,,full_bright_fraction,5.058673126470612,manual_review_required,pending,,
1-coins/60_1477845342.jpg:full_bright_fraction,image_quality,1-coins/60_1477845342.jpg,,full_bright_fraction,5.058673126470612,manual_review_required,pending,,
1-coins/70_1477849290.jpg:full_bright_fraction,image_quality,1-coins/70_1477849290.jpg,,full_bright_fraction,5.058673126470612,manual_review_required,pending,,
1-coins/75_1477850526.jpg:full_bright_fraction,image_quality,1-coins/75_1477850526.jpg,,full_bright_fraction,5.058673126470612,manual_review_required,pending,,
1-coins/80_1477850622.jpg:full_bright_fraction,image_quality,1-coins/80_1477850622.jpg,,full_bright_fraction,5.058673126470612,manual_review_required,pending,,
1-coins/80_1477851678.jpg:full_bright_fraction,image_quality,1-coins/80_1477851678.jpg,,full_bright_fraction,5.058673126470612,manual_review_required,pending,,
1-coins/85_1477852110.jpg:full_bright_fraction,image_quality,1-coins/85_1477852110.jpg,,full_bright_fraction,5.058673126470612,manual_review_required,pending,,
1-coins/95_1477857474.jpg:full_bright_fraction,image_quality,1-coins/95_1477857474.jpg,,full_bright_fraction,5.058673126470612,manual_review_required,pending,,
1-coins/60_1477845360.jpg:full_dark_fraction,image_quality,1-coins/60_1477845360.jpg,,full_dark_fraction,5.057629024690124,manual_review_required,pending,,
1-coins/50_1477192848.jpg:roi_dark_fraction_median,image_quality,1-coins/50_1477192848.jpg,,roi_dark_fraction_median,5.054990073593678,manual_review_required,pending,,
1-coins/5_1477290492.jpg:roi_dark_fraction_median,image_quality,1-coins/5_1477290492.jpg,,roi_dark_fraction_median,5.050912524830812,manual_review_required,pending,,
1-coins/130_1477861962.jpg:full_dark_fraction,image_quality,1-coins/130_1477861962.jpg,,full_dark_fraction,5.050320312226699,manual_review_required,pending,,
1-coins/10_1477788024.jpg:roi_dark_fraction_median,image_quality,1-coins/10_1477788024.jpg,,roi_dark_fraction_median,5.049017637333813,manual_review_required,pending,,
1-coins/10_1477288806.jpg:roi_dark_fraction_median,image_quality,1-coins/10_1477288806.jpg,,roi_dark_fraction_median,5.046762146210732,manual_review_required,pending,,
1-coins/95_1477857702.jpg:full_dark_fraction,image_quality,1-coins/95_1477857702.jpg,,full_dark_fraction,5.041967497982784,manual_review_required,pending,,
1-coins/95_1477857672.jpg:full_dark_fraction,image_quality,1-coins/95_1477857672.jpg,,full_dark_fraction,5.040923396202295,manual_review_required,pending,,
1-coins/100_1477279968.jpg:roi_dark_fraction_median,image_quality,1-coins/100_1477279968.jpg,,roi_dark_fraction_median,5.036398318830372,manual_review_required,pending,,
1-coins/10_1477147434.jpg:roi_dark_fraction_median,image_quality,1-coins/10_1477147434.jpg,,roi_dark_fraction_median,5.034230460362839,manual_review_required,pending,,
1-coins/120_1479422994.jpg:full_dark_fraction,image_quality,1-coins/120_1479422994.jpg,,full_dark_fraction,5.015864953470552,manual_review_required,pending,,
1-coins/5_1477290366.jpg:full_brightness_mean,image_quality,1-coins/5_1477290366.jpg,,full_brightness_mean,5.0090975237562345,manual_review_required,pending,,
1-coins/25_1477285956.jpg:roi_dark_fraction_median,image_quality,1-coins/25_1477285956.jpg,,roi_dark_fraction_median,4.996153524746916,manual_review_required,pending,,
1-coins/25_1477286148.jpg:full_brightness_mean,image_quality,1-coins/25_1477286148.jpg,,full_brightness_mean,4.990089220813026,manual_review_required,pending,,
1-coins/115_1479347640.jpg:full_dark_fraction,image_quality,1-coins/115_1479347640.jpg,,full_dark_fraction,4.983497798275383,manual_review_required,pending,,
1-coins/10_1477288170.jpg:roi_dark_fraction_median,image_quality,1-coins/10_1477288170.jpg,,roi_dark_fraction_median,4.982952817883772,manual_review_required,pending,,
1-coins/145_1479428868.jpg:full_dark_fraction,image_quality,1-coins/145_1479428868.jpg,,full_dark_fraction,4.972012678690001,manual_review_required,pending,,
1-coins/100_1477280082.jpg:roi_brightness_median,image_quality,1-coins/100_1477280082.jpg,,roi_brightness_median,4.95647244961412,manual_review_required,pending,,
1-coins/120_1479423036.jpg:full_dark_fraction,image_quality,1-coins/120_1479423036.jpg,,full_dark_fraction,4.956351151982662,manual_review_required,pending,,
1-coins/50_1477144608.jpg:roi_brightness_median,image_quality,1-coins/50_1477144608.jpg,,roi_brightness_median,4.955735337847439,manual_review_required,pending,,
1-coins/125_1479424794.jpg:roi_dark_fraction_median,image_quality,1-coins/125_1479424794.jpg,,roi_dark_fraction_median,4.95242754227808,manual_review_required,pending,,
1-coins/5_1477189128.jpg:roi_dark_fraction_median,image_quality,1-coins/5_1477189128.jpg,,roi_dark_fraction_median,4.95088525859801,manual_review_required,pending,,
1-coins/15_1477788348.jpg:roi_dark_fraction_median,image_quality,1-coins/15_1477788348.jpg,,roi_dark_fraction_median,4.946907908724702,manual_review_required,pending,,
1-coins/25_1477285752.jpg:full_brightness_mean,image_quality,1-coins/25_1477285752.jpg,,full_brightness_mean,4.9419124621690855,manual_review_required,pending,,
1-coins/115_1479347634.jpg:full_dark_fraction,image_quality,1-coins/115_1479347634.jpg,,full_dark_fraction,4.9323368110314085,manual_review_required,pending,,
1-coins/115_1479347574.jpg:full_dark_fraction,image_quality,1-coins/115_1479347574.jpg,,full_dark_fraction,4.927116302128962,manual_review_required,pending,,
1-coins/100_1477280364.jpg:roi_dark_fraction_median,image_quality,1-coins/100_1477280364.jpg,,roi_dark_fraction_median,4.920876704472284,manual_review_required,pending,,
1-coins/90_1477854786.jpg:full_dark_fraction,image_quality,1-coins/90_1477854786.jpg,,full_dark_fraction,4.919807589665537,manual_review_required,pending,,
1-coins/50_1477282290.jpg:roi_brightness_median,image_quality,1-coins/50_1477282290.jpg,,roi_brightness_median,4.917504446768647,manual_review_required,pending,,
1-coins/50_1477140102.jpg:roi_dark_fraction_median,image_quality,1-coins/50_1477140102.jpg,,roi_dark_fraction_median,4.917073941061953,manual_review_required,pending,,
1-coins/5_1477290072.jpg:roi_dark_fraction_median,image_quality,1-coins/5_1477290072.jpg,,roi_dark_fraction_median,4.916456541136829,manual_review_required,pending,,
1-coins/70_1477848864.jpg:roi_dark_fraction_median,image_quality,1-coins/70_1477848864.jpg,,roi_dark_fraction_median,4.906037599807782,manual_review_required,pending,,
1-coins/115_1479348054.jpg:roi_dark_fraction_median,image_quality,1-coins/115_1479348054.jpg,,roi_dark_fraction_median,4.895151939771963,manual_review_required,pending,,
1-coins/100_1477280580.jpg:full_bright_fraction,image_quality,1-coins/100_1477280580.jpg,,full_bright_fraction,4.890050688921591,manual_review_required,pending,,
1-coins/100_1477280898.jpg:full_bright_fraction,image_quality,1-coins/100_1477280898.jpg,,full_bright_fraction,4.890050688921591,manual_review_required,pending,,
1-coins/100_1477858224.jpg:full_bright_fraction,image_quality,1-coins/100_1477858224.jpg,,full_bright_fraction,4.890050688921591,manual_review_required,pending,,
1-coins/100_1477858656.jpg:full_bright_fraction,image_quality,1-coins/100_1477858656.jpg,,full_bright_fraction,4.890050688921591,manual_review_required,pending,,
1-coins/105_1479344436.jpg:full_bright_fraction,image_quality,1-coins/105_1479344436.jpg,,full_bright_fraction,4.890050688921591,manual_review_required,pending,,
1-coins/105_1479345312.jpg:full_bright_fraction,image_quality,1-coins/105_1479345312.jpg,,full_bright_fraction,4.890050688921591,manual_review_required,pending,,
1-coins/120_1479351402.jpg:full_bright_fraction,image_quality,1-coins/120_1479351402.jpg,,full_bright_fraction,4.890050688921591,manual_review_required,pending,,
1-coins/120_1479423042.jpg:full_bright_fraction,image_quality,1-coins/120_1479423042.jpg,,full_bright_fraction,4.890050688921591,manual_review_required,pending,,
1-coins/135_1479426918.jpg:full_bright_fraction,image_quality,1-coins/135_1479426918.jpg,,full_bright_fraction,4.890050688921591,manual_review_required,pending,,
1-coins/135_1479426966.jpg:full_bright_fraction,image_quality,1-coins/135_1479426966.jpg,,full_bright_fraction,4.890050688921591,manual_review_required,pending,,
1-coins/140_1479427158.jpg:full_bright_fraction,image_quality,1-coins/140_1479427158.jpg,,full_bright_fraction,4.890050688921591,manual_review_required,pending,,
1-coins/150_1479429540.jpg:full_bright_fraction,image_quality,1-coins/150_1479429540.jpg,,full_bright_fraction,4.890050688921591,manual_review_required,pending,,
1-coins/170_1479423240.jpg:full_bright_fraction,image_quality,1-coins/170_1479423240.jpg,,full_bright_fraction,4.890050688921591,manual_review_required,pending,,
1-coins/175_1479423414.jpg:full_bright_fraction,image_quality,1-coins/175_1479423414.jpg,,full_bright_fraction,4.890050688921591,manual_review_required,pending,,
1-coins/175_1479423462.jpg:full_bright_fraction,image_quality,1-coins/175_1479423462.jpg,,full_bright_fraction,4.890050688921591,manual_review_required,pending,,
1-coins/20_1477788714.jpg:full_bright_fraction,image_quality,1-coins/20_1477788714.jpg,,full_bright_fraction,4.890050688921591,manual_review_required,pending,,
1-coins/50_1477193796.jpg:full_bright_fraction,image_quality,1-coins/50_1477193796.jpg,,full_bright_fraction,4.890050688921591,manual_review_required,pending,,
1-coins/50_1477282542.jpg:full_bright_fraction,image_quality,1-coins/50_1477282542.jpg,,full_bright_fraction,4.890050688921591,manual_review_required,pending,,
1-coins/50_1477283478.jpg:full_bright_fraction,image_quality,1-coins/50_1477283478.jpg,,full_bright_fraction,4.890050688921591,manual_review_required,pending,,
1-coins/55_1477842690.jpg:full_bright_fraction,image_quality,1-coins/55_1477842690.jpg,,full_bright_fraction,4.890050688921591,manual_review_required,pending,,
1-coins/60_1477844028.jpg:full_bright_fraction,image_quality,1-coins/60_1477844028.jpg,,full_bright_fraction,4.890050688921591,manual_review_required,pending,,
1-coins/60_1477845300.jpg:full_bright_fraction,image_quality,1-coins/60_1477845300.jpg,,full_bright_fraction,4.890050688921591,manual_review_required,pending,,
1-coins/70_1477848858.jpg:full_bright_fraction,image_quality,1-coins/70_1477848858.jpg,,full_bright_fraction,4.890050688921591,manual_review_required,pending,,
1-coins/70_1477848930.jpg:full_bright_fraction,image_quality,1-coins/70_1477848930.jpg,,full_bright_fraction,4.890050688921591,manual_review_required,pending,,
1-coins/75_1477849542.jpg:full_bright_fraction,image_quality,1-coins/75_1477849542.jpg,,full_bright_fraction,4.890050688921591,manual_review_required,pending,,
1-coins/75_1477849716.jpg:full_bright_fraction,image_quality,1-coins/75_1477849716.jpg,,full_bright_fraction,4.890050688921591,manual_review_required,pending,,
1-coins/80_1477850862.jpg:full_bright_fraction,image_quality,1-coins/80_1477850862.jpg,,full_bright_fraction,4.890050688921591,manual_review_required,pending,,
1-coins/80_1477851138.jpg:full_bright_fraction,image_quality,1-coins/80_1477851138.jpg,,full_bright_fraction,4.890050688921591,manual_review_required,pending,,
1-coins/85_1477852992.jpg:full_bright_fraction,image_quality,1-coins/85_1477852992.jpg,,full_bright_fraction,4.890050688921591,manual_review_required,pending,,
1-coins/90_1477855614.jpg:full_bright_fraction,image_quality,1-coins/90_1477855614.jpg,,full_bright_fraction,4.890050688921591,manual_review_required,pending,,
1-coins/50_1477193490.jpg:roi_dark_fraction_median,image_quality,1-coins/50_1477193490.jpg,,roi_dark_fraction_median,4.884943904589404,manual_review_required,pending,,
1-coins/55_1477843440.jpg:full_dark_fraction,image_quality,1-coins/55_1477843440.jpg,,full_dark_fraction,4.882219925567923,manual_review_required,pending,,
1-coins/115_1479347646.jpg:full_dark_fraction,image_quality,1-coins/115_1479347646.jpg,,full_dark_fraction,4.869690704202051,manual_review_required,pending,,
1-coins/50_1477144548.jpg:roi_brightness_median,image_quality,1-coins/50_1477144548.jpg,,roi_brightness_median,4.862901341235836,manual_review_required,pending,,
1-coins/150_1479430338.jpg:roi_dark_fraction_median,image_quality,1-coins/150_1479430338.jpg,,roi_dark_fraction_median,4.861135073015306,manual_review_required,pending,,
1-coins/50_1477193058.jpg:roi_dark_fraction_median,image_quality,1-coins/50_1477193058.jpg,,roi_dark_fraction_median,4.857029167490306,manual_review_required,pending,,
1-coins/115_1479347622.jpg:full_dark_fraction,image_quality,1-coins/115_1479347622.jpg,,full_dark_fraction,4.850896872153244,manual_review_required,pending,,
1-coins/10_1477187388.jpg:roi_dark_fraction_median,image_quality,1-coins/10_1477187388.jpg,,roi_dark_fraction_median,4.846493963813745,manual_review_required,pending,,
1-coins/5_1477146966.jpg:roi_dark_fraction_median,image_quality,1-coins/5_1477146966.jpg,,roi_dark_fraction_median,4.8434168987125865,manual_review_required,pending,,
1-coins/25_1477287144.jpg:roi_brightness_median,image_quality,1-coins/25_1477287144.jpg,,roi_brightness_median,4.842630142635946,manual_review_required,pending,,
1-coins/115_1479347616.jpg:full_dark_fraction,image_quality,1-coins/115_1479347616.jpg,,full_dark_fraction,4.840455854348351,manual_review_required,pending,,
1-coins/130_1477862508.jpg:roi_dark_fraction_median,image_quality,1-coins/130_1477862508.jpg,,roi_dark_fraction_median,4.839032528466401,manual_review_required,pending,,
1-coins/130_1477862088.jpg:full_dark_fraction,image_quality,1-coins/130_1477862088.jpg,,full_dark_fraction,4.835235345445905,manual_review_required,pending,,
1-coins/10_1477187400.jpg:roi_dark_fraction_median,image_quality,1-coins/10_1477187400.jpg,,roi_dark_fraction_median,4.824799268785222,manual_review_required,pending,,
1-coins/50_1477281894.jpg:roi_brightness_median,image_quality,1-coins/50_1477281894.jpg,,roi_brightness_median,4.81299080715698,manual_review_required,pending,,
1-coins/70_1477846752.jpg:full_brightness_mean,image_quality,1-coins/70_1477846752.jpg,,full_brightness_mean,4.810425355716259,manual_review_required,pending,,
1-coins/115_1479347628.jpg:full_dark_fraction,image_quality,1-coins/115_1479347628.jpg,,full_dark_fraction,4.802868190250737,manual_review_required,pending,,
1-coins/100_1477281684.jpg:roi_dark_fraction_median,image_quality,1-coins/100_1477281684.jpg,,roi_dark_fraction_median,4.800676047277105,manual_review_required,pending,,
1-coins/5_1477291134.jpg:roi_dark_fraction_median,image_quality,1-coins/5_1477291134.jpg,,roi_dark_fraction_median,4.7998251431128525,manual_review_required,pending,,
1-coins/120_1479423012.jpg:full_dark_fraction,image_quality,1-coins/120_1479423012.jpg,,full_dark_fraction,4.799735884909269,manual_review_required,pending,,
1-coins/50_1477283238.jpg:roi_dark_fraction_median,image_quality,1-coins/50_1477283238.jpg,,roi_dark_fraction_median,4.794875977577644,manual_review_required,pending,,
1-coins/90_1477854780.jpg:full_dark_fraction,image_quality,1-coins/90_1477854780.jpg,,full_dark_fraction,4.792427172445843,manual_review_required,pending,,
1-coins/5_1477188702.jpg:roi_dark_fraction_median,image_quality,1-coins/5_1477188702.jpg,,roi_dark_fraction_median,4.791616084623914,manual_review_required,pending,,
1-coins/150_1479430350.jpg:full_dark_fraction,image_quality,1-coins/150_1479430350.jpg,,full_dark_fraction,4.776765645738504,manual_review_required,pending,,
1-coins/55_1477843434.jpg:full_dark_fraction,image_quality,1-coins/55_1477843434.jpg,,full_dark_fraction,4.773633340397036,manual_review_required,pending,,
1-coins/95_1477857666.jpg:full_dark_fraction,image_quality,1-coins/95_1477857666.jpg,,full_dark_fraction,4.771545136836058,manual_review_required,pending,,
1-coins/105_1479344976.jpg:roi_dark_fraction_median,image_quality,1-coins/105_1479344976.jpg,,roi_dark_fraction_median,4.76691070840903,manual_review_required,pending,,
1-coins/80_1477850784.jpg:full_dark_fraction,image_quality,1-coins/80_1477850784.jpg,,full_dark_fraction,4.7642364243726325,manual_review_required,pending,,
1-coins/115_1479347592.jpg:full_dark_fraction,image_quality,1-coins/115_1479347592.jpg,,full_dark_fraction,4.763192322592142,manual_review_required,pending,,
1-coins/100_1477280430.jpg:roi_dark_fraction_median,image_quality,1-coins/100_1477280430.jpg,,roi_dark_fraction_median,4.759424649755283,manual_review_required,pending,,
1-coins/25_1477153998.jpg:roi_dark_fraction_median,image_quality,1-coins/25_1477153998.jpg,,roi_dark_fraction_median,4.758604292452265,manual_review_required,pending,,
1-coins/5_1477291236.jpg:roi_dark_fraction_median,image_quality,1-coins/5_1477291236.jpg,,roi_dark_fraction_median,4.756226639563336,manual_review_required,pending,,
1-coins/70_1477848888.jpg:roi_dark_fraction_median,image_quality,1-coins/70_1477848888.jpg,,roi_dark_fraction_median,4.746121291927069,manual_review_required,pending,,
1-coins/115_1479347580.jpg:full_dark_fraction,image_quality,1-coins/115_1479347580.jpg,,full_dark_fraction,4.745442592323826,manual_review_required,pending,,
1-coins/145_1479428862.jpg:full_dark_fraction,image_quality,1-coins/145_1479428862.jpg,,full_dark_fraction,4.737089778079912,manual_review_required,pending,,
1-coins/100_1477280454.jpg:roi_brightness_median,image_quality,1-coins/100_1477280454.jpg,,roi_brightness_median,4.731084561672941,manual_review_required,pending,,
1-coins/80_1477850778.jpg:full_dark_fraction,image_quality,1-coins/80_1477850778.jpg,,full_dark_fraction,4.730825167396976,manual_review_required,pending,,
1-coins/50_1477282680.jpg:roi_brightness_median,image_quality,1-coins/50_1477282680.jpg,,roi_brightness_median,4.72916367156135,manual_review_required,pending,,
1-coins/100_1477279860.jpg:roi_dark_fraction_median,image_quality,1-coins/100_1477279860.jpg,,roi_dark_fraction_median,4.726445118026429,manual_review_required,pending,,
1-coins/115_1479347586.jpg:full_dark_fraction,image_quality,1-coins/115_1479347586.jpg,,full_dark_fraction,4.72560465849453,manual_review_required,pending,,
1-coins/100_1477195128.jpg:full_bright_fraction,image_quality,1-coins/100_1477195128.jpg,,full_bright_fraction,4.721428251372572,manual_review_required,pending,,
1-coins/100_1477280958.jpg:full_bright_fraction,image_quality,1-coins/100_1477280958.jpg,,full_bright_fraction,4.721428251372572,manual_review_required,pending,,
1-coins/100_1477281504.jpg:full_bright_fraction,image_quality,1-coins/100_1477281504.jpg,,full_bright_fraction,4.721428251372572,manual_review_required,pending,,
1-coins/100_1477860714.jpg:full_bright_fraction,image_quality,1-coins/100_1477860714.jpg,,full_bright_fraction,4.721428251372572,manual_review_required,pending,,
1-coins/105_1479344820.jpg:full_bright_fraction,image_quality,1-coins/105_1479344820.jpg,,full_bright_fraction,4.721428251372572,manual_review_required,pending,,
1-coins/105_1479345318.jpg:full_bright_fraction,image_quality,1-coins/105_1479345318.jpg,,full_bright_fraction,4.721428251372572,manual_review_required,pending,,
1-coins/110_1479347400.jpg:full_bright_fraction,image_quality,1-coins/110_1479347400.jpg,,full_bright_fraction,4.721428251372572,manual_review_required,pending,,
1-coins/115_1479349548.jpg:full_bright_fraction,image_quality,1-coins/115_1479349548.jpg,,full_bright_fraction,4.721428251372572,manual_review_required,pending,,
1-coins/115_1479349650.jpg:full_bright_fraction,image_quality,1-coins/115_1479349650.jpg,,full_bright_fraction,4.721428251372572,manual_review_required,pending,,
1-coins/115_1479349656.jpg:full_bright_fraction,image_quality,1-coins/115_1479349656.jpg,,full_bright_fraction,4.721428251372572,manual_review_required,pending,,
1-coins/120_1479351294.jpg:full_bright_fraction,image_quality,1-coins/120_1479351294.jpg,,full_bright_fraction,4.721428251372572,manual_review_required,pending,,
1-coins/120_1479423018.jpg:full_bright_fraction,image_quality,1-coins/120_1479423018.jpg,,full_bright_fraction,4.721428251372572,manual_review_required,pending,,
1-coins/140_1479427182.jpg:full_bright_fraction,image_quality,1-coins/140_1479427182.jpg,,full_bright_fraction,4.721428251372572,manual_review_required,pending,,
1-coins/150_1477864224.jpg:full_bright_fraction,image_quality,1-coins/150_1477864224.jpg,,full_bright_fraction,4.721428251372572,manual_review_required,pending,,
1-coins/150_1477864458.jpg:full_bright_fraction,image_quality,1-coins/150_1477864458.jpg,,full_bright_fraction,4.721428251372572,manual_review_required,pending,,
1-coins/150_1477864464.jpg:full_bright_fraction,image_quality,1-coins/150_1477864464.jpg,,full_bright_fraction,4.721428251372572,manual_review_required,pending,,
1-coins/150_1477864482.jpg:full_bright_fraction,image_quality,1-coins/150_1477864482.jpg,,full_bright_fraction,4.721428251372572,manual_review_required,pending,,
1-coins/150_1479429552.jpg:full_bright_fraction,image_quality,1-coins/150_1479429552.jpg,,full_bright_fraction,4.721428251372572,manual_review_required,pending,,
1-coins/150_1479429756.jpg:full_bright_fraction,image_quality,1-coins/150_1479429756.jpg,,full_bright_fraction,4.721428251372572,manual_review_required,pending,,
1-coins/150_1479430038.jpg:full_bright_fraction,image_quality,1-coins/150_1479430038.jpg,,full_bright_fraction,4.721428251372572,manual_review_required,pending,,
1-coins/175_1479423522.jpg:full_bright_fraction,image_quality,1-coins/175_1479423522.jpg,,full_bright_fraction,4.721428251372572,manual_review_required,pending,,
1-coins/25_1477191846.jpg:full_bright_fraction,image_quality,1-coins/25_1477191846.jpg,,full_bright_fraction,4.721428251372572,manual_review_required,pending,,
1-coins/25_1477789398.jpg:full_bright_fraction,image_quality,1-coins/25_1477789398.jpg,,full_bright_fraction,4.721428251372572,manual_review_required,pending,,
1-coins/50_1477193856.jpg:full_bright_fraction,image_quality,1-coins/50_1477193856.jpg,,full_bright_fraction,4.721428251372572,manual_review_required,pending,,
1-coins/55_1477839006.jpg:full_bright_fraction,image_quality,1-coins/55_1477839006.jpg,,full_bright_fraction,4.721428251372572,manual_review_required,pending,,
1-coins/60_1477843920.jpg:full_bright_fraction,image_quality,1-coins/60_1477843920.jpg,,full_bright_fraction,4.721428251372572,manual_review_required,pending,,
1-coins/70_1477846794.jpg:full_bright_fraction,image_quality,1-coins/70_1477846794.jpg,,full_bright_fraction,4.721428251372572,manual_review_required,pending,,
1-coins/80_1477851084.jpg:full_bright_fraction,image_quality,1-coins/80_1477851084.jpg,,full_bright_fraction,4.721428251372572,manual_review_required,pending,,
1-coins/80_1477851150.jpg:full_bright_fraction,image_quality,1-coins/80_1477851150.jpg,,full_bright_fraction,4.721428251372572,manual_review_required,pending,,
1-coins/80_1477851234.jpg:full_bright_fraction,image_quality,1-coins/80_1477851234.jpg,,full_bright_fraction,4.721428251372572,manual_review_required,pending,,
1-coins/80_1477851834.jpg:full_bright_fraction,image_quality,1-coins/80_1477851834.jpg,,full_bright_fraction,4.721428251372572,manual_review_required,pending,,
1-coins/85_1477852974.jpg:full_bright_fraction,image_quality,1-coins/85_1477852974.jpg,,full_bright_fraction,4.721428251372572,manual_review_required,pending,,
1-coins/85_1477853016.jpg:full_bright_fraction,image_quality,1-coins/85_1477853016.jpg,,full_bright_fraction,4.721428251372572,manual_review_required,pending,,
1-coins/85_1477854216.jpg:full_bright_fraction,image_quality,1-coins/85_1477854216.jpg,,full_bright_fraction,4.721428251372572,manual_review_required,pending,,
1-coins/90_1477855566.jpg:full_bright_fraction,image_quality,1-coins/90_1477855566.jpg,,full_bright_fraction,4.721428251372572,manual_review_required,pending,,
1-coins/90_1477855590.jpg:full_bright_fraction,image_quality,1-coins/90_1477855590.jpg,,full_bright_fraction,4.721428251372572,manual_review_required,pending,,
1-coins/90_1477855596.jpg:full_bright_fraction,image_quality,1-coins/90_1477855596.jpg,,full_bright_fraction,4.721428251372572,manual_review_required,pending,,
1-coins/90_1477855770.jpg:full_bright_fraction,image_quality,1-coins/90_1477855770.jpg,,full_bright_fraction,4.721428251372572,manual_review_required,pending,,
1-coins/95_1477857372.jpg:full_bright_fraction,image_quality,1-coins/95_1477857372.jpg,,full_bright_fraction,4.721428251372572,manual_review_required,pending,,
1-coins/50_1477144668.jpg:roi_brightness_median,image_quality,1-coins/50_1477144668.jpg,,roi_brightness_median,4.71539240674065,manual_review_required,pending,,
1-coins/5_1477188762.jpg:roi_dark_fraction_median,image_quality,1-coins/5_1477188762.jpg,,roi_dark_fraction_median,4.709537084253109,manual_review_required,pending,,
1-coins/25_1477285170.jpg:full_brightness_mean,image_quality,1-coins/25_1477285170.jpg,,full_brightness_mean,4.692204120285977,manual_review_required,pending,,
1-coins/150_1479429708.jpg:roi_dark_fraction_median,image_quality,1-coins/150_1479429708.jpg,,roi_dark_fraction_median,4.678823479759464,manual_review_required,pending,,
1-coins/120_1479351390.jpg:full_dark_fraction,image_quality,1-coins/120_1479351390.jpg,,full_dark_fraction,4.676531874811532,manual_review_required,pending,,
1-coins/5_1477290948.jpg:full_brightness_mean,image_quality,1-coins/5_1477290948.jpg,,full_brightness_mean,4.673002768993867,manual_review_required,pending,,
1-coins/25_1477191552.jpg:roi_dark_fraction_median,image_quality,1-coins/25_1477191552.jpg,,roi_dark_fraction_median,4.669981684526445,manual_review_required,pending,,
1-coins/90_1477855518.jpg:roi_dark_fraction_median,image_quality,1-coins/90_1477855518.jpg,,roi_dark_fraction_median,4.66711971729565,manual_review_required,pending,,
1-coins/95_1477857720.jpg:full_dark_fraction,image_quality,1-coins/95_1477857720.jpg,,full_dark_fraction,4.66400265344566,manual_review_required,pending,,
1-coins/5_1477290750.jpg:full_brightness_mean,image_quality,1-coins/5_1477290750.jpg,,full_brightness_mean,4.663735843079527,manual_review_required,pending,,
1-coins/80_1477850922.jpg:full_dark_fraction,image_quality,1-coins/80_1477850922.jpg,,full_dark_fraction,4.652517533860279,manual_review_required,pending,,
1-coins/100_1477155288.jpg:roi_dark_fraction_median,image_quality,1-coins/100_1477155288.jpg,,roi_dark_fraction_median,4.645532307326229,manual_review_required,pending,,
1-coins/120_1479351396.jpg:full_dark_fraction,image_quality,1-coins/120_1479351396.jpg,,full_dark_fraction,4.644164719616365,manual_review_required,pending,,
1-coins/120_1479351354.jpg:full_dark_fraction,image_quality,1-coins/120_1479351354.jpg,,full_dark_fraction,4.63476780359196,manual_review_required,pending,,
1-coins/25_1477285176.jpg:full_brightness_mean,image_quality,1-coins/25_1477285176.jpg,,full_brightness_mean,4.6340838587557,manual_review_required,pending,,
1-coins/5_1477290138.jpg:roi_dark_fraction_median,image_quality,1-coins/5_1477290138.jpg,,roi_dark_fraction_median,4.633539301787662,manual_review_required,pending,,
1-coins/115_1479347658.jpg:full_dark_fraction,image_quality,1-coins/115_1479347658.jpg,,full_dark_fraction,4.629547294689514,manual_review_required,pending,,
1-coins/5_1477290792.jpg:roi_dark_fraction_median,image_quality,1-coins/5_1477290792.jpg,,roi_dark_fraction_median,4.629126490775395,manual_review_required,pending,,
1-coins/100_1477280658.jpg:roi_brightness_median,image_quality,1-coins/100_1477280658.jpg,,roi_brightness_median,4.628814328169962,manual_review_required,pending,,
1-coins/50_1477194420.jpg:roi_dark_fraction_median,image_quality,1-coins/50_1477194420.jpg,,roi_dark_fraction_median,4.627933409995914,manual_review_required,pending,,
1-coins/115_1479347598.jpg:full_dark_fraction,image_quality,1-coins/115_1479347598.jpg,,full_dark_fraction,4.623282684006579,manual_review_required,pending,,
1-coins/25_1477285164.jpg:full_brightness_mean,image_quality,1-coins/25_1477285164.jpg,,full_brightness_mean,4.620624334217021,manual_review_required,pending,,
1-coins/25_1477286448.jpg:roi_brightness_median,image_quality,1-coins/25_1477286448.jpg,,roi_brightness_median,4.617732985106906,manual_review_required,pending,,
1-coins/50_1477145100.jpg:roi_brightness_median,image_quality,1-coins/50_1477145100.jpg,,roi_brightness_median,4.617079980932734,manual_review_required,pending,,
1-coins/130_1477862052.jpg:full_dark_fraction,image_quality,1-coins/130_1477862052.jpg,,full_dark_fraction,4.615973971543154,manual_review_required,pending,,
1-coins/50_1477194240.jpg:full_brightness_mean,image_quality,1-coins/50_1477194240.jpg,,full_brightness_mean,4.615812649508284,manual_review_required,pending,,
1-coins/100_1477194750.jpg:roi_dark_fraction_median,image_quality,1-coins/100_1477194750.jpg,,roi_dark_fraction_median,4.614224521702522,manual_review_required,pending,,
1-coins/130_1477861950.jpg:full_dark_fraction,image_quality,1-coins/130_1477861950.jpg,,full_dark_fraction,4.612841666201685,manual_review_required,pending,,
1-coins/10_1477788060.jpg:full_dark_fraction,image_quality,1-coins/10_1477788060.jpg,,full_dark_fraction,4.606577055518749,manual_review_required,pending,,
1-coins/90_1477854804.jpg:full_dark_fraction,image_quality,1-coins/90_1477854804.jpg,,full_dark_fraction,4.591959630591899,manual_review_required,pending,,
1-coins/135_1479426018.jpg:full_dark_fraction,image_quality,1-coins/135_1479426018.jpg,,full_dark_fraction,4.5731657985430925,manual_review_required,pending,,
1-coins/100_1477194744.jpg:roi_dark_fraction_median,image_quality,1-coins/100_1477194744.jpg,,roi_dark_fraction_median,4.563834556875699,manual_review_required,pending,,
1-coins/150_1479430344.jpg:full_dark_fraction,image_quality,1-coins/150_1479430344.jpg,,full_dark_fraction,4.561680678957711,manual_review_required,pending,,
1-coins/100_1477858284.jpg:roi_dark_fraction_median,image_quality,1-coins/100_1477858284.jpg,,roi_dark_fraction_median,4.558336844952668,manual_review_required,pending,,
1-coins/100_1477154988.jpg:full_bright_fraction,image_quality,1-coins/100_1477154988.jpg,,full_bright_fraction,4.552805813823551,manual_review_required,pending,,
1-coins/100_1477858230.jpg:full_bright_fraction,image_quality,1-coins/100_1477858230.jpg,,full_bright_fraction,4.552805813823551,manual_review_required,pending,,
1-coins/100_1477858680.jpg:full_bright_fraction,image_quality,1-coins/100_1477858680.jpg,,full_bright_fraction,4.552805813823551,manual_review_required,pending,,
1-coins/100_1477858884.jpg:full_bright_fraction,image_quality,1-coins/100_1477858884.jpg,,full_bright_fraction,4.552805813823551,manual_review_required,pending,,
1-coins/100_1477858992.jpg:full_bright_fraction,image_quality,1-coins/100_1477858992.jpg,,full_bright_fraction,4.552805813823551,manual_review_required,pending,,
1-coins/100_1477860654.jpg:full_bright_fraction,image_quality,1-coins/100_1477860654.jpg,,full_bright_fraction,4.552805813823551,manual_review_required,pending,,
1-coins/100_1477860888.jpg:full_bright_fraction,image_quality,1-coins/100_1477860888.jpg,,full_bright_fraction,4.552805813823551,manual_review_required,pending,,
1-coins/100_1477861422.jpg:full_bright_fraction,image_quality,1-coins/100_1477861422.jpg,,full_bright_fraction,4.552805813823551,manual_review_required,pending,,
1-coins/110_1479345618.jpg:full_bright_fraction,image_quality,1-coins/110_1479345618.jpg,,full_bright_fraction,4.552805813823551,manual_review_required,pending,,
1-coins/110_1479345624.jpg:full_bright_fraction,image_quality,1-coins/110_1479345624.jpg,,full_bright_fraction,4.552805813823551,manual_review_required,pending,,
1-coins/115_1479347550.jpg:full_bright_fraction,image_quality,1-coins/115_1479347550.jpg,,full_bright_fraction,4.552805813823551,manual_review_required,pending,,
1-coins/115_1479350568.jpg:full_bright_fraction,image_quality,1-coins/115_1479350568.jpg,,full_bright_fraction,4.552805813823551,manual_review_required,pending,,
1-coins/130_1477862034.jpg:full_bright_fraction,image_quality,1-coins/130_1477862034.jpg,,full_bright_fraction,4.552805813823551,manual_review_required,pending,,
1-coins/150_1479429558.jpg:full_bright_fraction,image_quality,1-coins/150_1479429558.jpg,,full_bright_fraction,4.552805813823551,manual_review_required,pending,,
1-coins/150_1479429978.jpg:full_bright_fraction,image_quality,1-coins/150_1479429978.jpg,,full_bright_fraction,4.552805813823551,manual_review_required,pending,,
1-coins/150_1479430368.jpg:full_bright_fraction,image_quality,1-coins/150_1479430368.jpg,,full_bright_fraction,4.552805813823551,manual_review_required,pending,,
1-coins/175_1479423780.jpg:full_bright_fraction,image_quality,1-coins/175_1479423780.jpg,,full_bright_fraction,4.552805813823551,manual_review_required,pending,,
1-coins/45_1477837020.jpg:full_bright_fraction,image_quality,1-coins/45_1477837020.jpg,,full_bright_fraction,4.552805813823551,manual_review_required,pending,,
1-coins/50_1477140258.jpg:full_bright_fraction,image_quality,1-coins/50_1477140258.jpg,,full_bright_fraction,4.552805813823551,manual_review_required,pending,,
1-coins/50_1477193586.jpg:full_bright_fraction,image_quality,1-coins/50_1477193586.jpg,,full_bright_fraction,4.552805813823551,manual_review_required,pending,,
1-coins/55_1477838946.jpg:full_bright_fraction,image_quality,1-coins/55_1477838946.jpg,,full_bright_fraction,4.552805813823551,manual_review_required,pending,,
1-coins/55_1477839138.jpg:full_bright_fraction,image_quality,1-coins/55_1477839138.jpg,,full_bright_fraction,4.552805813823551,manual_review_required,pending,,
1-coins/55_1477842696.jpg:full_bright_fraction,image_quality,1-coins/55_1477842696.jpg,,full_bright_fraction,4.552805813823551,manual_review_required,pending,,
1-coins/60_1477844166.jpg:full_bright_fraction,image_quality,1-coins/60_1477844166.jpg,,full_bright_fraction,4.552805813823551,manual_review_required,pending,,
1-coins/60_1477844724.jpg:full_bright_fraction,image_quality,1-coins/60_1477844724.jpg,,full_bright_fraction,4.552805813823551,manual_review_required,pending,,
1-coins/60_1477845426.jpg:full_bright_fraction,image_quality,1-coins/60_1477845426.jpg,,full_bright_fraction,4.552805813823551,manual_review_required,pending,,
1-coins/65_1477846194.jpg:full_bright_fraction,image_quality,1-coins/65_1477846194.jpg,,full_bright_fraction,4.552805813823551,manual_review_required,pending,,
1-coins/75_1477849842.jpg:full_bright_fraction,image_quality,1-coins/75_1477849842.jpg,,full_bright_fraction,4.552805813823551,manual_review_required,pending,,
1-coins/80_1477850676.jpg:full_bright_fraction,image_quality,1-coins/80_1477850676.jpg,,full_bright_fraction,4.552805813823551,manual_review_required,pending,,
1-coins/80_1477851204.jpg:full_bright_fraction,image_quality,1-coins/80_1477851204.jpg,,full_bright_fraction,4.552805813823551,manual_review_required,pending,,
1-coins/80_1477851246.jpg:full_bright_fraction,image_quality,1-coins/80_1477851246.jpg,,full_bright_fraction,4.552805813823551,manual_review_required,pending,,
1-coins/85_1477853934.jpg:full_bright_fraction,image_quality,1-coins/85_1477853934.jpg,,full_bright_fraction,4.552805813823551,manual_review_required,pending,,
1-coins/85_1477854024.jpg:full_bright_fraction,image_quality,1-coins/85_1477854024.jpg,,full_bright_fraction,4.552805813823551,manual_review_required,pending,,
1-coins/85_1477854090.jpg:full_bright_fraction,image_quality,1-coins/85_1477854090.jpg,,full_bright_fraction,4.552805813823551,manual_review_required,pending,,
1-coins/95_1477857756.jpg:full_bright_fraction,image_quality,1-coins/95_1477857756.jpg,,full_bright_fraction,4.552805813823551,manual_review_required,pending,,
1-coins/25_1477191558.jpg:roi_dark_fraction_median,image_quality,1-coins/25_1477191558.jpg,,roi_dark_fraction_median,4.548262962077329,manual_review_required,pending,,
1-coins/10_1477149006.jpg:roi_dark_fraction_median,image_quality,1-coins/10_1477149006.jpg,,roi_dark_fraction_median,4.547909242242293,manual_review_required,pending,,
1-coins/80_1477850724.jpg:full_dark_fraction,image_quality,1-coins/80_1477850724.jpg,,full_dark_fraction,4.539754541567436,manual_review_required,pending,,
1-coins/100_1477280844.jpg:roi_dark_fraction_median,image_quality,1-coins/100_1477280844.jpg,,roi_dark_fraction_median,4.539124633202574,manual_review_required,pending,,
1-coins/60_1477843908.jpg:roi_dark_fraction_median,image_quality,1-coins/60_1477843908.jpg,,roi_dark_fraction_median,4.519511795453944,manual_review_required,pending,,
1-coins/25_1477191372.jpg:full_dark_fraction,image_quality,1-coins/25_1477191372.jpg,,full_dark_fraction,4.516784302396671,manual_review_required,pending,,
1-coins/115_1479347652.jpg:full_dark_fraction,image_quality,1-coins/115_1479347652.jpg,,full_dark_fraction,4.514696098835692,manual_review_required,pending,,
1-coins/120_1479351384.jpg:full_dark_fraction,image_quality,1-coins/120_1479351384.jpg,,full_dark_fraction,4.511563793494225,manual_review_required,pending,,
1-coins/50_1477194234.jpg:full_brightness_mean,image_quality,1-coins/50_1477194234.jpg,,full_brightness_mean,4.503261225930115,manual_review_required,pending,,
1-coins/125_1479424830.jpg:roi_dark_fraction_median,image_quality,1-coins/125_1479424830.jpg,,roi_dark_fraction_median,4.488685495361755,manual_review_required,pending,,
1-coins/10_1477788036.jpg:full_dark_fraction,image_quality,1-coins/10_1477788036.jpg,,full_dark_fraction,4.486505350762481,manual_review_required,pending,,
1-coins/50_1477194360.jpg:full_brightness_mean,image_quality,1-coins/50_1477194360.jpg,,full_brightness_mean,4.484916186279669,manual_review_required,pending,,
1-coins/50_1477194336.jpg:full_brightness_mean,image_quality,1-coins/50_1477194336.jpg,,full_brightness_mean,4.470866623684013,manual_review_required,pending,,
1-coins/120_1479351360.jpg:full_dark_fraction,image_quality,1-coins/120_1479351360.jpg,,full_dark_fraction,4.470843824055142,manual_review_required,pending,,
1-coins/5_1477146882.jpg:roi_dark_fraction_median,image_quality,1-coins/5_1477146882.jpg,,roi_dark_fraction_median,4.470461537362046,manual_review_required,pending,,
1-coins/100_1477280340.jpg:roi_dark_fraction_median,image_quality,1-coins/100_1477280340.jpg,,roi_dark_fraction_median,4.46777972471633,manual_review_required,pending,,
1-coins/100_1477280070.jpg:roi_brightness_median,image_quality,1-coins/100_1477280070.jpg,,roi_brightness_median,4.465828156737249,manual_review_required,pending,,
1-coins/5_1477156830.jpg:roi_dark_fraction_median,image_quality,1-coins/5_1477156830.jpg,,roi_dark_fraction_median,4.462962876760433,manual_review_required,pending,,
1-coins/15_1477788342.jpg:roi_dark_fraction_median,image_quality,1-coins/15_1477788342.jpg,,roi_dark_fraction_median,4.449724353732016,manual_review_required,pending,,
1-coins/50_1477194342.jpg:full_brightness_mean,image_quality,1-coins/50_1477194342.jpg,,full_brightness_mean,4.445009643109208,manual_review_required,pending,,
1-coins/130_1477862028.jpg:full_dark_fraction,image_quality,1-coins/130_1477862028.jpg,,full_dark_fraction,4.441608974201443,manual_review_required,pending,,
1-coins/25_1477191378.jpg:full_dark_fraction,image_quality,1-coins/25_1477191378.jpg,,full_dark_fraction,4.440564872420953,manual_review_required,pending,,
1-coins/80_1477850904.jpg:full_dark_fraction,image_quality,1-coins/80_1477850904.jpg,,full_dark_fraction,4.440564872420953,manual_review_required,pending,,
1-coins/50_1477194366.jpg:roi_brightness_median,image_quality,1-coins/50_1477194366.jpg,,roi_brightness_median,4.439577061177152,manual_review_required,pending,,
1-coins/85_1477852020.jpg:full_dark_fraction,image_quality,1-coins/85_1477852020.jpg,,full_dark_fraction,4.438476668859974,manual_review_required,pending,,
1-coins/25_1477287276.jpg:roi_dark_fraction_median,image_quality,1-coins/25_1477287276.jpg,,roi_dark_fraction_median,4.436699314804757,manual_review_required,pending,,
1-coins/50_1477193910.jpg:roi_dark_fraction_median,image_quality,1-coins/50_1477193910.jpg,,roi_dark_fraction_median,4.436626295660124,manual_review_required,pending,,
1-coins/25_1477285266.jpg:full_brightness_mean,image_quality,1-coins/25_1477285266.jpg,,full_brightness_mean,4.434747822255719,manual_review_required,pending,,
1-coins/70_1477846698.jpg:roi_dark_fraction_median,image_quality,1-coins/70_1477846698.jpg,,roi_dark_fraction_median,4.433162415892862,manual_review_required,pending,,
1-coins/25_1477286928.jpg:roi_dark_fraction_median,image_quality,1-coins/25_1477286928.jpg,,roi_dark_fraction_median,4.429625503564399,manual_review_required,pending,,
1-coins/100_1477281450.jpg:roi_dark_fraction_median,image_quality,1-coins/100_1477281450.jpg,,roi_dark_fraction_median,4.426337067636725,manual_review_required,pending,,
1-coins/50_1477194246.jpg:full_brightness_mean,image_quality,1-coins/50_1477194246.jpg,,full_brightness_mean,4.425210991753265,manual_review_required,pending,,
1-coins/10_1477187382.jpg:roi_dark_fraction_median,image_quality,1-coins/10_1477187382.jpg,,roi_dark_fraction_median,4.4228945035889335,manual_review_required,pending,,
1-coins/100_1477154562.jpg:roi_dark_fraction_median,image_quality,1-coins/100_1477154562.jpg,,roi_dark_fraction_median,4.416247316203387,manual_review_required,pending,,
1-coins/95_1477857732.jpg:full_dark_fraction,image_quality,1-coins/95_1477857732.jpg,,full_dark_fraction,4.415506429689209,manual_review_required,pending,,
1-coins/50_1477194270.jpg:full_brightness_mean,image_quality,1-coins/50_1477194270.jpg,,full_brightness_mean,4.404853165869484,manual_review_required,pending,,
1-coins/50_1477194252.jpg:full_brightness_mean,image_quality,1-coins/50_1477194252.jpg,,full_brightness_mean,4.40458023544518,manual_review_required,pending,,
1-coins/50_1477194354.jpg:full_brightness_mean,image_quality,1-coins/50_1477194354.jpg,,full_brightness_mean,4.40348185690835,manual_review_required,pending,,
1-coins/50_1477194366.jpg:full_brightness_mean,image_quality,1-coins/50_1477194366.jpg,,full_brightness_mean,4.401102944496068,manual_review_required,pending,,
1-coins/100_1477280748.jpg:full_brightness_mean,image_quality,1-coins/100_1477280748.jpg,,full_brightness_mean,4.400031193317701,manual_review_required,pending,,
1-coins/120_1479423078.jpg:full_dark_fraction,image_quality,1-coins/120_1479423078.jpg,,full_dark_fraction,4.39984490298187,manual_review_required,pending,,
1-coins/90_1477854726.jpg:full_dark_fraction,image_quality,1-coins/90_1477854726.jpg,,full_dark_fraction,4.39984490298187,manual_review_required,pending,,
1-coins/85_1477853904.jpg:roi_dark_fraction_median,image_quality,1-coins/85_1477853904.jpg,,roi_dark_fraction_median,4.399145812944902,manual_review_required,pending,,
1-coins/10_1477788072.jpg:full_dark_fraction,image_quality,1-coins/10_1477788072.jpg,,full_dark_fraction,4.392536190518445,manual_review_required,pending,,
1-coins/100_1477281102.jpg:full_brightness_mean,image_quality,1-coins/100_1477281102.jpg,,full_brightness_mean,4.392185805245249,manual_review_required,pending,,
1-coins/25_1477191366.jpg:full_dark_fraction,image_quality,1-coins/25_1477191366.jpg,,full_dark_fraction,4.3883597833964885,manual_review_required,pending,,
1-coins/100_1477154934.jpg:full_bright_fraction,image_quality,1-coins/100_1477154934.jpg,,full_bright_fraction,4.384183376274531,manual_review_required,pending,,
1-coins/105_1479344430.jpg:full_bright_fraction,image_quality,1-coins/105_1479344430.jpg,,full_bright_fraction,4.384183376274531,manual_review_required,pending,,
1-coins/105_1479344796.jpg:full_bright_fraction,image_quality,1-coins/105_1479344796.jpg,,full_bright_fraction,4.384183376274531,manual_review_required,pending,,
1-coins/115_1479349644.jpg:full_bright_fraction,image_quality,1-coins/115_1479349644.jpg,,full_bright_fraction,4.384183376274531,manual_review_required,pending,,
1-coins/115_1479350556.jpg:full_bright_fraction,image_quality,1-coins/115_1479350556.jpg,,full_bright_fraction,4.384183376274531,manual_review_required,pending,,
1-coins/120_1479423030.jpg:full_bright_fraction,image_quality,1-coins/120_1479423030.jpg,,full_bright_fraction,4.384183376274531,manual_review_required,pending,,
1-coins/130_1477862358.jpg:full_bright_fraction,image_quality,1-coins/130_1477862358.jpg,,full_bright_fraction,4.384183376274531,manual_review_required,pending,,
1-coins/135_1479425988.jpg:full_bright_fraction,image_quality,1-coins/135_1479425988.jpg,,full_bright_fraction,4.384183376274531,manual_review_required,pending,,
1-coins/135_1479426972.jpg:full_bright_fraction,image_quality,1-coins/135_1479426972.jpg,,full_bright_fraction,4.384183376274531,manual_review_required,pending,,
1-coins/140_1479427398.jpg:full_bright_fraction,image_quality,1-coins/140_1479427398.jpg,,full_bright_fraction,4.384183376274531,manual_review_required,pending,,
1-coins/150_1479429582.jpg:full_bright_fraction,image_quality,1-coins/150_1479429582.jpg,,full_bright_fraction,4.384183376274531,manual_review_required,pending,,
1-coins/150_1479429792.jpg:full_bright_fraction,image_quality,1-coins/150_1479429792.jpg,,full_bright_fraction,4.384183376274531,manual_review_required,pending,,
1-coins/170_1479423138.jpg:full_bright_fraction,image_quality,1-coins/170_1479423138.jpg,,full_bright_fraction,4.384183376274531,manual_review_required,pending,,
1-coins/175_1479423474.jpg:full_bright_fraction,image_quality,1-coins/175_1479423474.jpg,,full_bright_fraction,4.384183376274531,manual_review_required,pending,,
1-coins/25_1477149378.jpg:full_bright_fraction,image_quality,1-coins/25_1477149378.jpg,,full_bright_fraction,4.384183376274531,manual_review_required,pending,,
1-coins/25_1477191744.jpg:full_bright_fraction,image_quality,1-coins/25_1477191744.jpg,,full_bright_fraction,4.384183376274531,manual_review_required,pending,,
1-coins/45_1477835712.jpg:full_bright_fraction,image_quality,1-coins/45_1477835712.jpg,,full_bright_fraction,4.384183376274531,manual_review_required,pending,,
1-coins/60_1477844172.jpg:full_bright_fraction,image_quality,1-coins/60_1477844172.jpg,,full_bright_fraction,4.384183376274531,manual_review_required,pending,,
1-coins/60_1477844178.jpg:full_bright_fraction,image_quality,1-coins/60_1477844178.jpg,,full_bright_fraction,4.384183376274531,manual_review_required,pending,,
1-coins/60_1477844184.jpg:full_bright_fraction,image_quality,1-coins/60_1477844184.jpg,,full_bright_fraction,4.384183376274531,manual_review_required,pending,,
1-coins/60_1477844820.jpg:full_bright_fraction,image_quality,1-coins/60_1477844820.jpg,,full_bright_fraction,4.384183376274531,manual_review_required,pending,,
1-coins/60_1477845438.jpg:full_bright_fraction,image_quality,1-coins/60_1477845438.jpg,,full_bright_fraction,4.384183376274531,manual_review_required,pending,,
1-coins/65_1477845846.jpg:full_bright_fraction,image_quality,1-coins/65_1477845846.jpg,,full_bright_fraction,4.384183376274531,manual_review_required,pending,,
1-coins/70_1477846788.jpg:full_bright_fraction,image_quality,1-coins/70_1477846788.jpg,,full_bright_fraction,4.384183376274531,manual_review_required,pending,,
1-coins/70_1477848822.jpg:full_bright_fraction,image_quality,1-coins/70_1477848822.jpg,,full_bright_fraction,4.384183376274531,manual_review_required,pending,,
1-coins/70_1477849296.jpg:full_bright_fraction,image_quality,1-coins/70_1477849296.jpg,,full_bright_fraction,4.384183376274531,manual_review_required,pending,,
1-coins/75_1477849488.jpg:full_bright_fraction,image_quality,1-coins/75_1477849488.jpg,,full_bright_fraction,4.384183376274531,manual_review_required,pending,,
1-coins/75_1477849806.jpg:full_bright_fraction,image_quality,1-coins/75_1477849806.jpg,,full_bright_fraction,4.384183376274531,manual_review_required,pending,,
1-coins/75_1477849932.jpg:full_bright_fraction,image_quality,1-coins/75_1477849932.jpg,,full_bright_fraction,4.384183376274531,manual_review_required,pending,,
1-coins/80_1477851222.jpg:full_bright_fraction,image_quality,1-coins/80_1477851222.jpg,,full_bright_fraction,4.384183376274531,manual_review_required,pending,,
1-coins/80_1477851636.jpg:full_bright_fraction,image_quality,1-coins/80_1477851636.jpg,,full_bright_fraction,4.384183376274531,manual_review_required,pending,,
1-coins/80_1477851690.jpg:full_bright_fraction,image_quality,1-coins/80_1477851690.jpg,,full_bright_fraction,4.384183376274531,manual_review_required,pending,,
1-coins/85_1477852908.jpg:full_bright_fraction,image_quality,1-coins/85_1477852908.jpg,,full_bright_fraction,4.384183376274531,manual_review_required,pending,,
1-coins/85_1477852980.jpg:full_bright_fraction,image_quality,1-coins/85_1477852980.jpg,,full_bright_fraction,4.384183376274531,manual_review_required,pending,,
1-coins/85_1477854228.jpg:full_bright_fraction,image_quality,1-coins/85_1477854228.jpg,,full_bright_fraction,4.384183376274531,manual_review_required,pending,,
1-coins/95_1477857762.jpg:full_bright_fraction,image_quality,1-coins/95_1477857762.jpg,,full_bright_fraction,4.384183376274531,manual_review_required,pending,,
1-coins/50_1477283388.jpg:roi_dark_fraction_median,image_quality,1-coins/50_1477283388.jpg,,roi_dark_fraction_median,4.380477610142694,manual_review_required,pending,,
1-coins/50_1477194282.jpg:full_brightness_mean,image_quality,1-coins/50_1477194282.jpg,,full_brightness_mean,4.380277324337365,manual_review_required,pending,,
1-coins/50_1477194276.jpg:full_brightness_mean,image_quality,1-coins/50_1477194276.jpg,,full_brightness_mean,4.3793986215079,manual_review_required,pending,,
1-coins/105_1479345048.jpg:roi_dark_fraction_median,image_quality,1-coins/105_1479345048.jpg,,roi_dark_fraction_median,4.376981790528068,manual_review_required,pending,,
1-coins/50_1477194264.jpg:full_brightness_mean,image_quality,1-coins/50_1477194264.jpg,,full_brightness_mean,4.37280048311281,manual_review_required,pending,,
1-coins/50_1477194258.jpg:full_brightness_mean,image_quality,1-coins/50_1477194258.jpg,,full_brightness_mean,4.372566283391731,manual_review_required,pending,,
1-coins/145_1479427890.jpg:full_dark_fraction,image_quality,1-coins/145_1479427890.jpg,,full_dark_fraction,4.3706100531281695,manual_review_required,pending,,
1-coins/55_1477842258.jpg:full_dark_fraction,image_quality,1-coins/55_1477842258.jpg,,full_dark_fraction,4.3706100531281695,manual_review_required,pending,,
1-coins/60_1477845366.jpg:full_dark_fraction,image_quality,1-coins/60_1477845366.jpg,,full_dark_fraction,4.3706100531281695,manual_review_required,pending,,
1-coins/50_1477194318.jpg:full_brightness_mean,image_quality,1-coins/50_1477194318.jpg,,full_brightness_mean,4.367361239978345,manual_review_required,pending,,
1-coins/5_1477290786.jpg:roi_dark_fraction_median,image_quality,1-coins/5_1477290786.jpg,,roi_dark_fraction_median,4.364895977723758,manual_review_required,pending,,
1-coins/25_1477149534.jpg:roi_dark_fraction_median,image_quality,1-coins/25_1477149534.jpg,,roi_dark_fraction_median,4.363424476370037,manual_review_required,pending,,
1-coins/100_1477280742.jpg:full_brightness_mean,image_quality,1-coins/100_1477280742.jpg,,full_brightness_mean,4.3553710614933445,manual_review_required,pending,,
1-coins/15_1477788150.jpg:roi_dark_fraction_median,image_quality,1-coins/15_1477788150.jpg,,roi_dark_fraction_median,4.3551462622100985,manual_review_required,pending,,
1-coins/50_1477194288.jpg:full_brightness_mean,image_quality,1-coins/50_1477194288.jpg,,full_brightness_mean,4.35505032285724,manual_review_required,pending,,
1-coins/50_1477194300.jpg:full_brightness_mean,image_quality,1-coins/50_1477194300.jpg,,full_brightness_mean,4.350025014113515,manual_review_required,pending,,
1-coins/100_1477281138.jpg:full_brightness_mean,image_quality,1-coins/100_1477281138.jpg,,full_brightness_mean,4.349949368208777,manual_review_required,pending,,
1-coins/5_1477189248.jpg:roi_dark_fraction_median,image_quality,1-coins/5_1477189248.jpg,,roi_dark_fraction_median,4.347887715323608,manual_review_required,pending,,
1-coins/70_1477848942.jpg:full_dark_fraction,image_quality,1-coins/70_1477848942.jpg,,full_dark_fraction,4.338242897933002,manual_review_required,pending,,
1-coins/50_1477194294.jpg:full_brightness_mean,image_quality,1-coins/50_1477194294.jpg,,full_brightness_mean,4.335743067298497,manual_review_required,pending,,
1-coins/100_1477280532.jpg:roi_brightness_median,image_quality,1-coins/100_1477280532.jpg,,roi_brightness_median,4.332460384754495,manual_review_required,pending,,
1-coins/50_1477194330.jpg:full_brightness_mean,image_quality,1-coins/50_1477194330.jpg,,full_brightness_mean,4.329937697985083,manual_review_required,pending,,
1-coins/25_1477286952.jpg:roi_dark_fraction_median,image_quality,1-coins/25_1477286952.jpg,,roi_dark_fraction_median,4.329393791448746,manual_review_required,pending,,
1-coins/100_1477280952.jpg:roi_dark_fraction_median,image_quality,1-coins/100_1477280952.jpg,,roi_dark_fraction_median,4.3292315041705685,manual_review_required,pending,,
1-coins/100_1477281144.jpg:full_brightness_mean,image_quality,1-coins/100_1477281144.jpg,,full_brightness_mean,4.326698842927712,manual_review_required,pending,,
1-coins/50_1477194324.jpg:full_brightness_mean,image_quality,1-coins/50_1477194324.jpg,,full_brightness_mean,4.323648194881337,manual_review_required,pending,,
1-coins/5_1477146408.jpg:roi_dark_fraction_median,image_quality,1-coins/5_1477146408.jpg,,roi_dark_fraction_median,4.318816640436807,manual_review_required,pending,,
1-coins/50_1477145214.jpg:roi_brightness_median,image_quality,1-coins/50_1477145214.jpg,,roi_brightness_median,4.317747317417255,manual_review_required,pending,,
1-coins/25_1477285272.jpg:full_brightness_mean,image_quality,1-coins/25_1477285272.jpg,,full_brightness_mean,4.3089353689929135,manual_review_required,pending,,
1-coins/50_1477194306.jpg:full_brightness_mean,image_quality,1-coins/50_1477194306.jpg,,full_brightness_mean,4.302935135828893,manual_review_required,pending,,
1-coins/125_1479424728.jpg:full_dark_fraction,image_quality,1-coins/125_1479424728.jpg,,full_dark_fraction,4.302743437396367,manual_review_required,pending,,
1-coins/80_1477850634.jpg:full_dark_fraction,image_quality,1-coins/80_1477850634.jpg,,full_dark_fraction,4.302743437396367,manual_review_required,pending,,
1-coins/50_1477194312.jpg:full_brightness_mean,image_quality,1-coins/50_1477194312.jpg,,full_brightness_mean,4.301392564539422,manual_review_required,pending,,
1-coins/85_1477853904.jpg:full_dark_fraction,image_quality,1-coins/85_1477853904.jpg,,full_dark_fraction,4.29856703027441,manual_review_required,pending,,
1-coins/50_1477145226.jpg:roi_dark_fraction_median,image_quality,1-coins/50_1477145226.jpg,,roi_dark_fraction_median,4.296862928123159,manual_review_required,pending,,
1-coins/10_1477147722.jpg:roi_dark_fraction_median,image_quality,1-coins/10_1477147722.jpg,,roi_dark_fraction_median,4.295307024355665,manual_review_required,pending,,
1-coins/115_1479347664.jpg:full_dark_fraction,image_quality,1-coins/115_1479347664.jpg,,full_dark_fraction,4.294390623152452,manual_review_required,pending,,
1-coins/25_1477285278.jpg:full_brightness_mean,image_quality,1-coins/25_1477285278.jpg,,full_brightness_mean,4.293587722671905,manual_review_required,pending,,
1-coins/130_1477861992.jpg:full_dark_fraction,image_quality,1-coins/130_1477861992.jpg,,full_dark_fraction,4.292302419591473,manual_review_required,pending,,
1-coins/70_1477846860.jpg:full_dark_fraction,image_quality,1-coins/70_1477846860.jpg,,full_dark_fraction,4.292302419591473,manual_review_required,pending,,
1-coins/130_1477862058.jpg:full_dark_fraction,image_quality,1-coins/130_1477862058.jpg,,full_dark_fraction,4.2849937071280495,manual_review_required,pending,,
1-coins/55_1477842276.jpg:full_dark_fraction,image_quality,1-coins/55_1477842276.jpg,,full_dark_fraction,4.2849937071280495,manual_review_required,pending,,
1-coins/100_1477281114.jpg:full_brightness_mean,image_quality,1-coins/100_1477281114.jpg,,full_brightness_mean,4.284214287323696,manual_review_required,pending,,
1-coins/100_1477280796.jpg:full_brightness_mean,image_quality,1-coins/100_1477280796.jpg,,full_brightness_mean,4.281483772746179,manual_review_required,pending,,
1-coins/100_1477281096.jpg:full_brightness_mean,image_quality,1-coins/100_1477281096.jpg,,full_brightness_mean,4.280022293866593,manual_review_required,pending,,
1-coins/80_1477850940.jpg:full_dark_fraction,image_quality,1-coins/80_1477850940.jpg,,full_dark_fraction,4.274552689323156,manual_review_required,pending,,
1-coins/100_1477281090.jpg:full_brightness_mean,image_quality,1-coins/100_1477281090.jpg,,full_brightness_mean,4.274541899359946,manual_review_required,pending,,
1-coins/50_1477282218.jpg:roi_brightness_median,image_quality,1-coins/50_1477282218.jpg,,roi_brightness_median,4.272673413474419,manual_review_required,pending,,
1-coins/25_1477285170.jpg:roi_brightness_median,image_quality,1-coins/25_1477285170.jpg,,roi_brightness_median,4.272544544474049,manual_review_required,pending,,
1-coins/100_1477281108.jpg:full_brightness_mean,image_quality,1-coins/100_1477281108.jpg,,full_brightness_mean,4.266281971729512,manual_review_required,pending,,
1-coins/70_1477848918.jpg:roi_dark_fraction_median,image_quality,1-coins/70_1477848918.jpg,,roi_dark_fraction_median,4.263977092312851,manual_review_required,pending,,
1-coins/145_1479427674.jpg:full_dark_fraction,image_quality,1-coins/145_1479427674.jpg,,full_dark_fraction,4.262023467957285,manual_review_required,pending,,
1-coins/115_1479347670.jpg:full_dark_fraction,image_quality,1-coins/115_1479347670.jpg,,full_dark_fraction,4.2609793661767945,manual_review_required,pending,,
1-coins/100_1477194888.jpg:roi_dark_fraction_median,image_quality,1-coins/100_1477194888.jpg,,roi_dark_fraction_median,4.260415808765502,manual_review_required,pending,,
1-coins/100_1477281120.jpg:full_brightness_mean,image_quality,1-coins/100_1477281120.jpg,,full_brightness_mean,4.257062248859732,manual_review_required,pending,,
1-coins/25_1477191234.jpg:full_brightness_mean,image_quality,1-coins/25_1477191234.jpg,,full_brightness_mean,4.256999311466986,manual_review_required,pending,,
1-coins/100_1477281072.jpg:full_brightness_mean,image_quality,1-coins/100_1477281072.jpg,,full_brightness_mean,4.253555304715957,manual_review_required,pending,,
1-coins/120_1479351654.jpg:full_dark_fraction,image_quality,1-coins/120_1479351654.jpg,,full_dark_fraction,4.250538348371902,manual_review_required,pending,,
1-coins/125_1479424830.jpg:full_dark_fraction,image_quality,1-coins/125_1479424830.jpg,,full_dark_fraction,4.250538348371902,manual_review_required,pending,,
1-coins/100_1477281132.jpg:full_brightness_mean,image_quality,1-coins/100_1477281132.jpg,,full_brightness_mean,4.250158501009488,manual_review_required,pending,,
1-coins/100_1477281126.jpg:full_brightness_mean,image_quality,1-coins/100_1477281126.jpg,,full_brightness_mean,4.246817372688908,manual_review_required,pending,,
1-coins/100_1477195182.jpg:roi_dark_fraction_median,image_quality,1-coins/100_1477195182.jpg,,roi_dark_fraction_median,4.2419356896053415,manual_review_required,pending,,
1-coins/105_1479345054.jpg:roi_dark_fraction_median,image_quality,1-coins/105_1479345054.jpg,,roi_dark_fraction_median,4.241202958212722,manual_review_required,pending,,
1-coins/55_1477842648.jpg:roi_dark_fraction_median,image_quality,1-coins/55_1477842648.jpg,,roi_dark_fraction_median,4.233746329372603,manual_review_required,pending,,
1-coins/150_1479430338.jpg:full_dark_fraction,image_quality,1-coins/150_1479430338.jpg,,full_dark_fraction,4.232788618103584,manual_review_required,pending,,
1-coins/25_1477191222.jpg:full_brightness_mean,image_quality,1-coins/25_1477191222.jpg,,full_brightness_mean,4.232205004561977,manual_review_required,pending,,
1-coins/100_1477154676.jpg:roi_dark_fraction_median,image_quality,1-coins/100_1477154676.jpg,,roi_dark_fraction_median,4.2317597116393735,manual_review_required,pending,,
1-coins/100_1477280484.jpg:roi_dark_fraction_median,image_quality,1-coins/100_1477280484.jpg,,roi_dark_fraction_median,4.227534709115651,manual_review_required,pending,,
1-coins/25_1477191354.jpg:roi_dark_fraction_median,image_quality,1-coins/25_1477191354.jpg,,roi_dark_fraction_median,4.225059681946848,manual_review_required,pending,,
1-coins/100_1477279926.jpg:roi_dark_fraction_median,image_quality,1-coins/100_1477279926.jpg,,roi_dark_fraction_median,4.223261247425622,manual_review_required,pending,,
1-coins/50_1477192950.jpg:roi_dark_fraction_median,image_quality,1-coins/50_1477192950.jpg,,roi_dark_fraction_median,4.219879866948635,manual_review_required,pending,,
1-coins/100_1477281702.jpg:roi_dark_fraction_median,image_quality,1-coins/100_1477281702.jpg,,roi_dark_fraction_median,4.219319341263304,manual_review_required,pending,,
1-coins/45_1477835628.jpg:full_dark_fraction,image_quality,1-coins/45_1477835628.jpg,,full_dark_fraction,4.219215294957223,manual_review_required,pending,,
1-coins/100_1477281402.jpg:full_bright_fraction,image_quality,1-coins/100_1477281402.jpg,,full_bright_fraction,4.215560938725511,manual_review_required,pending,,
1-coins/100_1477858164.jpg:full_bright_fraction,image_quality,1-coins/100_1477858164.jpg,,full_bright_fraction,4.215560938725511,manual_review_required,pending,,
1-coins/100_1477860558.jpg:full_bright_fraction,image_quality,1-coins/100_1477860558.jpg,,full_bright_fraction,4.215560938725511,manual_review_required,pending,,
1-coins/100_1477860672.jpg:full_bright_fraction,image_quality,1-coins/100_1477860672.jpg,,full_bright_fraction,4.215560938725511,manual_review_required,pending,,
1-coins/100_1477860912.jpg:full_bright_fraction,image_quality,1-coins/100_1477860912.jpg,,full_bright_fraction,4.215560938725511,manual_review_required,pending,,
1-coins/110_1479345762.jpg:full_bright_fraction,image_quality,1-coins/110_1479345762.jpg,,full_bright_fraction,4.215560938725511,manual_review_required,pending,,
1-coins/120_1479351540.jpg:full_bright_fraction,image_quality,1-coins/120_1479351540.jpg,,full_bright_fraction,4.215560938725511,manual_review_required,pending,,
1-coins/125_1479424602.jpg:full_bright_fraction,image_quality,1-coins/125_1479424602.jpg,,full_bright_fraction,4.215560938725511,manual_review_required,pending,,
1-coins/135_1479426852.jpg:full_bright_fraction,image_quality,1-coins/135_1479426852.jpg,,full_bright_fraction,4.215560938725511,manual_review_required,pending,,
1-coins/145_1479427662.jpg:full_bright_fraction,image_quality,1-coins/145_1479427662.jpg,,full_bright_fraction,4.215560938725511,manual_review_required,pending,,
1-coins/150_1477864476.jpg:full_bright_fraction,image_quality,1-coins/150_1477864476.jpg,,full_bright_fraction,4.215560938725511,manual_review_required,pending,,
1-coins/150_1479430002.jpg:full_bright_fraction,image_quality,1-coins/150_1479430002.jpg,,full_bright_fraction,4.215560938725511,manual_review_required,pending,,
1-coins/170_1479423174.jpg:full_bright_fraction,image_quality,1-coins/170_1479423174.jpg,,full_bright_fraction,4.215560938725511,manual_review_required,pending,,
1-coins/170_1479423300.jpg:full_bright_fraction,image_quality,1-coins/170_1479423300.jpg,,full_bright_fraction,4.215560938725511,manual_review_required,pending,,
1-coins/175_1479423498.jpg:full_bright_fraction,image_quality,1-coins/175_1479423498.jpg,,full_bright_fraction,4.215560938725511,manual_review_required,pending,,
1-coins/175_1479423552.jpg:full_bright_fraction,image_quality,1-coins/175_1479423552.jpg,,full_bright_fraction,4.215560938725511,manual_review_required,pending,,
1-coins/25_1477286508.jpg:full_bright_fraction,image_quality,1-coins/25_1477286508.jpg,,full_bright_fraction,4.215560938725511,manual_review_required,pending,,
1-coins/25_1477287132.jpg:full_bright_fraction,image_quality,1-coins/25_1477287132.jpg,,full_bright_fraction,4.215560938725511,manual_review_required,pending,,
1-coins/50_1477192800.jpg:full_bright_fraction,image_quality,1-coins/50_1477192800.jpg,,full_bright_fraction,4.215560938725511,manual_review_required,pending,,
1-coins/50_1477193862.jpg:full_bright_fraction,image_quality,1-coins/50_1477193862.jpg,,full_bright_fraction,4.215560938725511,manual_review_required,pending,,
1-coins/55_1477838910.jpg:full_bright_fraction,image_quality,1-coins/55_1477838910.jpg,,full_bright_fraction,4.215560938725511,manual_review_required,pending,,
1-coins/55_1477839144.jpg:full_bright_fraction,image_quality,1-coins/55_1477839144.jpg,,full_bright_fraction,4.215560938725511,manual_review_required,pending,,
1-coins/55_1477842738.jpg:full_bright_fraction,image_quality,1-coins/55_1477842738.jpg,,full_bright_fraction,4.215560938725511,manual_review_required,pending,,
1-coins/60_1477845024.jpg:full_bright_fraction,image_quality,1-coins/60_1477845024.jpg,,full_bright_fraction,4.215560938725511,manual_review_required,pending,,
1-coins/65_1477845552.jpg:full_bright_fraction,image_quality,1-coins/65_1477845552.jpg,,full_bright_fraction,4.215560938725511,manual_review_required,pending,,
1-coins/65_1477846476.jpg:full_bright_fraction,image_quality,1-coins/65_1477846476.jpg,,full_bright_fraction,4.215560938725511,manual_review_required,pending,,
1-coins/70_1477846722.jpg:full_bright_fraction,image_quality,1-coins/70_1477846722.jpg,,full_bright_fraction,4.215560938725511,manual_review_required,pending,,
1-coins/75_1477849788.jpg:full_bright_fraction,image_quality,1-coins/75_1477849788.jpg,,full_bright_fraction,4.215560938725511,manual_review_required,pending,,
1-coins/75_1477850400.jpg:full_bright_fraction,image_quality,1-coins/75_1477850400.jpg,,full_bright_fraction,4.215560938725511,manual_review_required,pending,,
1-coins/80_1477851864.jpg:full_bright_fraction,image_quality,1-coins/80_1477851864.jpg,,full_bright_fraction,4.215560938725511,manual_review_required,pending,,
1-coins/85_1477852872.jpg:full_bright_fraction,image_quality,1-coins/85_1477852872.jpg,,full_bright_fraction,4.215560938725511,manual_review_required,pending,,
1-coins/85_1477852938.jpg:full_bright_fraction,image_quality,1-coins/85_1477852938.jpg,,full_bright_fraction,4.215560938725511,manual_review_required,pending,,
1-coins/85_1477853910.jpg:full_bright_fraction,image_quality,1-coins/85_1477853910.jpg,,full_bright_fraction,4.215560938725511,manual_review_required,pending,,
1-coins/85_1477853916.jpg:full_bright_fraction,image_quality,1-coins/85_1477853916.jpg,,full_bright_fraction,4.215560938725511,manual_review_required,pending,,
1-coins/85_1477854012.jpg:full_bright_fraction,image_quality,1-coins/85_1477854012.jpg,,full_bright_fraction,4.215560938725511,manual_review_required,pending,,
1-coins/90_1477857048.jpg:full_bright_fraction,image_quality,1-coins/90_1477857048.jpg,,full_bright_fraction,4.215560938725511,manual_review_required,pending,,
1-coins/95_1477857444.jpg:full_bright_fraction,image_quality,1-coins/95_1477857444.jpg,,full_bright_fraction,4.215560938725511,manual_review_required,pending,,
1-coins/70_1477848906.jpg:full_dark_fraction,image_quality,1-coins/70_1477848906.jpg,,full_dark_fraction,4.21086248071331,manual_review_required,pending,,
1-coins/100_1477154550.jpg:roi_dark_fraction_median,image_quality,1-coins/100_1477154550.jpg,,roi_dark_fraction_median,4.209782360171371,manual_review_required,pending,,
1-coins/100_1477858260.jpg:roi_dark_fraction_median,image_quality,1-coins/100_1477858260.jpg,,roi_dark_fraction_median,4.207197417180705,manual_review_required,pending,,
1-coins/100_1477281084.jpg:full_brightness_mean,image_quality,1-coins/100_1477281084.jpg,,full_brightness_mean,4.200777459562079,manual_review_required,pending,,
1-coins/25_1477191384.jpg:full_dark_fraction,image_quality,1-coins/25_1477191384.jpg,,full_dark_fraction,4.199377361127928,manual_review_required,pending,,
1-coins/25_1477191228.jpg:full_brightness_mean,image_quality,1-coins/25_1477191228.jpg,,full_brightness_mean,4.198117749551401,manual_review_required,pending,,
1-coins/25_1477286970.jpg:roi_dark_fraction_median,image_quality,1-coins/25_1477286970.jpg,,roi_dark_fraction_median,4.188019823625648,manual_review_required,pending,,
1-coins/45_1477835946.jpg:full_dark_fraction,image_quality,1-coins/45_1477835946.jpg,,full_dark_fraction,4.184759936201077,manual_review_required,pending,,
1-coins/25_1477191300.jpg:full_dark_fraction,image_quality,1-coins/25_1477191300.jpg,,full_dark_fraction,4.182671732640098,manual_review_required,pending,,
1-coins/5_1477290900.jpg:roi_dark_fraction_median,image_quality,1-coins/5_1477290900.jpg,,roi_dark_fraction_median,4.181602876409323,manual_review_required,pending,,
1-coins/100_1477281078.jpg:full_brightness_mean,image_quality,1-coins/100_1477281078.jpg,,full_brightness_mean,4.1809733617010005,manual_review_required,pending,,
1-coins/50_1477145082.jpg:full_dark_fraction,image_quality,1-coins/50_1477145082.jpg,,full_dark_fraction,4.18058352907912,manual_review_required,pending,,
1-coins/100_1477858134.jpg:full_dark_fraction,image_quality,1-coins/100_1477858134.jpg,,full_dark_fraction,4.1795394272986295,manual_review_required,pending,,
1-coins/145_1479428964.jpg:full_dark_fraction,image_quality,1-coins/145_1479428964.jpg,,full_dark_fraction,4.1795394272986295,manual_review_required,pending,,
1-coins/100_1477155192.jpg:roi_dark_fraction_median,image_quality,1-coins/100_1477155192.jpg,,roi_dark_fraction_median,4.177815241652318,manual_review_required,pending,,
1-coins/55_1477843416.jpg:roi_dark_fraction_median,image_quality,1-coins/55_1477843416.jpg,,roi_dark_fraction_median,4.1724554170260415,manual_review_required,pending,,
1-coins/100_1477861374.jpg:full_dark_fraction,image_quality,1-coins/100_1477861374.jpg,,full_dark_fraction,4.170142511274227,manual_review_required,pending,,
1-coins/85_1477852026.jpg:full_dark_fraction,image_quality,1-coins/85_1477852026.jpg,,full_dark_fraction,4.168054307713248,manual_review_required,pending,,
1-coins/5_1477189134.jpg:roi_dark_fraction_median,image_quality,1-coins/5_1477189134.jpg,,roi_dark_fraction_median,4.167828884246579,manual_review_required,pending,,
1-coins/50_1477140126.jpg:roi_dark_fraction_median,image_quality,1-coins/50_1477140126.jpg,,roi_dark_fraction_median,4.16752970904552,manual_review_required,pending,,
1-coins/70_1477846710.jpg:roi_dark_fraction_median,image_quality,1-coins/70_1477846710.jpg,,roi_dark_fraction_median,4.161318218645844,manual_review_required,pending,,
1-coins/5_1477188948.jpg:full_brightness_mean,image_quality,1-coins/5_1477188948.jpg,,full_brightness_mean,4.150478984581979,manual_review_required,pending,,
1-coins/50_1477283466.jpg:roi_dark_fraction_median,image_quality,1-coins/50_1477283466.jpg,,roi_dark_fraction_median,4.148452979048874,manual_review_required,pending,,
1-coins/5_1477156734.jpg:roi_dark_fraction_median,image_quality,1-coins/5_1477156734.jpg,,roi_dark_fraction_median,4.148019131492698,manual_review_required,pending,,
1-coins/5_1477188954.jpg:full_brightness_mean,image_quality,1-coins/5_1477188954.jpg,,full_brightness_mean,4.142116178521095,manual_review_required,pending,,
1-coins/5_1477290162.jpg:roi_dark_fraction_median,image_quality,1-coins/5_1477290162.jpg,,roi_dark_fraction_median,4.140165504708761,manual_review_required,pending,,
1-coins/5_1477188978.jpg:full_brightness_mean,image_quality,1-coins/5_1477188978.jpg,,full_brightness_mean,4.13833388328407,manual_review_required,pending,,
1-coins/25_1477191294.jpg:full_dark_fraction,image_quality,1-coins/25_1477191294.jpg,,full_dark_fraction,4.133598948957101,manual_review_required,pending,,
1-coins/50_1477144608.jpg:full_brightness_mean,image_quality,1-coins/50_1477144608.jpg,,full_brightness_mean,4.131068850592786,manual_review_required,pending,,
1-coins/50_1477194348.jpg:full_brightness_mean,image_quality,1-coins/50_1477194348.jpg,,full_brightness_mean,4.12829657947585,manual_review_required,pending,,
1-coins/115_1479348306.jpg:full_brightness_mean,image_quality,1-coins/115_1479348306.jpg,,full_brightness_mean,4.1238740173011,manual_review_required,pending,,
1-coins/25_1477191258.jpg:full_brightness_mean,image_quality,1-coins/25_1477191258.jpg,,full_brightness_mean,4.121947164815547,manual_review_required,pending,,
1-coins/100_1477195410.jpg:roi_dark_fraction_median,image_quality,1-coins/100_1477195410.jpg,,roi_dark_fraction_median,4.120638431588273,manual_review_required,pending,,
1-coins/5_1477145436.jpg:full_dark_fraction,image_quality,1-coins/5_1477145436.jpg,,full_dark_fraction,4.117937422249763,manual_review_required,pending,,
1-coins/105_1479345234.jpg:full_brightness_mean,image_quality,1-coins/105_1479345234.jpg,,full_brightness_mean,4.115552967779635,manual_review_required,pending,,
1-coins/100_1477195470.jpg:roi_dark_fraction_median,image_quality,1-coins/100_1477195470.jpg,,roi_dark_fraction_median,4.111188402983796,manual_review_required,pending,,
1-coins/50_1477281888.jpg:roi_brightness_median,image_quality,1-coins/50_1477281888.jpg,,roi_brightness_median,4.10925861065892,manual_review_required,pending,,
1-coins/25_1477286118.jpg:full_brightness_mean,image_quality,1-coins/25_1477286118.jpg,,full_brightness_mean,4.106181953100372,manual_review_required,pending,,
1-coins/90_1477854828.jpg:full_dark_fraction,image_quality,1-coins/90_1477854828.jpg,,full_dark_fraction,4.105408200883891,manual_review_required,pending,,
1-coins/50_1477140276.jpg:roi_dark_fraction_median,image_quality,1-coins/50_1477140276.jpg,,roi_dark_fraction_median,4.101993765210085,manual_review_required,pending,,
1-coins/5_1477188966.jpg:full_brightness_mean,image_quality,1-coins/5_1477188966.jpg,,full_brightness_mean,4.101061633100292,manual_review_required,pending,,
1-coins/5_1477189224.jpg:roi_brightness_median,image_quality,1-coins/5_1477189224.jpg,,roi_brightness_median,4.093871280114328,manual_review_required,pending,,
1-coins/25_1477191264.jpg:full_brightness_mean,image_quality,1-coins/25_1477191264.jpg,,full_brightness_mean,4.092346014539704,manual_review_required,pending,,
1-coins/100_1477281228.jpg:roi_dark_fraction_median,image_quality,1-coins/100_1477281228.jpg,,roi_dark_fraction_median,4.092254884208518,manual_review_required,pending,,
1-coins/5_1477188942.jpg:full_brightness_mean,image_quality,1-coins/5_1477188942.jpg,,full_brightness_mean,4.089879352877923,manual_review_required,pending,,
1-coins/25_1477286112.jpg:full_brightness_mean,image_quality,1-coins/25_1477286112.jpg,,full_brightness_mean,4.074076015626761,manual_review_required,pending,,
1-coins/45_1477835808.jpg:full_brightness_mean,image_quality,1-coins/45_1477835808.jpg,,full_brightness_mean,4.074074805292282,manual_review_required,pending,,
1-coins/145_1479427884.jpg:full_dark_fraction,image_quality,1-coins/145_1479427884.jpg,,full_dark_fraction,4.073041045688723,manual_review_required,pending,,
1-coins/80_1477851990.jpg:roi_dark_fraction_median,image_quality,1-coins/80_1477851990.jpg,,roi_dark_fraction_median,4.07195103717381,manual_review_required,pending,,
1-coins/10_1477147398.jpg:roi_dark_fraction_median,image_quality,1-coins/10_1477147398.jpg,,roi_dark_fraction_median,4.071406389244263,manual_review_required,pending,,
1-coins/5_1477291890.jpg:full_brightness_mean,image_quality,1-coins/5_1477291890.jpg,,full_brightness_mean,4.070284642881164,manual_review_required,pending,,
1-coins/55_1477843446.jpg:roi_brightness_median,image_quality,1-coins/55_1477843446.jpg,,roi_brightness_median,4.067712088107394,manual_review_required,pending,,
1-coins/5_1477188930.jpg:full_brightness_mean,image_quality,1-coins/5_1477188930.jpg,,full_brightness_mean,4.05690257974894,manual_review_required,pending,,
1-coins/5_1477188924.jpg:full_brightness_mean,image_quality,1-coins/5_1477188924.jpg,,full_brightness_mean,4.052639781724997,manual_review_required,pending,,
1-coins/5_1477146840.jpg:roi_dark_fraction_median,image_quality,1-coins/5_1477146840.jpg,,roi_dark_fraction_median,4.048655619659599,manual_review_required,pending,,
1-coins/100_1477195758.jpg:full_bright_fraction,image_quality,1-coins/100_1477195758.jpg,,full_bright_fraction,4.0469385011764905,manual_review_required,pending,,
1-coins/105_1479344832.jpg:full_bright_fraction,image_quality,1-coins/105_1479344832.jpg,,full_bright_fraction,4.0469385011764905,manual_review_required,pending,,
1-coins/105_1479345258.jpg:full_bright_fraction,image_quality,1-coins/105_1479345258.jpg,,full_bright_fraction,4.0469385011764905,manual_review_required,pending,,
1-coins/10_1477288224.jpg:full_bright_fraction,image_quality,1-coins/10_1477288224.jpg,,full_bright_fraction,4.0469385011764905,manual_review_required,pending,,
1-coins/10_1477288584.jpg:full_bright_fraction,image_quality,1-coins/10_1477288584.jpg,,full_bright_fraction,4.0469385011764905,manual_review_required,pending,,
1-coins/110_1479345756.jpg:full_bright_fraction,image_quality,1-coins/110_1479345756.jpg,,full_bright_fraction,4.0469385011764905,manual_review_required,pending,,
1-coins/120_1479351420.jpg:full_bright_fraction,image_quality,1-coins/120_1479351420.jpg,,full_bright_fraction,4.0469385011764905,manual_review_required,pending,,
1-coins/125_1479424746.jpg:full_bright_fraction,image_quality,1-coins/125_1479424746.jpg,,full_bright_fraction,4.0469385011764905,manual_review_required,pending,,
1-coins/125_1479424794.jpg:full_bright_fraction,image_quality,1-coins/125_1479424794.jpg,,full_bright_fraction,4.0469385011764905,manual_review_required,pending,,
1-coins/135_1479426816.jpg:full_bright_fraction,image_quality,1-coins/135_1479426816.jpg,,full_bright_fraction,4.0469385011764905,manual_review_required,pending,,
1-coins/135_1479426888.jpg:full_bright_fraction,image_quality,1-coins/135_1479426888.jpg,,full_bright_fraction,4.0469385011764905,manual_review_required,pending,,
1-coins/145_1479427668.jpg:full_bright_fraction,image_quality,1-coins/145_1479427668.jpg,,full_bright_fraction,4.0469385011764905,manual_review_required,pending,,
1-coins/150_1477864194.jpg:full_bright_fraction,image_quality,1-coins/150_1477864194.jpg,,full_bright_fraction,4.0469385011764905,manual_review_required,pending,,
1-coins/150_1477864200.jpg:full_bright_fraction,image_quality,1-coins/150_1477864200.jpg,,full_bright_fraction,4.0469385011764905,manual_review_required,pending,,
1-coins/150_1479429504.jpg:full_bright_fraction,image_quality,1-coins/150_1479429504.jpg,,full_bright_fraction,4.0469385011764905,manual_review_required,pending,,
1-coins/150_1479429546.jpg:full_bright_fraction,image_quality,1-coins/150_1479429546.jpg,,full_bright_fraction,4.0469385011764905,manual_review_required,pending,,
1-coins/150_1479430266.jpg:full_bright_fraction,image_quality,1-coins/150_1479430266.jpg,,full_bright_fraction,4.0469385011764905,manual_review_required,pending,,
1-coins/175_1479423444.jpg:full_bright_fraction,image_quality,1-coins/175_1479423444.jpg,,full_bright_fraction,4.0469385011764905,manual_review_required,pending,,
1-coins/175_1479423468.jpg:full_bright_fraction,image_quality,1-coins/175_1479423468.jpg,,full_bright_fraction,4.0469385011764905,manual_review_required,pending,,
1-coins/25_1477154166.jpg:full_bright_fraction,image_quality,1-coins/25_1477154166.jpg,,full_bright_fraction,4.0469385011764905,manual_review_required,pending,,
1-coins/25_1477286862.jpg:full_bright_fraction,image_quality,1-coins/25_1477286862.jpg,,full_bright_fraction,4.0469385011764905,manual_review_required,pending,,
1-coins/50_1477193250.jpg:full_bright_fraction,image_quality,1-coins/50_1477193250.jpg,,full_bright_fraction,4.0469385011764905,manual_review_required,pending,,
1-coins/50_1477282272.jpg:full_bright_fraction,image_quality,1-coins/50_1477282272.jpg,,full_bright_fraction,4.0469385011764905,manual_review_required,pending,,
1-coins/50_1477283334.jpg:full_bright_fraction,image_quality,1-coins/50_1477283334.jpg,,full_bright_fraction,4.0469385011764905,manual_review_required,pending,,
1-coins/50_1477283586.jpg:full_bright_fraction,image_quality,1-coins/50_1477283586.jpg,,full_bright_fraction,4.0469385011764905,manual_review_required,pending,,
1-coins/55_1477842324.jpg:full_bright_fraction,image_quality,1-coins/55_1477842324.jpg,,full_bright_fraction,4.0469385011764905,manual_review_required,pending,,
1-coins/60_1477843986.jpg:full_bright_fraction,image_quality,1-coins/60_1477843986.jpg,,full_bright_fraction,4.0469385011764905,manual_review_required,pending,,
1-coins/60_1477845450.jpg:full_bright_fraction,image_quality,1-coins/60_1477845450.jpg,,full_bright_fraction,4.0469385011764905,manual_review_required,pending,,
1-coins/70_1477848960.jpg:full_bright_fraction,image_quality,1-coins/70_1477848960.jpg,,full_bright_fraction,4.0469385011764905,manual_review_required,pending,,
1-coins/80_1477850886.jpg:full_bright_fraction,image_quality,1-coins/80_1477850886.jpg,,full_bright_fraction,4.0469385011764905,manual_review_required,pending,,
1-coins/80_1477850910.jpg:full_bright_fraction,image_quality,1-coins/80_1477850910.jpg,,full_bright_fraction,4.0469385011764905,manual_review_required,pending,,
1-coins/80_1477851906.jpg:full_bright_fraction,image_quality,1-coins/80_1477851906.jpg,,full_bright_fraction,4.0469385011764905,manual_review_required,pending,,
1-coins/85_1477852896.jpg:full_bright_fraction,image_quality,1-coins/85_1477852896.jpg,,full_bright_fraction,4.0469385011764905,manual_review_required,pending,,
1-coins/85_1477854018.jpg:full_bright_fraction,image_quality,1-coins/85_1477854018.jpg,,full_bright_fraction,4.0469385011764905,manual_review_required,pending,,
1-coins/90_1477855824.jpg:full_bright_fraction,image_quality,1-coins/90_1477855824.jpg,,full_bright_fraction,4.0469385011764905,manual_review_required,pending,,
1-coins/90_1477856976.jpg:full_bright_fraction,image_quality,1-coins/90_1477856976.jpg,,full_bright_fraction,4.0469385011764905,manual_review_required,pending,,
1-coins/95_1477857360.jpg:full_bright_fraction,image_quality,1-coins/95_1477857360.jpg,,full_bright_fraction,4.0469385011764905,manual_review_required,pending,,
1-coins/95_1477857636.jpg:full_bright_fraction,image_quality,1-coins/95_1477857636.jpg,,full_bright_fraction,4.0469385011764905,manual_review_required,pending,,
1-coins/95_1477857918.jpg:full_bright_fraction,image_quality,1-coins/95_1477857918.jpg,,full_bright_fraction,4.0469385011764905,manual_review_required,pending,,
1-coins/80_1477850718.jpg:full_dark_fraction,image_quality,1-coins/80_1477850718.jpg,,full_dark_fraction,4.045894399396,manual_review_required,pending,,
1-coins/50_1477145064.jpg:roi_brightness_median,image_quality,1-coins/50_1477145064.jpg,,roi_brightness_median,4.0451623391169615,manual_review_required,pending,,
1-coins/10_1477787658.jpg:roi_dark_fraction_median,image_quality,1-coins/10_1477787658.jpg,,roi_dark_fraction_median,4.044719771178137,manual_review_required,pending,,
1-coins/100_1477858788.jpg:roi_dark_fraction_median,image_quality,1-coins/100_1477858788.jpg,,roi_dark_fraction_median,4.0444295466721085,manual_review_required,pending,,
1-coins/5_1477188972.jpg:full_brightness_mean,image_quality,1-coins/5_1477188972.jpg,,full_brightness_mean,4.042969209262962,manual_review_required,pending,,
1-coins/25_1477286094.jpg:full_brightness_mean,image_quality,1-coins/25_1477286094.jpg,,full_brightness_mean,4.037070644194908,manual_review_required,pending,,
1-coins/130_1477862064.jpg:full_dark_fraction,image_quality,1-coins/130_1477862064.jpg,,full_dark_fraction,4.036497483371598,manual_review_required,pending,,
1-coins/25_1477286124.jpg:full_brightness_mean,image_quality,1-coins/25_1477286124.jpg,,full_brightness_mean,4.035011260084252,manual_review_required,pending,,
1-coins/5_1477188936.jpg:full_brightness_mean,image_quality,1-coins/5_1477188936.jpg,,full_brightness_mean,4.034856337271344,manual_review_required,pending,,
1-coins/25_1477286082.jpg:full_brightness_mean,image_quality,1-coins/25_1477286082.jpg,,full_brightness_mean,4.033398489395183,manual_review_required,pending,,
1-coins/100_1477280586.jpg:roi_dark_fraction_median,image_quality,1-coins/100_1477280586.jpg,,roi_dark_fraction_median,4.0295183224864,manual_review_required,pending,,
1-coins/130_1477861944.jpg:full_dark_fraction,image_quality,1-coins/130_1477861944.jpg,,full_dark_fraction,4.026056465566705,manual_review_required,pending,,
1-coins/25_1477286106.jpg:full_brightness_mean,image_quality,1-coins/25_1477286106.jpg,,full_brightness_mean,4.025210576666063,manual_review_required,pending,,
1-coins/25_1477286010.jpg:roi_brightness_median,image_quality,1-coins/25_1477286010.jpg,,roi_brightness_median,4.020738566179882,manual_review_required,pending,,
1-coins/100_1477154994.jpg:roi_dark_fraction_median,image_quality,1-coins/100_1477154994.jpg,,roi_dark_fraction_median,4.020361210648376,manual_review_required,pending,,
1-coins/25_1477286088.jpg:full_brightness_mean,image_quality,1-coins/25_1477286088.jpg,,full_brightness_mean,4.019612779715264,manual_review_required,pending,,
1-coins/50_1477282590.jpg:roi_dark_fraction_median,image_quality,1-coins/50_1477282590.jpg,,roi_dark_fraction_median,4.016246782376384,manual_review_required,pending,,
1-coins/105_1479344412.jpg:full_brightness_mean,image_quality,1-coins/105_1479344412.jpg,,full_brightness_mean,4.013330538618369,manual_review_required,pending,,
1-coins/105_1479344826.jpg:roi_dark_fraction_median,image_quality,1-coins/105_1479344826.jpg,,roi_dark_fraction_median,4.01313581672048,manual_review_required,pending,,
1-coins/10_1477288614.jpg:roi_brightness_median,image_quality,1-coins/10_1477288614.jpg,,roi_brightness_median,4.006800471380981,manual_review_required,pending,,
1-coins/145_1479428976.jpg:full_dark_fraction,image_quality,1-coins/145_1479428976.jpg,,full_dark_fraction,4.006218531737408,manual_review_required,pending,,
1-coins/100_1477195146.jpg:full_brightness_mean,image_quality,1-coins/100_1477195146.jpg,,full_brightness_mean,4.004473916091339,manual_review_required,pending,,
1-coins/10_1477788066.jpg:full_dark_fraction,image_quality,1-coins/10_1477788066.jpg,,full_dark_fraction,3.9989098192739823,manual_review_required,pending,,
1-coins/25_1477286076.jpg:full_brightness_mean,image_quality,1-coins/25_1477286076.jpg,,full_brightness_mean,3.9979907594714543,manual_review_required,pending,,
1-coins/50_1477193868.jpg:full_brightness_mean,image_quality,1-coins/50_1477193868.jpg,,full_brightness_mean,3.996020940112009,manual_review_required,pending,,
1-coins/25_1477287024.jpg:roi_dark_fraction_median,image_quality,1-coins/25_1477287024.jpg,,roi_dark_fraction_median,3.994035344915758,manual_review_required,pending,,
1-coins/100_1477280094.jpg:roi_dark_fraction_median,image_quality,1-coins/100_1477280094.jpg,,roi_dark_fraction_median,3.993927550835671,manual_review_required,pending,,
1-coins/50_1477139868.jpg:full_dark_fraction,image_quality,1-coins/50_1477139868.jpg,,full_dark_fraction,3.993689310371536,manual_review_required,pending,,
1-coins/50_1477193850.jpg:full_brightness_mean,image_quality,1-coins/50_1477193850.jpg,,full_brightness_mean,3.9924450069031145,manual_review_required,pending,,
1-coins/25_1477191288.jpg:full_dark_fraction,image_quality,1-coins/25_1477191288.jpg,,full_dark_fraction,3.98951290324958,manual_review_required,pending,,
1-coins/75_1477849710.jpg:roi_dark_fraction_median,image_quality,1-coins/75_1477849710.jpg,,roi_dark_fraction_median,3.988114085264779,manual_review_required,pending,,
1-coins/50_1477282926.jpg:roi_dark_fraction_median,image_quality,1-coins/50_1477282926.jpg,,roi_dark_fraction_median,3.9865849675704745,manual_review_required,pending,,
1-coins/5_1477188960.jpg:full_brightness_mean,image_quality,1-coins/5_1477188960.jpg,,full_brightness_mean,3.985888625047438,manual_review_required,pending,,
1-coins/55_1477842642.jpg:roi_dark_fraction_median,image_quality,1-coins/55_1477842642.jpg,,roi_dark_fraction_median,3.979818286820367,manual_review_required,pending,,
1-coins/115_1479349578.jpg:full_brightness_mean,image_quality,1-coins/115_1479349578.jpg,,full_brightness_mean,3.979415151103357,manual_review_required,pending,,
1-coins/25_1477149300.jpg:full_dark_fraction,image_quality,1-coins/25_1477149300.jpg,,full_dark_fraction,3.979071885444686,manual_review_required,pending,,
1-coins/5_1477147056.jpg:roi_dark_fraction_median,image_quality,1-coins/5_1477147056.jpg,,roi_dark_fraction_median,3.978198179211664,manual_review_required,pending,,
1-coins/100_1477195152.jpg:full_brightness_mean,image_quality,1-coins/100_1477195152.jpg,,full_brightness_mean,3.976766334102961,manual_review_required,pending,,
1-coins/50_1477282452.jpg:roi_dark_fraction_median,image_quality,1-coins/50_1477282452.jpg,,roi_dark_fraction_median,3.9739612868041743,manual_review_required,pending,,
1-coins/10_1477288386.jpg:roi_dark_fraction_median,image_quality,1-coins/10_1477288386.jpg,,roi_dark_fraction_median,3.973613441444101,manual_review_required,pending,,
1-coins/50_1477193874.jpg:full_brightness_mean,image_quality,1-coins/50_1477193874.jpg,,full_brightness_mean,3.971063843219997,manual_review_required,pending,,
1-coins/50_1477193814.jpg:full_brightness_mean,image_quality,1-coins/50_1477193814.jpg,,full_brightness_mean,3.96936695428486,manual_review_required,pending,,
1-coins/10_1477147560.jpg:roi_dark_fraction_median,image_quality,1-coins/10_1477147560.jpg,,roi_dark_fraction_median,3.967473856778738,manual_review_required,pending,,
1-coins/95_1477857660.jpg:full_dark_fraction,image_quality,1-coins/95_1477857660.jpg,,full_dark_fraction,3.966542664078815,manual_review_required,pending,,
1-coins/25_1477286034.jpg:full_brightness_mean,image_quality,1-coins/25_1477286034.jpg,,full_brightness_mean,3.963816965545852,manual_review_required,pending,,
1-coins/15_1477788114.jpg:roi_dark_fraction_median,image_quality,1-coins/15_1477788114.jpg,,roi_dark_fraction_median,3.962694421386716,manual_review_required,pending,,
1-coins/25_1477286028.jpg:full_brightness_mean,image_quality,1-coins/25_1477286028.jpg,,full_brightness_mean,3.9615730054276304,manual_review_required,pending,,
1-coins/50_1477193856.jpg:full_brightness_mean,image_quality,1-coins/50_1477193856.jpg,,full_brightness_mean,3.9611046059854735,manual_review_required,pending,,
1-coins/115_1479349566.jpg:full_brightness_mean,image_quality,1-coins/115_1479349566.jpg,,full_brightness_mean,3.959287893937227,manual_review_required,pending,,
1-coins/55_1477843392.jpg:roi_dark_fraction_median,image_quality,1-coins/55_1477843392.jpg,,roi_dark_fraction_median,3.958781625843303,manual_review_required,pending,,
1-coins/55_1477842270.jpg:full_dark_fraction,image_quality,1-coins/55_1477842270.jpg,,full_dark_fraction,3.9581898498349006,manual_review_required,pending,,
1-coins/55_1477842606.jpg:roi_dark_fraction_median,image_quality,1-coins/55_1477842606.jpg,,roi_dark_fraction_median,3.9575163249339633,manual_review_required,pending,,
1-coins/90_1477854732.jpg:full_dark_fraction,image_quality,1-coins/90_1477854732.jpg,,full_dark_fraction,3.955057544493433,manual_review_required,pending,,
1-coins/25_1477286100.jpg:full_brightness_mean,image_quality,1-coins/25_1477286100.jpg,,full_brightness_mean,3.9525499619101727,manual_review_required,pending,,
1-coins/25_1477286994.jpg:roi_dark_fraction_median,image_quality,1-coins/25_1477286994.jpg,,roi_dark_fraction_median,3.9523865580534574,manual_review_required,pending,,
1-coins/50_1477193880.jpg:full_brightness_mean,image_quality,1-coins/50_1477193880.jpg,,full_brightness_mean,3.951357782451464,manual_review_required,pending,,
1-coins/120_1479423006.jpg:full_dark_fraction,image_quality,1-coins/120_1479423006.jpg,,full_dark_fraction,3.9508811373714754,manual_review_required,pending,,
1-coins/25_1477153896.jpg:roi_dark_fraction_median,image_quality,1-coins/25_1477153896.jpg,,roi_dark_fraction_median,3.949369428789728,manual_review_required,pending,,
1-coins/20_1477788804.jpg:full_brightness_mean,image_quality,1-coins/20_1477788804.jpg,,full_brightness_mean,3.948943165172142,manual_review_required,pending,,
1-coins/50_1477193844.jpg:full_brightness_mean,image_quality,1-coins/50_1477193844.jpg,,full_brightness_mean,3.9459657423615537,manual_review_required,pending,,
1-coins/100_1477195134.jpg:full_brightness_mean,image_quality,1-coins/100_1477195134.jpg,,full_brightness_mean,3.945390833485528,manual_review_required,pending,,
1-coins/50_1477282446.jpg:roi_dark_fraction_median,image_quality,1-coins/50_1477282446.jpg,,roi_dark_fraction_median,3.943221464286116,manual_review_required,pending,,
1-coins/100_1477195158.jpg:full_brightness_mean,image_quality,1-coins/100_1477195158.jpg,,full_brightness_mean,3.942230045001847,manual_review_required,pending,,
1-coins/50_1477283190.jpg:full_brightness_mean,image_quality,1-coins/50_1477283190.jpg,,full_brightness_mean,3.937489770027181,manual_review_required,pending,,
1-coins/110_1479346284.jpg:full_brightness_mean,image_quality,1-coins/110_1479346284.jpg,,full_brightness_mean,3.9348058533269854,manual_review_required,pending,,
1-coins/100_1477281114.jpg:roi_brightness_median,image_quality,1-coins/100_1477281114.jpg,,roi_brightness_median,3.933892471270628,manual_review_required,pending,,
1-coins/25_1477286046.jpg:full_brightness_mean,image_quality,1-coins/25_1477286046.jpg,,full_brightness_mean,3.93321244798953,manual_review_required,pending,,
1-coins/100_1477194876.jpg:full_brightness_mean,image_quality,1-coins/100_1477194876.jpg,,full_brightness_mean,3.931209949599238,manual_review_required,pending,,
1-coins/100_1477195140.jpg:full_brightness_mean,image_quality,1-coins/100_1477195140.jpg,,full_brightness_mean,3.931070155967279,manual_review_required,pending,,
1-coins/50_1477193862.jpg:full_brightness_mean,image_quality,1-coins/50_1477193862.jpg,,full_brightness_mean,3.9309733292092073,manual_review_required,pending,,
1-coins/115_1479349572.jpg:full_brightness_mean,image_quality,1-coins/115_1479349572.jpg,,full_brightness_mean,3.929296410792919,manual_review_required,pending,,
1-coins/25_1477286058.jpg:full_brightness_mean,image_quality,1-coins/25_1477286058.jpg,,full_brightness_mean,3.92612775513515,manual_review_required,pending,,
1-coins/100_1477195122.jpg:full_brightness_mean,image_quality,1-coins/100_1477195122.jpg,,full_brightness_mean,3.924875058952642,manual_review_required,pending,,
1-coins/50_1477193820.jpg:full_brightness_mean,image_quality,1-coins/50_1477193820.jpg,,full_brightness_mean,3.9244659658998073,manual_review_required,pending,,
1-coins/5_1477290024.jpg:roi_dark_fraction_median,image_quality,1-coins/5_1477290024.jpg,,roi_dark_fraction_median,3.92142843567414,manual_review_required,pending,,
1-coins/25_1477286052.jpg:full_brightness_mean,image_quality,1-coins/25_1477286052.jpg,,full_brightness_mean,3.920889427523675,manual_review_required,pending,,
1-coins/100_1477195686.jpg:full_brightness_mean,image_quality,1-coins/100_1477195686.jpg,,full_brightness_mean,3.91899767473792,manual_review_required,pending,,
1-coins/140_1479427440.jpg:full_dark_fraction,image_quality,1-coins/140_1479427440.jpg,,full_dark_fraction,3.916425778615329,manual_review_required,pending,,
1-coins/100_1477195164.jpg:full_brightness_mean,image_quality,1-coins/100_1477195164.jpg,,full_brightness_mean,3.913298209691145,manual_review_required,pending,,
1-coins/100_1477194870.jpg:full_brightness_mean,image_quality,1-coins/100_1477194870.jpg,,full_brightness_mean,3.912380170991213,manual_review_required,pending,,
1-coins/125_1479424476.jpg:full_brightness_mean,image_quality,1-coins/125_1479424476.jpg,,full_brightness_mean,3.911815549958232,manual_review_required,pending,,
1-coins/25_1477286040.jpg:full_brightness_mean,image_quality,1-coins/25_1477286040.jpg,,full_brightness_mean,3.911358043526363,manual_review_required,pending,,
1-coins/95_1477857708.jpg:full_dark_fraction,image_quality,1-coins/95_1477857708.jpg,,full_dark_fraction,3.911205269712882,manual_review_required,pending,,
1-coins/100_1477195614.jpg:roi_dark_fraction_median,image_quality,1-coins/100_1477195614.jpg,,roi_dark_fraction_median,3.9103760874078457,manual_review_required,pending,,
1-coins/95_1477857714.jpg:full_dark_fraction,image_quality,1-coins/95_1477857714.jpg,,full_dark_fraction,3.905984760810436,manual_review_required,pending,,
1-coins/50_1477193838.jpg:full_brightness_mean,image_quality,1-coins/50_1477193838.jpg,,full_brightness_mean,3.8998005596164784,manual_review_required,pending,,
1-coins/5_1477188612.jpg:roi_dark_fraction_median,image_quality,1-coins/5_1477188612.jpg,,roi_dark_fraction_median,3.8992672668441375,manual_review_required,pending,,
1-coins/130_1477862868.jpg:full_brightness_mean,image_quality,1-coins/130_1477862868.jpg,,full_brightness_mean,3.897198340493401,manual_review_required,pending,,
1-coins/100_1477195170.jpg:full_brightness_mean,image_quality,1-coins/100_1477195170.jpg,,full_brightness_mean,3.894151928617689,manual_review_required,pending,,
1-coins/100_1477195320.jpg:full_brightness_mean,image_quality,1-coins/100_1477195320.jpg,,full_brightness_mean,3.893270805119271,manual_review_required,pending,,
1-coins/50_1477281990.jpg:full_brightness_mean,image_quality,1-coins/50_1477281990.jpg,,full_brightness_mean,3.891607805549453,manual_review_required,pending,,
1-coins/10_1477289532.jpg:full_brightness_mean,image_quality,1-coins/10_1477289532.jpg,,full_brightness_mean,3.890337559517048,manual_review_required,pending,,
1-coins/50_1477193826.jpg:full_brightness_mean,image_quality,1-coins/50_1477193826.jpg,,full_brightness_mean,3.889604096824688,manual_review_required,pending,,
1-coins/25_1477192152.jpg:roi_dark_fraction_median,image_quality,1-coins/25_1477192152.jpg,,roi_dark_fraction_median,3.888394132350916,manual_review_required,pending,,
1-coins/120_1479351594.jpg:full_dark_fraction,image_quality,1-coins/120_1479351594.jpg,,full_dark_fraction,3.888235030542118,manual_review_required,pending,,
1-coins/5_1477189026.jpg:roi_dark_fraction_median,image_quality,1-coins/5_1477189026.jpg,,roi_dark_fraction_median,3.88763633304683,manual_review_required,pending,,
1-coins/100_1477281444.jpg:roi_dark_fraction_median,image_quality,1-coins/100_1477281444.jpg,,roi_dark_fraction_median,3.887252245008191,manual_review_required,pending,,
1-coins/45_1477835958.jpg:full_dark_fraction,image_quality,1-coins/45_1477835958.jpg,,full_dark_fraction,3.887190928761629,manual_review_required,pending,,
1-coins/10_1477186524.jpg:roi_dark_fraction_median,image_quality,1-coins/10_1477186524.jpg,,roi_dark_fraction_median,3.8851162573753633,manual_review_required,pending,,
1-coins/100_1477858212.jpg:full_dark_fraction,image_quality,1-coins/100_1477858212.jpg,,full_dark_fraction,3.884058623420161,manual_review_required,pending,,
1-coins/25_1477286064.jpg:full_brightness_mean,image_quality,1-coins/25_1477286064.jpg,,full_brightness_mean,3.880168329250963,manual_review_required,pending,,
1-coins/25_1477286070.jpg:full_brightness_mean,image_quality,1-coins/25_1477286070.jpg,,full_brightness_mean,3.87925694739065,manual_review_required,pending,,
1-coins/25_1477287186.jpg:roi_dark_fraction_median,image_quality,1-coins/25_1477287186.jpg,,roi_dark_fraction_median,3.8784865539539566,manual_review_required,pending,,
1-coins/100_1477195740.jpg:full_bright_fraction,image_quality,1-coins/100_1477195740.jpg,,full_bright_fraction,3.878316063627469,manual_review_required,pending,,
1-coins/100_1477858128.jpg:full_bright_fraction,image_quality,1-coins/100_1477858128.jpg,,full_bright_fraction,3.878316063627469,manual_review_required,pending,,
1-coins/100_1477858134.jpg:full_bright_fraction,image_quality,1-coins/100_1477858134.jpg,,full_bright_fraction,3.878316063627469,manual_review_required,pending,,
1-coins/100_1477858194.jpg:full_bright_fraction,image_quality,1-coins/100_1477858194.jpg,,full_bright_fraction,3.878316063627469,manual_review_required,pending,,
1-coins/100_1477858986.jpg:full_bright_fraction,image_quality,1-coins/100_1477858986.jpg,,full_bright_fraction,3.878316063627469,manual_review_required,pending,,
1-coins/115_1479350550.jpg:full_bright_fraction,image_quality,1-coins/115_1479350550.jpg,,full_bright_fraction,3.878316063627469,manual_review_required,pending,,
1-coins/115_1479350574.jpg:full_bright_fraction,image_quality,1-coins/115_1479350574.jpg,,full_bright_fraction,3.878316063627469,manual_review_required,pending,,
1-coins/125_1479424452.jpg:full_bright_fraction,image_quality,1-coins/125_1479424452.jpg,,full_bright_fraction,3.878316063627469,manual_review_required,pending,,
1-coins/130_1477862880.jpg:full_bright_fraction,image_quality,1-coins/130_1477862880.jpg,,full_bright_fraction,3.878316063627469,manual_review_required,pending,,
1-coins/150_1477864218.jpg:full_bright_fraction,image_quality,1-coins/150_1477864218.jpg,,full_bright_fraction,3.878316063627469,manual_review_required,pending,,
1-coins/150_1477864410.jpg:full_bright_fraction,image_quality,1-coins/150_1477864410.jpg,,full_bright_fraction,3.878316063627469,manual_review_required,pending,,
1-coins/150_1479429690.jpg:full_bright_fraction,image_quality,1-coins/150_1479429690.jpg,,full_bright_fraction,3.878316063627469,manual_review_required,pending,,
1-coins/170_1479423234.jpg:full_bright_fraction,image_quality,1-coins/170_1479423234.jpg,,full_bright_fraction,3.878316063627469,manual_review_required,pending,,
1-coins/175_1479423492.jpg:full_bright_fraction,image_quality,1-coins/175_1479423492.jpg,,full_bright_fraction,3.878316063627469,manual_review_required,pending,,
1-coins/175_1479423774.jpg:full_bright_fraction,image_quality,1-coins/175_1479423774.jpg,,full_bright_fraction,3.878316063627469,manual_review_required,pending,,
1-coins/25_1477191738.jpg:full_bright_fraction,image_quality,1-coins/25_1477191738.jpg,,full_bright_fraction,3.878316063627469,manual_review_required,pending,,
1-coins/25_1477285872.jpg:full_bright_fraction,image_quality,1-coins/25_1477285872.jpg,,full_bright_fraction,3.878316063627469,manual_review_required,pending,,
1-coins/25_1477286502.jpg:full_bright_fraction,image_quality,1-coins/25_1477286502.jpg,,full_bright_fraction,3.878316063627469,manual_review_required,pending,,
1-coins/45_1477837014.jpg:full_bright_fraction,image_quality,1-coins/45_1477837014.jpg,,full_bright_fraction,3.878316063627469,manual_review_required,pending,,
1-coins/55_1477842408.jpg:full_bright_fraction,image_quality,1-coins/55_1477842408.jpg,,full_bright_fraction,3.878316063627469,manual_review_required,pending,,
1-coins/60_1477844202.jpg:full_bright_fraction,image_quality,1-coins/60_1477844202.jpg,,full_bright_fraction,3.878316063627469,manual_review_required,pending,,
1-coins/60_1477845198.jpg:full_bright_fraction,image_quality,1-coins/60_1477845198.jpg,,full_bright_fraction,3.878316063627469,manual_review_required,pending,,
1-coins/60_1477845378.jpg:full_bright_fraction,image_quality,1-coins/60_1477845378.jpg,,full_bright_fraction,3.878316063627469,manual_review_required,pending,,
1-coins/65_1477845564.jpg:full_bright_fraction,image_quality,1-coins/65_1477845564.jpg,,full_bright_fraction,3.878316063627469,manual_review_required,pending,,
1-coins/65_1477845840.jpg:full_bright_fraction,image_quality,1-coins/65_1477845840.jpg,,full_bright_fraction,3.878316063627469,manual_review_required,pending,,
1-coins/70_1477846818.jpg:full_bright_fraction,image_quality,1-coins/70_1477846818.jpg,,full_bright_fraction,3.878316063627469,manual_review_required,pending,,
1-coins/70_1477848834.jpg:full_bright_fraction,image_quality,1-coins/70_1477848834.jpg,,full_bright_fraction,3.878316063627469,manual_review_required,pending,,
1-coins/70_1477848990.jpg:full_bright_fraction,image_quality,1-coins/70_1477848990.jpg,,full_bright_fraction,3.878316063627469,manual_review_required,pending,,
1-coins/75_1477849596.jpg:full_bright_fraction,image_quality,1-coins/75_1477849596.jpg,,full_bright_fraction,3.878316063627469,manual_review_required,pending,,
1-coins/80_1477851750.jpg:full_bright_fraction,image_quality,1-coins/80_1477851750.jpg,,full_bright_fraction,3.878316063627469,manual_review_required,pending,,
1-coins/85_1477852860.jpg:full_bright_fraction,image_quality,1-coins/85_1477852860.jpg,,full_bright_fraction,3.878316063627469,manual_review_required,pending,,
1-coins/85_1477852902.jpg:full_bright_fraction,image_quality,1-coins/85_1477852902.jpg,,full_bright_fraction,3.878316063627469,manual_review_required,pending,,
1-coins/85_1477852932.jpg:full_bright_fraction,image_quality,1-coins/85_1477852932.jpg,,full_bright_fraction,3.878316063627469,manual_review_required,pending,,
1-coins/85_1477853946.jpg:full_bright_fraction,image_quality,1-coins/85_1477853946.jpg,,full_bright_fraction,3.878316063627469,manual_review_required,pending,,
1-coins/85_1477854054.jpg:full_bright_fraction,image_quality,1-coins/85_1477854054.jpg,,full_bright_fraction,3.878316063627469,manual_review_required,pending,,
1-coins/90_1477854966.jpg:full_bright_fraction,image_quality,1-coins/90_1477854966.jpg,,full_bright_fraction,3.878316063627469,manual_review_required,pending,,
1-coins/90_1477855608.jpg:full_bright_fraction,image_quality,1-coins/90_1477855608.jpg,,full_bright_fraction,3.878316063627469,manual_review_required,pending,,
1-coins/90_1477857126.jpg:full_bright_fraction,image_quality,1-coins/90_1477857126.jpg,,full_bright_fraction,3.878316063627469,manual_review_required,pending,,
1-coins/95_1477857324.jpg:full_bright_fraction,image_quality,1-coins/95_1477857324.jpg,,full_bright_fraction,3.878316063627469,manual_review_required,pending,,
1-coins/95_1477857456.jpg:full_bright_fraction,image_quality,1-coins/95_1477857456.jpg,,full_bright_fraction,3.878316063627469,manual_review_required,pending,,
1-coins/95_1477857492.jpg:full_bright_fraction,image_quality,1-coins/95_1477857492.jpg,,full_bright_fraction,3.878316063627469,manual_review_required,pending,,
1-coins/95_1477857678.jpg:full_bright_fraction,image_quality,1-coins/95_1477857678.jpg,,full_bright_fraction,3.878316063627469,manual_review_required,pending,,
1-coins/5_1477145448.jpg:roi_dark_fraction_median,image_quality,1-coins/5_1477145448.jpg,,roi_dark_fraction_median,3.8737824009194326,manual_review_required,pending,,
1-coins/100_1477195128.jpg:full_brightness_mean,image_quality,1-coins/100_1477195128.jpg,,full_brightness_mean,3.8735756373610144,manual_review_required,pending,,
1-coins/115_1479348384.jpg:full_brightness_mean,image_quality,1-coins/115_1479348384.jpg,,full_brightness_mean,3.872672727842032,manual_review_required,pending,,
1-coins/50_1477193898.jpg:full_brightness_mean,image_quality,1-coins/50_1477193898.jpg,,full_brightness_mean,3.867966342232691,manual_review_required,pending,,
1-coins/50_1477282878.jpg:roi_dark_fraction_median,image_quality,1-coins/50_1477282878.jpg,,roi_dark_fraction_median,3.867205520782048,manual_review_required,pending,,
1-coins/55_1477843536.jpg:roi_dark_fraction_median,image_quality,1-coins/55_1477843536.jpg,,roi_dark_fraction_median,3.866425093346918,manual_review_required,pending,,
1-coins/10_1477147422.jpg:roi_dark_fraction_median,image_quality,1-coins/10_1477147422.jpg,,roi_dark_fraction_median,3.864658692136616,manual_review_required,pending,,
1-coins/10_1477288962.jpg:full_brightness_mean,image_quality,1-coins/10_1477288962.jpg,,full_brightness_mean,3.8642155156920337,manual_review_required,pending,,
1-coins/50_1477193892.jpg:full_brightness_mean,image_quality,1-coins/50_1477193892.jpg,,full_brightness_mean,3.8629234836390647,manual_review_required,pending,,
1-coins/55_1477843560.jpg:roi_dark_fraction_median,image_quality,1-coins/55_1477843560.jpg,,roi_dark_fraction_median,3.860263258414809,manual_review_required,pending,,
1-coins/70_1477848918.jpg:full_dark_fraction,image_quality,1-coins/70_1477848918.jpg,,full_dark_fraction,3.856911977127439,manual_review_required,pending,,
1-coins/100_1477281342.jpg:roi_dark_fraction_median,image_quality,1-coins/100_1477281342.jpg,,roi_dark_fraction_median,3.856762081622497,manual_review_required,pending,,
1-coins/50_1477193832.jpg:full_brightness_mean,image_quality,1-coins/50_1477193832.jpg,,full_brightness_mean,3.855404280707854,manual_review_required,pending,,
1-coins/5_1477290822.jpg:full_brightness_mean,image_quality,1-coins/5_1477290822.jpg,,full_brightness_mean,3.848237890276352,manual_review_required,pending,,
1-coins/50_1477282542.jpg:full_brightness_mean,image_quality,1-coins/50_1477282542.jpg,,full_brightness_mean,3.845814195488463,manual_review_required,pending,,
1-coins/5_1477189188.jpg:full_brightness_mean,image_quality,1-coins/5_1477189188.jpg,,full_brightness_mean,3.8456556416721286,manual_review_required,pending,,
1-coins/95_1477857726.jpg:full_dark_fraction,image_quality,1-coins/95_1477857726.jpg,,full_dark_fraction,3.8402063486396094,manual_review_required,pending,,
1-coins/100_1477281462.jpg:roi_brightness_median,image_quality,1-coins/100_1477281462.jpg,,roi_brightness_median,3.8399032560189466,manual_review_required,pending,,
1-coins/130_1477862028.jpg:roi_dark_fraction_median,image_quality,1-coins/130_1477862028.jpg,,roi_dark_fraction_median,3.839474563287672,manual_review_required,pending,,
1-coins/50_1477282548.jpg:full_brightness_mean,image_quality,1-coins/50_1477282548.jpg,,full_brightness_mean,3.836878296053268,manual_review_required,pending,,
1-coins/90_1477857036.jpg:full_dark_fraction,image_quality,1-coins/90_1477857036.jpg,,full_dark_fraction,3.8360299415176535,manual_review_required,pending,,
1-coins/70_1477848936.jpg:full_dark_fraction,image_quality,1-coins/70_1477848936.jpg,,full_dark_fraction,3.834985839737164,manual_review_required,pending,,
1-coins/115_1479348378.jpg:full_brightness_mean,image_quality,1-coins/115_1479348378.jpg,,full_brightness_mean,3.832340752103307,manual_review_required,pending,,
1-coins/100_1477280076.jpg:full_brightness_mean,image_quality,1-coins/100_1477280076.jpg,,full_brightness_mean,3.831942552060753,manual_review_required,pending,,
1-coins/5_1477156818.jpg:roi_dark_fraction_median,image_quality,1-coins/5_1477156818.jpg,,roi_dark_fraction_median,3.831844939338689,manual_review_required,pending,,
1-coins/50_1477282308.jpg:roi_dark_fraction_median,image_quality,1-coins/50_1477282308.jpg,,roi_dark_fraction_median,3.831116145139505,manual_review_required,pending,,
1-coins/130_1477862838.jpg:full_brightness_mean,image_quality,1-coins/130_1477862838.jpg,,full_brightness_mean,3.830988203326549,manual_review_required,pending,,
1-coins/70_1477848888.jpg:full_dark_fraction,image_quality,1-coins/70_1477848888.jpg,,full_dark_fraction,3.830809432615207,manual_review_required,pending,,
1-coins/100_1477195302.jpg:full_brightness_mean,image_quality,1-coins/100_1477195302.jpg,,full_brightness_mean,3.828018042522812,manual_review_required,pending,,
1-coins/10_1477289676.jpg:full_brightness_mean,image_quality,1-coins/10_1477289676.jpg,,full_brightness_mean,3.827426188964125,manual_review_required,pending,,
1-coins/50_1477282032.jpg:full_brightness_mean,image_quality,1-coins/50_1477282032.jpg,,full_brightness_mean,3.8269940995562464,manual_review_required,pending,,
1-coins/5_1477292106.jpg:roi_dark_fraction_median,image_quality,1-coins/5_1477292106.jpg,,roi_dark_fraction_median,3.823235038628461,manual_review_required,pending,,
1-coins/50_1477283184.jpg:full_brightness_mean,image_quality,1-coins/50_1477283184.jpg,,full_brightness_mean,3.8207899250330426,manual_review_required,pending,,
1-coins/60_1477845372.jpg:full_dark_fraction,image_quality,1-coins/60_1477845372.jpg,,full_dark_fraction,3.8203684148103134,manual_review_required,pending,,
1-coins/50_1477193886.jpg:full_brightness_mean,image_quality,1-coins/50_1477193886.jpg,,full_brightness_mean,3.8200728018561,manual_review_required,pending,,
1-coins/120_1479422910.jpg:full_dark_fraction,image_quality,1-coins/120_1479422910.jpg,,full_dark_fraction,3.814103804127378,manual_review_required,pending,,
1-coins/5_1477145610.jpg:roi_brightness_median,image_quality,1-coins/5_1477145610.jpg,,roi_brightness_median,3.813101591609085,manual_review_required,pending,,
1-coins/50_1477282026.jpg:full_brightness_mean,image_quality,1-coins/50_1477282026.jpg,,full_brightness_mean,3.811728755979597,manual_review_required,pending,,
1-coins/100_1477281468.jpg:full_brightness_mean,image_quality,1-coins/100_1477281468.jpg,,full_brightness_mean,3.807781250086618,manual_review_required,pending,,
1-coins/10_1477288962.jpg:roi_brightness_median,image_quality,1-coins/10_1477288962.jpg,,roi_brightness_median,3.8069469986014632,manual_review_required,pending,,
1-coins/50_1477282020.jpg:full_brightness_mean,image_quality,1-coins/50_1477282020.jpg,,full_brightness_mean,3.806673794041215,manual_review_required,pending,,
1-coins/100_1477154670.jpg:roi_dark_fraction_median,image_quality,1-coins/100_1477154670.jpg,,roi_dark_fraction_median,3.8040219496688175,manual_review_required,pending,,
1-coins/140_1479427380.jpg:full_dark_fraction,image_quality,1-coins/140_1479427380.jpg,,full_dark_fraction,3.803662786322485,manual_review_required,pending,,
1-coins/10_1477288122.jpg:full_dark_fraction,image_quality,1-coins/10_1477288122.jpg,,full_dark_fraction,3.802618684541996,manual_review_required,pending,,
1-coins/100_1477195308.jpg:full_brightness_mean,image_quality,1-coins/100_1477195308.jpg,,full_brightness_mean,3.80132411565796,manual_review_required,pending,,
1-coins/5_1477292052.jpg:full_brightness_mean,image_quality,1-coins/5_1477292052.jpg,,full_brightness_mean,3.7975678426121617,manual_review_required,pending,,
1-coins/50_1477283148.jpg:roi_dark_fraction_median,image_quality,1-coins/50_1477283148.jpg,,roi_dark_fraction_median,3.797207307325343,manual_review_required,pending,,
1-coins/70_1477848834.jpg:full_dark_fraction,image_quality,1-coins/70_1477848834.jpg,,full_dark_fraction,3.79635407385906,manual_review_required,pending,,
1-coins/50_1477144668.jpg:full_brightness_mean,image_quality,1-coins/50_1477144668.jpg,,full_brightness_mean,3.794794966327994,manual_review_required,pending,,
1-coins/100_1477195314.jpg:full_brightness_mean,image_quality,1-coins/100_1477195314.jpg,,full_brightness_mean,3.79409902400438,manual_review_required,pending,,
1-coins/115_1479348366.jpg:full_brightness_mean,image_quality,1-coins/115_1479348366.jpg,,full_brightness_mean,3.7930660035292414,manual_review_required,pending,,
1-coins/100_1477281504.jpg:full_brightness_mean,image_quality,1-coins/100_1477281504.jpg,,full_brightness_mean,3.792085027436568,manual_review_required,pending,,
1-coins/5_1477292058.jpg:full_brightness_mean,image_quality,1-coins/5_1477292058.jpg,,full_brightness_mean,3.7915300890793904,manual_review_required,pending,,
1-coins/10_1477289664.jpg:full_brightness_mean,image_quality,1-coins/10_1477289664.jpg,,full_brightness_mean,3.7901031047323617,manual_review_required,pending,,
1-coins/10_1477289682.jpg:full_brightness_mean,image_quality,1-coins/10_1477289682.jpg,,full_brightness_mean,3.78355519521802,manual_review_required,pending,,
1-coins/100_1477281510.jpg:full_brightness_mean,image_quality,1-coins/100_1477281510.jpg,,full_brightness_mean,3.7808906438694394,manual_review_required,pending,,
1-coins/115_1479348390.jpg:full_brightness_mean,image_quality,1-coins/115_1479348390.jpg,,full_brightness_mean,3.780374436215485,manual_review_required,pending,,
1-coins/50_1477144662.jpg:full_brightness_mean,image_quality,1-coins/50_1477144662.jpg,,full_brightness_mean,3.778021545994436,manual_review_required,pending,,
1-coins/115_1479348348.jpg:full_brightness_mean,image_quality,1-coins/115_1479348348.jpg,,full_brightness_mean,3.772867941796272,manual_review_required,pending,,
1-coins/75_1477849818.jpg:roi_dark_fraction_median,image_quality,1-coins/75_1477849818.jpg,,roi_dark_fraction_median,3.772437606818842,manual_review_required,pending,,
1-coins/50_1477282530.jpg:full_brightness_mean,image_quality,1-coins/50_1477282530.jpg,,full_brightness_mean,3.771744751402682,manual_review_required,pending,,
1-coins/100_1477281330.jpg:roi_dark_fraction_median,image_quality,1-coins/100_1477281330.jpg,,roi_dark_fraction_median,3.771398634071708,manual_review_required,pending,,
1-coins/50_1477282002.jpg:full_brightness_mean,image_quality,1-coins/50_1477282002.jpg,,full_brightness_mean,3.770794033671903,manual_review_required,pending,,
1-coins/50_1477282770.jpg:roi_dark_fraction_median,image_quality,1-coins/50_1477282770.jpg,,roi_dark_fraction_median,3.7696067937185154,manual_review_required,pending,,
1-coins/50_1477281996.jpg:full_brightness_mean,image_quality,1-coins/50_1477281996.jpg,,full_brightness_mean,3.7693004809287074,manual_review_required,pending,,
1-coins/25_1477287078.jpg:roi_dark_fraction_median,image_quality,1-coins/25_1477287078.jpg,,roi_dark_fraction_median,3.7683656133829793,manual_review_required,pending,,
1-coins/100_1477155258.jpg:roi_dark_fraction_median,image_quality,1-coins/100_1477155258.jpg,,roi_dark_fraction_median,3.766594913918489,manual_review_required,pending,,
1-coins/115_1479348354.jpg:full_brightness_mean,image_quality,1-coins/115_1479348354.jpg,,full_brightness_mean,3.76655483717024,manual_review_required,pending,,
1-coins/5_1477292082.jpg:full_brightness_mean,image_quality,1-coins/5_1477292082.jpg,,full_brightness_mean,3.7665415234910062,manual_review_required,pending,,
1-coins/130_1477862880.jpg:full_brightness_mean,image_quality,1-coins/130_1477862880.jpg,,full_brightness_mean,3.7652476759363274,manual_review_required,pending,,
1-coins/5_1477292070.jpg:full_brightness_mean,image_quality,1-coins/5_1477292070.jpg,,full_brightness_mean,3.765110908140551,manual_review_required,pending,,
1-coins/50_1477282014.jpg:full_brightness_mean,image_quality,1-coins/50_1477282014.jpg,,full_brightness_mean,3.764157164573584,manual_review_required,pending,,
1-coins/100_1477281480.jpg:full_brightness_mean,image_quality,1-coins/100_1477281480.jpg,,full_brightness_mean,3.761511373409377,manual_review_required,pending,,
1-coins/5_1477290882.jpg:full_brightness_mean,image_quality,1-coins/5_1477290882.jpg,,full_brightness_mean,3.7604723012618617,manual_review_required,pending,,
1-coins/115_1479348396.jpg:full_brightness_mean,image_quality,1-coins/115_1479348396.jpg,,full_brightness_mean,3.760212684516793,manual_review_required,pending,,
1-coins/5_1477292064.jpg:full_brightness_mean,image_quality,1-coins/5_1477292064.jpg,,full_brightness_mean,3.759588151927255,manual_review_required,pending,,
1-coins/115_1479348342.jpg:full_brightness_mean,image_quality,1-coins/115_1479348342.jpg,,full_brightness_mean,3.7565653415738223,manual_review_required,pending,,
1-coins/10_1477289670.jpg:full_brightness_mean,image_quality,1-coins/10_1477289670.jpg,,full_brightness_mean,3.7561429348417463,manual_review_required,pending,,
1-coins/50_1477193370.jpg:roi_dark_fraction_median,image_quality,1-coins/50_1477193370.jpg,,roi_dark_fraction_median,3.7558932803636553,manual_review_required,pending,,
1-coins/70_1477846866.jpg:full_dark_fraction,image_quality,1-coins/70_1477846866.jpg,,full_dark_fraction,3.7556341044199777,manual_review_required,pending,,
1-coins/10_1477289652.jpg:roi_brightness_median,image_quality,1-coins/10_1477289652.jpg,,roi_brightness_median,3.753125142004704,manual_review_required,pending,,
1-coins/50_1477193910.jpg:full_brightness_mean,image_quality,1-coins/50_1477193910.jpg,,full_brightness_mean,3.749227688813984,manual_review_required,pending,,
1-coins/5_1477292076.jpg:full_brightness_mean,image_quality,1-coins/5_1477292076.jpg,,full_brightness_mean,3.748566846190173,manual_review_required,pending,,
1-coins/5_1477189260.jpg:full_brightness_mean,image_quality,1-coins/5_1477189260.jpg,,full_brightness_mean,3.7452934966002394,manual_review_required,pending,,
1-coins/50_1477282536.jpg:full_brightness_mean,image_quality,1-coins/50_1477282536.jpg,,full_brightness_mean,3.7449558132814738,manual_review_required,pending,,
1-coins/35_1477789890.jpg:full_brightness_mean,image_quality,1-coins/35_1477789890.jpg,,full_brightness_mean,3.7448995327283474,manual_review_required,pending,,
1-coins/100_1477281516.jpg:full_brightness_mean,image_quality,1-coins/100_1477281516.jpg,,full_brightness_mean,3.742754820037144,manual_review_required,pending,,
1-coins/50_1477282008.jpg:full_brightness_mean,image_quality,1-coins/50_1477282008.jpg,,full_brightness_mean,3.7425986868897567,manual_review_required,pending,,
1-coins/25_1477191420.jpg:full_brightness_mean,image_quality,1-coins/25_1477191420.jpg,,full_brightness_mean,3.7422289297073874,manual_review_required,pending,,
1-coins/150_1477864320.jpg:full_brightness_mean,image_quality,1-coins/150_1477864320.jpg,,full_brightness_mean,3.740624631359649,manual_review_required,pending,,
1-coins/115_1479348360.jpg:full_brightness_mean,image_quality,1-coins/115_1479348360.jpg,,full_brightness_mean,3.738086559963792,manual_review_required,pending,,
1-coins/5_1477292088.jpg:full_brightness_mean,image_quality,1-coins/5_1477292088.jpg,,full_brightness_mean,3.737945555997359,manual_review_required,pending,,
1-coins/100_1477280988.jpg:full_brightness_mean,image_quality,1-coins/100_1477280988.jpg,,full_brightness_mean,3.736774557391973,manual_review_required,pending,,
1-coins/10_1477289634.jpg:full_brightness_mean,image_quality,1-coins/10_1477289634.jpg,,full_brightness_mean,3.736551855848419,manual_review_required,pending,,
1-coins/25_1477285524.jpg:full_brightness_mean,image_quality,1-coins/25_1477285524.jpg,,full_brightness_mean,3.73557087975574,manual_review_required,pending,,
1-coins/100_1477281504.jpg:roi_brightness_median,image_quality,1-coins/100_1477281504.jpg,,roi_brightness_median,3.7353519505371215,manual_review_required,pending,,
1-coins/125_1479424848.jpg:full_dark_fraction,image_quality,1-coins/125_1479424848.jpg,,full_dark_fraction,3.734752068810193,manual_review_required,pending,,
1-coins/120_1479351648.jpg:full_dark_fraction,image_quality,1-coins/120_1479351648.jpg,,full_dark_fraction,3.7337079670297033,manual_review_required,pending,,
1-coins/100_1477281576.jpg:full_brightness_mean,image_quality,1-coins/100_1477281576.jpg,,full_brightness_mean,3.733016468844459,manual_review_required,pending,,
1-coins/5_1477189290.jpg:full_brightness_mean,image_quality,1-coins/5_1477189290.jpg,,full_brightness_mean,3.731513233425455,manual_review_required,pending,,
1-coins/10_1477289658.jpg:full_brightness_mean,image_quality,1-coins/10_1477289658.jpg,,full_brightness_mean,3.730983712092272,manual_review_required,pending,,
1-coins/100_1477281498.jpg:full_brightness_mean,image_quality,1-coins/100_1477281498.jpg,,full_brightness_mean,3.7303404193183582,manual_review_required,pending,,
1-coins/50_1477283160.jpg:roi_dark_fraction_median,image_quality,1-coins/50_1477283160.jpg,,roi_dark_fraction_median,3.72914386424346,manual_review_required,pending,,
1-coins/50_1477282212.jpg:full_brightness_mean,image_quality,1-coins/50_1477282212.jpg,,full_brightness_mean,3.7287772723428017,manual_review_required,pending,,
1-coins/10_1477289652.jpg:full_brightness_mean,image_quality,1-coins/10_1477289652.jpg,,full_brightness_mean,3.726980530813404,manual_review_required,pending,,
1-coins/5_1477189254.jpg:full_brightness_mean,image_quality,1-coins/5_1477189254.jpg,,full_brightness_mean,3.7258549197508617,manual_review_required,pending,,
1-coins/100_1477281522.jpg:roi_dark_fraction_median,image_quality,1-coins/100_1477281522.jpg,,roi_dark_fraction_median,3.725276122633088,manual_review_required,pending,,
1-coins/100_1477280064.jpg:full_brightness_mean,image_quality,1-coins/100_1477280064.jpg,,full_brightness_mean,3.725033102641759,manual_review_required,pending,,
1-coins/115_1479348336.jpg:full_brightness_mean,image_quality,1-coins/115_1479348336.jpg,,full_brightness_mean,3.723799771810868,manual_review_required,pending,,
1-coins/5_1477189284.jpg:full_brightness_mean,image_quality,1-coins/5_1477189284.jpg,,full_brightness_mean,3.7214414350846776,manual_review_required,pending,,
1-coins/100_1477280082.jpg:full_brightness_mean,image_quality,1-coins/100_1477280082.jpg,,full_brightness_mean,3.720411440445729,manual_review_required,pending,,
1-coins/140_1479427374.jpg:full_dark_fraction,image_quality,1-coins/140_1479427374.jpg,,full_dark_fraction,3.719090542102853,manual_review_required,pending,,
1-coins/100_1477281582.jpg:full_brightness_mean,image_quality,1-coins/100_1477281582.jpg,,full_brightness_mean,3.7184168092295296,manual_review_required,pending,,
1-coins/25_1477191414.jpg:full_brightness_mean,image_quality,1-coins/25_1477191414.jpg,,full_brightness_mean,3.7181692958292176,manual_review_required,pending,,
1-coins/50_1477283262.jpg:roi_dark_fraction_median,image_quality,1-coins/50_1477283262.jpg,,roi_dark_fraction_median,3.717504313363027,manual_review_required,pending,,
1-coins/120_1479423066.jpg:full_dark_fraction,image_quality,1-coins/120_1479423066.jpg,,full_dark_fraction,3.7170023385418745,manual_review_required,pending,,
1-coins/115_1479348372.jpg:full_brightness_mean,image_quality,1-coins/115_1479348372.jpg,,full_brightness_mean,3.716928702991476,manual_review_required,pending,,
1-coins/5_1477292100.jpg:full_brightness_mean,image_quality,1-coins/5_1477292100.jpg,,full_brightness_mean,3.716471801726838,manual_review_required,pending,,
1-coins/135_1479425988.jpg:full_brightness_mean,image_quality,1-coins/135_1479425988.jpg,,full_brightness_mean,3.71557373354576,manual_review_required,pending,,
1-coins/100_1477280466.jpg:full_brightness_mean,image_quality,1-coins/100_1477280466.jpg,,full_brightness_mean,3.714120121840268,manual_review_required,pending,,
1-coins/45_1477835628.jpg:roi_dark_fraction_median,image_quality,1-coins/45_1477835628.jpg,,roi_dark_fraction_median,3.71210764042214,manual_review_required,pending,,
1-coins/100_1477280040.jpg:full_brightness_mean,image_quality,1-coins/100_1477280040.jpg,,full_brightness_mean,3.71166132735258,manual_review_required,pending,,
1-coins/100_1477281570.jpg:full_brightness_mean,image_quality,1-coins/100_1477281570.jpg,,full_brightness_mean,3.71064101538944,manual_review_required,pending,,
1-coins/5_1477292094.jpg:full_brightness_mean,image_quality,1-coins/5_1477292094.jpg,,full_brightness_mean,3.7100679220151234,manual_review_required,pending,,
1-coins/75_1477850394.jpg:full_dark_fraction,image_quality,1-coins/75_1477850394.jpg,,full_dark_fraction,3.709693626078449,manual_review_required,pending,,
1-coins/100_1477281120.jpg:full_bright_fraction,image_quality,1-coins/100_1477281120.jpg,,full_bright_fraction,3.7096936260784488,manual_review_required,pending,,
1-coins/100_1477860678.jpg:full_bright_fraction,image_quality,1-coins/100_1477860678.jpg,,full_bright_fraction,3.7096936260784488,manual_review_required,pending,,
1-coins/110_1479345696.jpg:full_bright_fraction,image_quality,1-coins/110_1479345696.jpg,,full_bright_fraction,3.7096936260784488,manual_review_required,pending,,
1-coins/110_1479347394.jpg:full_bright_fraction,image_quality,1-coins/110_1479347394.jpg,,full_bright_fraction,3.7096936260784488,manual_review_required,pending,,
1-coins/115_1479347622.jpg:full_bright_fraction,image_quality,1-coins/115_1479347622.jpg,,full_bright_fraction,3.7096936260784488,manual_review_required,pending,,
1-coins/115_1479348060.jpg:full_bright_fraction,image_quality,1-coins/115_1479348060.jpg,,full_bright_fraction,3.7096936260784488,manual_review_required,pending,,
1-coins/115_1479348066.jpg:full_bright_fraction,image_quality,1-coins/115_1479348066.jpg,,full_bright_fraction,3.7096936260784488,manual_review_required,pending,,
1-coins/140_1479427152.jpg:full_bright_fraction,image_quality,1-coins/140_1479427152.jpg,,full_bright_fraction,3.7096936260784488,manual_review_required,pending,,
1-coins/145_1479427560.jpg:full_bright_fraction,image_quality,1-coins/145_1479427560.jpg,,full_bright_fraction,3.7096936260784488,manual_review_required,pending,,
1-coins/145_1479427698.jpg:full_bright_fraction,image_quality,1-coins/145_1479427698.jpg,,full_bright_fraction,3.7096936260784488,manual_review_required,pending,,
1-coins/150_1477864176.jpg:full_bright_fraction,image_quality,1-coins/150_1477864176.jpg,,full_bright_fraction,3.7096936260784488,manual_review_required,pending,,
1-coins/150_1477864494.jpg:full_bright_fraction,image_quality,1-coins/150_1477864494.jpg,,full_bright_fraction,3.7096936260784488,manual_review_required,pending,,
1-coins/150_1479429702.jpg:full_bright_fraction,image_quality,1-coins/150_1479429702.jpg,,full_bright_fraction,3.7096936260784488,manual_review_required,pending,,
1-coins/150_1479430404.jpg:full_bright_fraction,image_quality,1-coins/150_1479430404.jpg,,full_bright_fraction,3.7096936260784488,manual_review_required,pending,,
1-coins/170_1479423264.jpg:full_bright_fraction,image_quality,1-coins/170_1479423264.jpg,,full_bright_fraction,3.7096936260784488,manual_review_required,pending,,
1-coins/175_1479423768.jpg:full_bright_fraction,image_quality,1-coins/175_1479423768.jpg,,full_bright_fraction,3.7096936260784488,manual_review_required,pending,,
1-coins/25_1477286064.jpg:full_bright_fraction,image_quality,1-coins/25_1477286064.jpg,,full_bright_fraction,3.7096936260784488,manual_review_required,pending,,
1-coins/25_1477286436.jpg:full_bright_fraction,image_quality,1-coins/25_1477286436.jpg,,full_bright_fraction,3.7096936260784488,manual_review_required,pending,,
1-coins/40_1477790676.jpg:full_bright_fraction,image_quality,1-coins/40_1477790676.jpg,,full_bright_fraction,3.7096936260784488,manual_review_required,pending,,
1-coins/50_1477193580.jpg:full_bright_fraction,image_quality,1-coins/50_1477193580.jpg,,full_bright_fraction,3.7096936260784488,manual_review_required,pending,,
1-coins/50_1477193754.jpg:full_bright_fraction,image_quality,1-coins/50_1477193754.jpg,,full_bright_fraction,3.7096936260784488,manual_review_required,pending,,
1-coins/50_1477193850.jpg:full_bright_fraction,image_quality,1-coins/50_1477193850.jpg,,full_bright_fraction,3.7096936260784488,manual_review_required,pending,,
1-coins/55_1477838940.jpg:full_bright_fraction,image_quality,1-coins/55_1477838940.jpg,,full_bright_fraction,3.7096936260784488,manual_review_required,pending,,
1-coins/55_1477842630.jpg:full_bright_fraction,image_quality,1-coins/55_1477842630.jpg,,full_bright_fraction,3.7096936260784488,manual_review_required,pending,,
1-coins/55_1477842720.jpg:full_bright_fraction,image_quality,1-coins/55_1477842720.jpg,,full_bright_fraction,3.7096936260784488,manual_review_required,pending,,
1-coins/5_1477290330.jpg:full_bright_fraction,image_quality,1-coins/5_1477290330.jpg,,full_bright_fraction,3.7096936260784488,manual_review_required,pending,,
1-coins/60_1477844040.jpg:full_bright_fraction,image_quality,1-coins/60_1477844040.jpg,,full_bright_fraction,3.7096936260784488,manual_review_required,pending,,
1-coins/65_1477845624.jpg:full_bright_fraction,image_quality,1-coins/65_1477845624.jpg,,full_bright_fraction,3.7096936260784488,manual_review_required,pending,,
1-coins/65_1477846272.jpg:full_bright_fraction,image_quality,1-coins/65_1477846272.jpg,,full_bright_fraction,3.7096936260784488,manual_review_required,pending,,
1-coins/70_1477846764.jpg:full_bright_fraction,image_quality,1-coins/70_1477846764.jpg,,full_bright_fraction,3.7096936260784488,manual_review_required,pending,,
1-coins/75_1477849602.jpg:full_bright_fraction,image_quality,1-coins/75_1477849602.jpg,,full_bright_fraction,3.7096936260784488,manual_review_required,pending,,
1-coins/75_1477850040.jpg:full_bright_fraction,image_quality,1-coins/75_1477850040.jpg,,full_bright_fraction,3.7096936260784488,manual_review_required,pending,,
1-coins/80_1477850658.jpg:full_bright_fraction,image_quality,1-coins/80_1477850658.jpg,,full_bright_fraction,3.7096936260784488,manual_review_required,pending,,
1-coins/80_1477851090.jpg:full_bright_fraction,image_quality,1-coins/80_1477851090.jpg,,full_bright_fraction,3.7096936260784488,manual_review_required,pending,,
1-coins/80_1477851828.jpg:full_bright_fraction,image_quality,1-coins/80_1477851828.jpg,,full_bright_fraction,3.7096936260784488,manual_review_required,pending,,
1-coins/80_1477851858.jpg:full_bright_fraction,image_quality,1-coins/80_1477851858.jpg,,full_bright_fraction,3.7096936260784488,manual_review_required,pending,,
1-coins/80_1477851888.jpg:full_bright_fraction,image_quality,1-coins/80_1477851888.jpg,,full_bright_fraction,3.7096936260784488,manual_review_required,pending,,
1-coins/85_1477852152.jpg:full_bright_fraction,image_quality,1-coins/85_1477852152.jpg,,full_bright_fraction,3.7096936260784488,manual_review_required,pending,,
1-coins/85_1477852890.jpg:full_bright_fraction,image_quality,1-coins/85_1477852890.jpg,,full_bright_fraction,3.7096936260784488,manual_review_required,pending,,
1-coins/85_1477852962.jpg:full_bright_fraction,image_quality,1-coins/85_1477852962.jpg,,full_bright_fraction,3.7096936260784488,manual_review_required,pending,,
1-coins/85_1477852968.jpg:full_bright_fraction,image_quality,1-coins/85_1477852968.jpg,,full_bright_fraction,3.7096936260784488,manual_review_required,pending,,
1-coins/90_1477855830.jpg:full_bright_fraction,image_quality,1-coins/90_1477855830.jpg,,full_bright_fraction,3.7096936260784488,manual_review_required,pending,,
1-coins/25_1477287012.jpg:roi_brightness_median,image_quality,1-coins/25_1477287012.jpg,,roi_brightness_median,3.709325921553523,manual_review_required,pending,,
1-coins/100_1477281546.jpg:full_brightness_mean,image_quality,1-coins/100_1477281546.jpg,,full_brightness_mean,3.708867875382316,manual_review_required,pending,,
1-coins/100_1477281540.jpg:full_brightness_mean,image_quality,1-coins/100_1477281540.jpg,,full_brightness_mean,3.708360745236935,manual_review_required,pending,,
1-coins/100_1477281528.jpg:full_brightness_mean,image_quality,1-coins/100_1477281528.jpg,,full_brightness_mean,3.705389979265967,manual_review_required,pending,,
1-coins/10_1477147392.jpg:roi_dark_fraction_median,image_quality,1-coins/10_1477147392.jpg,,roi_dark_fraction_median,3.705137780372682,manual_review_required,pending,,
1-coins/50_1477193904.jpg:full_brightness_mean,image_quality,1-coins/50_1477193904.jpg,,full_brightness_mean,3.7050026722336953,manual_review_required,pending,,
1-coins/35_1477789896.jpg:full_brightness_mean,image_quality,1-coins/35_1477789896.jpg,,full_brightness_mean,3.7035944480710414,manual_review_required,pending,,
1-coins/25_1477285536.jpg:full_brightness_mean,image_quality,1-coins/25_1477285536.jpg,,full_brightness_mean,3.7029444984575135,manual_review_required,pending,,
1-coins/55_1477842246.jpg:roi_dark_fraction_median,image_quality,1-coins/55_1477842246.jpg,,roi_dark_fraction_median,3.700376866393461,manual_review_required,pending,,
1-coins/100_1477280982.jpg:full_brightness_mean,image_quality,1-coins/100_1477280982.jpg,,full_brightness_mean,3.696335467052136,manual_review_required,pending,,
1-coins/100_1477280484.jpg:full_brightness_mean,image_quality,1-coins/100_1477280484.jpg,,full_brightness_mean,3.695804130217238,manual_review_required,pending,,
1-coins/5_1477289826.jpg:full_brightness_mean,image_quality,1-coins/5_1477289826.jpg,,full_brightness_mean,3.6948782243432174,manual_review_required,pending,,
1-coins/10_1477289646.jpg:full_brightness_mean,image_quality,1-coins/10_1477289646.jpg,,full_brightness_mean,3.693660022693272,manual_review_required,pending,,
1-coins/100_1477280478.jpg:full_brightness_mean,image_quality,1-coins/100_1477280478.jpg,,full_brightness_mean,3.693372568255261,manual_review_required,pending,,
1-coins/50_1477194222.jpg:roi_dark_fraction_median,image_quality,1-coins/50_1477194222.jpg,,roi_dark_fraction_median,3.693069612917841,manual_review_required,pending,,
1-coins/10_1477147704.jpg:roi_dark_fraction_median,image_quality,1-coins/10_1477147704.jpg,,roi_dark_fraction_median,3.692754645095616,manual_review_required,pending,,
1-coins/100_1477280088.jpg:full_brightness_mean,image_quality,1-coins/100_1477280088.jpg,,full_brightness_mean,3.689258641371849,manual_review_required,pending,,
1-coins/100_1477281552.jpg:full_brightness_mean,image_quality,1-coins/100_1477281552.jpg,,full_brightness_mean,3.688806581445116,manual_review_required,pending,,
1-coins/50_1477282218.jpg:full_brightness_mean,image_quality,1-coins/50_1477282218.jpg,,full_brightness_mean,3.688675865321724,manual_review_required,pending,,
1-coins/5_1477291950.jpg:roi_dark_fraction_median,image_quality,1-coins/5_1477291950.jpg,,roi_dark_fraction_median,3.68842522339844,manual_review_required,pending,,
1-coins/90_1477854744.jpg:full_dark_fraction,image_quality,1-coins/90_1477854744.jpg,,full_dark_fraction,3.6877674886881744,manual_review_required,pending,,
1-coins/100_1477281138.jpg:roi_dark_fraction_median,image_quality,1-coins/100_1477281138.jpg,,roi_dark_fraction_median,3.686824391567786,manual_review_required,pending,,
1-coins/100_1477155360.jpg:roi_dark_fraction_median,image_quality,1-coins/100_1477155360.jpg,,roi_dark_fraction_median,3.6858175396940656,manual_review_required,pending,,
1-coins/100_1477194630.jpg:roi_dark_fraction_median,image_quality,1-coins/100_1477194630.jpg,,roi_dark_fraction_median,3.684892563687,manual_review_required,pending,,
1-coins/25_1477285548.jpg:full_brightness_mean,image_quality,1-coins/25_1477285548.jpg,,full_brightness_mean,3.6846956803978985,manual_review_required,pending,,
1-coins/5_1477189242.jpg:full_brightness_mean,image_quality,1-coins/5_1477189242.jpg,,full_brightness_mean,3.6825842519047782,manual_review_required,pending,,
1-coins/100_1477281492.jpg:full_brightness_mean,image_quality,1-coins/100_1477281492.jpg,,full_brightness_mean,3.681701918071882,manual_review_required,pending,,
1-coins/25_1477285530.jpg:full_brightness_mean,image_quality,1-coins/25_1477285530.jpg,,full_brightness_mean,3.6801466382704175,manual_review_required,pending,,
1-coins/5_1477289832.jpg:full_brightness_mean,image_quality,1-coins/5_1477289832.jpg,,full_brightness_mean,3.678648849356555,manual_review_required,pending,,
1-coins/50_1477282194.jpg:full_brightness_mean,image_quality,1-coins/50_1477282194.jpg,,full_brightness_mean,3.678300878194745,manual_review_required,pending,,
1-coins/5_1477189218.jpg:full_brightness_mean,image_quality,1-coins/5_1477189218.jpg,,full_brightness_mean,3.67688539202524,manual_review_required,pending,,
1-coins/100_1477280490.jpg:full_brightness_mean,image_quality,1-coins/100_1477280490.jpg,,full_brightness_mean,3.676857554332298,manual_review_required,pending,,
1-coins/100_1477281474.jpg:full_brightness_mean,image_quality,1-coins/100_1477281474.jpg,,full_brightness_mean,3.676147693162212,manual_review_required,pending,,
1-coins/100_1477280070.jpg:full_brightness_mean,image_quality,1-coins/100_1477280070.jpg,,full_brightness_mean,3.675126170864593,manual_review_required,pending,,
1-coins/5_1477290084.jpg:roi_dark_fraction_median,image_quality,1-coins/5_1477290084.jpg,,roi_dark_fraction_median,3.674253339244545,manual_review_required,pending,,
1-coins/100_1477280988.jpg:roi_brightness_median,image_quality,1-coins/100_1477280988.jpg,,roi_brightness_median,3.673946337566386,manual_review_required,pending,,
1-coins/100_1477281108.jpg:roi_brightness_median,image_quality,1-coins/100_1477281108.jpg,,roi_brightness_median,3.673017057740856,manual_review_required,pending,,
1-coins/50_1477282746.jpg:roi_dark_fraction_median,image_quality,1-coins/50_1477282746.jpg,,roi_dark_fraction_median,3.671530167091454,manual_review_required,pending,,
1-coins/125_1479424842.jpg:full_dark_fraction,image_quality,1-coins/125_1479424842.jpg,,full_dark_fraction,3.670017758419856,manual_review_required,pending,,
1-coins/100_1477280046.jpg:full_brightness_mean,image_quality,1-coins/100_1477280046.jpg,,full_brightness_mean,3.668831826422942,manual_review_required,pending,,
1-coins/25_1477285518.jpg:full_brightness_mean,image_quality,1-coins/25_1477285518.jpg,,full_brightness_mean,3.66589858082072,manual_review_required,pending,,
1-coins/100_1477281486.jpg:full_brightness_mean,image_quality,1-coins/100_1477281486.jpg,,full_brightness_mean,3.662250632710512,manual_review_required,pending,,
1-coins/130_1477862040.jpg:full_dark_fraction,image_quality,1-coins/130_1477862040.jpg,,full_dark_fraction,3.661664944175942,manual_review_required,pending,,
1-coins/10_1477288230.jpg:roi_brightness_median,image_quality,1-coins/10_1477288230.jpg,,roi_brightness_median,3.661183940456517,manual_review_required,pending,,
1-coins/5_1477189248.jpg:full_brightness_mean,image_quality,1-coins/5_1477189248.jpg,,full_brightness_mean,3.66115164900644,manual_review_required,pending,,
1-coins/5_1477189266.jpg:full_brightness_mean,image_quality,1-coins/5_1477189266.jpg,,full_brightness_mean,3.6597833658814944,manual_review_required,pending,,
1-coins/50_1477144674.jpg:full_brightness_mean,image_quality,1-coins/50_1477144674.jpg,,full_brightness_mean,3.659428132712833,manual_review_required,pending,,
1-coins/50_1477193748.jpg:roi_dark_fraction_median,image_quality,1-coins/50_1477193748.jpg,,roi_dark_fraction_median,3.658990264805973,manual_review_required,pending,,
1-coins/5_1477189224.jpg:full_brightness_mean,image_quality,1-coins/5_1477189224.jpg,,full_brightness_mean,3.655456420130332,manual_review_required,pending,,
1-coins/150_1479429546.jpg:full_dark_fraction,image_quality,1-coins/150_1479429546.jpg,,full_dark_fraction,3.654356231712517,manual_review_required,pending,,
1-coins/90_1477857036.jpg:roi_dark_fraction_median,image_quality,1-coins/90_1477857036.jpg,,roi_dark_fraction_median,3.653768568032327,manual_review_required,pending,,
1-coins/100_1477281354.jpg:roi_dark_fraction_median,image_quality,1-coins/100_1477281354.jpg,,roi_dark_fraction_median,3.651529973454923,manual_review_required,pending,,
1-coins/115_1479349548.jpg:full_brightness_mean,image_quality,1-coins/115_1479349548.jpg,,full_brightness_mean,3.6514387148377496,manual_review_required,pending,,
1-coins/25_1477285872.jpg:roi_brightness_median,image_quality,1-coins/25_1477285872.jpg,,roi_brightness_median,3.648113227117279,manual_review_required,pending,,
1-coins/175_1479423480.jpg:full_dark_fraction,image_quality,1-coins/175_1479423480.jpg,,full_dark_fraction,3.6480916210295815,manual_review_required,pending,,
1-coins/50_1477282206.jpg:full_brightness_mean,image_quality,1-coins/50_1477282206.jpg,,full_brightness_mean,3.6475486998323703,manual_review_required,pending,,
1-coins/100_1477858266.jpg:full_dark_fraction,image_quality,1-coins/100_1477858266.jpg,,full_dark_fraction,3.647047519249092,manual_review_required,pending,,
1-coins/100_1477281012.jpg:full_brightness_mean,image_quality,1-coins/100_1477281012.jpg,,full_brightness_mean,3.64599584069986,manual_review_required,pending,,
1-coins/5_1477189230.jpg:full_brightness_mean,image_quality,1-coins/5_1477189230.jpg,,full_brightness_mean,3.642839288386841,manual_review_required,pending,,
1-coins/80_1477851828.jpg:full_dark_fraction,image_quality,1-coins/80_1477851828.jpg,,full_dark_fraction,3.6418270103466455,manual_review_required,pending,,
1-coins/140_1479427434.jpg:full_dark_fraction,image_quality,1-coins/140_1479427434.jpg,,full_dark_fraction,3.640782908566156,manual_review_required,pending,,
1-coins/10_1477149096.jpg:roi_dark_fraction_median,image_quality,1-coins/10_1477149096.jpg,,roi_dark_fraction_median,3.639658453257132,manual_review_required,pending,,
1-coins/10_1477149102.jpg:roi_dark_fraction_median,image_quality,1-coins/10_1477149102.jpg,,roi_dark_fraction_median,3.638308994412747,manual_review_required,pending,,
1-coins/25_1477285542.jpg:full_brightness_mean,image_quality,1-coins/25_1477285542.jpg,,full_brightness_mean,3.637473875655405,manual_review_required,pending,,
1-coins/145_1479428958.jpg:full_dark_fraction,image_quality,1-coins/145_1479428958.jpg,,full_dark_fraction,3.636606501444199,manual_review_required,pending,,
1-coins/100_1477281000.jpg:full_brightness_mean,image_quality,1-coins/100_1477281000.jpg,,full_brightness_mean,3.634225337922224,manual_review_required,pending,,
1-coins/25_1477287216.jpg:roi_dark_fraction_median,image_quality,1-coins/25_1477287216.jpg,,roi_dark_fraction_median,3.6342058346508144,manual_review_required,pending,,
1-coins/5_1477289838.jpg:full_brightness_mean,image_quality,1-coins/5_1477289838.jpg,,full_brightness_mean,3.630550762453548,manual_review_required,pending,,
1-coins/100_1477280472.jpg:full_brightness_mean,image_quality,1-coins/100_1477280472.jpg,,full_brightness_mean,3.6294650924287097,manual_review_required,pending,,
1-coins/100_1477281522.jpg:full_brightness_mean,image_quality,1-coins/100_1477281522.jpg,,full_brightness_mean,3.6292974611038034,manual_review_required,pending,,
1-coins/100_1477281558.jpg:full_brightness_mean,image_quality,1-coins/100_1477281558.jpg,,full_brightness_mean,3.628590625769906,manual_review_required,pending,,
1-coins/5_1477289850.jpg:full_brightness_mean,image_quality,1-coins/5_1477289850.jpg,,full_brightness_mean,3.628340691700647,manual_review_required,pending,,
1-coins/100_1477280994.jpg:full_brightness_mean,image_quality,1-coins/100_1477280994.jpg,,full_brightness_mean,3.6279225211392383,manual_review_required,pending,,
1-coins/5_1477289844.jpg:full_brightness_mean,image_quality,1-coins/5_1477289844.jpg,,full_brightness_mean,3.626226842538575,manual_review_required,pending,,
1-coins/50_1477282224.jpg:full_brightness_mean,image_quality,1-coins/50_1477282224.jpg,,full_brightness_mean,3.625764494768801,manual_review_required,pending,,
1-coins/30_1477787526.jpg:full_brightness_mean,image_quality,1-coins/30_1477787526.jpg,,full_brightness_mean,3.6251823238859178,manual_review_required,pending,,
1-coins/5_1477189236.jpg:full_brightness_mean,image_quality,1-coins/5_1477189236.jpg,,full_brightness_mean,3.624705452102431,manual_review_required,pending,,
1-coins/75_1477849704.jpg:full_dark_fraction,image_quality,1-coins/75_1477849704.jpg,,full_dark_fraction,3.624077280078328,manual_review_required,pending,,
1-coins/145_1479427896.jpg:full_dark_fraction,image_quality,1-coins/145_1479427896.jpg,,full_dark_fraction,3.6219890765173486,manual_review_required,pending,,
1-coins/50_1477282182.jpg:full_brightness_mean,image_quality,1-coins/50_1477282182.jpg,,full_brightness_mean,3.620834197281428,manual_review_required,pending,,
1-coins/150_1479429552.jpg:full_dark_fraction,image_quality,1-coins/150_1479429552.jpg,,full_dark_fraction,3.61990087295637,manual_review_required,pending,,
1-coins/100_1477281018.jpg:full_brightness_mean,image_quality,1-coins/100_1477281018.jpg,,full_brightness_mean,3.618828067887709,manual_review_required,pending,,
1-coins/100_1477195134.jpg:roi_brightness_median,image_quality,1-coins/100_1477195134.jpg,,roi_brightness_median,3.617955412023482,manual_review_required,pending,,
1-coins/100_1477195116.jpg:roi_dark_fraction_median,image_quality,1-coins/100_1477195116.jpg,,roi_dark_fraction_median,3.61693592192217,manual_review_required,pending,,
1-coins/50_1477282200.jpg:full_brightness_mean,image_quality,1-coins/50_1477282200.jpg,,full_brightness_mean,3.61531446690432,manual_review_required,pending,,
1-coins/5_1477189278.jpg:full_brightness_mean,image_quality,1-coins/5_1477189278.jpg,,full_brightness_mean,3.6151879869515904,manual_review_required,pending,,
1-coins/100_1477281468.jpg:roi_brightness_median,image_quality,1-coins/100_1477281468.jpg,,roi_brightness_median,3.614688685676247,manual_review_required,pending,,
1-coins/100_1477280970.jpg:full_brightness_mean,image_quality,1-coins/100_1477280970.jpg,,full_brightness_mean,3.6145640595292936,manual_review_required,pending,,
1-coins/100_1477280976.jpg:full_brightness_mean,image_quality,1-coins/100_1477280976.jpg,,full_brightness_mean,3.6129754955297417,manual_review_required,pending,,
1-coins/75_1477849464.jpg:full_dark_fraction,image_quality,1-coins/75_1477849464.jpg,,full_dark_fraction,3.6125921604929454,manual_review_required,pending,,
1-coins/100_1477281726.jpg:full_brightness_mean,image_quality,1-coins/100_1477281726.jpg,,full_brightness_mean,3.611993914269826,manual_review_required,pending,,
1-coins/85_1477852032.jpg:full_dark_fraction,image_quality,1-coins/85_1477852032.jpg,,full_dark_fraction,3.609459855151478,manual_review_required,pending,,
1-coins/50_1477282140.jpg:full_brightness_mean,image_quality,1-coins/50_1477282140.jpg,,full_brightness_mean,3.608886380503083,manual_review_required,pending,,
1-coins/100_1477281006.jpg:full_brightness_mean,image_quality,1-coins/100_1477281006.jpg,,full_brightness_mean,3.608793789915679,manual_review_required,pending,,
1-coins/5_1477189272.jpg:full_brightness_mean,image_quality,1-coins/5_1477189272.jpg,,full_brightness_mean,3.608441582583212,manual_review_required,pending,,
1-coins/5_1477189182.jpg:full_brightness_mean,image_quality,1-coins/5_1477189182.jpg,,full_brightness_mean,3.6070993216494935,manual_review_required,pending,,
1-coins/70_1477848870.jpg:roi_dark_fraction_median,image_quality,1-coins/70_1477848870.jpg,,roi_dark_fraction_median,3.606162320918045,manual_review_required,pending,,
1-coins/120_1479351366.jpg:full_dark_fraction,image_quality,1-coins/120_1479351366.jpg,,full_dark_fraction,3.6052834480295206,manual_review_required,pending,,
1-coins/100_1477858992.jpg:roi_dark_fraction_median,image_quality,1-coins/100_1477858992.jpg,,roi_dark_fraction_median,3.6018526503102595,manual_review_required,pending,,
1-coins/10_1477787940.jpg:full_brightness_mean,image_quality,1-coins/10_1477787940.jpg,,full_brightness_mean,3.599430037243273,manual_review_required,pending,,
1-coins/25_1477286286.jpg:full_brightness_mean,image_quality,1-coins/25_1477286286.jpg,,full_brightness_mean,3.598054492111471,manual_review_required,pending,,
1-coins/50_1477282188.jpg:full_brightness_mean,image_quality,1-coins/50_1477282188.jpg,,full_brightness_mean,3.597474136730304,manual_review_required,pending,,
1-coins/50_1477144632.jpg:roi_brightness_median,image_quality,1-coins/50_1477144632.jpg,,roi_brightness_median,3.597256454518692,manual_review_required,pending,,
1-coins/150_1479429840.jpg:full_brightness_mean,image_quality,1-coins/150_1479429840.jpg,,full_brightness_mean,3.597177604783721,manual_review_required,pending,,
1-coins/100_1477280250.jpg:roi_dark_fraction_median,image_quality,1-coins/100_1477280250.jpg,,roi_dark_fraction_median,3.596743972978531,manual_review_required,pending,,
1-coins/30_1477787532.jpg:full_brightness_mean,image_quality,1-coins/30_1477787532.jpg,,full_brightness_mean,3.5948525522556136,manual_review_required,pending,,
1-coins/55_1477842660.jpg:roi_brightness_median,image_quality,1-coins/55_1477842660.jpg,,roi_brightness_median,3.593221599598008,manual_review_required,pending,,
1-coins/25_1477286280.jpg:full_brightness_mean,image_quality,1-coins/25_1477286280.jpg,,full_brightness_mean,3.5923520012285075,manual_review_required,pending,,
1-coins/145_1479428952.jpg:full_dark_fraction,image_quality,1-coins/145_1479428952.jpg,,full_dark_fraction,3.59171012488316,manual_review_required,pending,,
1-coins/100_1477280496.jpg:full_brightness_mean,image_quality,1-coins/100_1477280496.jpg,,full_brightness_mean,3.589250519134142,manual_review_required,pending,,
1-coins/130_1477862874.jpg:full_brightness_mean,image_quality,1-coins/130_1477862874.jpg,,full_brightness_mean,3.586535133737575,manual_review_required,pending,,
1-coins/25_1477286292.jpg:full_brightness_mean,image_quality,1-coins/25_1477286292.jpg,,full_brightness_mean,3.5862174209376643,manual_review_required,pending,,
1-coins/10_1477288788.jpg:full_brightness_mean,image_quality,1-coins/10_1477288788.jpg,,full_brightness_mean,3.5857248148059964,manual_review_required,pending,,
1-coins/150_1479429786.jpg:full_dark_fraction,image_quality,1-coins/150_1479429786.jpg,,full_dark_fraction,3.585445514200224,manual_review_required,pending,,
1-coins/55_1477842246.jpg:full_dark_fraction,image_quality,1-coins/55_1477842246.jpg,,full_dark_fraction,3.585445514200224,manual_review_required,pending,,
1-coins/100_1477280094.jpg:full_brightness_mean,image_quality,1-coins/100_1477280094.jpg,,full_brightness_mean,3.582800041545104,manual_review_required,pending,,
1-coins/140_1479427446.jpg:full_dark_fraction,image_quality,1-coins/140_1479427446.jpg,,full_dark_fraction,3.5812691070782665,manual_review_required,pending,,
1-coins/100_1477195542.jpg:roi_dark_fraction_median,image_quality,1-coins/100_1477195542.jpg,,roi_dark_fraction_median,3.5797824365739865,manual_review_required,pending,,
1-coins/25_1477285668.jpg:full_brightness_mean,image_quality,1-coins/25_1477285668.jpg,,full_brightness_mean,3.579315488589135,manual_review_required,pending,,
1-coins/5_1477289820.jpg:full_brightness_mean,image_quality,1-coins/5_1477289820.jpg,,full_brightness_mean,3.578442837432047,manual_review_required,pending,,
1-coins/10_1477147428.jpg:full_brightness_mean,image_quality,1-coins/10_1477147428.jpg,,full_brightness_mean,3.5729951219562524,manual_review_required,pending,,
1-coins/100_1477281534.jpg:full_brightness_mean,image_quality,1-coins/100_1477281534.jpg,,full_brightness_mean,3.5719560498087373,manual_review_required,pending,,
1-coins/120_1479422982.jpg:full_dark_fraction,image_quality,1-coins/120_1479422982.jpg,,full_dark_fraction,3.5708280892733737,manual_review_required,pending,,
1-coins/100_1477280124.jpg:full_brightness_mean,image_quality,1-coins/100_1477280124.jpg,,full_brightness_mean,3.5693677495321308,manual_review_required,pending,,
1-coins/10_1477288800.jpg:full_brightness_mean,image_quality,1-coins/10_1477288800.jpg,,full_brightness_mean,3.5686766485464254,manual_review_required,pending,,
1-coins/100_1477280106.jpg:full_brightness_mean,image_quality,1-coins/100_1477280106.jpg,,full_brightness_mean,3.5681326031995297,manual_review_required,pending,,
1-coins/10_1477288782.jpg:full_brightness_mean,image_quality,1-coins/10_1477288782.jpg,,full_brightness_mean,3.567965577041861,manual_review_required,pending,,
1-coins/100_1477280118.jpg:full_brightness_mean,image_quality,1-coins/100_1477280118.jpg,,full_brightness_mean,3.567114711905337,manual_review_required,pending,,
1-coins/70_1477846728.jpg:roi_dark_fraction_median,image_quality,1-coins/70_1477846728.jpg,,roi_dark_fraction_median,3.566779977709898,manual_review_required,pending,,
1-coins/10_1477287852.jpg:full_brightness_mean,image_quality,1-coins/10_1477287852.jpg,,full_brightness_mean,3.56657187689292,manual_review_required,pending,,
1-coins/5_1477189176.jpg:full_brightness_mean,image_quality,1-coins/5_1477189176.jpg,,full_brightness_mean,3.564687386114022,manual_review_required,pending,,
1-coins/60_1477844904.jpg:full_dark_fraction,image_quality,1-coins/60_1477844904.jpg,,full_dark_fraction,3.563519376809949,manual_review_required,pending,,
1-coins/150_1479429720.jpg:full_brightness_mean,image_quality,1-coins/150_1479429720.jpg,,full_brightness_mean,3.563331811501075,manual_review_required,pending,,
1-coins/120_1479423060.jpg:full_dark_fraction,image_quality,1-coins/120_1479423060.jpg,,full_dark_fraction,3.56143117324897,manual_review_required,pending,,
1-coins/70_1477846860.jpg:roi_dark_fraction_median,image_quality,1-coins/70_1477846860.jpg,,roi_dark_fraction_median,3.5596499655090974,manual_review_required,pending,,
1-coins/25_1477286298.jpg:full_brightness_mean,image_quality,1-coins/25_1477286298.jpg,,full_brightness_mean,3.559045411954852,manual_review_required,pending,,
1-coins/135_1479426048.jpg:full_brightness_mean,image_quality,1-coins/135_1479426048.jpg,,full_brightness_mean,3.556842603208807,manual_review_required,pending,,
1-coins/50_1477282176.jpg:full_brightness_mean,image_quality,1-coins/50_1477282176.jpg,,full_brightness_mean,3.556186601922896,manual_review_required,pending,,
1-coins/100_1477155048.jpg:roi_dark_fraction_median,image_quality,1-coins/100_1477155048.jpg,,roi_dark_fraction_median,3.5556448655367494,manual_review_required,pending,,
1-coins/10_1477288818.jpg:full_brightness_mean,image_quality,1-coins/10_1477288818.jpg,,full_brightness_mean,3.552475111252704,manual_review_required,pending,,
1-coins/25_1477286268.jpg:full_brightness_mean,image_quality,1-coins/25_1477286268.jpg,,full_brightness_mean,3.551587330914672,manual_review_required,pending,,
1-coins/10_1477288794.jpg:full_brightness_mean,image_quality,1-coins/10_1477288794.jpg,,full_brightness_mean,3.5510493372401544,manual_review_required,pending,,
1-coins/25_1477285164.jpg:roi_brightness_median,image_quality,1-coins/25_1477285164.jpg,,roi_brightness_median,3.550836818617704,manual_review_required,pending,,
1-coins/100_1477279836.jpg:roi_dark_fraction_median,image_quality,1-coins/100_1477279836.jpg,,roi_dark_fraction_median,3.5501528566453286,manual_review_required,pending,,
1-coins/5_1477290924.jpg:full_brightness_mean,image_quality,1-coins/5_1477290924.jpg,,full_brightness_mean,3.5489391190815134,manual_review_required,pending,,
1-coins/25_1477285962.jpg:roi_dark_fraction_median,image_quality,1-coins/25_1477285962.jpg,,roi_dark_fraction_median,3.5481201285122963,manual_review_required,pending,,
1-coins/100_1477280100.jpg:full_brightness_mean,image_quality,1-coins/100_1477280100.jpg,,full_brightness_mean,3.5480452870710977,manual_review_required,pending,,
1-coins/100_1477281738.jpg:full_brightness_mean,image_quality,1-coins/100_1477281738.jpg,,full_brightness_mean,3.54724223014637,manual_review_required,pending,,
1-coins/120_1479351372.jpg:full_dark_fraction,image_quality,1-coins/120_1479351372.jpg,,full_dark_fraction,3.54681374832212,manual_review_required,pending,,
1-coins/25_1477285680.jpg:full_brightness_mean,image_quality,1-coins/25_1477285680.jpg,,full_brightness_mean,3.5465741255157037,manual_review_required,pending,,
1-coins/100_1477281534.jpg:roi_dark_fraction_median,image_quality,1-coins/100_1477281534.jpg,,roi_dark_fraction_median,3.5448233131782194,manual_review_required,pending,,
1-coins/105_1479344484.jpg:full_brightness_mean,image_quality,1-coins/105_1479344484.jpg,,full_brightness_mean,3.543288672581008,manual_review_required,pending,,
1-coins/100_1477154520.jpg:full_bright_fraction,image_quality,1-coins/100_1477154520.jpg,,full_bright_fraction,3.541071188529428,manual_review_required,pending,,
1-coins/100_1477279932.jpg:full_bright_fraction,image_quality,1-coins/100_1477279932.jpg,,full_bright_fraction,3.541071188529428,manual_review_required,pending,,
1-coins/100_1477281372.jpg:full_bright_fraction,image_quality,1-coins/100_1477281372.jpg,,full_bright_fraction,3.541071188529428,manual_review_required,pending,,
1-coins/100_1477281378.jpg:full_bright_fraction,image_quality,1-coins/100_1477281378.jpg,,full_bright_fraction,3.541071188529428,manual_review_required,pending,,
1-coins/100_1477860594.jpg:full_bright_fraction,image_quality,1-coins/100_1477860594.jpg,,full_bright_fraction,3.541071188529428,manual_review_required,pending,,
1-coins/100_1477860648.jpg:full_bright_fraction,image_quality,1-coins/100_1477860648.jpg,,full_bright_fraction,3.541071188529428,manual_review_required,pending,,
1-coins/10_1477289652.jpg:full_bright_fraction,image_quality,1-coins/10_1477289652.jpg,,full_bright_fraction,3.541071188529428,manual_review_required,pending,,
1-coins/10_1477787778.jpg:full_bright_fraction,image_quality,1-coins/10_1477787778.jpg,,full_bright_fraction,3.541071188529428,manual_review_required,pending,,
1-coins/110_1479345654.jpg:full_bright_fraction,image_quality,1-coins/110_1479345654.jpg,,full_bright_fraction,3.541071188529428,manual_review_required,pending,,
1-coins/120_1479422910.jpg:full_bright_fraction,image_quality,1-coins/120_1479422910.jpg,,full_bright_fraction,3.541071188529428,manual_review_required,pending,,
1-coins/125_1479424476.jpg:full_bright_fraction,image_quality,1-coins/125_1479424476.jpg,,full_bright_fraction,3.541071188529428,manual_review_required,pending,,
1-coins/125_1479424740.jpg:full_bright_fraction,image_quality,1-coins/125_1479424740.jpg,,full_bright_fraction,3.541071188529428,manual_review_required,pending,,
1-coins/125_1479424788.jpg:full_bright_fraction,image_quality,1-coins/125_1479424788.jpg,,full_bright_fraction,3.541071188529428,manual_review_required,pending,,
1-coins/130_1477862484.jpg:full_bright_fraction,image_quality,1-coins/130_1477862484.jpg,,full_bright_fraction,3.541071188529428,manual_review_required,pending,,
1-coins/130_1477862502.jpg:full_bright_fraction,image_quality,1-coins/130_1477862502.jpg,,full_bright_fraction,3.541071188529428,manual_review_required,pending,,
1-coins/130_1477862976.jpg:full_bright_fraction,image_quality,1-coins/130_1477862976.jpg,,full_bright_fraction,3.541071188529428,manual_review_required,pending,,
1-coins/135_1479426924.jpg:full_bright_fraction,image_quality,1-coins/135_1479426924.jpg,,full_bright_fraction,3.541071188529428,manual_review_required,pending,,
1-coins/140_1479427194.jpg:full_bright_fraction,image_quality,1-coins/140_1479427194.jpg,,full_bright_fraction,3.541071188529428,manual_review_required,pending,,
1-coins/140_1479427404.jpg:full_bright_fraction,image_quality,1-coins/140_1479427404.jpg,,full_bright_fraction,3.541071188529428,manual_review_required,pending,,
1-coins/145_1479427758.jpg:full_bright_fraction,image_quality,1-coins/145_1479427758.jpg,,full_bright_fraction,3.541071188529428,manual_review_required,pending,,
1-coins/150_1479429510.jpg:full_bright_fraction,image_quality,1-coins/150_1479429510.jpg,,full_bright_fraction,3.541071188529428,manual_review_required,pending,,
1-coins/150_1479429576.jpg:full_bright_fraction,image_quality,1-coins/150_1479429576.jpg,,full_bright_fraction,3.541071188529428,manual_review_required,pending,,
1-coins/150_1479430320.jpg:full_bright_fraction,image_quality,1-coins/150_1479430320.jpg,,full_bright_fraction,3.541071188529428,manual_review_required,pending,,
1-coins/170_1479423198.jpg:full_bright_fraction,image_quality,1-coins/170_1479423198.jpg,,full_bright_fraction,3.541071188529428,manual_review_required,pending,,
1-coins/170_1479423270.jpg:full_bright_fraction,image_quality,1-coins/170_1479423270.jpg,,full_bright_fraction,3.541071188529428,manual_review_required,pending,,
1-coins/175_1479423480.jpg:full_bright_fraction,image_quality,1-coins/175_1479423480.jpg,,full_bright_fraction,3.541071188529428,manual_review_required,pending,,
1-coins/25_1477154238.jpg:full_bright_fraction,image_quality,1-coins/25_1477154238.jpg,,full_bright_fraction,3.541071188529428,manual_review_required,pending,,
1-coins/25_1477287252.jpg:full_bright_fraction,image_quality,1-coins/25_1477287252.jpg,,full_bright_fraction,3.541071188529428,manual_review_required,pending,,
1-coins/25_1477789176.jpg:full_bright_fraction,image_quality,1-coins/25_1477789176.jpg,,full_bright_fraction,3.541071188529428,manual_review_required,pending,,
1-coins/45_1477835586.jpg:full_bright_fraction,image_quality,1-coins/45_1477835586.jpg,,full_bright_fraction,3.541071188529428,manual_review_required,pending,,
1-coins/45_1477835616.jpg:full_bright_fraction,image_quality,1-coins/45_1477835616.jpg,,full_bright_fraction,3.541071188529428,manual_review_required,pending,,
1-coins/45_1477835628.jpg:full_bright_fraction,image_quality,1-coins/45_1477835628.jpg,,full_bright_fraction,3.541071188529428,manual_review_required,pending,,
1-coins/50_1477140120.jpg:full_bright_fraction,image_quality,1-coins/50_1477140120.jpg,,full_bright_fraction,3.541071188529428,manual_review_required,pending,,
1-coins/50_1477145202.jpg:full_bright_fraction,image_quality,1-coins/50_1477145202.jpg,,full_bright_fraction,3.541071188529428,manual_review_required,pending,,
1-coins/60_1477844886.jpg:full_bright_fraction,image_quality,1-coins/60_1477844886.jpg,,full_bright_fraction,3.541071188529428,manual_review_required,pending,,
1-coins/60_1477845018.jpg:full_bright_fraction,image_quality,1-coins/60_1477845018.jpg,,full_bright_fraction,3.541071188529428,manual_review_required,pending,,
1-coins/60_1477845030.jpg:full_bright_fraction,image_quality,1-coins/60_1477845030.jpg,,full_bright_fraction,3.541071188529428,manual_review_required,pending,,
1-coins/60_1477845456.jpg:full_bright_fraction,image_quality,1-coins/60_1477845456.jpg,,full_bright_fraction,3.541071188529428,manual_review_required,pending,,
1-coins/65_1477845576.jpg:full_bright_fraction,image_quality,1-coins/65_1477845576.jpg,,full_bright_fraction,3.541071188529428,manual_review_required,pending,,
1-coins/70_1477849326.jpg:full_bright_fraction,image_quality,1-coins/70_1477849326.jpg,,full_bright_fraction,3.541071188529428,manual_review_required,pending,,
1-coins/75_1477849470.jpg:full_bright_fraction,image_quality,1-coins/75_1477849470.jpg,,full_bright_fraction,3.541071188529428,manual_review_required,pending,,
1-coins/75_1477849926.jpg:full_bright_fraction,image_quality,1-coins/75_1477849926.jpg,,full_bright_fraction,3.541071188529428,manual_review_required,pending,,
1-coins/75_1477850550.jpg:full_bright_fraction,image_quality,1-coins/75_1477850550.jpg,,full_bright_fraction,3.541071188529428,manual_review_required,pending,,
1-coins/80_1477850964.jpg:full_bright_fraction,image_quality,1-coins/80_1477850964.jpg,,full_bright_fraction,3.541071188529428,manual_review_required,pending,,
1-coins/80_1477851102.jpg:full_bright_fraction,image_quality,1-coins/80_1477851102.jpg,,full_bright_fraction,3.541071188529428,manual_review_required,pending,,
1-coins/80_1477851624.jpg:full_bright_fraction,image_quality,1-coins/80_1477851624.jpg,,full_bright_fraction,3.541071188529428,manual_review_required,pending,,
1-coins/85_1477852956.jpg:full_bright_fraction,image_quality,1-coins/85_1477852956.jpg,,full_bright_fraction,3.541071188529428,manual_review_required,pending,,
1-coins/85_1477853958.jpg:full_bright_fraction,image_quality,1-coins/85_1477853958.jpg,,full_bright_fraction,3.541071188529428,manual_review_required,pending,,
1-coins/85_1477854180.jpg:full_bright_fraction,image_quality,1-coins/85_1477854180.jpg,,full_bright_fraction,3.541071188529428,manual_review_required,pending,,
1-coins/90_1477855866.jpg:full_bright_fraction,image_quality,1-coins/90_1477855866.jpg,,full_bright_fraction,3.541071188529428,manual_review_required,pending,,
1-coins/90_1477856964.jpg:full_bright_fraction,image_quality,1-coins/90_1477856964.jpg,,full_bright_fraction,3.541071188529428,manual_review_required,pending,,
1-coins/90_1477857090.jpg:full_bright_fraction,image_quality,1-coins/90_1477857090.jpg,,full_bright_fraction,3.541071188529428,manual_review_required,pending,,
1-coins/90_1477857114.jpg:full_bright_fraction,image_quality,1-coins/90_1477857114.jpg,,full_bright_fraction,3.541071188529428,manual_review_required,pending,,
1-coins/90_1477857120.jpg:full_bright_fraction,image_quality,1-coins/90_1477857120.jpg,,full_bright_fraction,3.541071188529428,manual_review_required,pending,,
1-coins/95_1477857402.jpg:full_bright_fraction,image_quality,1-coins/95_1477857402.jpg,,full_bright_fraction,3.541071188529428,manual_review_required,pending,,
1-coins/95_1477857426.jpg:full_bright_fraction,image_quality,1-coins/95_1477857426.jpg,,full_bright_fraction,3.541071188529428,manual_review_required,pending,,
1-coins/25_1477285674.jpg:full_brightness_mean,image_quality,1-coins/25_1477285674.jpg,,full_brightness_mean,3.540016533325553,manual_review_required,pending,,
1-coins/5_1477290930.jpg:full_brightness_mean,image_quality,1-coins/5_1477290930.jpg,,full_brightness_mean,3.539286096469376,manual_review_required,pending,,
1-coins/100_1477281564.jpg:full_brightness_mean,image_quality,1-coins/100_1477281564.jpg,,full_brightness_mean,3.5388364572116,manual_review_required,pending,,
1-coins/100_1477280136.jpg:full_brightness_mean,image_quality,1-coins/100_1477280136.jpg,,full_brightness_mean,3.536394002239336,manual_review_required,pending,,
1-coins/135_1479426054.jpg:full_brightness_mean,image_quality,1-coins/135_1479426054.jpg,,full_brightness_mean,3.5343775850025723,manual_review_required,pending,,
1-coins/85_1477852038.jpg:roi_dark_fraction_median,image_quality,1-coins/85_1477852038.jpg,,roi_dark_fraction_median,3.533958202445061,manual_review_required,pending,,
1-coins/100_1477280142.jpg:full_brightness_mean,image_quality,1-coins/100_1477280142.jpg,,full_brightness_mean,3.533648358480874,manual_review_required,pending,,
1-coins/25_1477286262.jpg:full_brightness_mean,image_quality,1-coins/25_1477286262.jpg,,full_brightness_mean,3.533589657258795,manual_review_required,pending,,
1-coins/50_1477282170.jpg:full_brightness_mean,image_quality,1-coins/50_1477282170.jpg,,full_brightness_mean,3.533157567850916,manual_review_required,pending,,
1-coins/10_1477288830.jpg:full_brightness_mean,image_quality,1-coins/10_1477288830.jpg,,full_brightness_mean,3.532617758674688,manual_review_required,pending,,
1-coins/10_1477287804.jpg:full_brightness_mean,image_quality,1-coins/10_1477287804.jpg,,full_brightness_mean,3.531634967080294,manual_review_required,pending,,
1-coins/100_1477281732.jpg:full_brightness_mean,image_quality,1-coins/100_1477281732.jpg,,full_brightness_mean,3.530578950250119,manual_review_required,pending,,
1-coins/100_1477281744.jpg:full_brightness_mean,image_quality,1-coins/100_1477281744.jpg,,full_brightness_mean,3.530517828359088,manual_review_required,pending,,
1-coins/100_1477280112.jpg:full_brightness_mean,image_quality,1-coins/100_1477280112.jpg,,full_brightness_mean,3.527636021972093,manual_review_required,pending,,
1-coins/50_1477282146.jpg:full_brightness_mean,image_quality,1-coins/50_1477282146.jpg,,full_brightness_mean,3.5272335857588715,manual_review_required,pending,,
1-coins/100_1477154796.jpg:full_brightness_mean,image_quality,1-coins/100_1477154796.jpg,,full_brightness_mean,3.5270066480446496,manual_review_required,pending,,
1-coins/140_1479427452.jpg:full_dark_fraction,image_quality,1-coins/140_1479427452.jpg,,full_dark_fraction,3.5259317127123344,manual_review_required,pending,,
1-coins/100_1477280172.jpg:full_brightness_mean,image_quality,1-coins/100_1477280172.jpg,,full_brightness_mean,3.525458025082801,manual_review_required,pending,,
1-coins/25_1477285686.jpg:full_brightness_mean,image_quality,1-coins/25_1477285686.jpg,,full_brightness_mean,3.5243063918290325,manual_review_required,pending,,
1-coins/10_1477185432.jpg:full_brightness_mean,image_quality,1-coins/10_1477185432.jpg,,full_brightness_mean,3.5234609731976496,manual_review_required,pending,,
1-coins/50_1477283406.jpg:roi_dark_fraction_median,image_quality,1-coins/50_1477283406.jpg,,roi_dark_fraction_median,3.5229869889163434,manual_review_required,pending,,
1-coins/25_1477286274.jpg:full_brightness_mean,image_quality,1-coins/25_1477286274.jpg,,full_brightness_mean,3.5220787712262287,manual_review_required,pending,,
1-coins/130_1477861920.jpg:full_dark_fraction,image_quality,1-coins/130_1477861920.jpg,,full_dark_fraction,3.520711203809888,manual_review_required,pending,,
1-coins/50_1477193298.jpg:roi_dark_fraction_median,image_quality,1-coins/50_1477193298.jpg,,roi_dark_fraction_median,3.520548904662824,manual_review_required,pending,,
1-coins/50_1477282680.jpg:full_brightness_mean,image_quality,1-coins/50_1477282680.jpg,,full_brightness_mean,3.519980656412343,manual_review_required,pending,,
1-coins/50_1477194300.jpg:roi_brightness_median,image_quality,1-coins/50_1477194300.jpg,,roi_brightness_median,3.519767992066621,manual_review_required,pending,,
1-coins/50_1477282164.jpg:full_brightness_mean,image_quality,1-coins/50_1477282164.jpg,,full_brightness_mean,3.519735563680988,manual_review_required,pending,,
1-coins/10_1477288776.jpg:full_brightness_mean,image_quality,1-coins/10_1477288776.jpg,,full_brightness_mean,3.517840785059044,manual_review_required,pending,,
1-coins/100_1477280154.jpg:full_brightness_mean,image_quality,1-coins/100_1477280154.jpg,,full_brightness_mean,3.5168120007545696,manual_review_required,pending,,
1-coins/90_1477854738.jpg:full_dark_fraction,image_quality,1-coins/90_1477854738.jpg,,full_dark_fraction,3.516534796687931,manual_review_required,pending,,
1-coins/50_1477144962.jpg:roi_brightness_median,image_quality,1-coins/50_1477144962.jpg,,roi_brightness_median,3.516007338543849,manual_review_required,pending,,
1-coins/100_1477280052.jpg:full_brightness_mean,image_quality,1-coins/100_1477280052.jpg,,full_brightness_mean,3.515909091235587,manual_review_required,pending,,
1-coins/100_1477280058.jpg:full_brightness_mean,image_quality,1-coins/100_1477280058.jpg,,full_brightness_mean,3.514278770696621,manual_review_required,pending,,
1-coins/100_1477280400.jpg:full_brightness_mean,image_quality,1-coins/100_1477280400.jpg,,full_brightness_mean,3.513346207982976,manual_review_required,pending,,
1-coins/100_1477280964.jpg:full_brightness_mean,image_quality,1-coins/100_1477280964.jpg,,full_brightness_mean,3.513285086091945,manual_review_required,pending,,
1-coins/130_1477862088.jpg:roi_dark_fraction_median,image_quality,1-coins/130_1477862088.jpg,,roi_dark_fraction_median,3.5125367910878373,manual_review_required,pending,,
1-coins/100_1477280352.jpg:full_brightness_mean,image_quality,1-coins/100_1477280352.jpg,,full_brightness_mean,3.5110834876803785,manual_review_required,pending,,
1-coins/100_1477280358.jpg:full_brightness_mean,image_quality,1-coins/100_1477280358.jpg,,full_brightness_mean,3.5108166089284536,manual_review_required,pending,,
1-coins/120_1479423054.jpg:full_dark_fraction,image_quality,1-coins/120_1479423054.jpg,,full_dark_fraction,3.510270186004995,manual_review_required,pending,,
1-coins/50_1477282152.jpg:full_brightness_mean,image_quality,1-coins/50_1477282152.jpg,,full_brightness_mean,3.5096879720297225,manual_review_required,pending,,
1-coins/15_1477788366.jpg:full_brightness_mean,image_quality,1-coins/15_1477788366.jpg,,full_brightness_mean,3.50966013433678,manual_review_required,pending,,
1-coins/25_1477286316.jpg:full_brightness_mean,image_quality,1-coins/25_1477286316.jpg,,full_brightness_mean,3.506764409103309,manual_review_required,pending,,
1-coins/25_1477154196.jpg:roi_dark_fraction_median,image_quality,1-coins/25_1477154196.jpg,,roi_dark_fraction_median,3.506734907813054,manual_review_required,pending,,
1-coins/5_1477188528.jpg:roi_dark_fraction_median,image_quality,1-coins/5_1477188528.jpg,,roi_dark_fraction_median,3.5033424458441704,manual_review_required,pending,,
1-coins/70_1477849236.jpg:full_brightness_mean,image_quality,1-coins/70_1477849236.jpg,,full_brightness_mean,3.5006479838296047,manual_review_required,pending,,
1-coins/10_1477186254.jpg:full_brightness_mean,image_quality,1-coins/10_1477186254.jpg,,full_brightness_mean,3.500140853684224,manual_review_required,pending,,
1-coins/25_1477191384.jpg:roi_laplacian_variance_median,image_quality,1-coins/25_1477191384.jpg,,roi_laplacian_variance_median,-3.5066089029181065,manual_review_required,pending,,
1-coins/25_1477191936.jpg:roi_laplacian_variance_median,image_quality,1-coins/25_1477191936.jpg,,roi_laplacian_variance_median,-3.507701421969335,manual_review_required,pending,,
1-coins/10_1477289472.jpg:roi_contrast_median,image_quality,1-coins/10_1477289472.jpg,,roi_contrast_median,-3.5243285762991405,manual_review_required,pending,,
1-coins/130_1477862328.jpg:roi_brightness_median,image_quality,1-coins/130_1477862328.jpg,,roi_brightness_median,-3.5276625980462915,manual_review_required,pending,,
1-coins/5_1477145532.jpg:roi_brightness_median,image_quality,1-coins/5_1477145532.jpg,,roi_brightness_median,-3.5291801375597998,manual_review_required,pending,,
1-coins/50_1477192962.jpg:roi_contrast_median,image_quality,1-coins/50_1477192962.jpg,,roi_contrast_median,-3.540550423046345,manual_review_required,pending,,
1-coins/130_1477861908.jpg:roi_brightness_median,image_quality,1-coins/130_1477861908.jpg,,roi_brightness_median,-3.571722799737556,manual_review_required,pending,,
1-coins/25_1477191294.jpg:roi_laplacian_variance_median,image_quality,1-coins/25_1477191294.jpg,,roi_laplacian_variance_median,-3.577623921903964,manual_review_required,pending,,
1-coins/25_1477191288.jpg:roi_laplacian_variance_median,image_quality,1-coins/25_1477191288.jpg,,roi_laplacian_variance_median,-3.5782937831534176,manual_review_required,pending,,
1-coins/10_1477289454.jpg:roi_contrast_median,image_quality,1-coins/10_1477289454.jpg,,roi_contrast_median,-3.5798903009958694,manual_review_required,pending,,
1-coins/25_1477191372.jpg:roi_laplacian_variance_median,image_quality,1-coins/25_1477191372.jpg,,roi_laplacian_variance_median,-3.5841488826255934,manual_review_required,pending,,
1-coins/25_1477191378.jpg:roi_laplacian_variance_median,image_quality,1-coins/25_1477191378.jpg,,roi_laplacian_variance_median,-3.600687501751011,manual_review_required,pending,,
1-coins/30_1477786740.jpg:roi_contrast_median,image_quality,1-coins/30_1477786740.jpg,,roi_contrast_median,-3.6011774214479946,manual_review_required,pending,,
1-coins/50_1477144962.jpg:roi_contrast_median,image_quality,1-coins/50_1477144962.jpg,,roi_contrast_median,-3.603063690932721,manual_review_required,pending,,
1-coins/50_1477144596.jpg:roi_laplacian_variance_median,image_quality,1-coins/50_1477144596.jpg,,roi_laplacian_variance_median,-3.6171068261304313,manual_review_required,pending,,
1-coins/25_1477789296.jpg:roi_brightness_median,image_quality,1-coins/25_1477789296.jpg,,roi_brightness_median,-3.6380154694997846,manual_review_required,pending,,
1-coins/10_1477289016.jpg:roi_contrast_median,image_quality,1-coins/10_1477289016.jpg,,roi_contrast_median,-3.653087952988279,manual_review_required,pending,,
1-coins/50_1477144656.jpg:roi_laplacian_variance_median,image_quality,1-coins/50_1477144656.jpg,,roi_laplacian_variance_median,-3.655734156326098,manual_review_required,pending,,
1-coins/50_1477192962.jpg:roi_brightness_median,image_quality,1-coins/50_1477192962.jpg,,roi_brightness_median,-3.699819859568041,manual_review_required,pending,,
1-coins/30_1477786728.jpg:roi_contrast_median,image_quality,1-coins/30_1477786728.jpg,,roi_contrast_median,-3.713563448494576,manual_review_required,pending,,
1-coins/85_1477853892.jpg:roi_brightness_median,image_quality,1-coins/85_1477853892.jpg,,roi_brightness_median,-3.720355157251245,manual_review_required,pending,,
1-coins/10_1477289460.jpg:roi_contrast_median,image_quality,1-coins/10_1477289460.jpg,,roi_contrast_median,-3.72618738422665,manual_review_required,pending,,
1-coins/90_1477856946.jpg:roi_contrast_median,image_quality,1-coins/90_1477856946.jpg,,roi_contrast_median,-3.740449844129819,manual_review_required,pending,,
1-coins/25_1477149534.jpg:roi_laplacian_variance_median,image_quality,1-coins/25_1477149534.jpg,,roi_laplacian_variance_median,-3.8078838221980456,manual_review_required,pending,,
1-coins/10_1477147626.jpg:roi_contrast_median,image_quality,1-coins/10_1477147626.jpg,,roi_contrast_median,-3.853438943914004,manual_review_required,pending,,
1-coins/10_1477289346.jpg:roi_contrast_median,image_quality,1-coins/10_1477289346.jpg,,roi_contrast_median,-3.876183509931731,manual_review_required,pending,,
1-coins/35_1477789530.jpg:roi_brightness_median,image_quality,1-coins/35_1477789530.jpg,,roi_brightness_median,-3.893986699289148,manual_review_required,pending,,
1-coins/50_1477192776.jpg:roi_brightness_median,image_quality,1-coins/50_1477192776.jpg,,roi_brightness_median,-3.903631353778732,manual_review_required,pending,,
1-coins/90_1477856946.jpg:roi_brightness_median,image_quality,1-coins/90_1477856946.jpg,,roi_brightness_median,-3.9536363438252047,manual_review_required,pending,,
1-coins/5_1477145436.jpg:roi_contrast_median,image_quality,1-coins/5_1477145436.jpg,,roi_contrast_median,-4.014707676991549,manual_review_required,pending,,
1-coins/45_1477835628.jpg:full_brightness_mean,image_quality,1-coins/45_1477835628.jpg,,full_brightness_mean,-4.026768882303718,manual_review_required,pending,,
1-coins/5_1477145532.jpg:roi_laplacian_variance_median,image_quality,1-coins/5_1477145532.jpg,,roi_laplacian_variance_median,-4.057131803961475,manual_review_required,pending,,
1-coins/25_1477191498.jpg:roi_contrast_median,image_quality,1-coins/25_1477191498.jpg,,roi_contrast_median,-4.064562142973016,manual_review_required,pending,,
1-coins/100_1477195020.jpg:roi_brightness_median,image_quality,1-coins/100_1477195020.jpg,,roi_brightness_median,-4.079917192076765,manual_review_required,pending,,
1-coins/5_1477145436.jpg:roi_brightness_median,image_quality,1-coins/5_1477145436.jpg,,roi_brightness_median,-4.084937254634437,manual_review_required,pending,,
1-coins/10_1477289340.jpg:roi_contrast_median,image_quality,1-coins/10_1477289340.jpg,,roi_contrast_median,-4.142114122868963,manual_review_required,pending,,
1-coins/35_1477789530.jpg:roi_laplacian_variance_median,image_quality,1-coins/35_1477789530.jpg,,roi_laplacian_variance_median,-4.1945612592057175,manual_review_required,pending,,
1-coins/115_1479347616.jpg:roi_laplacian_variance_median,image_quality,1-coins/115_1479347616.jpg,,roi_laplacian_variance_median,-4.236181737369373,manual_review_required,pending,,
1-coins/35_1477789530.jpg:roi_contrast_median,image_quality,1-coins/35_1477789530.jpg,,roi_contrast_median,-4.258934168382382,manual_review_required,pending,,
1-coins/100_1477195020.jpg:roi_contrast_median,image_quality,1-coins/100_1477195020.jpg,,roi_contrast_median,-4.357332495875936,manual_review_required,pending,,
1-coins/135_1479426018.jpg:full_brightness_mean,image_quality,1-coins/135_1479426018.jpg,,full_brightness_mean,-4.573197982948106,manual_review_required,pending,,
1-coins/5_1477290504.jpg:full_brightness_mean,image_quality,1-coins/5_1477290504.jpg,,full_brightness_mean,-4.614027406156402,manual_review_required,pending,,
1-coins/5_1477188786.jpg:full_brightness_mean,image_quality,1-coins/5_1477188786.jpg,,full_brightness_mean,-4.632032946986372,manual_review_required,pending,,
1-coins/100_1477195020.jpg:roi_laplacian_variance_median,image_quality,1-coins/100_1477195020.jpg,,roi_laplacian_variance_median,-4.744053298245948,manual_review_required,pending,,
1-coins/25_1477154274.jpg:roi_contrast_median,image_quality,1-coins/25_1477154274.jpg,,roi_contrast_median,-4.944109878733834,manual_review_required,pending,,
1-coins/100_1477154910.jpg:full_brightness_mean,image_quality,1-coins/100_1477154910.jpg,,full_brightness_mean,-5.0462553973320405,manual_review_required,pending,,
1-coins/40_1477790658.jpg:full_brightness_mean,image_quality,1-coins/40_1477790658.jpg,,full_brightness_mean,-5.077088062937061,manual_review_required,pending,,
1-coins/135_1479426810.jpg:full_brightness_mean,image_quality,1-coins/135_1479426810.jpg,,full_brightness_mean,-5.660342195176397,manual_review_required,pending,,
1-coins/25_1477153878.jpg:full_brightness_mean,image_quality,1-coins/25_1477153878.jpg,,full_brightness_mean,-6.471621527164003,manual_review_required,pending,,
1-coins/25_1477154142.jpg:full_brightness_mean,image_quality,1-coins/25_1477154142.jpg,,full_brightness_mean,-7.106374786183483,manual_review_required,pending,,
1-coins/5_1477146732.jpg:full_brightness_mean,image_quality,1-coins/5_1477146732.jpg,,full_brightness_mean,-8.03532223074591,manual_review_required,pending,,
1-coins/100_1477154952.jpg:full_brightness_mean,image_quality,1-coins/100_1477154952.jpg,,full_brightness_mean,-8.277646321991861,manual_review_required,pending,,
1-coins/130_1477862328.jpg:full_brightness_mean,image_quality,1-coins/130_1477862328.jpg,,full_brightness_mean,-8.457236961852837,manual_review_required,pending,,
1-coins/50_1477192776.jpg:full_brightness_mean,image_quality,1-coins/50_1477192776.jpg,,full_brightness_mean,-9.692136991391076,manual_review_required,pending,,
1-coins/25_1477191498.jpg:full_brightness_mean,image_quality,1-coins/25_1477191498.jpg,,full_brightness_mean,-10.093547446142647,manual_review_required,pending,,
1-coins/100_1477195020.jpg:full_brightness_mean,image_quality,1-coins/100_1477195020.jpg,,full_brightness_mean,-10.16826078816958,manual_review_required,pending,,
1-coins/50_1477192962.jpg:full_brightness_mean,image_quality,1-coins/50_1477192962.jpg,,full_brightness_mean,-10.208251449586111,manual_review_required,pending,,
1-coins/100_1477858704.jpg:roi_contrast_median,image_quality,1-coins/100_1477858704.jpg,,roi_contrast_median,-10.471502589182268,manual_review_required,pending,,
1-coins/100_1477858704.jpg:roi_laplacian_variance_median,image_quality,1-coins/100_1477858704.jpg,,roi_laplacian_variance_median,-10.837428218175774,manual_review_required,pending,,
1-coins/25_1477789296.jpg:full_brightness_mean,image_quality,1-coins/25_1477789296.jpg,,full_brightness_mean,-10.851032252016662,manual_review_required,pending,,
1-coins/100_1477154874.jpg:full_brightness_mean,image_quality,1-coins/100_1477154874.jpg,,full_brightness_mean,-11.558894554715334,manual_review_required,pending,,
1-coins/5_1477145436.jpg:full_brightness_mean,image_quality,1-coins/5_1477145436.jpg,,full_brightness_mean,-11.568507031122529,manual_review_required,pending,,
1-coins/85_1477853892.jpg:full_brightness_mean,image_quality,1-coins/85_1477853892.jpg,,full_brightness_mean,-11.577126428092289,manual_review_required,pending,,
1-coins/90_1477856946.jpg:full_brightness_mean,image_quality,1-coins/90_1477856946.jpg,,full_brightness_mean,-11.867522584050018,manual_review_required,pending,,
1-coins/130_1477861908.jpg:full_brightness_mean,image_quality,1-coins/130_1477861908.jpg,,full_brightness_mean,-12.218246651621977,manual_review_required,pending,,
1-coins/35_1477789530.jpg:full_brightness_mean,image_quality,1-coins/35_1477789530.jpg,,full_brightness_mean,-12.259402259971512,manual_review_required,pending,,
1-coins/120_1479351606.jpg:1-coins/120_1479351612.jpg,near_duplicate,1-coins/120_1479351606.jpg,1-coins/120_1479351612.jpg,perceptual_similarity,0.9939686165911892,manual_review_required,pending,,
1-coins/120_1479351636.jpg:1-coins/120_1479351642.jpg,near_duplicate,1-coins/120_1479351636.jpg,1-coins/120_1479351642.jpg,perceptual_similarity,0.9938767383214386,manual_review_required,pending,,
1-coins/110_1479347496.jpg:1-coins/110_1479347502.jpg,near_duplicate,1-coins/110_1479347496.jpg,1-coins/110_1479347502.jpg,perceptual_similarity,0.993779631557125,manual_review_required,pending,,
1-coins/120_1479351570.jpg:1-coins/120_1479351576.jpg,near_duplicate,1-coins/120_1479351570.jpg,1-coins/120_1479351576.jpg,perceptual_similarity,0.9937581294394924,manual_review_required,pending,,
1-coins/110_1479347448.jpg:1-coins/110_1479347454.jpg,near_duplicate,1-coins/110_1479347448.jpg,1-coins/110_1479347454.jpg,perceptual_similarity,0.993729641215256,manual_review_required,pending,,
1-coins/175_1479423768.jpg:1-coins/175_1479423774.jpg,near_duplicate,1-coins/175_1479423768.jpg,1-coins/175_1479423774.jpg,perceptual_similarity,0.993627471020879,manual_review_required,pending,,
1-coins/55_1477842114.jpg:1-coins/55_1477842120.jpg,near_duplicate,1-coins/55_1477842114.jpg,1-coins/55_1477842120.jpg,perceptual_similarity,0.9935605318126872,manual_review_required,pending,,
1-coins/170_1479423264.jpg:1-coins/170_1479423270.jpg,near_duplicate,1-coins/170_1479423264.jpg,1-coins/170_1479423270.jpg,perceptual_similarity,0.9935563915811072,manual_review_required,pending,,
1-coins/60_1477845324.jpg:1-coins/60_1477845330.jpg,near_duplicate,1-coins/60_1477845324.jpg,1-coins/60_1477845330.jpg,perceptual_similarity,0.993549431790983,manual_review_required,pending,,
1-coins/115_1479347664.jpg:1-coins/115_1479347670.jpg,near_duplicate,1-coins/115_1479347664.jpg,1-coins/115_1479347670.jpg,perceptual_similarity,0.9935146156773644,manual_review_required,pending,,
1-coins/145_1479427536.jpg:1-coins/145_1479427542.jpg,near_duplicate,1-coins/145_1479427536.jpg,1-coins/145_1479427542.jpg,perceptual_similarity,0.9934577937517244,manual_review_required,pending,,
1-coins/120_1479351438.jpg:1-coins/120_1479351444.jpg,near_duplicate,1-coins/120_1479351438.jpg,1-coins/120_1479351444.jpg,perceptual_similarity,0.9934188133910526,manual_review_required,pending,,
1-coins/110_1479347460.jpg:1-coins/110_1479347466.jpg,near_duplicate,1-coins/110_1479347460.jpg,1-coins/110_1479347466.jpg,perceptual_similarity,0.9933925070548764,manual_review_required,pending,,
1-coins/110_1479347484.jpg:1-coins/110_1479347490.jpg,near_duplicate,1-coins/110_1479347484.jpg,1-coins/110_1479347490.jpg,perceptual_similarity,0.993378813691263,manual_review_required,pending,,
1-coins/115_1479349614.jpg:1-coins/115_1479349620.jpg,near_duplicate,1-coins/115_1479349614.jpg,1-coins/115_1479349620.jpg,perceptual_similarity,0.9933746220204244,manual_review_required,pending,,
1-coins/150_1479430074.jpg:1-coins/150_1479430080.jpg,near_duplicate,1-coins/150_1479430074.jpg,1-coins/150_1479430080.jpg,perceptual_similarity,0.9933221145203888,manual_review_required,pending,,
1-coins/115_1479347604.jpg:1-coins/115_1479347610.jpg,near_duplicate,1-coins/115_1479347604.jpg,1-coins/115_1479347610.jpg,perceptual_similarity,0.9933152481245324,manual_review_required,pending,,
1-coins/115_1479347616.jpg:1-coins/115_1479347622.jpg,near_duplicate,1-coins/115_1479347616.jpg,1-coins/115_1479347622.jpg,perceptual_similarity,0.9933115531188812,manual_review_required,pending,,
1-coins/85_1477852896.jpg:1-coins/85_1477852902.jpg,near_duplicate,1-coins/85_1477852896.jpg,1-coins/85_1477852902.jpg,perceptual_similarity,0.9932288825776646,manual_review_required,pending,,
1-coins/140_1479427314.jpg:1-coins/140_1479427320.jpg,near_duplicate,1-coins/140_1479427314.jpg,1-coins/140_1479427320.jpg,perceptual_similarity,0.9932211463821,manual_review_required,pending,,
1-coins/115_1479349650.jpg:1-coins/115_1479349656.jpg,near_duplicate,1-coins/115_1479349650.jpg,1-coins/115_1479349656.jpg,perceptual_similarity,0.9932145072407088,manual_review_required,pending,,
1-coins/115_1479348366.jpg:1-coins/115_1479348378.jpg,near_duplicate,1-coins/115_1479348366.jpg,1-coins/115_1479348378.jpg,perceptual_similarity,0.9931949022854668,manual_review_required,pending,,
1-coins/10_1477787910.jpg:1-coins/10_1477787916.jpg,near_duplicate,1-coins/10_1477787910.jpg,1-coins/10_1477787916.jpg,perceptual_similarity,0.9931919859429116,manual_review_required,pending,,
1-coins/115_1479347652.jpg:1-coins/115_1479347658.jpg,near_duplicate,1-coins/115_1479347652.jpg,1-coins/115_1479347658.jpg,perceptual_similarity,0.9931862866663246,manual_review_required,pending,,
1-coins/115_1479349626.jpg:1-coins/115_1479349632.jpg,near_duplicate,1-coins/115_1479349626.jpg,1-coins/115_1479349632.jpg,perceptual_similarity,0.9931804090777407,manual_review_required,pending,,
1-coins/110_1479345756.jpg:1-coins/110_1479345762.jpg,near_duplicate,1-coins/110_1479345756.jpg,1-coins/110_1479345762.jpg,perceptual_similarity,0.9931778307956188,manual_review_required,pending,,
1-coins/115_1479349668.jpg:1-coins/115_1479349674.jpg,near_duplicate,1-coins/115_1479349668.jpg,1-coins/115_1479349674.jpg,perceptual_similarity,0.9931751902847936,manual_review_required,pending,,
1-coins/115_1479350616.jpg:1-coins/115_1479350622.jpg,near_duplicate,1-coins/115_1479350616.jpg,1-coins/115_1479350622.jpg,perceptual_similarity,0.9931749267357464,manual_review_required,pending,,
1-coins/115_1479347586.jpg:1-coins/115_1479347592.jpg,near_duplicate,1-coins/115_1479347586.jpg,1-coins/115_1479347592.jpg,perceptual_similarity,0.9931280379969828,manual_review_required,pending,,
1-coins/90_1477854780.jpg:1-coins/90_1477854786.jpg,near_duplicate,1-coins/90_1477854780.jpg,1-coins/90_1477854786.jpg,perceptual_similarity,0.9931227480916656,manual_review_required,pending,,
1-coins/65_1477845840.jpg:1-coins/65_1477845846.jpg,near_duplicate,1-coins/65_1477845840.jpg,1-coins/65_1477845846.jpg,perceptual_similarity,0.9931225429503208,manual_review_required,pending,,
1-coins/110_1479345768.jpg:1-coins/110_1479345774.jpg,near_duplicate,1-coins/110_1479345768.jpg,1-coins/110_1479345774.jpg,perceptual_similarity,0.9931044462923664,manual_review_required,pending,,
1-coins/140_1479427242.jpg:1-coins/140_1479427248.jpg,near_duplicate,1-coins/140_1479427242.jpg,1-coins/140_1479427248.jpg,perceptual_similarity,0.9930831902364524,manual_review_required,pending,,
1-coins/115_1479348378.jpg:1-coins/115_1479348384.jpg,near_duplicate,1-coins/115_1479348378.jpg,1-coins/115_1479348384.jpg,perceptual_similarity,0.9930523765484794,manual_review_required,pending,,
1-coins/115_1479348366.jpg:1-coins/115_1479348384.jpg,near_duplicate,1-coins/115_1479348366.jpg,1-coins/115_1479348384.jpg,perceptual_similarity,0.9930464172528576,manual_review_required,pending,,
1-coins/110_1479345660.jpg:1-coins/110_1479345666.jpg,near_duplicate,1-coins/110_1479345660.jpg,1-coins/110_1479345666.jpg,perceptual_similarity,0.9930413257540036,manual_review_required,pending,,
1-coins/100_1477858932.jpg:1-coins/100_1477858938.jpg,near_duplicate,1-coins/100_1477858932.jpg,1-coins/100_1477858938.jpg,perceptual_similarity,0.9930296024351573,manual_review_required,pending,,
1-coins/70_1477846788.jpg:1-coins/70_1477846794.jpg,near_duplicate,1-coins/70_1477846788.jpg,1-coins/70_1477846794.jpg,perceptual_similarity,0.9930221234232778,manual_review_required,pending,,
1-coins/90_1477854798.jpg:1-coins/90_1477854804.jpg,near_duplicate,1-coins/90_1477854798.jpg,1-coins/90_1477854804.jpg,perceptual_similarity,0.993020262281498,manual_review_required,pending,,
1-coins/115_1479348360.jpg:1-coins/115_1479348366.jpg,near_duplicate,1-coins/115_1479348360.jpg,1-coins/115_1479348366.jpg,perceptual_similarity,0.9930166353605,manual_review_required,pending,,
1-coins/150_1477864194.jpg:1-coins/150_1477864200.jpg,near_duplicate,1-coins/150_1477864194.jpg,1-coins/150_1477864200.jpg,perceptual_similarity,0.9930100911853864,manual_review_required,pending,,
1-coins/115_1479348030.jpg:1-coins/115_1479348036.jpg,near_duplicate,1-coins/115_1479348030.jpg,1-coins/115_1479348036.jpg,perceptual_similarity,0.9930081850118816,manual_review_required,pending,,
1-coins/45_1477835862.jpg:1-coins/45_1477835868.jpg,near_duplicate,1-coins/45_1477835862.jpg,1-coins/45_1477835868.jpg,perceptual_similarity,0.9930076867623048,manual_review_required,pending,,
1-coins/50_1477282542.jpg:1-coins/50_1477282548.jpg,near_duplicate,1-coins/50_1477282542.jpg,1-coins/50_1477282548.jpg,perceptual_similarity,0.993005673665951,manual_review_required,pending,,
1-coins/65_1477846464.jpg:1-coins/65_1477846470.jpg,near_duplicate,1-coins/65_1477846464.jpg,1-coins/65_1477846470.jpg,perceptual_similarity,0.9929785492426272,manual_review_required,pending,,
1-coins/115_1479348318.jpg:1-coins/115_1479348324.jpg,near_duplicate,1-coins/115_1479348318.jpg,1-coins/115_1479348324.jpg,perceptual_similarity,0.9929779333985276,manual_review_required,pending,,
1-coins/50_1477144914.jpg:1-coins/50_1477144920.jpg,near_duplicate,1-coins/50_1477144914.jpg,1-coins/50_1477144920.jpg,perceptual_similarity,0.992975733473756,manual_review_required,pending,,
1-coins/115_1479347634.jpg:1-coins/115_1479347640.jpg,near_duplicate,1-coins/115_1479347634.jpg,1-coins/115_1479347640.jpg,perceptual_similarity,0.992964874244575,manual_review_required,pending,,
1-coins/115_1479348366.jpg:1-coins/115_1479348372.jpg,near_duplicate,1-coins/115_1479348366.jpg,1-coins/115_1479348372.jpg,perceptual_similarity,0.9929639188167748,manual_review_required,pending,,
1-coins/55_1477839162.jpg:1-coins/55_1477839168.jpg,near_duplicate,1-coins/55_1477839162.jpg,1-coins/55_1477839168.jpg,perceptual_similarity,0.9929624210828388,manual_review_required,pending,,
1-coins/95_1477857414.jpg:1-coins/95_1477857420.jpg,near_duplicate,1-coins/95_1477857414.jpg,1-coins/95_1477857420.jpg,perceptual_similarity,0.9929525267834096,manual_review_required,pending,,
1-coins/115_1479348336.jpg:1-coins/115_1479348342.jpg,near_duplicate,1-coins/115_1479348336.jpg,1-coins/115_1479348342.jpg,perceptual_similarity,0.992952243804854,manual_review_required,pending,,
1-coins/115_1479348360.jpg:1-coins/115_1479348378.jpg,near_duplicate,1-coins/115_1479348360.jpg,1-coins/115_1479348378.jpg,perceptual_similarity,0.9929416557164455,manual_review_required,pending,,
1-coins/105_1479345390.jpg:1-coins/105_1479345396.jpg,near_duplicate,1-coins/105_1479345390.jpg,1-coins/105_1479345396.jpg,perceptual_similarity,0.9929396654904202,manual_review_required,pending,,
1-coins/60_1477844808.jpg:1-coins/60_1477844814.jpg,near_duplicate,1-coins/60_1477844808.jpg,1-coins/60_1477844814.jpg,perceptual_similarity,0.9929379967779236,manual_review_required,pending,,
1-coins/5_1477290972.jpg:1-coins/5_1477290978.jpg,near_duplicate,1-coins/5_1477290972.jpg,1-coins/5_1477290978.jpg,perceptual_similarity,0.9929257361889424,manual_review_required,pending,,
1-coins/115_1479348348.jpg:1-coins/115_1479348354.jpg,near_duplicate,1-coins/115_1479348348.jpg,1-coins/115_1479348354.jpg,perceptual_similarity,0.992924922242878,manual_review_required,pending,,
1-coins/25_1477287324.jpg:1-coins/25_1477287330.jpg,near_duplicate,1-coins/25_1477287324.jpg,1-coins/25_1477287330.jpg,perceptual_similarity,0.9928502768247645,manual_review_required,pending,,
1-coins/115_1479348372.jpg:1-coins/115_1479348384.jpg,near_duplicate,1-coins/115_1479348372.jpg,1-coins/115_1479348384.jpg,perceptual_similarity,0.992843056018983,manual_review_required,pending,,
1-coins/110_1479347424.jpg:1-coins/110_1479347430.jpg,near_duplicate,1-coins/110_1479347424.jpg,1-coins/110_1479347430.jpg,perceptual_similarity,0.9928115788833304,manual_review_required,pending,,
1-coins/105_1479345408.jpg:1-coins/105_1479345414.jpg,near_duplicate,1-coins/105_1479345408.jpg,1-coins/105_1479345414.jpg,perceptual_similarity,0.9928015648987472,manual_review_required,pending,,
1-coins/25_1477287378.jpg:1-coins/25_1477287384.jpg,near_duplicate,1-coins/25_1477287378.jpg,1-coins/25_1477287384.jpg,perceptual_similarity,0.9927969703518102,manual_review_required,pending,,
1-coins/110_1479347394.jpg:1-coins/110_1479347400.jpg,near_duplicate,1-coins/110_1479347394.jpg,1-coins/110_1479347400.jpg,perceptual_similarity,0.9927936675003516,manual_review_required,pending,,
1-coins/115_1479348012.jpg:1-coins/115_1479348018.jpg,near_duplicate,1-coins/115_1479348012.jpg,1-coins/115_1479348018.jpg,perceptual_similarity,0.992791094152556,manual_review_required,pending,,
1-coins/65_1477845672.jpg:1-coins/65_1477845678.jpg,near_duplicate,1-coins/65_1477845672.jpg,1-coins/65_1477845678.jpg,perceptual_similarity,0.9927908880966982,manual_review_required,pending,,
1-coins/25_1477287198.jpg:1-coins/25_1477287204.jpg,near_duplicate,1-coins/25_1477287198.jpg,1-coins/25_1477287204.jpg,perceptual_similarity,0.9927901572775838,manual_review_required,pending,,
1-coins/110_1479347406.jpg:1-coins/110_1479347412.jpg,near_duplicate,1-coins/110_1479347406.jpg,1-coins/110_1479347412.jpg,perceptual_similarity,0.9927879584148592,manual_review_required,pending,,
1-coins/115_1479348360.jpg:1-coins/115_1479348384.jpg,near_duplicate,1-coins/115_1479348360.jpg,1-coins/115_1479348384.jpg,perceptual_similarity,0.9927862378975436,manual_review_required,pending,,
1-coins/85_1477853958.jpg:1-coins/85_1477853964.jpg,near_duplicate,1-coins/85_1477853958.jpg,1-coins/85_1477853964.jpg,perceptual_similarity,0.992777926485136,manual_review_required,pending,,
1-coins/105_1479344778.jpg:1-coins/105_1479344784.jpg,near_duplicate,1-coins/105_1479344778.jpg,1-coins/105_1479344784.jpg,perceptual_similarity,0.9927674556700729,manual_review_required,pending,,
1-coins/110_1479347382.jpg:1-coins/110_1479347388.jpg,near_duplicate,1-coins/110_1479347382.jpg,1-coins/110_1479347388.jpg,perceptual_similarity,0.9927641668424102,manual_review_required,pending,,
1-coins/5_1477189128.jpg:1-coins/5_1477189134.jpg,near_duplicate,1-coins/5_1477189128.jpg,1-coins/5_1477189134.jpg,perceptual_similarity,0.992761907341936,manual_review_required,pending,,
1-coins/60_1477845246.jpg:1-coins/60_1477845252.jpg,near_duplicate,1-coins/60_1477845246.jpg,1-coins/60_1477845252.jpg,perceptual_similarity,0.992755555833094,manual_review_required,pending,,
1-coins/130_1477862400.jpg:1-coins/130_1477862406.jpg,near_duplicate,1-coins/130_1477862400.jpg,1-coins/130_1477862406.jpg,perceptual_similarity,0.9927390182525372,manual_review_required,pending,,
1-coins/115_1479349644.jpg:1-coins/115_1479349650.jpg,near_duplicate,1-coins/115_1479349644.jpg,1-coins/115_1479349650.jpg,perceptual_similarity,0.992728924796235,manual_review_required,pending,,
1-coins/150_1477864512.jpg:1-coins/150_1477864518.jpg,near_duplicate,1-coins/150_1477864512.jpg,1-coins/150_1477864518.jpg,perceptual_similarity,0.9926959604740888,manual_review_required,pending,,
1-coins/105_1479344850.jpg:1-coins/105_1479344856.jpg,near_duplicate,1-coins/105_1479344850.jpg,1-coins/105_1479344856.jpg,perceptual_similarity,0.9926901541073898,manual_review_required,pending,,
1-coins/115_1479349644.jpg:1-coins/115_1479349656.jpg,near_duplicate,1-coins/115_1479349644.jpg,1-coins/115_1479349656.jpg,perceptual_similarity,0.9926545690863946,manual_review_required,pending,,
1-coins/5_1477291854.jpg:1-coins/5_1477291860.jpg,near_duplicate,1-coins/5_1477291854.jpg,1-coins/5_1477291860.jpg,perceptual_similarity,0.9926305987009126,manual_review_required,pending,,
1-coins/115_1479347964.jpg:1-coins/115_1479347970.jpg,near_duplicate,1-coins/115_1479347964.jpg,1-coins/115_1479347970.jpg,perceptual_similarity,0.99262803606085,manual_review_required,pending,,
1-coins/115_1479347958.jpg:1-coins/115_1479347964.jpg,near_duplicate,1-coins/115_1479347958.jpg,1-coins/115_1479347964.jpg,perceptual_similarity,0.992625471883668,manual_review_required,pending,,
1-coins/50_1477193586.jpg:1-coins/50_1477193592.jpg,near_duplicate,1-coins/50_1477193586.jpg,1-coins/50_1477193592.jpg,perceptual_similarity,0.99262535944841,manual_review_required,pending,,
1-coins/55_1477838958.jpg:1-coins/55_1477838964.jpg,near_duplicate,1-coins/55_1477838958.jpg,1-coins/55_1477838964.jpg,perceptual_similarity,0.9925855922275624,manual_review_required,pending,,
1-coins/50_1477194570.jpg:1-coins/50_1477194576.jpg,near_duplicate,1-coins/50_1477194570.jpg,1-coins/50_1477194576.jpg,perceptual_similarity,0.9925743383825832,manual_review_required,pending,,
1-coins/105_1479345378.jpg:1-coins/105_1479345384.jpg,near_duplicate,1-coins/105_1479345378.jpg,1-coins/105_1479345384.jpg,perceptual_similarity,0.9925599992819664,manual_review_required,pending,,
1-coins/105_1479344958.jpg:1-coins/105_1479344964.jpg,near_duplicate,1-coins/105_1479344958.jpg,1-coins/105_1479344964.jpg,perceptual_similarity,0.9925310142731184,manual_review_required,pending,,
1-coins/115_1479350550.jpg:1-coins/115_1479350556.jpg,near_duplicate,1-coins/115_1479350550.jpg,1-coins/115_1479350556.jpg,perceptual_similarity,0.9925125798105098,manual_review_required,pending,,
1-coins/75_1477849554.jpg:1-coins/75_1477849560.jpg,near_duplicate,1-coins/75_1477849554.jpg,1-coins/75_1477849560.jpg,perceptual_similarity,0.9925049156443893,manual_review_required,pending,,
1-coins/25_1477191570.jpg:1-coins/25_1477191576.jpg,near_duplicate,1-coins/25_1477191570.jpg,1-coins/25_1477191576.jpg,perceptual_similarity,0.9924886277386384,manual_review_required,pending,,
1-coins/105_1479345294.jpg:1-coins/105_1479345300.jpg,near_duplicate,1-coins/105_1479345294.jpg,1-coins/105_1479345300.jpg,perceptual_similarity,0.9924800184831968,manual_review_required,pending,,
1-coins/115_1479349572.jpg:1-coins/115_1479349578.jpg,near_duplicate,1-coins/115_1479349572.jpg,1-coins/115_1479349578.jpg,perceptual_similarity,0.9924741688320576,manual_review_required,pending,,
1-coins/105_1479344574.jpg:1-coins/105_1479344580.jpg,near_duplicate,1-coins/105_1479344574.jpg,1-coins/105_1479344580.jpg,perceptual_similarity,0.992458141101438,manual_review_required,pending,,
1-coins/120_1479351390.jpg:1-coins/120_1479351396.jpg,near_duplicate,1-coins/120_1479351390.jpg,1-coins/120_1479351396.jpg,perceptual_similarity,0.9924442545167532,manual_review_required,pending,,
1-coins/5_1477291218.jpg:1-coins/5_1477291224.jpg,near_duplicate,1-coins/5_1477291218.jpg,1-coins/5_1477291224.jpg,perceptual_similarity,0.9924267042227768,manual_review_required,pending,,
1-coins/130_1477862010.jpg:1-coins/130_1477862016.jpg,near_duplicate,1-coins/130_1477862010.jpg,1-coins/130_1477862016.jpg,perceptual_similarity,0.9924150222985832,manual_review_required,pending,,
1-coins/30_1477787436.jpg:1-coins/30_1477787442.jpg,near_duplicate,1-coins/30_1477787436.jpg,1-coins/30_1477787442.jpg,perceptual_similarity,0.9924130343889032,manual_review_required,pending,,
1-coins/115_1479347628.jpg:1-coins/115_1479347634.jpg,near_duplicate,1-coins/115_1479347628.jpg,1-coins/115_1479347634.jpg,perceptual_similarity,0.9924027808864184,manual_review_required,pending,,
1-coins/150_1479429984.jpg:1-coins/150_1479429990.jpg,near_duplicate,1-coins/150_1479429984.jpg,1-coins/150_1479429990.jpg,perceptual_similarity,0.9923979654271282,manual_review_required,pending,,
1-coins/95_1477857462.jpg:1-coins/95_1477857468.jpg,near_duplicate,1-coins/95_1477857462.jpg,1-coins/95_1477857468.jpg,perceptual_similarity,0.9923603103156168,manual_review_required,pending,,
1-coins/115_1479350640.jpg:1-coins/115_1479350646.jpg,near_duplicate,1-coins/115_1479350640.jpg,1-coins/115_1479350646.jpg,perceptual_similarity,0.992354285828554,manual_review_required,pending,,
1-coins/105_1479345330.jpg:1-coins/105_1479345336.jpg,near_duplicate,1-coins/105_1479345330.jpg,1-coins/105_1479345336.jpg,perceptual_similarity,0.9923498876729744,manual_review_required,pending,,
1-coins/100_1477860942.jpg:1-coins/100_1477860948.jpg,near_duplicate,1-coins/100_1477860942.jpg,1-coins/100_1477860948.jpg,perceptual_similarity,0.9923429369273742,manual_review_required,pending,,
1-coins/105_1479345084.jpg:1-coins/105_1479345090.jpg,near_duplicate,1-coins/105_1479345084.jpg,1-coins/105_1479345090.jpg,perceptual_similarity,0.9923422226093908,manual_review_required,pending,,
1-coins/10_1477147368.jpg:1-coins/10_1477147374.jpg,near_duplicate,1-coins/10_1477147368.jpg,1-coins/10_1477147374.jpg,perceptual_similarity,0.9923306415099084,manual_review_required,pending,,
1-coins/25_1477287246.jpg:1-coins/25_1477287252.jpg,near_duplicate,1-coins/25_1477287246.jpg,1-coins/25_1477287252.jpg,perceptual_similarity,0.9923288612451072,manual_review_required,pending,,
1-coins/115_1479347994.jpg:1-coins/115_1479348000.jpg,near_duplicate,1-coins/115_1479347994.jpg,1-coins/115_1479348000.jpg,perceptual_similarity,0.9922955250650622,manual_review_required,pending,,
1-coins/50_1477194504.jpg:1-coins/50_1477194510.jpg,near_duplicate,1-coins/50_1477194504.jpg,1-coins/50_1477194510.jpg,perceptual_similarity,0.992278122443627,manual_review_required,pending,,
1-coins/30_1477786848.jpg:1-coins/30_1477786854.jpg,near_duplicate,1-coins/30_1477786848.jpg,1-coins/30_1477786854.jpg,perceptual_similarity,0.9922401756241336,manual_review_required,pending,,
1-coins/25_1477285452.jpg:1-coins/25_1477285458.jpg,near_duplicate,1-coins/25_1477285452.jpg,1-coins/25_1477285458.jpg,perceptual_similarity,0.9922356862845456,manual_review_required,pending,,
1-coins/25_1477287114.jpg:1-coins/25_1477287120.jpg,near_duplicate,1-coins/25_1477287114.jpg,1-coins/25_1477287120.jpg,perceptual_similarity,0.9922326958807424,manual_review_required,pending,,
1-coins/25_1477286502.jpg:1-coins/25_1477286508.jpg,near_duplicate,1-coins/25_1477286502.jpg,1-coins/25_1477286508.jpg,perceptual_similarity,0.9922250501901424,manual_review_required,pending,,
1-coins/115_1479350538.jpg:1-coins/115_1479350544.jpg,near_duplicate,1-coins/115_1479350538.jpg,1-coins/115_1479350544.jpg,perceptual_similarity,0.9922029900891148,manual_review_required,pending,,
1-coins/50_1477282572.jpg:1-coins/50_1477282578.jpg,near_duplicate,1-coins/50_1477282572.jpg,1-coins/50_1477282578.jpg,perceptual_similarity,0.9921982675215256,manual_review_required,pending,,
1-coins/25_1477285410.jpg:1-coins/25_1477285416.jpg,near_duplicate,1-coins/25_1477285410.jpg,1-coins/25_1477285416.jpg,perceptual_similarity,0.9921424506265658,manual_review_required,pending,,
1-coins/60_1477845384.jpg:1-coins/60_1477845390.jpg,near_duplicate,1-coins/60_1477845384.jpg,1-coins/60_1477845390.jpg,perceptual_similarity,0.992139688420838,manual_review_required,pending,,
1-coins/115_1479347628.jpg:1-coins/115_1479347640.jpg,near_duplicate,1-coins/115_1479347628.jpg,1-coins/115_1479347640.jpg,perceptual_similarity,0.992083079699678,manual_review_required,pending,,
1-coins/25_1477286484.jpg:1-coins/25_1477286490.jpg,near_duplicate,1-coins/25_1477286484.jpg,1-coins/25_1477286490.jpg,perceptual_similarity,0.9920648177907094,manual_review_required,pending,,
1-coins/10_1477186452.jpg:1-coins/10_1477186458.jpg,near_duplicate,1-coins/10_1477186452.jpg,1-coins/10_1477186458.jpg,perceptual_similarity,0.9919945286794246,manual_review_required,pending,,
1-coins/10_1477187382.jpg:1-coins/10_1477187394.jpg,near_duplicate,1-coins/10_1477187382.jpg,1-coins/10_1477187394.jpg,perceptual_similarity,0.991952892238121,manual_review_required,pending,,
1-coins/25_1477286166.jpg:1-coins/25_1477286172.jpg,near_duplicate,1-coins/25_1477286166.jpg,1-coins/25_1477286172.jpg,perceptual_similarity,0.9919450436837568,manual_review_required,pending,,
1-coins/50_1477193604.jpg:1-coins/50_1477193610.jpg,near_duplicate,1-coins/50_1477193604.jpg,1-coins/50_1477193610.jpg,perceptual_similarity,0.9919435856197468,manual_review_required,pending,,
1-coins/105_1479345072.jpg:1-coins/105_1479345078.jpg,near_duplicate,1-coins/105_1479345072.jpg,1-coins/105_1479345078.jpg,perceptual_similarity,0.9919108334148528,manual_review_required,pending,,
1-coins/110_1479347430.jpg:1-coins/110_1479347436.jpg,near_duplicate,1-coins/110_1479347430.jpg,1-coins/110_1479347436.jpg,perceptual_similarity,0.991862229082325,manual_review_required,pending,,
1-coins/115_1479347982.jpg:1-coins/115_1479347988.jpg,near_duplicate,1-coins/115_1479347982.jpg,1-coins/115_1479347988.jpg,perceptual_similarity,0.9918598289861404,manual_review_required,pending,,
1-coins/5_1477189266.jpg:1-coins/5_1477189272.jpg,near_duplicate,1-coins/5_1477189266.jpg,1-coins/5_1477189272.jpg,perceptual_similarity,0.9918388066358094,manual_review_required,pending,,
1-coins/115_1479349632.jpg:1-coins/115_1479349638.jpg,near_duplicate,1-coins/115_1479349632.jpg,1-coins/115_1479349638.jpg,perceptual_similarity,0.991835060280402,manual_review_required,pending,,
1-coins/10_1477187388.jpg:1-coins/10_1477187394.jpg,near_duplicate,1-coins/10_1477187388.jpg,1-coins/10_1477187394.jpg,perceptual_similarity,0.9918224770219656,manual_review_required,pending,,
1-coins/10_1477187382.jpg:1-coins/10_1477187388.jpg,near_duplicate,1-coins/10_1477187382.jpg,1-coins/10_1477187388.jpg,perceptual_similarity,0.9917756623692192,manual_review_required,pending,,
1-coins/5_1477291932.jpg:1-coins/5_1477291938.jpg,near_duplicate,1-coins/5_1477291932.jpg,1-coins/5_1477291938.jpg,perceptual_similarity,0.9917753204243096,manual_review_required,pending,,
1-coins/10_1477187394.jpg:1-coins/10_1477187400.jpg,near_duplicate,1-coins/10_1477187394.jpg,1-coins/10_1477187400.jpg,perceptual_similarity,0.991770582173382,manual_review_required,pending,,
1-coins/105_1479345060.jpg:1-coins/105_1479345066.jpg,near_duplicate,1-coins/105_1479345060.jpg,1-coins/105_1479345066.jpg,perceptual_similarity,0.9917212606642906,manual_review_required,pending,,
1-coins/10_1477186650.jpg:1-coins/10_1477186656.jpg,near_duplicate,1-coins/10_1477186650.jpg,1-coins/10_1477186656.jpg,perceptual_similarity,0.9917196251277592,manual_review_required,pending,,
1-coins/115_1479347958.jpg:1-coins/115_1479347970.jpg,near_duplicate,1-coins/115_1479347958.jpg,1-coins/115_1479347970.jpg,perceptual_similarity,0.9917126952307728,manual_review_required,pending,,
1-coins/5_1477189278.jpg:1-coins/5_1477189284.jpg,near_duplicate,1-coins/5_1477189278.jpg,1-coins/5_1477189284.jpg,perceptual_similarity,0.9916976531777576,manual_review_required,pending,,
1-coins/5_1477156782.jpg:1-coins/5_1477156788.jpg,near_duplicate,1-coins/5_1477156782.jpg,1-coins/5_1477156788.jpg,perceptual_similarity,0.9916867603926836,manual_review_required,pending,,
1-coins/10_1477187382.jpg:1-coins/10_1477187400.jpg,near_duplicate,1-coins/10_1477187382.jpg,1-coins/10_1477187400.jpg,perceptual_similarity,0.9916758908206088,manual_review_required,pending,,
1-coins/100_1477154598.jpg:1-coins/100_1477154604.jpg,near_duplicate,1-coins/100_1477154598.jpg,1-coins/100_1477154604.jpg,perceptual_similarity,0.991638169795614,manual_review_required,pending,,
1-coins/10_1477187388.jpg:1-coins/10_1477187400.jpg,near_duplicate,1-coins/10_1477187388.jpg,1-coins/10_1477187400.jpg,perceptual_similarity,0.9916274314621356,manual_review_required,pending,,
1-coins/60_1477844946.jpg:1-coins/60_1477844952.jpg,near_duplicate,1-coins/60_1477844946.jpg,1-coins/60_1477844952.jpg,perceptual_similarity,0.991622375461938,manual_review_required,pending,,
1-coins/5_1477188768.jpg:1-coins/5_1477188774.jpg,near_duplicate,1-coins/5_1477188768.jpg,1-coins/5_1477188774.jpg,perceptual_similarity,0.9915992262739446,manual_review_required,pending,,
1-coins/5_1477188972.jpg:1-coins/5_1477188978.jpg,near_duplicate,1-coins/5_1477188972.jpg,1-coins/5_1477188978.jpg,perceptual_similarity,0.9915976063249512,manual_review_required,pending,,
1-coins/5_1477188510.jpg:1-coins/5_1477188516.jpg,near_duplicate,1-coins/5_1477188510.jpg,1-coins/5_1477188516.jpg,perceptual_similarity,0.9915838799697914,manual_review_required,pending,,
1-coins/35_1477789638.jpg:1-coins/35_1477789644.jpg,near_duplicate,1-coins/35_1477789638.jpg,1-coins/35_1477789644.jpg,perceptual_similarity,0.991542118003764,manual_review_required,pending,,
1-coins/65_1477845516.jpg:1-coins/65_1477845522.jpg,near_duplicate,1-coins/65_1477845516.jpg,1-coins/65_1477845522.jpg,perceptual_similarity,0.991539169300926,manual_review_required,pending,,
1-coins/100_1477154628.jpg:1-coins/100_1477154634.jpg,near_duplicate,1-coins/100_1477154628.jpg,1-coins/100_1477154634.jpg,perceptual_similarity,0.9914516639868712,manual_review_required,pending,,
1-coins/120_1479423072.jpg:1-coins/120_1479423078.jpg,near_duplicate,1-coins/120_1479423072.jpg,1-coins/120_1479423078.jpg,perceptual_similarity,0.9914390937144788,manual_review_required,pending,,
1-coins/85_1477852152.jpg:1-coins/85_1477852158.jpg,near_duplicate,1-coins/85_1477852152.jpg,1-coins/85_1477852158.jpg,perceptual_similarity,0.9914059208496168,manual_review_required,pending,,
1-coins/10_1477186290.jpg:1-coins/10_1477186296.jpg,near_duplicate,1-coins/10_1477186290.jpg,1-coins/10_1477186296.jpg,perceptual_similarity,0.9913883822578604,manual_review_required,pending,,
1-coins/5_1477188666.jpg:1-coins/5_1477188672.jpg,near_duplicate,1-coins/5_1477188666.jpg,1-coins/5_1477188672.jpg,perceptual_similarity,0.991365685122745,manual_review_required,pending,,
1-coins/10_1477185414.jpg:1-coins/10_1477185420.jpg,near_duplicate,1-coins/10_1477185414.jpg,1-coins/10_1477185420.jpg,perceptual_similarity,0.9913569988947184,manual_review_required,pending,,
1-coins/5_1477290474.jpg:1-coins/5_1477290480.jpg,near_duplicate,1-coins/5_1477290474.jpg,1-coins/5_1477290480.jpg,perceptual_similarity,0.9913304841728742,manual_review_required,pending,,
1-coins/120_1479351522.jpg:1-coins/120_1479351528.jpg,near_duplicate,1-coins/120_1479351522.jpg,1-coins/120_1479351528.jpg,perceptual_similarity,0.9913182037307332,manual_review_required,pending,,
1-coins/115_1479349626.jpg:1-coins/115_1479349638.jpg,near_duplicate,1-coins/115_1479349626.jpg,1-coins/115_1479349638.jpg,perceptual_similarity,0.9912145056873812,manual_review_required,pending,,
1-coins/10_1477149144.jpg:1-coins/10_1477149150.jpg,near_duplicate,1-coins/10_1477149144.jpg,1-coins/10_1477149150.jpg,perceptual_similarity,0.9911933734637016,manual_review_required,pending,,
1-coins/5_1477156758.jpg:1-coins/5_1477156764.jpg,near_duplicate,1-coins/5_1477156758.jpg,1-coins/5_1477156764.jpg,perceptual_similarity,0.991172102173562,manual_review_required,pending,,
1-coins/110_1479347424.jpg:1-coins/110_1479347436.jpg,near_duplicate,1-coins/110_1479347424.jpg,1-coins/110_1479347436.jpg,perceptual_similarity,0.9911420585533122,manual_review_required,pending,,
1-coins/50_1477282422.jpg:1-coins/50_1477282434.jpg,near_duplicate,1-coins/50_1477282422.jpg,1-coins/50_1477282434.jpg,perceptual_similarity,0.9911182159505868,manual_review_required,pending,,
1-coins/55_1477839288.jpg:1-coins/55_1477839294.jpg,near_duplicate,1-coins/55_1477839288.jpg,1-coins/55_1477839294.jpg,perceptual_similarity,0.9910654774275358,manual_review_required,pending,,
1-coins/120_1479351618.jpg:1-coins/120_1479351624.jpg,near_duplicate,1-coins/120_1479351618.jpg,1-coins/120_1479351624.jpg,perceptual_similarity,0.9910538020466312,manual_review_required,pending,,
1-coins/115_1479350568.jpg:1-coins/115_1479350574.jpg,near_duplicate,1-coins/115_1479350568.jpg,1-coins/115_1479350574.jpg,perceptual_similarity,0.9910341574851046,manual_review_required,pending,,
1-coins/10_1477149096.jpg:1-coins/10_1477149102.jpg,near_duplicate,1-coins/10_1477149096.jpg,1-coins/10_1477149102.jpg,perceptual_similarity,0.9910224532944136,manual_review_required,pending,,
1-coins/5_1477290150.jpg:1-coins/5_1477290156.jpg,near_duplicate,1-coins/5_1477290150.jpg,1-coins/5_1477290156.jpg,perceptual_similarity,0.990947746646586,manual_review_required,pending,,
1-coins/105_1479345264.jpg:1-coins/105_1479345270.jpg,near_duplicate,1-coins/105_1479345264.jpg,1-coins/105_1479345270.jpg,perceptual_similarity,0.990861066975916,manual_review_required,pending,,
1-coins/115_1479350592.jpg:1-coins/115_1479350598.jpg,near_duplicate,1-coins/115_1479350592.jpg,1-coins/115_1479350598.jpg,perceptual_similarity,0.990831045450452,manual_review_required,pending,,
1-coins/120_1479351306.jpg:1-coins/120_1479351312.jpg,near_duplicate,1-coins/120_1479351306.jpg,1-coins/120_1479351312.jpg,perceptual_similarity,0.9907843018332076,manual_review_required,pending,,
1-coins/55_1477842156.jpg:1-coins/55_1477842162.jpg,near_duplicate,1-coins/55_1477842156.jpg,1-coins/55_1477842162.jpg,perceptual_similarity,0.9907385380372674,manual_review_required,pending,,
1-coins/100_1477281702.jpg:1-coins/100_1477281708.jpg,near_duplicate,1-coins/100_1477281702.jpg,1-coins/100_1477281708.jpg,perceptual_similarity,0.9907290916970792,manual_review_required,pending,,
1-coins/50_1477145124.jpg:1-coins/50_1477145130.jpg,near_duplicate,1-coins/50_1477145124.jpg,1-coins/50_1477145130.jpg,perceptual_similarity,0.990441092076966,manual_review_required,pending,,
1-coins/25_1477285794.jpg:1-coins/25_1477285800.jpg,near_duplicate,1-coins/25_1477285794.jpg,1-coins/25_1477285800.jpg,perceptual_similarity,0.9903359657265122,manual_review_required,pending,,
1-coins/70_1477849380.jpg:1-coins/70_1477849386.jpg,near_duplicate,1-coins/70_1477849380.jpg,1-coins/70_1477849386.jpg,perceptual_similarity,0.9899974900266384,manual_review_required,pending,,
1-coins/25_1477285470.jpg:1-coins/25_1477285476.jpg,near_duplicate,1-coins/25_1477285470.jpg,1-coins/25_1477285476.jpg,perceptual_similarity,0.9893625661989006,manual_review_required,pending,,
1-coins/65_1477845624.jpg:1-coins/65_1477845630.jpg,near_duplicate,1-coins/65_1477845624.jpg,1-coins/65_1477845630.jpg,perceptual_similarity,0.9892338380650773,manual_review_required,pending,,
1-coins/70_1477846860.jpg:1-coins/70_1477846866.jpg,near_duplicate,1-coins/70_1477846860.jpg,1-coins/70_1477846866.jpg,perceptual_similarity,0.9891402254137398,manual_review_required,pending,,
1-coins/65_1477845636.jpg:1-coins/65_1477845642.jpg,near_duplicate,1-coins/65_1477845636.jpg,1-coins/65_1477845642.jpg,perceptual_similarity,0.9889930980256934,manual_review_required,pending,,
1-coins/50_1477193142.jpg:1-coins/50_1477193244.jpg,near_duplicate,1-coins/50_1477193142.jpg,1-coins/50_1477193244.jpg,perceptual_similarity,0.9887501137279032,manual_review_required,pending,,
1-coins/65_1477846512.jpg:1-coins/65_1477846518.jpg,near_duplicate,1-coins/65_1477846512.jpg,1-coins/65_1477846518.jpg,perceptual_similarity,0.9864687084749224,manual_review_required,pending,,
1-coins/25_1477191678.jpg:1-coins/25_1477191696.jpg,near_duplicate,1-coins/25_1477191678.jpg,1-coins/25_1477191696.jpg,perceptual_similarity,0.9856008871808224,manual_review_required,pending,,
1-coins/10_1477147740.jpg:1-coins/10_1477148976.jpg,near_duplicate,1-coins/10_1477147740.jpg,1-coins/10_1477148976.jpg,perceptual_similarity,0.9851985387766038,manual_review_required,pending,,
1-coins/95_1477857606.jpg:1-coins/95_1477857612.jpg,near_duplicate,1-coins/95_1477857606.jpg,1-coins/95_1477857612.jpg,perceptual_similarity,0.9845711013090134,manual_review_required,pending,,
1-coins/95_1477857318.jpg:1-coins/95_1477857324.jpg,near_duplicate,1-coins/95_1477857318.jpg,1-coins/95_1477857324.jpg,perceptual_similarity,0.9841830901831372,manual_review_required,pending,,
1-coins/110_1479347418.jpg:1-coins/110_1479347436.jpg,near_duplicate,1-coins/110_1479347418.jpg,1-coins/110_1479347436.jpg,perceptual_similarity,0.980922048627408,manual_review_required,pending,,
1-coins/110_1479347418.jpg:1-coins/110_1479347430.jpg,near_duplicate,1-coins/110_1479347418.jpg,1-coins/110_1479347430.jpg,perceptual_similarity,0.9809054808632643,manual_review_required,pending,,
1-coins/110_1479347418.jpg:1-coins/110_1479347424.jpg,near_duplicate,1-coins/110_1479347418.jpg,1-coins/110_1479347424.jpg,perceptual_similarity,0.9806061914506284,manual_review_required,pending,,
1-coins/60_1477844664.jpg:1-coins/60_1477844670.jpg,near_duplicate,1-coins/60_1477844664.jpg,1-coins/60_1477844670.jpg,perceptual_similarity,0.9799373447617123,manual_review_required,pending,,
1-coins/110_1479346104.jpg:1-coins/110_1479346110.jpg,near_duplicate,1-coins/110_1479346104.jpg,1-coins/110_1479346110.jpg,perceptual_similarity,0.9778604533549334,manual_review_required,pending,,
1-coins/120_1479351474.jpg:1-coins/120_1479351480.jpg,near_duplicate,1-coins/120_1479351474.jpg,1-coins/120_1479351480.jpg,perceptual_similarity,0.9768470066972984,manual_review_required,pending,,
1-coins/100_1477858104.jpg:1-coins/100_1477858110.jpg,near_duplicate,1-coins/100_1477858104.jpg,1-coins/100_1477858110.jpg,perceptual_similarity,0.9766903383275544,manual_review_required,pending,,
1-coins/90_1477854924.jpg:1-coins/90_1477854930.jpg,near_duplicate,1-coins/90_1477854924.jpg,1-coins/90_1477854930.jpg,perceptual_similarity,0.9757188917189448,manual_review_required,pending,,
1-coins/125_1479424668.jpg:1-coins/125_1479424674.jpg,near_duplicate,1-coins/125_1479424668.jpg,1-coins/125_1479424674.jpg,perceptual_similarity,0.9754085864487044,manual_review_required,pending,,
1-coins/5_1477290750.jpg:1-coins/5_1477290756.jpg,near_duplicate,1-coins/5_1477290750.jpg,1-coins/5_1477290756.jpg,perceptual_similarity,0.9746365951524976,manual_review_required,pending,,
1-coins/10_1477288542.jpg:1-coins/10_1477288548.jpg,near_duplicate,1-coins/10_1477288542.jpg,1-coins/10_1477288548.jpg,perceptual_similarity,0.973217692060612,manual_review_required,pending,,
1-coins/25_1477285122.jpg:1-coins/25_1477285128.jpg,near_duplicate,1-coins/25_1477285122.jpg,1-coins/25_1477285128.jpg,perceptual_similarity,0.9724501566205034,manual_review_required,pending,,
1-coins/5_1477290366.jpg:1-coins/5_1477290372.jpg,near_duplicate,1-coins/5_1477290366.jpg,1-coins/5_1477290372.jpg,perceptual_similarity,0.9723385486393588,manual_review_required,pending,,
1-coins/45_1477835808.jpg:1-coins/45_1477835814.jpg,near_duplicate,1-coins/45_1477835808.jpg,1-coins/45_1477835814.jpg,perceptual_similarity,0.9698315490466162,manual_review_required,pending,,
1-coins/105_1479345234.jpg:1-coins/105_1479345240.jpg,near_duplicate,1-coins/105_1479345234.jpg,1-coins/105_1479345240.jpg,perceptual_similarity,0.9671587025133398,manual_review_required,pending,,
1-coins/50_1477193622.jpg:1-coins/50_1477193730.jpg,near_duplicate,1-coins/50_1477193622.jpg,1-coins/50_1477193730.jpg,perceptual_similarity,0.9554597805380688,manual_review_required,pending,,
1-coins/70_1477846752.jpg:1-coins/70_1477846758.jpg,near_duplicate,1-coins/70_1477846752.jpg,1-coins/70_1477846758.jpg,perceptual_similarity,0.9525978976572428,manual_review_required,pending,,
1-coins/60_1477845300.jpg:1-coins/60_1477845306.jpg,near_duplicate,1-coins/60_1477845300.jpg,1-coins/60_1477845306.jpg,perceptual_similarity,0.9466778033154368,manual_review_required,pending,,
1-coins/80_1477850808.jpg:1-coins/80_1477850814.jpg,near_duplicate,1-coins/80_1477850808.jpg,1-coins/80_1477850814.jpg,perceptual_similarity,0.9437154883756032,manual_review_required,pending,,
1-coins/55_1477842024.jpg:1-coins/55_1477842030.jpg,near_duplicate,1-coins/55_1477842024.jpg,1-coins/55_1477842030.jpg,perceptual_similarity,0.9302460411326288,manual_review_required,pending,,
