candidate_key,priority_rank,sample_id,annotation_id,relative_path,shape_index,bbox_xmin,bbox_ymin,bbox_xmax,bbox_ymax,original_label,predicted_label,probability_5,probability_10,probability_25,probability_50,probability_100,predicted_confidence,probability_original_label,noisiness_ce,ambiguity_entropy,alc_phi
a52bce4962b1e23a4274ba69b41864b664c90df472cb0b5165b3885c06612577,1,13593,1-coins/50_1477290624.jpg::shape-0,1-coins/50_1477290624.jpg,0,361.38314566367217,398.59177875719735,428.9477895881263,466.15642268165146,50,5,0.9955533146858215,6.005640534567647e-05,0.0043866694904863834,4.442559387030087e-08,1.2635311463782273e-08,0.9955533146858215,4.442559387030087e-08,16.92945009506481,0.028837568061359845,16.90061252700345
0d9b7506d91c647085620ed35361463164069909eef1b4441e4ba749b0603610,2,5003,1-coins/115_1479350592.jpg::shape-1,1-coins/115_1479350592.jpg,1,201.5656428702804,218.65074925325916,277.03010181057056,294.1152081935493,10,5,0.9999949932098389,7.622610098678706e-08,4.832918421016075e-06,2.745542404536394e-10,9.838768119446381e-14,0.9999949932098389,7.622610098678706e-08,16.38956190026972,6.541737387473482e-05,16.389496482895844
daadbb4311299538b9a4c219a20c1548842f9dff3e71c716493a53b0e70e981b,3,13594,1-coins/50_1477290630.jpg::shape-0,1-coins/50_1477290630.jpg,0,484.6971167305592,379.7116094841824,550.8101296462522,445.82462239987547,50,5,0.9742137789726257,0.0006516413413919508,0.025132454931735992,5.510804044206452e-07,1.5165187505772337e-06,0.9742137789726257,5.510804044206452e-07,14.411385113901071,0.1228373660356736,14.288547747865397
4e2002e3b05a78d5836c47b8ab6480c5bc32349910e2e1ec732395142483e70c,4,5008,1-coins/115_1479350592.jpg::shape-6,1-coins/115_1479350592.jpg,6,321.00161190443083,396.06544169166494,384.1898774572713,459.2537072445054,5,10,6.521019713545684e-06,0.99403977394104,0.005953009240329266,6.695085517094412e-07,3.206877607908609e-08,0.99403977394104,6.521019713545684e-06,11.940479796471491,0.03653274079271604,11.903947055678776
617f35c0a82dea4b40c4650811bd132841238735da4cdbd11128e7d9598fcad1,5,12789,1-coins/45_1477835964.jpg::shape-4,1-coins/45_1477835964.jpg,4,230.74971923200587,295.2632327455194,295.62865914637246,360.142172659886,5,10,6.576180567208212e-06,0.9244449734687805,0.07554809004068375,2.221705983629363e-07,7.052837247556454e-08,0.9244449734687805,6.576180567208212e-06,11.93205644207031,0.2678486966772051,11.664207745393105
dbdfa41d169818735316fce1c1cf2cc6fa5bce3435a6fd42e1c3f1e51b1b5c04,6,1564,1-coins/100_1477860912.jpg::shape-10,1-coins/100_1477860912.jpg,10,145.8933285345297,401.87883578090646,210.25159900170215,466.2371062480789,5,10,4.586413342622109e-05,0.9940933585166931,0.005843359977006912,1.7462485629948787e-05,1.2322133313702466e-09,0.9940933585166931,4.586413342622109e-05,9.989827153191372,0.03658785483608927,9.953239298355284
bddf7662e44d806731b72292fd128f0f74db7d3e93320976c15035ae54db0aa7,7,1556,1-coins/100_1477860912.jpg::shape-2,1-coins/100_1477860912.jpg,2,512.2741495573417,72.60748289067504,581.55193739918,141.88527073251336,10,5,0.997105062007904,6.651012517977506e-05,0.0028283291030675173,2.5330303188297876e-08,1.1062007213014091e-11,0.997105062007904,6.651012517977506e-05,9.618156363550108,0.02012772252865799,9.59802864102145
b3e85043812cbfe6f68681826cce8a5872c98eb9fa25a5a410df773659557438,8,14750,1-coins/5_1477189344.jpg::shape-0,1-coins/5_1477189344.jpg,0,14.921810049827918,389.44561957363743,84.6019994739816,459.1258089977911,5,10,0.00016127005801536143,0.8669984340667725,0.1328291893005371,1.0887747521337587e-05,2.1757050205906125e-07,0.8669984340667725,0.00016127005801536143,8.732430219231347,0.3934135419304616,8.339016677300885
81f4dee9885025c8bc42d3321b635b5e3b5b2ad73f488e0f8f2235324c6a2d70,9,14749,1-coins/5_1477189338.jpg::shape-0,1-coins/5_1477189338.jpg,0,13.620545491002671,339.7788188722976,82.26434659532825,408.4226199766232,5,10,0.0002804397663567215,0.7165147662162781,0.2831929624080658,5.327648523234529e-06,6.585917617485393e-06,0.7165147662162781,0.0002804397663567215,8.179151592756929,0.5985756460436651,7.580575946713264
ab89509a097696d91d319fd4d0627155635f2d6ff5787e482df8f6ee454d70ea,10,11170,1-coins/25_1477192026.jpg::shape-0,1-coins/25_1477192026.jpg,0,54.56294068981248,378.8257144124402,137.78742427369116,462.0501979963189,25,10,3.3959913707803935e-06,0.998330295085907,0.001663036528043449,3.376930408194312e-06,2.6585927903610695e-10,0.998330295085907,0.001663036528043449,6.399110113863179,0.0123955797428547,6.386714534120324
bb4d5c5d3b741535d34e89443494ecd82e6a706de1e368acf267b23fb12c89c4,11,3401,1-coins/10_1477288884.jpg::shape-0,1-coins/10_1477288884.jpg,0,418.74822114935535,394.9963963318371,479.31017301122847,455.55834819371023,10,5,0.9820753931999207,0.0024973182007670403,0.014421984553337097,0.000989757478237152,1.5593106581945904e-05,0.9820753931999207,0.0024973182007670403,5.992537842576737,0.10088286839934364,5.891654974177393
8361b98232718280d65bd977a477b0a456986c2c6052d4bc5c638894f91ecbce,12,9010,1-coins/150_1479429534.jpg::shape-1,1-coins/150_1479429534.jpg,1,26.61480901107675,360.9431672200319,105.1549138034222,439.48327201237737,25,10,1.8946304862765828e-06,0.9962421655654907,0.0037558649200946093,1.1990144344053988e-07,5.628050248063232e-10,0.9962421655654907,0.0037558649200946093,5.584436682048911,0.024752042127337566,5.559684639921573
6e7b25cf3437aad1ff0784f475d6e04e35fb4588893e8e1a6861daebcad48d84,13,4412,1-coins/115_1479347616.jpg::shape-7,1-coins/115_1479347616.jpg,7,453.81405268403273,44.01013111540528,518.7349669238104,108.93104535518296,10,25,0.019543904811143875,0.0034229299053549767,0.9764606952667236,0.00021379179088398814,0.00035870165447704494,0.9764606952667236,0.0034229299053549767,5.6772583971912365,0.12425220938205135,5.553006187809185
8f9d07effe1b50c3f247bbb002af81c5a71c353be4c8e3d576b8bead333d855c,14,14751,1-coins/5_1477189350.jpg::shape-0,1-coins/5_1477189350.jpg,0,90.44237630947332,399.3766828788163,160.3021492379719,469.2364558073149,5,25,0.0019958780612796545,0.41480252146720886,0.5831789970397949,2.2572408852283843e-05,6.761268167565504e-08,0.5831789970397949,0.0019958780612796545,6.216671194502289,0.6921426944099872,5.524528500092302
f789ed23c14571542daf5d075cb7a946bfeeee329788005e95980f9fbf3fa296,15,11087,1-coins/25_1477191432.jpg::shape-0,1-coins/25_1477191432.jpg,0,34.04293273104677,216.2603240353945,118.36286437040252,300.5802556747503,25,10,3.337767793709645e-06,0.9956780076026917,0.004318344872444868,3.2405915817435016e-07,8.394619999130271e-10,0.9956780076026917,0.004318344872444868,5.444883081518199,0.02787247173209247,5.417010609786106
4f9b1bbadd858fdd501d1a14bfbd9632dda7c5d7177f5d77b612f3a367fd3196,16,3402,1-coins/10_1477288890.jpg::shape-0,1-coins/10_1477288890.jpg,0,490.1406335997449,393.3961080522996,550.9834539914959,454.23892844405066,10,5,0.9763071537017822,0.004105591215193272,0.018008021637797356,0.001554796821437776,2.4432527425233275e-05,0.9763071537017822,0.004105591215193272,5.495405523258499,0.128622339992529,5.366783183265969
d0a7b296512ea036453ad73567f48772ac068ff941fe938c5967dee75d122ff6,17,9001,1-coins/150_1479429528.jpg::shape-5,1-coins/150_1479429528.jpg,5,29.34611202003044,362.2881410055377,104.21910537127388,437.1611343567811,25,10,1.396860056956939e-06,0.9945906400680542,0.005407987628132105,5.1768644482308446e-08,5.958278315176813e-10,0.9945906400680542,0.005407987628132105,5.219878227941557,0.033643452387652144,5.186234775553904
bdfdb1fbd411939f3ab5119e6c285b8526c91c83a3f402fa682003852fdab407,18,11168,1-coins/25_1477192014.jpg::shape-0,1-coins/25_1477192014.jpg,0,37.63457204296989,325.489644506738,119.98861636282716,407.84368882659527,25,10,1.7139542478616931e-06,0.9941105246543884,0.005886910483241081,8.79472224823985e-07,3.1437901171216254e-09,0.9941105246543884,0.005886910483241081,5.135023954888028,0.03613660511885248,5.098887349769175
b4093c3afefc4906232c3d25e23ced691803b7ea868d064bb610f556670863da,19,8995,1-coins/150_1479429522.jpg::shape-12,1-coins/150_1479429522.jpg,12,27.37646212654274,361.0940413772632,105.76474824809702,439.4823274988175,25,10,2.1291216398822144e-06,0.9938620328903198,0.0061356788501143456,9.981899751210221e-08,5.527557300766262e-10,0.9938620328903198,0.0061356788501143456,5.093634554925367,0.037401423699350164,5.0562331312260165
4119b8034e2a471bf23554b708b3620dc678c4687bf19b7d92a030d6494a26c6,20,3263,1-coins/10_1477288002.jpg::shape-0,1-coins/10_1477288002.jpg,0,240.7821467353563,323.94541204147873,303.4355403394737,386.5988056455961,10,25,0.0001876968308351934,0.006220730021595955,0.9934889078140259,1.887141479528509e-06,0.00010075097816297784,0.9934889078140259,0.006220730021595955,5.079868012301925,0.04065297361018643,5.039215038691738
f900c0f0e896d0d2d8292e78514bfdffef89cac2e2ce8e1d140201bcc7365c48,21,13976,1-coins/55_1477842096.jpg::shape-2,1-coins/55_1477842096.jpg,2,284.61627185022513,171.4379772765817,365.7713250489997,252.59303047535627,25,10,0.0,0.9932651519775391,0.006734876427799463,2.685308247185647e-41,0.0,0.9932651519775391,0.006734876427799463,5.000455817053616,0.04038956994138956,4.960066247112227
304a0a06277872b2bae7149713611b2730a869df6be90bcb3c6c24daf7918bb5,22,11180,1-coins/25_1477192086.jpg::shape-0,1-coins/25_1477192086.jpg,0,105.0219014798556,304.3842203204353,185.5578086650719,384.9201275056516,25,10,1.923008085213951e-06,0.9929783940315247,0.007018476724624634,1.1275399174337508e-06,1.9985236576758325e-08,0.9929783940315247,0.007018476724624634,4.959209075284537,0.04184409645659215,4.917364978827945
806f70e4a96b8c3091add02f354b2c34c1b07e2fa8451ceb1fe823155ab0510f,23,2427,1-coins/105_1479344502.jpg::shape-7,1-coins/105_1479344502.jpg,7,458.18845725529343,357.0643696640526,537.6801558833926,436.5560682921517,25,10,2.5048650513781467e-06,0.9928637146949768,0.0071338084526360035,5.409982151149961e-08,8.676296660292682e-12,0.9928637146949768,0.0071338084526360035,4.9429100423307695,0.04240574605138556,4.900504296279384
da44d217d2018bb81f62a86dec26a21f1d3d3f753a63cb2d24806a6937d72273,24,8966,1-coins/150_1479429510.jpg::shape-9,1-coins/150_1479429510.jpg,9,256.27760569320947,189.29950350342847,337.5326132848927,270.55451109511165,25,10,5.475134457810782e-06,0.9928187727928162,0.007174236234277487,1.4515094335365575e-06,1.807726768277007e-08,0.9928187727928162,0.007174236234277487,4.937258971186785,0.042662610119303855,4.894596361067482
db92adcd959d2369b7f3d1715137906e3a86bb09da68dba45feaec7b1e324b1f,25,9666,1-coins/150_1479430344.jpg::shape-0,1-coins/150_1479430344.jpg,0,124.0298888693122,374.0298888693122,204.6935153860069,454.6935153860069,25,5,0.9923961758613586,0.00044281233567744493,0.007160791661590338,8.773785253879396e-08,1.6328414176314254e-07,0.9923961758613586,0.007160791661590338,4.939134736860471,0.046366492027206496,4.892768244833265
8a418dc4faa1cd889257521ca23581d556e066dc4f88d0dd962c46203f75ff64,26,3252,1-coins/10_1477287930.jpg::shape-0,1-coins/10_1477287930.jpg,0,208.24316293896223,340.717389743086,270.62281644248105,403.0970432466048,10,25,0.0013097994960844517,0.007736006285995245,0.990935742855072,1.325747052760562e-05,5.179584150027949e-06,0.990935742855072,0.007736006285995245,4.861869708267456,0.055540733757298566,4.806328974510158
fc44d051a27231123623cf5ac9c458adffbc7d3a20fe3bb6fb6cc1f52432bc4c,27,11982,1-coins/30_1477787472.jpg::shape-1,1-coins/30_1477787472.jpg,1,481.9956514689424,193.8064622797532,563.3016458283549,275.1124566391657,25,10,3.5176617529941723e-06,0.9895402789115906,0.010455869138240814,3.7192501167737646e-07,3.7232601446390845e-09,0.9895402789115906,0.010455869138240814,4.560591818209001,0.05813952996569055,4.50245228824331
d8288a4c5872799ba5f3f4603843996c99386f0447b4383bd41b0ac66ad5ad84,28,11159,1-coins/25_1477191960.jpg::shape-0,1-coins/25_1477191960.jpg,0,39.76641316315424,340.6715226522053,123.3868715083786,424.2919809974297,25,10,1.1664004887279589e-05,0.9894522428512573,0.010535703040659428,3.6912629752805515e-07,2.3281656116869165e-11,0.9894522428512573,0.010535703040659428,4.552985500145332,0.05859879569779992,4.494386704447532
8a6cf8a19866b4ee6ed4acda61ffed166ef154040ceb3f3f0b322461f1e3f2b6,29,3372,1-coins/10_1477288698.jpg::shape-0,1-coins/10_1477288698.jpg,0,510.159406719864,323.391290777835,572.072477338107,385.304361396078,10,5,0.9631442427635193,0.00940584484487772,0.02719942107796669,0.00025054445723071694,4.44354597561869e-08,0.9631442427635193,0.00940584484487772,4.666423990930466,0.18017991225057142,4.486244078679894
d5be747205ce870ad2de82594c0cd7502dcfb7c2fe77b0032894aae585e4f769,30,11224,1-coins/25_1477285188.jpg::shape-0,1-coins/25_1477285188.jpg,0,19.52555552617128,392.07628016385246,95.69183577817654,468.24256041585767,25,10,9.171444980893284e-05,0.988828182220459,0.010748060420155525,0.0003320427786093205,1.6080504039450716e-08,0.988828182220459,0.010748060420155525,4.533029966719244,0.06334314616045754,4.4696868205587865
14f9356439efafc2d80e3fa9451d7854710633be325754ce3035ca7175852861,31,4407,1-coins/115_1479347616.jpg::shape-2,1-coins/115_1479347616.jpg,2,375.201418962558,201.18181111942076,445.3868163315597,271.3672084884224,5,25,0.006779639981687069,0.4625895619392395,0.5299941897392273,0.00047152413753792644,0.00016503891674801707,0.5299941897392273,0.006779639981687069,4.993831278485845,0.732010295712374,4.261820982773472
c37acfd1b221a6423b2e7f445532205467aeffc4a9d7bf454abd47af3a015bf7,32,7985,1-coins/145_1479427782.jpg::shape-4,1-coins/145_1479427782.jpg,4,26.30912531773771,27.04804157389536,105.18841162807504,105.9273278842327,25,10,1.0661283340596128e-05,0.9867297410964966,0.013259229250252247,3.512352009238384e-07,1.8083081698705428e-08,0.9867297410964966,0.013259229250252247,4.323061421837459,0.07062988164638005,4.252431540191079
bce8546e6f316c40c908b4324d0207420af9c479bf2a41dbff3570436c55b704,33,14748,1-coins/5_1477189332.jpg::shape-0,1-coins/5_1477189332.jpg,0,55.91259502486288,275.795806703695,129.13849986564804,349.0217115444801,5,25,0.011965939775109291,0.032068245112895966,0.9559609293937683,4.274605544196675e-06,5.9862099988095e-07,0.9559609293937683,0.011965939775109291,4.425691017028025,0.20638497253857546,4.219306044489449
bf46dd757c33c15bc8a902470a51de3d58cc074f781a93e46e95fa866137dbfd,34,2396,1-coins/105_1479344484.jpg::shape-0,1-coins/105_1479344484.jpg,0,45.99260186860727,67.49625150364378,123.59863900730512,145.10228864234162,25,10,3.5145018046023324e-05,0.985988974571228,0.013975177891552448,7.026405910437461e-07,3.247457164290424e-11,0.985988974571228,0.013975177891552448,4.27047253075169,0.07396342702641509,4.196509103725275
997b7b385e248adc294519dcfcc3786bfbfdaf76af6dadbc1abc398f41be412e,35,20967,1-coins/90_1477856976.jpg::shape-7,1-coins/90_1477856976.jpg,7,69.80447068211248,210.35123327204053,145.5048818358731,286.0516444258012,25,10,8.537233043171e-06,0.985600471496582,0.014390858821570873,1.379784748678503e-07,1.365532908970124e-09,0.985600471496582,0.014390858821570873,4.241162078031167,0.07543116484739484,4.165730913183773
109e14f87bd93e3d4ed28cf07bf9fb9c16a87e7b19ce9e580c6f6a832760da9e,36,19906,1-coins/85_1477853952.jpg::shape-6,1-coins/85_1477853952.jpg,6,540.866350943186,238.8517524030401,617.907371684551,315.89277314440506,25,10,5.120898094901349e-06,0.985395073890686,0.014598604291677475,1.2178311408206355e-06,5.2271598605102554e-08,0.985395073890686,0.014598604291677475,4.226829351297926,0.07628340533771294,4.150545945960213
4c621093365a268624b150fe6bb6c6b8a5d0ba318b38cdfc997e642278078bd0,37,14001,1-coins/55_1477842114.jpg::shape-6,1-coins/55_1477842114.jpg,6,327.3005003030748,295.5271012882965,406.1674799924916,374.39408097771326,25,10,0.0,0.9849055409431458,0.015094504691660404,1.1742881131041967e-42,0.0,0.9849055409431458,0.015094504691660404,4.193424529103625,0.07827762646201067,4.115146902641614
9467e16f29e2c7881f94c632a574f29fb0c53f48c12681ab77646534b4bb6d9f,38,11216,1-coins/25_1477285140.jpg::shape-0,1-coins/25_1477285140.jpg,0,18.562481507241003,18.361042658320137,92.63176309707552,92.43032424815468,25,10,3.494734482956119e-05,0.984583854675293,0.015377741307020187,3.4749250517052133e-06,9.689789415290306e-09,0.984583854675293,0.015377741307020187,4.174834184790911,0.07989869771326355,4.094935487077648
0b652495420ed7c16220bdfcf12450adda39c1d0d462c80ee28f0c137d90bd3f,39,11233,1-coins/25_1477285242.jpg::shape-0,1-coins/25_1477285242.jpg,0,57.482033214756655,17.511230295048627,133.40847773414845,93.4376748144404,25,10,6.642557855229825e-05,0.983350932598114,0.016562994569540024,1.9565042748581618e-05,1.4708444240341123e-08,0.983350932598114,0.016562994569540024,4.100584314879105,0.08527901276368959,4.015305302115415
e3dad9c1c80399d6efa6bbd7d94fe19220c4a44a3e7b800db3a839d0fc2816e4,40,11979,1-coins/30_1477787466.jpg::shape-0,1-coins/30_1477787466.jpg,0,482.7339593596179,195.3530069786656,561.5517549260962,274.17080254514394,25,10,4.245209530586401e-14,0.9821140170097351,0.017885956913232803,2.6768943168337632e-14,2.6624670822171524e-44,0.9821140170097351,0.017885956913232803,4.023739404027123,0.0896934962228265,3.9340459078042964
1c34883427f841f9cb1f4881744246777f4daa30ef94851e2c2d6e62da9e6d13,41,3343,1-coins/10_1477288506.jpg::shape-0,1-coins/10_1477288506.jpg,0,517.8722638258453,293.8246447782263,577.8420218884403,353.7944028408213,10,25,0.03710535913705826,0.015684816986322403,0.9471481442451477,6.107221997808665e-05,6.054970072000287e-07,0.9471481442451477,0.015684816986322403,4.155062105477546,0.23942741414657645,3.915634691330969
525cb363f999de377981d3bacf1d06efa36f521f204f408a968dc6c40811ec90,42,11234,1-coins/25_1477285248.jpg::shape-0,1-coins/25_1477285248.jpg,0,114.49405923571793,16.636916378575066,190.7440360023773,92.88689314523444,25,10,3.0573501135222614e-05,0.9797190427780151,0.020244954153895378,5.3276121434464585e-06,3.512431590024789e-08,0.9797190427780151,0.020244954153895378,3.899849694064895,0.09940928933929748,3.8004404047255975
c69276ad31e0d503fce7b1cd4176f88cfd63f06164cd4d89f5968eb33bb359e2,43,11030,1-coins/25_1477154316.jpg::shape-0,1-coins/25_1477154316.jpg,0,415.7235397610316,246.9699165726258,492.2474747317219,323.49385154331617,25,10,2.667910302989185e-05,0.9796987771987915,0.02026360295712948,1.0808143997564912e-05,1.3719176195081673e-07,0.9796987771987915,0.02026360295712948,3.8989289599839227,0.09950682829373321,3.7994221316901897
20cf5fe4547ae18dfa3fe53cdb6a36c0be23c43784f537577ef10abd6daaf8d8,44,13075,1-coins/50_1477144932.jpg::shape-0,1-coins/50_1477144932.jpg,0,308.0869060282738,99.25237365417308,381.52460476309307,172.69007238899235,50,10,0.0021018674597144127,0.9183952212333679,0.06299097090959549,0.016500871628522873,1.102208079828415e-05,0.9183952212333679,0.016500871628522873,4.104342073499762,0.33314471999883755,3.7711973535009244
5a7223dde7ba8dbdf3c9f10fccc9d4ab78ddd4dd5751f19268af572542f8e77d,45,3389,1-coins/10_1477288812.jpg::shape-0,1-coins/10_1477288812.jpg,0,431.7018167395659,405.2732453109945,489.7267546890054,463.298183260434,10,5,0.931972086429596,0.017719486728310585,0.05018257722258568,0.000122554469271563,3.3476630960649345e-06,0.931972086429596,0.017719486728310585,4.033090299895676,0.2884206775775372,3.744669622318139
47ac3cb1111feec7cb828ec11b5b2f3343907a762e2ea04e267405fbc83c2b77,46,3367,1-coins/10_1477288668.jpg::shape-0,1-coins/10_1477288668.jpg,0,36.618218567841,44.95155190117433,98.65309926161636,106.98643259494968,10,5,0.9113947749137878,0.018771832808852196,0.06976988166570663,6.34782700217329e-05,5.080663445511391e-09,0.9113947749137878,0.018771832808852196,3.9753977875006554,0.34556352023847997,3.6298342672621753
eb3c954a525cffd59a7744dc89784f7889760408f658694b6d423b48bd24cab5,47,10969,1-coins/25_1477149558.jpg::shape-0,1-coins/25_1477149558.jpg,0,176.71538745375153,187.94943000694295,258.2633359505038,269.4973785036953,25,10,4.138131043873727e-05,0.9751826524734497,0.024767465889453888,3.978821951022837e-06,4.489729235501727e-06,0.9751826524734497,0.024767465889453888,3.6982243463481215,0.11662487130878071,3.581599475039341
7e2d40aef0e96bcb3263cc5d54b51c943448375b7283c4d9f845a18232916f5e,48,2500,1-coins/105_1479344562.jpg::shape-0,1-coins/105_1479344562.jpg,0,245.92415439013456,165.66328482491718,329.09033836348857,248.8294687982712,25,10,3.408421252970584e-05,0.9749867916107178,0.024976707994937897,2.4486162146786228e-06,2.2178879566236986e-10,0.9749867916107178,0.024976707994937897,3.6898115686001836,0.11723933706315914,3.5725722315370243
f13f20f47edf7ee6f92e96f0582c33712fccb5fd238b7878a097ef49fc9217c3,49,21142,1-coins/90_1477857108.jpg::shape-6,1-coins/90_1477857108.jpg,6,41.11594202898555,233.3333333333333,120.82608695652176,313.0434782608695,25,10,4.603426714311354e-05,0.9744377136230469,0.025514058768749237,2.258931999676861e-06,1.6916246181608585e-08,0.9744377136230469,0.025514058768749237,3.668525654476466,0.11932110443056641,3.5492045500459
187231eff6caec76220662a63113940a766d528eaeb6ebad488ee7975a0e503f,50,3083,1-coins/10_1477186458.jpg::shape-0,1-coins/10_1477186458.jpg,0,142.55954423436305,237.7858216066258,206.5937404371697,301.8200178094325,10,25,0.0015409582993015647,0.025568170472979546,0.972859799861908,6.110332833486609e-06,2.486698576831259e-05,0.972859799861908,0.025568170472979546,3.6664070419854426,0.13082708968272574,3.535579952302717
9f36ffa9c05cb6526c4956280f53df7f9d065ef91d4c7e4d72b0dcc60bbda54d,51,3373,1-coins/10_1477288704.jpg::shape-0,1-coins/10_1477288704.jpg,0,451.7684915292564,367.0728393553434,512.7242620939319,428.0286099200189,10,5,0.9615600109100342,0.02501790039241314,0.012644301168620586,0.0007778069120831788,3.294669781439552e-08,0.9615600109100342,0.02501790039241314,3.6881636946343535,0.19079307768612605,3.4973706169482273
03ab8dbe0e868bafeab7095a19eace6f1bdfc5700edc764f5a859a57b051f3c0,52,11406,1-coins/25_1477286400.jpg::shape-0,1-coins/25_1477286400.jpg,0,440.3230306101978,208.4669155022841,518.353228382608,286.49711327469424,25,10,2.0905099518131465e-05,0.9729673266410828,0.027010494843125343,1.2973148386663524e-06,1.0150173146428187e-08,0.9729673266410828,0.027010494843125343,3.611529790607733,0.12445619523530507,3.487073595372428
fe1bcd3538846b9b4488a548ffb98dd2681d5a0bff572f5a02a78613f5d3d894,53,6613,1-coins/130_1477861998.jpg::shape-7,1-coins/130_1477861998.jpg,7,569.1970443349753,168.4581280788177,644.0738916256157,243.3349753694581,25,10,1.1583642844925635e-05,0.9714640974998474,0.028520312160253525,1.7988477338803932e-06,2.138614263458294e-06,0.9714640974998474,0.028520312160253525,3.5571387381855093,0.12975890673086554,3.427379831454644
74006864bfd3c3ea46b56bcc585b90f44ab26546b7d2fb4cf8187c87da8b0be4,54,21187,1-coins/95_1477857330.jpg::shape-1,1-coins/95_1477857330.jpg,1,100.60954755685924,71.80002374733544,180.81902387171212,152.00950006218835,25,10,7.2289134550374e-05,0.9709531664848328,0.02897007390856743,4.3684444790415e-06,3.03545668600691e-08,0.9709531664848328,0.02897007390856743,3.5414919159936584,0.1319618138325158,3.409530102161143
2bed414de0b51a90f13fd2e1406479d4bd1d0379a418e0322dbfedfd7a680c9b,55,8035,1-coins/145_1479427818.jpg::shape-0,1-coins/145_1479427818.jpg,0,25.65956267868627,45.343015916096334,106.1965524292274,125.88000566663746,25,10,3.574799484340474e-05,0.9707338213920593,0.02922947145998478,9.367496431877953e-07,2.0592491267734658e-08,0.9707338213920593,0.02922947145998478,3.5325777821304105,0.13246845708361452,3.400109325046796
bdf890756e9ae6dc6b4a029c30395691081cc9fa556553565c295c51f8ae8588,56,8994,1-coins/150_1479429522.jpg::shape-11,1-coins/150_1479429522.jpg,11,267.9437156676394,192.43939290106883,347.6182439865392,272.1139212199686,25,10,5.356965630198829e-06,0.9685399532318115,0.03145451843738556,1.1791446041797826e-07,7.352986663988759e-09,0.9685399532318115,0.03145451843738556,3.459212635650201,0.1398348113326281,3.3193778243175727
2ca1caa2e7fbac179272da43e511022de2a707a3619215d072c3cc74ed9881a4,57,11089,1-coins/25_1477191444.jpg::shape-0,1-coins/25_1477191444.jpg,0,277.0917852103296,302.3303638905327,356.6950168201272,381.9335955003303,25,10,9.995939763030037e-06,0.9684772491455078,0.03150545805692673,7.195301805040799e-06,1.0871743683082968e-07,0.9684772491455078,0.03150545805692673,3.4575944765118805,0.14015573937577624,3.3174387371361043
c64d338d421a6122fd331f1089118583a267046f32245f2976625c9efc631b99,58,3400,1-coins/10_1477288878.jpg::shape-0,1-coins/10_1477288878.jpg,0,344.92020686642536,403.6501338737245,405.692931819706,464.4228588270052,10,5,0.9005157947540283,0.024068107828497887,0.06669639050960541,0.004120779689401388,0.004598935134708881,0.9005157947540283,0.024068107828497887,3.7268676414737767,0.41203024966263435,3.3148373918111425
a78a8aceccaf04c7a4d6f38ce97ba6420140bd27123392d92a05db85005b00c5,59,15092,1-coins/5_1477292052.jpg::shape-0,1-coins/5_1477292052.jpg,0,449.7029669128385,136.83340169544724,518.0651490291905,205.19558381179917,5,25,0.032168153673410416,0.003202503314241767,0.9645596146583557,6.952830153750256e-05,2.639084755173826e-07,0.9645596146583557,0.032168153673410416,3.4367783321848715,0.16442389169618943,3.272354440488682
abd4209334c10b9d3312c0dee6c3ff03485a750d8ba0fa9979158e1515eadeeb,60,11452,1-coins/25_1477287006.jpg::shape-0,1-coins/25_1477287006.jpg,0,32.98824230810364,310.31382370345244,111.58540110274906,388.9109824980979,25,10,0.00019064790103584528,0.9669162034988403,0.0328902006149292,2.4625196601846255e-06,5.943202268099412e-07,0.9669162034988403,0.0328902006149292,3.4145805192275875,0.14650986571856256,3.268070653509025
77905f7490a7fa9bb3c32c88659c77b1dbdbd6135507ab4a4e9d4ca30322000f,61,2935,1-coins/10_1477147428.jpg::shape-0,1-coins/10_1477147428.jpg,0,57.22100266096624,318.87063769746254,122.58921631713594,384.2388513536322,10,25,0.012308903969824314,0.032082781195640564,0.9555816650390625,2.6203892048215494e-05,4.373531794499286e-07,0.9555816650390625,0.032082781195640564,3.439435804116966,0.20817398508009125,3.2312618190368747
97a73dac897489c48c49ffe94fcb7d775a36dba40a07d9ad8c44e5cf019f9dfb,62,20924,1-coins/90_1477856946.jpg::shape-4,1-coins/90_1477856946.jpg,4,262.9114200956385,19.816182000400417,343.27905609483764,100.18381799959958,25,5,0.871446430683136,0.10274854302406311,0.025779880583286285,2.4955787012004294e-05,1.7285789510879113e-07,0.871446430683136,0.025779880583286285,3.65816091362743,0.4482872230856464,3.2098736905417833
3dd0a0abd787690a763a000d0e717052a2ebffbbdb2d3bde14bd6d28130f8c2f,63,3253,1-coins/10_1477287936.jpg::shape-0,1-coins/10_1477287936.jpg,0,212.4263577281064,299.7162128005702,274.76204806899494,362.0519031414587,10,25,0.00020389468409121037,0.0351269356906414,0.9646610021591187,4.618081220542081e-06,3.524731710058404e-06,0.9646610021591187,0.0351269356906414,3.3487870442162917,0.1541733834537813,3.1946136607625104
6e9db08fcda8491466b8ef6b0c81d51d0dfe6bb9eec7b5bc35f5f02095038c0e,64,562,1-coins/100_1477281498.jpg::shape-0,1-coins/100_1477281498.jpg,0,537.4851949348149,4.262603572688711,620.3221140352846,87.09952267315845,100,25,0.00935117807239294,0.009364779107272625,0.9482020735740662,9.895980474539101e-05,0.03298307582736015,0.9482020735740662,0.03298307582736015,3.411760702786464,0.2513075574891691,3.1604531452972946
2f82a788c78a6257c424e7d2d1a4a6d1f0db92963e1e4675fac1bba5617144b6,65,15312,1-coins/60_1477844742.jpg::shape-1,1-coins/60_1477844742.jpg,1,14.715609857092446,275.6353178862895,90.64205437648418,351.5617624056813,25,10,2.1525987904169597e-05,0.9629024863243103,0.03707299381494522,3.0003770916664507e-06,3.701806861045043e-08,0.9629024863243103,0.03707299381494522,3.2948665039543816,0.15882140811142612,3.1360450958429555
152f9b905119e774bab2131eab77e308db0cb321c9e620f4b8b039d7762870ea,66,20870,1-coins/90_1477855830.jpg::shape-6,1-coins/90_1477855830.jpg,6,390.6383161663376,29.53150086656473,471.3075978977751,110.2007825980022,25,10,6.958260928513482e-05,0.9628030061721802,0.03712686523795128,6.230750386748696e-07,9.81387948684187e-09,0.9628030061721802,0.03712686523795128,3.2934144410216675,0.15944579672987164,3.133968644291796
7e49c6c5eafab3a9cac1def01354ca45dcbe9d1180e2818fbee07358ad78b439,67,4017,1-coins/110_1479346242.jpg::shape-6,1-coins/110_1479346242.jpg,6,32.127743791772545,234.27060093462967,92.15797049394172,294.3008276367989,10,25,0.00010952093725791201,0.03739264979958534,0.962448000907898,5.217310672378517e-07,4.941742736264132e-05,0.962448000907898,0.03739264979958534,3.28628112329894,0.1612169828759591,3.125064140422981
459a84a713df2e7f657070550ce616efe0fa07012b780ec2f3d675e1a2713e51,68,2474,1-coins/105_1479344538.jpg::shape-6,1-coins/105_1479344538.jpg,6,309.53172651943447,131.45926275131853,391.5407372486814,213.46827348056547,25,10,4.1315961425425485e-05,0.9622707962989807,0.037644218653440475,4.361708488431759e-05,6.307477917744109e-08,0.9622707962989807,0.037644218653440475,3.279575891548515,0.16132142331516566,3.1182544682333493
d296356a120df4281a087a5ce859ae4cae6d16a14ce536349ea0c7de12fdb91d,69,8265,1-coins/145_1479428874.jpg::shape-7,1-coins/145_1479428874.jpg,7,512.7249197017981,339.57221034219214,590.2011886725862,417.0484793129802,25,10,2.8254997083351774e-13,0.9621706604957581,0.03782933950424194,1.3259271644235158e-14,1.0406042396076092e-41,0.9621706604957581,0.03782933950424194,3.2746703000655657,0.16098322736530457,3.113687072700261
e745d655eab2c034227bc37c40119d70948ccd36e6ab8d9c0686e967e8707516,70,5544,1-coins/120_1479351546.jpg::shape-0,1-coins/120_1479351546.jpg,0,193.91181200181535,132.40456562500378,274.9287677083296,213.4215213315179,25,10,4.7616592404610934e-15,0.9621233344078064,0.03787671774625778,1.1029698417931486e-16,0.0,0.9621233344078064,0.03787671774625778,3.2734186631445126,0.16113646745608556,3.112282195688427
870f5dc201783c8b89a2aebc5b697c0da048a75408b6d5d3f296cd5ef77501ae,71,23,1-coins/100_1477154580.jpg::shape-0,1-coins/100_1477154580.jpg,0,374.11757190643897,-5.505616499358055,454.1432976587783,74.52010925298124,100,25,0.024744605645537376,0.017841191962361336,0.9251875281333923,1.0499369636818301e-05,0.03221618011593819,0.9251875281333923,0.03221618011593819,3.4352864645640158,0.3461006417461614,3.0891858228178544
95a3da2040c4685a4209dbc6c0be750b0d702c845fea12ad32f18fe248ce7337,72,11106,1-coins/25_1477191582.jpg::shape-0,1-coins/25_1477191582.jpg,0,319.70247633123995,157.1237961281943,398.3482850900798,235.76960488703412,25,10,1.4152035873848945e-05,0.9594592452049255,0.04052317142486572,7.912968271739373e-07,2.588731831565383e-06,0.9594592452049255,0.04052317142486572,3.2058813345285686,0.16982255784312628,3.0360587766854423
4cedcea32ba082928fb272becbabdd81ab7200a700f0bb18d8c592ef757a8a58,73,14008,1-coins/55_1477842120.jpg::shape-6,1-coins/55_1477842120.jpg,6,324.9741283300814,293.177026880806,406.1852919597736,374.3881905104983,25,10,5.456193864230923e-34,0.9592641592025757,0.040735866874456406,1.4672474595664337e-29,0.0,0.9592641592025757,0.040735866874456406,3.200646324619737,0.17027573763931703,3.0303705869804203
3ab8578304a89e5e4ca5124067498465322c2e39b1e4f93bda3a80c288366a0e,74,10927,1-coins/25_1477149294.jpg::shape-0,1-coins/25_1477149294.jpg,0,24.40982871942186,356.61956654713725,108.17444094349948,440.38417877121486,25,10,0.00045798244536854327,0.9581843614578247,0.041350752115249634,6.8533181547536515e-06,6.859385281998698e-10,0.9581843614578247,0.041350752115249634,3.1856646686754453,0.1762613333864813,3.009403335288964
2992a27e0505388966cf74da26d99c3bc0bc11309b058c1edf7ccd8ddf2871cb,75,19138,1-coins/80_1477851654.jpg::shape-0,1-coins/80_1477851654.jpg,0,504.5396183936053,317.670053176214,581.6922656643657,394.8227004469744,25,10,2.016064627241576e-06,0.9584855437278748,0.041511885821819305,2.214677294887224e-07,3.457431319020543e-07,0.9584855437278748,0.041511885821819305,3.181775487406622,0.1727570301981627,3.0090184572084597
ee24091f785897c826c7bb006cf5f2d0f197d2163c110a0da30e199819a37b4c,76,2434,1-coins/105_1479344508.jpg::shape-6,1-coins/105_1479344508.jpg,6,310.04224678442404,369.6364496829748,391.0592024909382,450.65340538948897,25,10,1.1571879440452904e-05,0.9581937789916992,0.041794463992118835,2.236493656937455e-07,1.340855315667966e-09,0.9581937789916992,0.041794463992118835,3.17499138860236,0.17375195417021894,3.001239434432141
cf941399873f46ede76665e99d67e7dae104acf6cc4b632cb613de10963d334e,77,10994,1-coins/25_1477154022.jpg::shape-0,1-coins/25_1477154022.jpg,0,0.5864510069055342,139.48006802818213,86.51993197181785,225.4135489930944,25,5,0.9355289936065674,0.026974407956004143,0.03749388828873634,2.706549366848776e-06,6.16904882733138e-09,0.9355289936065674,0.03749388828873634,3.2835773382553177,0.2829504274718552,3.0006269107834624
e59894e24da85633a4550fb096c346a69328148e48bbf692916ea248789e0068,78,11225,1-coins/25_1477285194.jpg::shape-0,1-coins/25_1477285194.jpg,0,74.26409799353969,403.0559761661285,149.3704197729578,478.1622979455466,25,10,0.00014521162665914744,0.9567143321037292,0.04288675636053085,0.00025356895639561117,1.3311820623584936e-07,0.9567143321037292,0.04288675636053085,3.149192210253502,0.18077857314125456,2.9684136371122474
57edd7c4737928722a64774dd989a021d2c23b176c9a830f145c865b3fae184f,79,3261,1-coins/10_1477287990.jpg::shape-0,1-coins/10_1477287990.jpg,0,239.97236827937363,413.3300325129503,303.82325215858253,477.1809163921592,10,25,0.0015048866625875235,0.042926814407110214,0.9555354118347168,2.1891275537200272e-05,1.1048176929762121e-05,0.9555354118347168,0.042926814407110214,3.148258603852308,0.1887470560718682,2.9595115477804397
bc0635d34d2daf5e1d97089973bf1d124aebbaf965ec6666b10cfb235611f89b,80,2498,1-coins/105_1479344556.jpg::shape-6,1-coins/105_1479344556.jpg,6,329.59203283500085,143.47103639371971,410.6214902966717,224.50049385539057,25,10,9.170103112410288e-06,0.9554857611656189,0.04450463503599167,4.586578086218651e-07,6.033682442563304e-09,0.9554857611656189,0.04450463503599167,3.11216193712185,0.18212725159039148,2.9300346855314583
99d6f76fe863ca5b641df284de1d24b62f44dfc3074bfd0c8019507513d2deeb,81,5556,1-coins/120_1479351552.jpg::shape-2,1-coins/120_1479351552.jpg,2,99.12440763307266,69.50121922727557,178.41182425098526,148.7886358451882,25,10,7.892534716058552e-12,0.953835129737854,0.04616482928395271,2.2070751259581356e-14,8.440230845398022e-39,0.953835129737854,0.04616482928395271,3.0755370417184023,0.18706412834094033,2.888472913377462
4cc138bc17cfcabf46c930bf132d3f4491758c901224434a5e5ee73d2730550a,82,10697,1-coins/175_1479423744.jpg::shape-5,1-coins/175_1479423744.jpg,5,362.89096410071966,305.53802292424905,425.3443300169274,367.9913888404568,10,25,0.00044113388867117465,0.04658098518848419,0.9528338313102722,6.43090061203111e-06,0.00013755759573541582,0.9528338313102722,0.04658098518848419,3.066562864288378,0.19358769024301006,2.8729751740453677
dad26687515996c8f29a3a1bf7c354286534a5a1ebebbbe654e118b2b2d0b29d,83,8376,1-coins/145_1479428928.jpg::shape-1,1-coins/145_1479428928.jpg,1,510.5211215352281,337.53975507560074,589.4788784647719,416.4975120051446,25,10,5.360963768907823e-05,0.9531357884407043,0.046802818775177,7.778594408591744e-06,2.5740551024000524e-08,0.9531357884407043,0.046802818775177,3.061811847633479,0.18966908523751125,2.872142762395968
f5f38f665d3fbe0bf80f9d94309c43b93e18af1685bd8ed6740399bed7abe6b3,84,5432,1-coins/120_1479351474.jpg::shape-8,1-coins/120_1479351474.jpg,8,256.07157332313943,173.8568082224683,340.57272197887403,258.35795687820286,25,10,1.4191761692927685e-05,0.9519965648651123,0.04798930883407593,3.922862390481896e-08,9.813557708430662e-14,0.9519965648651123,0.04798930883407593,3.0367770255062587,0.1927242986792313,2.8440527268270275
db0478e9ea3d13445dda116b6c1d20b4365f226bc38d2c56066c74f43826932b,85,8828,1-coins/150_1477864416.jpg::shape-2,1-coins/150_1477864416.jpg,2,421.1152133280626,178.46815450453315,499.4730219660551,256.82596314252567,25,10,2.3292412151931785e-05,0.9514899253845215,0.048485781997442245,1.0469182143424405e-06,3.207840393315564e-08,0.9514899253845215,0.048485781997442245,3.0264846787088486,0.194318874371558,2.832165804337291
f64b99ce3467c66631f5b070ae916f8a9fe2aba75af48e8e9477633ac493b8ee,86,19894,1-coins/85_1477853946.jpg::shape-1,1-coins/85_1477853946.jpg,1,515.646405976316,232.73151235929475,594.8642323215562,311.949338704535,25,10,1.1027622349502053e-05,0.951353907585144,0.04863398149609566,1.0602000202197814e-06,3.716514385132541e-08,0.951353907585144,0.04863398149609566,3.02343278466894,0.19462588079188337,2.828806903877057
c1e6b4e39992a083aadb8adca94d497e99b3189b3066ad7008d9378f006d3428,87,3665,1-coins/110_1479345636.jpg::shape-0,1-coins/110_1479345636.jpg,0,248.73789895833715,178.78137721920672,329.7548546648512,259.7983329257208,25,10,1.7248734138775035e-06,0.9512757062911987,0.04872256889939308,3.67666874723227e-09,1.4834710574480794e-15,0.9512757062911987,0.04872256889939308,3.021612929150503,0.1947612076449764,2.8268517215055264
c39bfadc19b632369a6e897d1b9065c1a901c0eafba9068a105f6d8e12157d0c,88,14993,1-coins/5_1477291164.jpg::shape-0,1-coins/5_1477291164.jpg,0,552.4775350408303,224.3876474003808,617.5599181426904,289.4700305022409,5,25,0.041874662041664124,0.04051002115011215,0.9170172810554504,0.0005971246282570064,9.512825727142626e-07,0.9170172810554504,0.041874662041664124,3.1730743595163013,0.34664101595990005,2.8264333435564013
98665f6db95230fc78c0bc19c302165a367da4b7d96f1b835f265af4bdc480b3,89,12095,1-coins/35_1477789656.jpg::shape-1,1-coins/35_1477789656.jpg,1,208.07890598571916,317.1078914929655,273.3123983621069,382.3413838693533,10,25,0.0001456020982004702,0.04996762052178383,0.949883759021759,1.2953946679772343e-06,1.7149328641608008e-06,0.949883759021759,0.04996762052178383,2.996380072895007,0.19988755363023178,2.7964925192647754
a5b94491b5009abe361c301d05ec7911a7e1d04fab8598607c737ba9b9739679,90,10678,1-coins/175_1479423732.jpg::shape-6,1-coins/175_1479423732.jpg,6,350.6972832478226,230.93537848591785,417.39795484741546,297.6360500855107,10,25,0.0015970817767083645,0.04993358254432678,0.9484572410583496,1.1684609489748254e-05,4.6782938056821877e-07,0.9484572410583496,0.04993358254432678,2.9970615057052137,0.210269075124548,2.7867924305806655
f9e8503ecc44c9c12a754fe86bab726fcec1c38bfc2f2d2dc0e3d947a8268511,91,11088,1-coins/25_1477191438.jpg::shape-0,1-coins/25_1477191438.jpg,0,15.874877712376168,324.10109879206766,99.29221740330505,407.5184384829965,25,10,2.4702083464944735e-05,0.949083149433136,0.0508870929479599,4.6474342525471e-06,4.1559312080607924e-07,0.949083149433136,0.0508870929479599,2.978145964242563,0.20147242825741876,2.7766735359851444
a61e44a16e051f4f554d0e88d278041e3fc39f185bc8ae6f8891d6cad1bb48f6,92,19666,1-coins/85_1477852908.jpg::shape-7,1-coins/85_1477852908.jpg,7,228.26950628879797,234.6980777173694,306.4923984731068,312.92096990167823,25,10,1.2304964002396446e-05,0.9490463137626648,0.05094044655561447,7.698057515881374e-07,1.5931750851905235e-07,0.9490463137626648,0.05094044655561447,2.9770980431635086,0.20144006731790676,2.775657975845602
59a98232ae7e6b486c4e18a9f5a494c993b94fc0df34d87a7a4b11a22ca1dabd,93,5203,1-coins/120_1479351318.jpg::shape-4,1-coins/120_1479351318.jpg,4,229.4401701617033,68.20828610373222,293.2247530158058,131.99286895783473,10,25,0.002152184722945094,0.05109522119164467,0.9467144012451172,3.0339830118464306e-05,7.880566954554524e-06,0.9467144012451172,0.05109522119164467,2.974064304900137,0.21742586802439579,2.756638436875741
58f8ce58a7bdd5609cbe10c83523931b428e3228904b5b716b84018d63c86eee,94,2540,1-coins/105_1479344592.jpg::shape-0,1-coins/105_1479344592.jpg,0,250.9871250615982,130.7842265108735,335.2447589963728,215.04186044564815,25,10,1.5993751731002703e-05,0.9474309086799622,0.052551109343767166,1.940547235790291e-06,3.53125457763781e-08,0.9474309086799622,0.052551109343767166,2.9459690716295275,0.20617916274877288,2.7397899088807547
0fdc7f114ee74068a4cbab6155872bba829448358a668bc2e784cb43f94a2e92,95,5641,1-coins/120_1479351594.jpg::shape-3,1-coins/120_1479351594.jpg,3,348.51529508060094,70.38763550613295,413.0591730045053,134.93151343003728,10,25,0.0010976149933412671,0.05249148607254028,0.946410059928894,3.6395255165189155e-07,4.304721414882806e-07,0.946410059928894,0.05249148607254028,2.9471042925823947,0.2143170526462477,2.732787239936147
7e53c577691ddc3b7049f5f6e203094f1f1d986567a9cf085497a9ce4482fd7c,96,3703,1-coins/110_1479345672.jpg::shape-2,1-coins/110_1479345672.jpg,2,230.23322788801667,220.52168942647825,311.3052336504449,301.59369518890645,25,10,3.9001693949103355e-05,0.9467912912368774,0.05314455181360245,2.4849803594406694e-05,3.179047496359999e-07,0.9467912912368774,0.05314455181360245,2.934739685307109,0.208396925376789,2.72634275993032
a277c3b3a123c052a8e71f92b5220945dd0e079d66af399b14a8203c527a622b,97,6319,1-coins/125_1479424692.jpg::shape-1,1-coins/125_1479424692.jpg,1,405.5503344368,280.33865560468325,469.1503954902073,343.93871665809047,10,25,0.0004686285392381251,0.0534069649875164,0.9460840225219727,2.8376466616464313e-06,3.7531259295064956e-05,0.9460840225219727,0.0534069649875164,2.9298141110434677,0.21291920726159982,2.716894903781868
d8ef381101d263e92fa47550a2f7ebb013c3ef49a34184b4cb0414eae5e83107,98,19831,1-coins/85_1477853892.jpg::shape-4,1-coins/85_1477853892.jpg,4,329.04759886370465,253.7785633307097,410.3229595119298,335.0539239789349,25,5,0.8520826697349548,0.10230997949838638,0.03968893736600876,0.0057156383991241455,0.00020275835413485765,0.8520826697349548,0.03968893736600876,3.2266827858887663,0.5289417833884306,2.6977410025003357
f3cc335554345d0f4c8fd6d1a108e7439f7fa170ab96571bb5feae5da9bbf78f,99,771,1-coins/100_1477858626.jpg::shape-1,1-coins/100_1477858626.jpg,1,486.9758201371762,78.66025510519336,566.3290839139963,158.01351888201344,25,10,0.0002169009967474267,0.9451534152030945,0.05447591468691826,0.00015308131696656346,6.043704274816264e-07,0.9451534152030945,0.05447591468691826,2.909996607343943,0.21502215524471358,2.6949744520992294
b29c80f3b0283bd2fed25588a4b53aeac69bcf1d2046924b953f1b608d85ad86,100,10680,1-coins/175_1479423732.jpg::shape-8,1-coins/175_1479423732.jpg,8,361.72273762194834,303.8655947648055,426.3725004732897,368.5153576161469,10,25,0.0005012405454181135,0.05531705915927887,0.944176435470581,4.709589575213613e-06,5.720959279642557e-07,0.944176435470581,0.05531705915927887,2.894673934132294,0.21823507673680412,2.67643885739549
5c489212d175e13722bd7ebf56c25dc91fcf9231cc1bf179d17118bf15dcf8a8,101,13924,1-coins/55_1477842048.jpg::shape-6,1-coins/55_1477842048.jpg,6,372.2793686079198,240.30262442187328,452.9144298416925,320.937685655646,25,10,9.297287761000916e-05,0.9441835284233093,0.05570220574736595,2.1140902390470728e-05,9.42492519584448e-08,0.9441835284233093,0.05570220574736595,2.887735532341668,0.21617432940969286,2.671561202931975
6fa71ac873bb4d7ba5e328b868bf4fcf6c2a3d5b819e64382502edefc34bf8e7,102,15017,1-coins/5_1477291308.jpg::shape-0,1-coins/5_1477291308.jpg,0,494.8433678044983,158.50514221877745,560.4443245847422,224.10609899902124,5,25,0.055289171636104584,0.004701868165284395,0.9400060176849365,2.9890106816310436e-06,1.4292781180813563e-08,0.9400060176849365,0.055289171636104584,2.895178200909395,0.24346856990620622,2.6517096310031887
8fecb205a1a5191fcd3d1906b47281bc2600636066a0948b2331278d90d34b20,103,15083,1-coins/5_1477291998.jpg::shape-0,1-coins/5_1477291998.jpg,0,539.0481498240576,156.53215835284237,603.3825538006756,220.86656232946035,5,25,0.056274838745594025,0.004956125747412443,0.9387610554695129,7.925415957288351e-06,2.455733927320125e-08,0.9387610554695129,0.056274838745594025,2.877507757664899,0.24765195811898358,2.6298557995459153
509dd1f8fd14e3d50a32595619a0b28f0e5ff847c90a110fbc22264ea41a3e11,104,2381,1-coins/105_1479344472.jpg::shape-1,1-coins/105_1479344472.jpg,1,289.5372729116325,224.4068381290238,372.0569299869181,306.92649520430945,25,10,4.055054887430742e-06,0.9416618347167969,0.05833396315574646,1.2545459071588994e-07,7.662378465056463e-08,0.9416618347167969,0.05833396315574646,2.841570796829366,0.2224160843100009,2.6191547125193653
b154a60ac4c727ebf7c50e5c81733ea5a1887293deb93058f5b69329c6f1213d,105,12002,1-coins/30_1477787532.jpg::shape-1,1-coins/30_1477787532.jpg,1,276.60355863600546,273.62278940523623,358.2041336716868,355.2233644409176,25,10,1.462185039713404e-09,0.94061279296875,0.05938718467950821,3.375674392791517e-11,8.980232885443609e-28,0.94061279296875,0.05938718467950821,2.8236768220263087,0.2252780511320499,2.5983987708942586
71c2a5c7942e7eb6c90172536f6feac3b0a071b5c80ba36d212f48eb5be9c261,106,3375,1-coins/10_1477288716.jpg::shape-0,1-coins/10_1477288716.jpg,0,302.58526151074693,369.0313046762145,364.5226521583178,430.96869532378537,10,5,0.8859875202178955,0.048100415617227554,0.06476210057735443,0.001148494891822338,1.4506744037134922e-06,0.8859875202178955,0.048100415617227554,3.0344644612169507,0.4382600593326297,2.596204401884321
dd2e17320ac34a79c72f3cf58b72edd721c29d920e401eba2e243ca54aa6c0b8,107,14753,1-coins/5_1477189362.jpg::shape-0,1-coins/5_1477189362.jpg,0,220.41001903267,400.525126946339,289.863362262294,469.978470175963,5,25,0.05217781290411949,0.03617541491985321,0.9114853143692017,0.0001564281847095117,5.088599664304638e-06,0.9114853143692017,0.05217781290411949,2.9530979145996805,0.3600750403270167,2.593022874272664
37c98170c83a6273ddd5565412287af01a198c1469c60e937b12bf96ffc479ea,108,11075,1-coins/25_1477191360.jpg::shape-0,1-coins/25_1477191360.jpg,0,16.39862395087453,172.55247010472067,101.10137604912546,257.2552222029716,25,5,0.9282693862915039,0.015117676928639412,0.05659879744052887,1.4062431546335574e-05,6.971593080606908e-08,0.9282693862915039,0.05659879744052887,2.871767540632478,0.2951626459267331,2.576604894705745
a27fa8e9cc49576702e1f30a16f7681a12720e8b20d63088389d59b588c9c458,109,4072,1-coins/110_1479346284.jpg::shape-5,1-coins/110_1479346284.jpg,5,507.8583675025544,315.0012246454115,585.2155241230613,392.3583812659184,25,10,0.0,0.9377055764198303,0.06229448691010475,0.0,0.0,0.9377055764198303,0.06229448691010475,2.775882349719123,0.23323469898831403,2.5426476507308093
8060a347c7ffa1e47bdb865b188bb237a2a6b820a1664827f7799a0f6396b8f1,110,21197,1-coins/95_1477857336.jpg::shape-2,1-coins/95_1477857336.jpg,2,275.99393026906034,80.04154931667941,357.8155935404634,161.8632125880825,25,10,2.1802723495056853e-05,0.9373565316200256,0.06262107938528061,5.261498472464154e-07,5.6659246183699e-08,0.9373565316200256,0.06262107938528061,2.770653326163117,0.2343829349540641,2.536270391209053
67e9cb1f219e413f76fa796abefbcc7ed53e5e669c7aac51957f9c721587ce0a,111,14752,1-coins/5_1477189356.jpg::shape-0,1-coins/5_1477189356.jpg,0,162.3337646871583,401.9416078244132,234.52898041088088,474.1368235481358,5,25,0.044592227786779404,0.14016731083393097,0.8149921298027039,0.00024839231627993286,4.5682412519454374e-08,0.8149921298027039,0.044592227786779404,3.1101957000124223,0.5828989492843154,2.527296750728107
a5a880646f913a319b8f6c7aae7cb5e4445eaee760508c3894a4e28e40d53ba0,112,11023,1-coins/25_1477154274.jpg::shape-0,1-coins/25_1477154274.jpg,0,16.201941288155297,367.01353549105386,93.21834856691714,444.0299427698157,25,10,9.918780051521026e-06,0.9365116357803345,0.06347589939832687,6.541177981489454e-07,1.9214444364479277e-06,0.9365116357803345,0.06347589939832687,2.757094982160123,0.236586883335336,2.520508098824787
ca5a58e1a75d98cf30beee9d28ed49e33680c748a8a844c9b14d246e883ac3d8,113,15129,1-coins/60_1477843968.jpg::shape-0,1-coins/60_1477843968.jpg,0,475.47086737726704,48.992606507701865,546.5001471154865,120.02188624592132,50,10,0.0005266551161184907,0.934197187423706,0.0017501760739833117,0.06352588534355164,1.4069398091010044e-08,0.934197187423706,0.06352588534355164,2.756307812941872,0.25377172783984564,2.5025360851020264
71c07ba80723914cda558119b6e9a3b79ffd0fceb64d71615fd466cb55c71f19,114,14609,1-coins/5_1477156770.jpg::shape-0,1-coins/5_1477156770.jpg,0,18.32049430688705,15.595856625727649,91.47660714238827,88.75196946122887,5,25,0.0623655691742897,0.007436652202159166,0.9292483925819397,3.642776937340386e-05,0.0009129212703555822,0.9292483925819397,0.0623655691742897,2.7747419319442317,0.2844470905421283,2.4902948414021036
a2e95eaff8b54a13973adbf1c1a685813fbece45a1c81a5ea8185503318e3e48,115,11107,1-coins/25_1477191588.jpg::shape-0,1-coins/25_1477191588.jpg,0,322.3910339615728,224.6519035267901,400.0727341543693,302.3336037195866,25,10,6.164476508274674e-05,0.9343854784965515,0.06553830951452255,1.0268553523928858e-05,4.374752734292997e-06,0.9343854784965515,0.06553830951452255,2.725120429231141,0.24278250922711622,2.4823379200040248
a9bbceff92a40f1c59ab50b3007ba9c22dd3e232a9f4f56be1aa721e4e6ea9f2,116,18277,1-coins/75_1477850544.jpg::shape-9,1-coins/75_1477850544.jpg,9,288.4615226272326,313.4615226272326,352.01466784895786,377.01466784895786,10,25,0.0001323179603787139,0.06557120382785797,0.9342854619026184,2.5648964765423443e-06,8.473272828268819e-06,0.9342854619026184,0.06557120382785797,2.72461864544464,0.2434765620904444,2.4811420833541957
09908e3541006ef4fd73a27d9db17cbff31fd33d2d99a266c1edb9f873083aeb,117,19422,1-coins/85_1477852056.jpg::shape-6,1-coins/85_1477852056.jpg,6,545.2246716600384,363.0818145171812,608.5848521494854,426.4419950066283,5,25,0.06153985857963562,0.014764663763344288,0.9236936569213867,6.429672225749528e-07,1.268417918254272e-06,0.9236936569213867,0.06153985857963562,2.788070207114352,0.30716255071369125,2.480907656400661
65a0f297e2736750946537cd12582d9a8c745c36b4e26f6e22ed6f2ce0233d5f,118,13907,1-coins/55_1477842036.jpg::shape-3,1-coins/55_1477842036.jpg,3,290.67698905954245,214.7784383349048,371.2650399259647,295.36648920132706,25,10,8.991839422378689e-06,0.9336798191070557,0.06631121784448624,2.9334081830256764e-08,2.6098741223723465e-11,0.9336798191070557,0.06631121784448624,2.7133961978450203,0.2441042954039958,2.4692919024410243
523ab0506c9a6aa0bf3a50fc62c7a816daa5b696aa730f2a3a5f5e1b2a4f51dc,119,3322,1-coins/10_1477288380.jpg::shape-0,1-coins/10_1477288380.jpg,0,28.94944375816368,126.36728413375052,88.89093182869081,186.3087722042777,10,25,0.0019754446111619473,0.06565495580434799,0.9322965145111084,7.285855099326e-05,2.6431365540702245e-07,0.9322965145111084,0.06565495580434799,2.723342192821224,0.2571581118108319,2.4661840810103923
2e9940bc3e5d601487f8d101c75e4825530c1c3e70c6a7039cbf4800a6cdd40e,120,13599,1-coins/55_1477838886.jpg::shape-0,1-coins/55_1477838886.jpg,0,183.22739483508863,82.8360904872626,266.27985154172285,165.88854719389678,25,10,1.3965375728730578e-05,0.933113694190979,0.06687214225530624,2.2464433868663036e-07,9.215987972766015e-09,0.933113694190979,0.06687214225530624,2.704972807309966,0.2456448603406641,2.459327946969302
dd5aaea92d115acf47c6ae66e49958597a90596b6a26d3b691726f7b2a012dc0,121,8975,1-coins/150_1479429516.jpg::shape-5,1-coins/150_1479429516.jpg,5,258.6239277084422,191.4767195866148,338.6146509717608,271.46744284993343,25,10,0.00020616487017832696,0.9303725957870483,0.06940664350986481,1.4062339687370695e-05,4.421948176513979e-07,0.9303725957870483,0.06940664350986481,2.6677726882431423,0.2542195230830519,2.4135531651600903
5ef638c1cbb512d199ae3691b03d057691079c890d924c0c3012559bf8408c93,122,15093,1-coins/5_1477292058.jpg::shape-0,1-coins/5_1477292058.jpg,0,441.79770493025694,89.53871212450153,507.3245972280164,155.06560442226103,5,25,0.0681934803724289,0.007857046090066433,0.923937201499939,1.200521091959672e-05,1.564161209444137e-07,0.923937201499939,0.0681934803724289,2.685406314414468,0.29443738374871875,2.3909689306657493
30e365b78d10f6ac91ceafb392d740b49c5e61ee16c5f2de3fed99c03c2edf2c,123,20975,1-coins/90_1477856982.jpg::shape-7,1-coins/90_1477856982.jpg,7,229.44499210590303,198.37252833778717,310.41008035786496,279.337616589749,25,10,9.254513315681834e-06,0.9281928539276123,0.07179739326238632,2.966294232464861e-07,1.0740583888946276e-07,0.9281928539276123,0.07179739326238632,2.6339071091248156,0.258386097744293,2.3755210113805227
abb56a2e0e596b8d80813f3a908f11af7307fde042255046bdac7ac631031f9d,124,3335,1-coins/10_1477288458.jpg::shape-0,1-coins/10_1477288458.jpg,0,501.3545034909413,280.27607211839234,559.4298102345488,338.3513788619998,10,25,0.0042222836054861546,0.07210375368595123,0.9236685633659363,5.236661763774464e-06,2.2382575082247058e-07,0.9236685633659363,0.07210375368595123,2.62964917382796,0.2861006088550559,2.343548564972904
ec8bb58019294f18110d249f915af531157cf01ccdffc164524d56afaf9470f0,125,8161,1-coins/145_1479427902.jpg::shape-0,1-coins/145_1479427902.jpg,0,385.3758896791648,82.64551425254362,466.5012434266373,163.7708680000161,25,10,5.3264440794009715e-05,0.925534188747406,0.07440657168626785,5.843160124641145e-06,7.780383981526029e-08,0.925534188747406,0.07440657168626785,2.5982110119273742,0.26554152300547657,2.3326694889218977
19e95a3fb2571bcf86376870b871375b56dce4e359f6e21134e8162933b5be55,126,20812,1-coins/90_1477855788.jpg::shape-4,1-coins/90_1477855788.jpg,4,149.17300348444132,341.92427251997435,228.77623509423893,421.527504129772,25,10,0.000667627202346921,0.9246572256088257,0.07461616396903992,5.897062146686949e-05,1.185463816000265e-08,0.9246572256088257,0.07461616396903992,2.5953981200548975,0.27154510889449757,2.3238530111604
a3cccfe04b46d3d051611cb97b43d2104d95b1559e33ae9cf6ab62b6d6f3494d,127,14959,1-coins/5_1477290960.jpg::shape-0,1-coins/5_1477290960.jpg,0,65.55988897186509,235.65604281801893,135.59395718198104,305.6901110281349,5,25,0.07443632930517197,0.0011208701180294156,0.9243370294570923,0.00010562955867499113,1.3756688588273391e-07,0.9243370294570923,0.07443632930517197,2.597811159208805,0.27468107126155783,2.323130087947247
8f0b754c41d270b2102f291eb13c9cb64bdc93058314e5cf469b2d505bb100dc,128,11066,1-coins/25_1477191306.jpg::shape-0,1-coins/25_1477191306.jpg,0,77.51166504858868,143.0010267507163,161.72237750460278,227.21173920673044,25,5,0.9150869250297546,0.013552162796258926,0.07135102152824402,9.865685569820926e-06,5.505001965389056e-08,0.9150869250297546,0.07135102152824402,2.640143618017506,0.3279836199683453,2.312159998049161
2c177770430600b485182f703c17f08722ca74d8db41aa751511dc7d8c5b52b0,129,14984,1-coins/5_1477291110.jpg::shape-0,1-coins/5_1477291110.jpg,0,428.71117826159445,163.93285313844177,494.9045852852036,230.1262601620508,5,25,0.05519421398639679,0.1426316350698471,0.8021625876426697,1.1062838893849403e-05,4.928072030452313e-07,0.8021625876426697,0.05519421398639679,2.8968971502800067,0.6146309430403493,2.2822662072396573
bcb6fe956ee25dd512f77febedee0e41fa17cb89f7aaf3871c60538a353b4d80,130,3556,1-coins/10_1477787694.jpg::shape-1,1-coins/10_1477787694.jpg,1,127.4663320374644,135.62575232731947,198.24381289007175,206.40323317992684,5,25,0.07619407773017883,0.004160186741501093,0.9196284413337708,1.7206901247845963e-05,5.327430230295249e-08,0.9196284413337708,0.07619407773017883,2.574471539386291,0.2962076789204803,2.278263860465811
a4752867c7d8300cdbda820302d7655d56ff002e7cc282229f8e28d21c0a385d,131,14960,1-coins/5_1477290966.jpg::shape-0,1-coins/5_1477290966.jpg,0,55.24436612074367,315.3947420605933,122.95112260106085,383.1014985409104,5,25,0.04477023333311081,0.40754714608192444,0.5462333559989929,0.0014488684246316552,3.728565900473768e-07,0.5462333559989929,0.04477023333311081,3.106211794924421,0.8446685577464722,2.261543237177949
490570174c6b1c77b28678b3234a9a158a4480841a9f503c3f9dd863f3ae9329,132,3374,1-coins/10_1477288710.jpg::shape-0,1-coins/10_1477288710.jpg,0,404.667042253894,373.594578485778,465.6228128185696,434.55034905045375,10,5,0.8616105914115906,0.06332986056804657,0.07184965163469315,0.0032079978846013546,1.8520805724620004e-06,0.8616105914115906,0.06332986056804657,2.7593983301292586,0.5107289600484309,2.248669370080828
6f3d2f921bac3057624a3d71a66c111f7a22e66e66ac371b580e016791738140,133,11134,1-coins/25_1477191762.jpg::shape-0,1-coins/25_1477191762.jpg,0,166.27230990475778,131.96998432336244,249.6191629634593,215.3168373820639,25,10,2.8404709155438468e-05,0.920015275478363,0.07994728535413742,7.989704499777872e-06,1.0522836646487121e-06,0.920015275478363,0.07994728535413742,2.5263877945733504,0.27908055410111726,2.247307240472233
400ecbae7e29de1be093e77d888eed554c51779803dc63a5fad59e9540fde26c,134,20806,1-coins/90_1477855782.jpg::shape-6,1-coins/90_1477855782.jpg,6,433.186530091918,301.5723168939485,511.26017041569617,379.6459572177266,25,10,0.00020198796119075269,0.9199419021606445,0.07984898239374161,7.088493475748692e-06,7.603312424109276e-10,0.9199419021606445,0.07984898239374161,2.5276181483755003,0.28039450614387457,2.2472236422316256
8480b0d0c9c070cac8f3a78e8b94ba9aa919b18d6f6c6475bf097d49664234c5,135,20553,1-coins/90_1477855542.jpg::shape-1,1-coins/90_1477855542.jpg,1,50.79757088483636,313.2063300089239,129.49439991808333,391.9031590421709,25,10,0.00016474119911435992,0.9189644455909729,0.08086289465427399,7.66759148973506e-06,2.6059902324959694e-07,0.9189644455909729,0.08086289465427399,2.5150002170640544,0.2825592493541618,2.2324409677098926
5929baf45083f107f31ea97a2f84115e2887997d068d3e87a1dd204634433593,136,5575,1-coins/120_1479351558.jpg::shape-11,1-coins/120_1479351558.jpg,11,96.86934813678272,68.05775393388419,178.1451446168404,149.33355041394188,25,10,6.23585023618034e-08,0.9188500046730042,0.08114992082118988,2.8359151832413332e-11,3.402390980585245e-26,0.9188500046730042,0.08114992082118988,2.511456960731318,0.2815700368223655,2.2298869239089525
3be35da900472c7be3693bc3873a8168312ea30bb1f904876c61e271513e27ea,137,15100,1-coins/5_1477292100.jpg::shape-0,1-coins/5_1477292100.jpg,0,341.3642114976602,254.1939987317028,410.6357885023398,323.46557573638233,5,25,0.08152768760919571,0.0013503229711204767,0.917056143283844,6.56534539302811e-05,2.0543940593142906e-07,0.917056143283844,0.08152768760919571,2.506812591162677,0.2933370114774352,2.213475579685242
4a59205409af543cad043c889f0195912408c75cedd3da372115429f0ad0e28f,138,9670,1-coins/150_1479430350.jpg::shape-0,1-coins/150_1479430350.jpg,0,125.11666862109,374.6264725426586,204.2950960847923,453.8049000063609,25,5,0.9086565971374512,0.01308563444763422,0.07822277396917343,7.95028768152406e-07,3.421033397899009e-05,0.9086565971374512,0.07822277396917343,2.5481944466020074,0.34347067532443804,2.2047237712775694
f4776b0f58e1224b0db51252471a2a5a2e3bdd81aef3ba3a184f5e8fcbdff00f,139,2484,1-coins/105_1479344550.jpg::shape-0,1-coins/105_1479344550.jpg,0,362.4556532132618,126.29506927165598,443.63193802761407,207.47135408600823,25,10,5.788637645309791e-05,0.9168774485588074,0.08303675055503845,2.7855701773660257e-05,7.929952516860794e-08,0.9168774485588074,0.08303675055503845,2.4884719914111426,0.2870608505666567,2.201411140844486
2e8d6cf79277a3c5c439b915cd205e6ef56d939272fa7e6ed0c05f25161f7145,140,13939,1-coins/55_1477842066.jpg::shape-0,1-coins/55_1477842066.jpg,0,247.2430296774167,209.6468758312629,327.9492780148909,290.3531241687371,25,10,2.7668604161590338e-05,0.9167841672897339,0.0831860676407814,1.9389854060136713e-06,8.840304843715785e-08,0.9167841672897339,0.0831860676407814,2.486675401417944,0.28682722059100063,2.1998481808269434
803d7e07a5b5cc89c59fc4d8b8d0f29e474c73d5b5f9b0d4e481b41da884265b,141,10864,1-coins/20_1477788930.jpg::shape-0,1-coins/20_1477788930.jpg,0,132.02582590178093,118.1781101657403,199.2229050626861,185.3751893266455,10,25,0.00026356629678048193,0.08331450819969177,0.9164102673530579,6.771385869797086e-06,4.803743649972603e-06,0.9164102673530579,0.08331450819969177,2.4851325769113095,0.2893536108858712,2.195778966025438
dee1b003a17751f10ff04460d2eff287d733044daed1b62d71075c7118e5d9e8,142,2772,1-coins/105_1479345234.jpg::shape-2,1-coins/105_1479345234.jpg,2,188.31922035991448,66.04385804107392,270.724257900955,148.44889558211446,25,10,1.1603636266954709e-05,0.916203498840332,0.0837848037481308,1.6375676636926073e-07,9.306969257771858e-13,0.916203498840332,0.0837848037481308,2.479503627459211,0.28806232830847994,2.191441299150731
7754158fe9aa3abb6972fbe5fe8c569e7b8433c7965d2d6452d1377d4ee139ab,143,7108,1-coins/135_1479426024.jpg::shape-2,1-coins/135_1479426024.jpg,2,311.96973599761594,301.21276388606213,375.2812600183203,364.5242879067665,10,25,0.00018181932682637125,0.08372355997562408,0.9156097769737244,6.863938892820443e-07,0.00048425127170048654,0.9156097769737244,0.08372355997562408,2.4802348599048534,0.2936507440407233,2.18658411586413
ef7ccdd6bf121e65898d7fec0a9be93e28e80f67f697e7c78cef6327d638dc80,144,13959,1-coins/55_1477842078.jpg::shape-6,1-coins/55_1477842078.jpg,6,178.50302312539696,209.9498316360353,261.7948492150285,293.2416577256668,25,10,1.953372361640504e-07,0.9155759215354919,0.08442385494709015,1.746833455662511e-09,1.5089375823713696e-21,0.9155759215354919,0.08442385494709015,2.471905275762624,0.28944644297615346,2.1824588327864705
7a3675fb98bba29ae74343aa1b62e4fddf52dd6823755aa02b907d7cd5d37df8,145,14971,1-coins/5_1477291032.jpg::shape-0,1-coins/5_1477291032.jpg,0,196.915494274006,211.51966094067265,267.62617239266075,282.2303390593274,5,25,0.08236899226903915,0.00929831899702549,0.9082473516464233,8.28896663733758e-05,2.439133595544263e-06,0.9082473516464233,0.08236899226903915,2.496546220302687,0.33735370852599134,2.1591925117766957
f1b81fbffa34ebd38c9b9bcc0d32d538678f461cd396dfd360d5a330df9fc85e,146,12785,1-coins/45_1477835964.jpg::shape-0,1-coins/45_1477835964.jpg,0,45.78750880202999,38.67940069392189,111.67195065742946,104.56384254932136,10,5,0.8397988677024841,0.06668058782815933,0.0935201570391655,3.70333935961753e-07,3.5947675947056723e-09,0.8397988677024841,0.06668058782815933,2.7078414054791433,0.5487922292091469,2.1590491762699964
4105e617be5234f1d7de6a811be83c9e9fc68d14fcce082b3723f839b66e13bb,147,3258,1-coins/10_1477287972.jpg::shape-0,1-coins/10_1477287972.jpg,0,160.89961431736972,304.4710428887983,224.33848092072552,367.9099094921541,10,25,0.00044972856994718313,0.08807531744241714,0.9113538265228271,6.0550413763849065e-05,6.055820267647505e-05,0.9113538265228271,0.08807531744241714,2.4295629505329215,0.3032222948680615,2.12634065566486
fb61b5dc522eaa5cb3b127af35e161667b292d390022b45254d23c0ea6c2b278,148,2837,1-coins/105_1479345312.jpg::shape-2,1-coins/105_1479345312.jpg,2,204.55625689753532,86.81846769445056,287.47459143151343,169.73680222842862,25,10,4.0053764678305015e-05,0.9111862182617188,0.08876796066761017,5.649733338941587e-06,9.515135701576583e-08,0.9111862182617188,0.08876796066761017,2.4217294973818597,0.3001949541862765,2.121534543195583
b065a97658166c8e3fe4ba094f56811accc7faa64701a6c5d37316b672dbfba2,149,5942,1-coins/120_1479422964.jpg::shape-10,1-coins/120_1479422964.jpg,10,61.740013644050535,181.97810888214576,123.4980815940447,243.73617683214,10,25,0.0003041167219635099,0.08903880417346954,0.9105544686317444,6.777847829653183e-06,9.572205453878269e-05,0.9105544686317444,0.08903880417346954,2.4186830023221324,0.3041062693763445,2.114576732945788
d2ea03d747d61aea4058ae07b673d5a993c59fe2e413f7a7ad7406cec50f830c,150,21126,1-coins/90_1477857096.jpg::shape-6,1-coins/90_1477857096.jpg,6,50.17231095886438,223.20601882403287,131.85016095124797,304.8838688164165,25,10,5.902985139982775e-05,0.9106522798538208,0.0892878919839859,8.677280334268289e-07,1.3086904004921962e-08,0.9106522798538208,0.0892878919839859,2.415889388377843,0.30152854246988575,2.1143608459079575
af4c04c1c09061815d5493bd276f4a07574ce61a15fa55141af9ce3591754631,151,2940,1-coins/10_1477147458.jpg::shape-0,1-coins/10_1477147458.jpg,0,22.59100516471165,185.0643527126861,93.40046605064016,255.87381359861456,10,5,0.8956553936004639,0.08201046288013458,0.02228834293782711,4.580916356644593e-05,3.8115435252450425e-09,0.8956553936004639,0.08201046288013458,2.5009084437583717,0.38903721073677694,2.1118712330215947
4e82ba8c32abaa11f87dab2a7d43f822315abed358fa903421f5cae35426c7fc,152,2378,1-coins/105_1479344466.jpg::shape-6,1-coins/105_1479344466.jpg,6,313.6387221869949,199.3198816072848,396.1583792622805,281.83953868257026,25,10,1.819902718125377e-05,0.9102500677108765,0.08973108232021332,6.803394967391796e-07,1.3238450335961716e-08,0.9102500677108765,0.08973108232021332,2.4109380557788693,0.30214080966078044,2.108797246118089
71588ea8439fd6696205f2922b4b9c21fa01501700fc349f01afb5a8c9109665,153,11382,1-coins/25_1477286250.jpg::shape-0,1-coins/25_1477286250.jpg,0,316.1205563796,112.07676075916206,393.6166698977722,189.57287427733425,25,10,0.00010022250353358686,0.9080915451049805,0.09178901463747025,1.892277578008361e-05,2.6535408892414125e-07,0.9080915451049805,0.09178901463747025,2.3882626547747643,0.30789812528542393,2.0803645294893403
dc566f05035b92791d8852941e68b246799fb54be05fcd1955cae00de29cfe4d,154,3475,1-coins/10_1477289370.jpg::shape-0,1-coins/10_1477289370.jpg,0,364.6242961637425,414.1341000853111,423.6109979539046,473.1208018754732,10,25,0.0002624772605486214,0.09171094745397568,0.9079289436340332,6.881092303956393e-06,9.082501492230222e-05,0.9079289436340332,0.09171094745397568,2.3891135234868304,0.3098952376852036,2.079218285801627
92950135dfd3d4085f84a2fced31c44225ebf60e91ffc22f7f48f28a79a24ac2,155,8490,1-coins/145_1479428976.jpg::shape-11,1-coins/145_1479428976.jpg,11,253.06757350908,73.68904243563364,336.7629349654963,157.38440389205,25,10,1.751737727317959e-05,0.9076926708221436,0.09228910505771637,6.524876425828552e-07,1.9338839862825807e-08,0.9076926708221436,0.09228910505771637,2.382829182818346,0.3080201792694488,2.0748090035488973
5238532bfc16265d937ec5404a09483b095d3fc137201b805aaea371dab2d1f8,156,13623,1-coins/55_1477838922.jpg::shape-0,1-coins/55_1477838922.jpg,0,37.38948691766608,53.05372049430843,119.06306782685942,134.72730140350177,25,10,0.0002943070139735937,0.9073560237884521,0.09233792126178741,1.1657753930194303e-05,1.0876776457280357e-07,0.9073560237884521,0.09233792126178741,2.382300373941533,0.3107173067615045,2.0715830671800286
aaf0cc564890face59064966a1a22bfc4340b9cbbe834850de5a90bd86930b1c,157,2532,1-coins/105_1479344586.jpg::shape-0,1-coins/105_1479344586.jpg,0,272.13757463672164,128.0512437014699,354.1645836366596,210.0782527014078,25,10,1.084585255739512e-05,0.9068106412887573,0.09317706525325775,1.2822064263673383e-06,1.8191033746006724e-07,0.9068106412887573,0.09317706525325775,2.373253668547112,0.3099827084629106,2.063270960084201
be5c1f95696d5824adb66bc181bf4809c26ef5add8cebe012f1ce03d1f82695a,158,2885,1-coins/105_1479345372.jpg::shape-0,1-coins/105_1479345372.jpg,0,221.92222616827948,188.9222261682795,300.048788324474,267.04878832447406,25,10,2.1489773644134402e-05,0.9061418175697327,0.09383631497621536,3.5119634844704706e-07,1.1911846620193955e-08,0.9061418175697327,0.09383631497621536,2.3662033446298896,0.31158105226612287,2.0546222923637667
c719fb974922e007e19bbf543e52531e6ef42cc51049569616731fd7ea3f5936,159,11364,1-coins/25_1477286124.jpg::shape-0,1-coins/25_1477286124.jpg,0,227.3422815323401,137.1041862942449,303.61009942004085,213.3720041819456,25,10,1.3798234022033284e-07,0.9054202437400818,0.09457964450120926,2.597141390836555e-09,9.50880363866022e-22,0.9054202437400818,0.09457964450120926,2.3583130004834603,0.31300964717156876,2.0453033533118914
fc8cbfbcb604d9bd0d3d31e58cf1dee75251f090b86a71d8e0bd331b4e967c48,160,10967,1-coins/25_1477149546.jpg::shape-0,1-coins/25_1477149546.jpg,0,54.04531890652148,317.9139320452076,136.84063836931054,400.7092515079967,25,10,7.161225948948413e-05,0.9046304225921631,0.09528635442256927,1.1569839443836827e-05,8.923757377488073e-08,0.9046304225921631,0.09528635442256927,2.3508686640664544,0.3154921677733357,2.035376496293119
c9d1d82cb7f2c7e11c1252d12799bf09d5fa6e8add26462cf6887a514cfacf87,161,15364,1-coins/60_1477844820.jpg::shape-1,1-coins/60_1477844820.jpg,1,505.8105604809563,330.06955328671177,583.8009503104104,408.0599431161658,25,10,5.907626109546982e-05,0.9041466116905212,0.0957937240600586,2.5972749995162303e-07,3.5339311921234184e-07,0.9041466116905212,0.0957937240600586,2.3455581070065903,0.31637934485667296,2.0291787621499173
c4333bc9b0c42178d9aaaa98152222ec608128378119122a20fed464dadd97f2,162,10966,1-coins/25_1477149540.jpg::shape-0,1-coins/25_1477149540.jpg,0,132.9767722650488,209.80369534197183,216.25399696572043,293.0809200426435,25,10,4.1587918531149626e-05,0.9038762450218201,0.0960802212357521,1.814809365896508e-06,5.405236080946452e-08,0.9038762450218201,0.0960802212357521,2.3425717985928256,0.316867525380222,2.025704273212604
937581136c14c5279ad47296593df3a2f6ab9f99ab123e44022e1ca2a119867b,163,19858,1-coins/85_1477853916.jpg::shape-0,1-coins/85_1477853916.jpg,0,374.9690195354804,183.11394707171235,456.5672123485775,264.7121398848094,25,10,8.98730504559353e-05,0.9028369188308716,0.09707248210906982,7.802580626048439e-07,2.5843920337109694e-09,0.9028369188308716,0.09707248210906982,2.3322973412844137,0.3195322516345267,2.012765089649887
19f9a96c23edc599fad783d85acdfc920aa5e07a08148eef59f7dd4f4bd7b36f,164,11289,1-coins/25_1477285656.jpg::shape-0,1-coins/25_1477285656.jpg,0,399.03230576894026,258.6410014211142,475.9532014774365,335.56189712961043,25,10,0.00022235015057958663,0.9023643136024475,0.09738868474960327,2.4410477635683492e-05,1.8096798726219276e-07,0.9023643136024475,0.09738868474960327,2.3290452480842734,0.3216611116418694,2.007384136442404
9214b277e7eeaf1db67a907eb1279b152233c1423cb9e9ccf874f8e7a4c93fd7,165,5062,1-coins/115_1479350634.jpg::shape-4,1-coins/115_1479350634.jpg,4,113.054602416362,55.18058666833053,177.4965786860002,119.6225629379687,10,25,0.006022957153618336,0.09525886178016663,0.8986894488334656,2.7771888198913075e-05,1.0226558515569195e-06,0.8986894488334656,0.09525886178016663,2.351157232240889,0.351060438595555,2.000096793645334
04a5bf5ea4c9b84a72843774935b1ea68d0eb37f1157d8f52e53fb36514ddf9d,166,13053,1-coins/50_1477144566.jpg::shape-0,1-coins/50_1477144566.jpg,0,291.31659056931085,11.104576435035211,367.694010137403,87.48199600312734,50,10,0.00012788995809387416,0.9014744162559509,0.0004592050099745393,0.09793851524591446,4.852127588605981e-09,0.9014744162559509,0.09793851524591446,2.323415392656301,0.32573203793144084,1.9976833547248602
1dd6c7f0ffdb35fd348bb7a079023c0834254e8962bcc6ac917ee2c106db4bdc,167,3663,1-coins/110_1479345630.jpg::shape-4,1-coins/110_1479345630.jpg,4,151.3630174891963,125.3630174891963,233.61570591505887,207.61570591505887,25,10,4.4025424017490877e-07,0.9004618525505066,0.0995376706123352,1.151413075994867e-09,1.7834411844974998e-21,0.9004618525505066,0.0995376706123352,2.3072191073492054,0.3240728368674635,1.983146270481742
3cd59ce9cb0157f3c921627df393b47037833dae78a843f80a45cccadec0b5ae,168,13770,1-coins/55_1477839204.jpg::shape-0,1-coins/55_1477839204.jpg,0,78.78522662068849,317.47208984580743,160.28619589464688,398.9730591197658,25,10,0.0001484081003582105,0.8987159132957458,0.10112940520048141,6.369370566972066e-06,3.423276107028528e-09,0.8987159132957458,0.10112940520048141,2.291354342619208,0.329080212227528,1.9622741303916797
f0f490094873a87d8ee44a6d2dac27f1b839dfea04d68e5583e4e14672ffd4e3,169,12782,1-coins/45_1477835958.jpg::shape-3,1-coins/45_1477835958.jpg,3,48.78631292580914,-3.174471387916359,114.93917727026933,62.97839295654381,5,10,0.08841557055711746,0.8708081245422363,0.040740493685007095,3.5659686545841396e-05,3.3885434902458655e-08,0.8708081245422363,0.08841557055711746,2.4257071873249787,0.46568940035098955,1.9600177869739892
a9c1d930f0d7130b0ccefc1cae7cf8ad9d70dbcdc6d5904695da6339c3b37eeb,170,3739,1-coins/110_1479345708.jpg::shape-2,1-coins/110_1479345708.jpg,2,232.748751106288,87.65071189060178,314.3100724231237,169.21203320743746,25,10,1.9822047761408612e-05,0.8982259035110474,0.10175418108701706,1.4580622575977031e-07,5.370303646223817e-10,0.8982259035110474,0.10175418108701706,2.2851953637393807,0.3291550279223946,1.956040335816986
342893a7065bbd8fab6cbf7eef12af456e877eaf26b483aa12d38c5e21a97839,171,14773,1-coins/5_1477189482.jpg::shape-0,1-coins/5_1477189482.jpg,0,280.5000082158477,238.3571510729905,349.4999917841523,307.35713464129515,5,25,0.08883000910282135,0.041560448706150055,0.869574785232544,6.1393661781039555e-06,2.863710506062489e-05,0.869574785232544,0.08883000910282135,2.4210307457259033,0.46914474644765664,1.9518859992782467
0b37d0fdad6b09f3b7f1963b0c655973667c5dd024ae578e8cbd5d38b0ac8b55,172,13897,1-coins/55_1477842030.jpg::shape-0,1-coins/55_1477842030.jpg,0,165.19700732785407,224.59284066118735,246.21965933881268,305.615492672146,25,10,4.1423445229504807e-10,0.8975340127944946,0.10246597975492477,2.5139437406784815e-11,1.2268263271396451e-29,0.8975340127944946,0.10246597975492477,2.2782244403262752,0.33046776110942927,1.947756679216846
c5ce0bf5d809d9407c4c5b1f6858160a810caa8e4b61581eaf2cb1576ff34b23,173,14017,1-coins/55_1477842126.jpg::shape-8,1-coins/55_1477842126.jpg,8,406.4011072343292,238.1237349715555,466.83976867807945,298.5623964153057,10,25,0.00010005181684391573,0.09971096366643906,0.8938531279563904,7.565116106889036e-07,0.006335037760436535,0.8938531279563904,0.09971096366643906,2.305479641496141,0.3631821824497692,1.942297459046372
1b25dc1ccbaca0b74b503d3149a39d9e2d5449b23935fb42d71a6096445ced95,174,19645,1-coins/85_1477852896.jpg::shape-0,1-coins/85_1477852896.jpg,0,214.80765236160184,231.2600945209849,296.24633221423363,312.6987743736167,25,10,1.2948515177413356e-05,0.8965460062026978,0.10343872010707855,1.392269041389227e-06,9.193214509650716e-07,0.8965460062026978,0.10343872010707855,2.2687759178831883,0.33276446599452075,1.9360114518886675
be87d631e14679875eef7a4341f43a097fb5c9fe867f7281101bf2cbf7999548,175,789,1-coins/100_1477858644.jpg::shape-1,1-coins/100_1477858644.jpg,1,502.5794397586741,322.4779904833118,580.2611399514707,400.1596906761084,25,10,3.851744986604899e-05,0.8951358199119568,0.1048247292637825,9.248998367183958e-07,9.157263142212102e-11,0.8951358199119568,0.1048247292637825,2.255465568673387,0.33599590995326434,1.9194696587201228
a0b0a6b28d305ab05305ae96fa44799ee0b361f6b49e308b0c792babe52891cb,176,2557,1-coins/105_1479344694.jpg::shape-2,1-coins/105_1479344694.jpg,2,274.4624270831106,358.43365010469336,338.8900909025009,422.8613139240836,10,25,0.0013331189984455705,0.10418872535228729,0.894463062286377,7.32472472009249e-07,1.4363801710715052e-05,0.894463062286377,0.10418872535228729,2.2615513575105326,0.3443851884426972,1.9171661690678354
347d15181550bd9c25f21cefe5e31eabe6b5add8596e30eca828da83d03af035,177,14963,1-coins/5_1477290984.jpg::shape-0,1-coins/5_1477290984.jpg,0,13.492195278750302,341.43337174933856,79.64505962321047,407.5862360937987,5,25,0.06237439438700676,0.34971293807029724,0.5869539380073547,0.0009585328516550362,2.4983677349155187e-07,0.5869539380073547,0.06237439438700676,2.7746004341839337,0.8598873503654307,1.914713083818503
4ec730cd0b876ae340746000509afc3a945b1f912d8abbb5f19850e55b74a2c0,178,11402,1-coins/25_1477286376.jpg::shape-0,1-coins/25_1477286376.jpg,0,122.125648322919,176.313148322919,201.79101834374768,255.97851834374768,25,10,0.00019775464897975326,0.8933185935020447,0.1063525378704071,0.0001304356410400942,6.718978511344176e-07,0.8933185935020447,0.1063525378704071,2.2409958742411424,0.341975446145844,1.8990204280952985
43b4b7be98cfbd74245981a658b4973d3f22d46f783f6d5ad7b442fffc74a550,179,2370,1-coins/105_1479344460.jpg::shape-6,1-coins/105_1479344460.jpg,6,109.72507364598115,166.15364507455257,189.79873587782836,246.22730730639975,25,10,7.861738413339481e-05,0.8931452035903931,0.10676374286413193,1.0405851753603201e-05,2.046235522357165e-06,0.8931452035903931,0.10676374286413193,2.2371368963854583,0.34066517179782224,1.8964717245876361
d7549686e5581fae7e8c9b7f4fff005e94afe84e54e9ed89831f35e492c02a69,180,15103,1-coins/5_1477292118.jpg::shape-0,1-coins/5_1477292118.jpg,0,84.39367148667401,148.23982533282785,152.33709774409522,216.18325159024903,5,25,0.09261056780815125,0.0462399497628212,0.8611077666282654,4.1581162804504856e-05,1.5003803355284617e-07,0.8611077666282654,0.09261056780815125,2.3793520206433825,0.49167874288232605,1.8876732777610563
529feecf7db1025780172a3f4bcad07a83f7a1e6b590e4bdfd8bcb9afd015480,181,3285,1-coins/10_1477288134.jpg::shape-0,1-coins/10_1477288134.jpg,0,521.8943597606653,385.78797678194206,582.2332998138027,446.12691683507927,10,100,0.0019436716102063656,0.06300554424524307,0.43066421151161194,0.00014683684275951236,0.5042397975921631,0.5042397975921631,0.06300554424524307,2.7645325525699724,0.8956692244204052,1.8688633281495672
f78f7dd20552db4be798f0ecd6adb8b7cbae820f4cb4278b8bc6cd4b671d4f09,182,20925,1-coins/90_1477856946.jpg::shape-5,1-coins/90_1477856946.jpg,5,288.6189306191071,378.3808353810119,366.1429741427976,455.9048789047024,25,5,0.5538848638534546,0.3811008632183075,0.06498247385025024,3.1265735742636025e-05,5.30707552570675e-07,0.5538848638534546,0.06498247385025024,2.733637678517106,0.8728494915906021,1.860788186926504
04dbd56fb85f7efd9004d220299c439d302452cc5003a59b92e34537205ea394,183,15097,1-coins/5_1477292082.jpg::shape-0,1-coins/5_1477292082.jpg,0,327.6578377576969,63.25204065624762,397.7044810828828,133.29868398143353,5,25,0.06521981209516525,0.37312665581703186,0.5612851977348328,0.00036469221231527627,3.6182534586259862e-06,0.5612851977348328,0.06521981209516525,2.7299919897173366,0.8729810333552348,1.8570109563621018
07546ad440a5af66465475cc9f7a3608ca69c0cd13a74537df258728a0f64d68,184,2420,1-coins/105_1479344502.jpg::shape-0,1-coins/105_1479344502.jpg,0,227.989568919196,140.00416745934197,310.94473765014703,222.95933619029304,25,10,4.085306136403233e-05,0.8894710540771484,0.1104813665151596,6.556630523846252e-06,1.1288646106777378e-07,0.8894710540771484,0.1104813665151596,2.202908401065853,0.34805547677416765,1.8548529242916851
64ed34e8d7023fc7a188c8f75be92a88910b2bc49438a644ff6d77226f4dc82f,185,16931,1-coins/70_1477846764.jpg::shape-1,1-coins/70_1477846764.jpg,1,267.2044604853148,269.7300079305703,333.04371469716693,335.5692621424224,10,25,0.000739762035664171,0.11008203774690628,0.8891773819923401,5.149820481165079e-07,3.30361984879346e-07,0.8891773819923401,0.11008203774690628,2.20652939345948,0.3526861890150038,1.853843204444476
01bad48d3940cd5e371ed48f78657b7e89512445ce87e8760459506551832181,186,13869,1-coins/55_1477839300.jpg::shape-0,1-coins/55_1477839300.jpg,0,350.75240216494507,215.32174523063847,433.4373788569527,298.0067219226461,25,10,5.884974452197156e-11,0.8893373608589172,0.11066266894340515,5.300782382477998e-12,3.4929593655521643e-35,0.8893373608589172,0.11066266894340515,2.201268723391621,0.3478985425432767,1.8533701808483443
e4e288e14ccc093590b502860758c494e39e3b258c864d95e0a61ebc6e7863ea,187,3387,1-coins/10_1477288800.jpg::shape-0,1-coins/10_1477288800.jpg,0,533.8534155987085,274.04759035599,596.2436717799322,336.4378465372139,10,25,0.3154628276824951,0.06482288241386414,0.6101972460746765,0.009515052661299706,2.049319618890877e-06,0.6101972460746765,0.06482288241386414,2.7360966142866547,0.8870549327227852,1.8490416815638695
e55f91378010d8ac4734edfba9305409c58aae463ab410b7334b43fee37f8d80,188,8492,1-coins/145_1479428982.jpg::shape-0,1-coins/145_1479428982.jpg,0,253.78892445427147,73.44109836731494,336.79078569065604,156.4429596036995,25,10,1.644891563046258e-05,0.8881572484970093,0.11182564496994019,6.104633598624787e-07,2.58051340296106e-08,0.8881572484970093,0.11182564496994019,2.19081436200769,0.35052080008221453,1.8402935619254754
a5e8918cf7d45230a39aff10d7e460fd36f690b411055a494ec12540bb301923,189,3257,1-coins/10_1477287966.jpg::shape-0,1-coins/10_1477287966.jpg,0,165.00851077930585,247.2818920742699,227.2792590048668,309.5526402998308,10,25,8.38550622574985e-05,0.11337883770465851,0.8865125179290771,2.084185553030693e-06,2.2639389499090612e-05,0.8865125179290771,0.11337883770465851,2.177020521464521,0.3546738927192732,1.8223466287452479
bbb3560ba413b5c104430028dae6456d1726061e12702e762b829b8449369803,190,18006,1-coins/75_1477850394.jpg::shape-2,1-coins/75_1477850394.jpg,2,98.28344722397344,235.32692548484303,158.96292958762075,296.0064078484904,10,25,1.65878445841372e-05,0.11424554884433746,0.8857306838035583,4.6852662194396544e-07,6.744451638951432e-06,0.8857306838035583,0.11424554884433746,2.169405209753756,0.3555912381576237,1.8138139715961321
c113b1753a70803e57691e444414a7ae1a72ff25280922ebcc2dc0f9b970b331,191,13987,1-coins/55_1477842102.jpg::shape-6,1-coins/55_1477842102.jpg,6,190.3097165354283,192.6285571151384,271.7192689718181,274.0381095515282,25,10,7.076062819791789e-29,0.8854597806930542,0.11454018205404282,1.6630122682231616e-24,0.0,0.8854597806930542,0.11454018205404282,2.16682958258131,0.3559036812319968,1.8109259013493135
174c0a7156e5ccb28c3889382ae667339ba299afd32c910604d8d9b00fa3bdaa,192,5283,1-coins/120_1479351372.jpg::shape-3,1-coins/120_1479351372.jpg,3,154.34640066343763,54.71136416708725,218.6463000664894,119.011263570139,10,25,0.0024971719831228256,0.11333809047937393,0.8841595649719238,2.6920822620013496e-06,2.5152478428935865e-06,0.8841595649719238,0.11333809047937393,2.1773799761029524,0.3706673064362259,1.8067126696667266
ef727a55f7f1d88fdb9a8b532011c593c61402b95768827c8d3aaaed6100c89b,193,21065,1-coins/90_1477857054.jpg::shape-1,1-coins/90_1477857054.jpg,1,2.3875290437972865,67.21361600031904,77.55449994170995,142.38058689823168,25,10,2.1606634618365206e-05,0.884589672088623,0.11538616567850113,1.6123674413393019e-06,1.0421331353427377e-06,0.884589672088623,0.11538616567850113,2.15947081356329,0.3579194866515963,1.8015513269116936
6137c74ddee155fbe9095c84266991e5eec7ae5f82cda8f7b04bd1701a97951f,194,8219,1-coins/145_1479428856.jpg::shape-0,1-coins/145_1479428856.jpg,0,366.2132525437488,280.42893881825864,444.57106118174136,358.7867474562512,25,10,0.00011799410276580602,0.8841894865036011,0.11566263437271118,2.97686128760688e-05,2.1915693082519283e-07,0.8841894865036011,0.11566263437271118,2.157077649642085,0.359703615895579,1.797374033746506
38d7ea53f38b78d9e936574c7f3817b14e152ad6613c925d42b104d9d4504bf9,195,2418,1-coins/105_1479344496.jpg::shape-6,1-coins/105_1479344496.jpg,6,29.40429206969474,60.60633810550038,108.19161585869398,139.39366189449962,25,10,0.00015339428500737995,0.8836257457733154,0.11617976427078247,4.1132752812700346e-05,3.484390020958017e-08,0.8836257457733154,0.11617976427078247,2.152616595419788,0.361177313051259,1.7914392823685288
3556483b5f8ef0a5d8f988145485e94a7ca7aca320397d8c54f41779e874a04d,196,19884,1-coins/85_1477853934.jpg::shape-5,1-coins/85_1477853934.jpg,5,409.5491793071313,257.7470250299733,491.5067063133102,339.7045520361522,25,10,5.414400948211551e-05,0.8826970458030701,0.11724057793617249,8.21859430288896e-06,3.139805215823799e-08,0.8826970458030701,0.11724057793617249,2.1435272336380122,0.3620740147352011,1.7814532189028112
7f6d63c0eccb320167dd1060aea071be524713bb4d028c140fed41f8992966fb,197,12551,1-coins/45_1477835598.jpg::shape-2,1-coins/45_1477835598.jpg,2,268.7214796776312,302.3881463442978,331.5104043803398,365.1770710470065,10,25,0.00019720078853424639,0.11709246039390564,0.8826560974121094,3.983147507824469e-06,5.031405089539476e-05,0.8826560974121094,0.11709246039390564,2.144791396498256,0.36354157514285673,1.7812498213553993
0ef5d6d2b3ad51456f374c4dd65e6e3bc60a121a935b045d18f818b53f8b18a9,198,11166,1-coins/25_1477192002.jpg::shape-0,1-coins/25_1477192002.jpg,0,107.67929061615216,259.2626239494855,192.2790427171812,343.8623760505145,25,10,3.9126971387304366e-05,0.8823684453964233,0.11759141087532043,1.0265946457366226e-06,1.1106222608248117e-08,0.8823684453964233,0.11759141087532043,2.140539282959412,0.3625449850699679,1.7779942978894439
8ec88c5382a58e0c8c655b614443bf2e8e2d0e713636e12c3c5a9e0001e67283,199,15009,1-coins/5_1477291260.jpg::shape-0,1-coins/5_1477291260.jpg,0,17.915264170351946,334.0005354881814,84.79791412422168,400.8831854420512,5,25,0.0845223143696785,0.1427457332611084,0.7718298435211182,0.0009019965073093772,7.478151076156792e-08,0.7718298435211182,0.0845223143696785,2.4707397040999646,0.6929365184885244,1.77780318561144
d891586610e3c7c70b3c0057653f563bc7382d018b245957d04b252350540eb3,200,16513,1-coins/65_1477845996.jpg::shape-6,1-coins/65_1477845996.jpg,6,147.23048018102534,391.3481272398489,208.65187276015112,452.7695198189747,10,25,0.002676955657079816,0.11564669013023376,0.880057156085968,2.9371851724135922e-06,0.0016162077663466334,0.880057156085968,0.11564669013023376,2.1572155104268758,0.38820002713029284,1.769015483296583
d16906dc0f279dc4278bed8049d279b88787c5d23b7106e4242be8002c2e1732,201,18711,1-coins/80_1477850868.jpg::shape-1,1-coins/80_1477850868.jpg,1,192.3063577141476,359.3063577141476,257.20088866266394,424.2008886626639,10,25,0.0013561472296714783,0.11764468997716904,0.8809949159622192,3.234062660339987e-06,1.0959735163851292e-06,0.8809949159622192,0.11764468997716904,2.1400862988930496,0.37240557262386376,1.7676807262691858
55a959a130635f82e94942cde5cd858794191999f685dc29bacdfa69a1711652,202,4956,1-coins/115_1479350556.jpg::shape-2,1-coins/115_1479350556.jpg,2,177.02202838206955,125.05158503231588,241.17501595290577,189.2045726031521,10,25,0.002573060104623437,0.11723573505878448,0.88016277551651,2.673428025445901e-05,1.7093178712457302e-06,0.88016277551651,0.11723573505878448,2.1435685416688903,0.3793006981732249,1.7642678434956653
e93163fc1cd8459fb29e0070476c53c740f3b15229b142b86dc80aeb7963e31c,203,4413,1-coins/115_1479347616.jpg::shape-8,1-coins/115_1479347616.jpg,8,575.8817224704236,228.82289894101177,636.8633755687921,289.8045520393804,10,5,0.4881916046142578,0.06889180094003677,0.4396588206291199,0.0029507477302104235,0.00030696415342390537,0.4881916046142578,0.06889180094003677,2.6752181074624315,0.9153225889365395,1.759895518525892
a8214d13a69ffb00817d812a3abcf3266db10975e84635a7c2ca681d0c520a7f,204,15012,1-coins/5_1477291278.jpg::shape-0,1-coins/5_1477291278.jpg,0,83.29925956682237,115.61776073778256,150.89277790390358,183.21127907486377,5,25,0.11338229477405548,0.013796471059322357,0.8727996349334717,2.141166987712495e-05,1.413116876847198e-07,0.8727996349334717,0.11338229477405548,2.1769900306184096,0.4249033202006629,1.7520867104177467
7817a5c2534e03e38dadcf2e135d2af664748b807756f466995dc9cff06e476b,205,13640,1-coins/55_1477838946.jpg::shape-1,1-coins/55_1477838946.jpg,1,209.8410974962777,297.6717853269655,274.8149871598069,362.64567499049474,10,25,0.0004816073924303055,0.12042257189750671,0.879090428352356,3.789798711295589e-06,1.6382380181312328e-06,0.879090428352356,0.12042257189750671,2.116748289446731,0.3719383019493122,1.7448099874974186
dfe7ce02d94197e2771f1a060db306c43ad262aef6c4823826f2ac770f3e148d,206,15420,1-coins/60_1477844910.jpg::shape-7,1-coins/60_1477844910.jpg,7,346.5127815072547,303.2234414057319,410.1166601171108,366.827320015588,10,25,0.00022135474137030542,0.12250079214572906,0.8772640228271484,2.849062639143085e-06,1.1016210919478908e-05,0.8772640228271484,0.12250079214572906,2.0996377825225156,0.3741076346951751,1.7255301478273406
f2250ac06c5fdd5e0d00e65858fe87a6db59b00639ddd12ea51bbe7aee02bed3,207,12584,1-coins/45_1477835646.jpg::shape-3,1-coins/45_1477835646.jpg,3,26.00897060277805,232.4375420313495,102.08626749246002,308.51483892103147,25,10,7.294021088455338e-06,0.8768831491470337,0.12310678511857986,2.14488864003215e-06,5.292117748467717e-07,0.8768831491470337,0.12310678511857986,2.094703128557017,0.3732003429868478,1.7215027855701692
7938d00c5eaef00fd769e338a15e388cdbb7229f16a4a403510275a61df30423,208,11226,1-coins/25_1477285200.jpg::shape-0,1-coins/25_1477285200.jpg,0,58.59503841791313,367.4185678296778,134.54221648404763,443.3657458958123,25,10,0.0005052683991380036,0.8763778209686279,0.12292183190584183,0.0001948817662196234,2.0862816541011853e-07,0.8763778209686279,0.12292183190584183,2.096206638594314,0.3788179126300911,1.7173887259642227
565a5b0c6592584f80318fa5a6dbf7a2a3640c6888289cfe0b821cafbd56281a,209,8305,1-coins/145_1479428892.jpg::shape-8,1-coins/145_1479428892.jpg,8,512.6756372694447,338.62801822182564,588.7529341591267,414.7053151115076,25,10,5.058799069956876e-05,0.8762463927268982,0.12370071560144424,2.323854005226167e-06,7.388143075104381e-08,0.8762463927268982,0.12370071560144424,2.0898902146251306,0.3748118011508178,1.7150784134743127
84eafb1d6e4ebcbd8cd9b3966ee65b0602d36cfa6d3bd2c38bae826947b4f4c9,210,14972,1-coins/5_1477291038.jpg::shape-0,1-coins/5_1477291038.jpg,0,205.7685092057834,294.9859005101312,274.6662734029122,363.88366470726,5,25,0.11211338639259338,0.027166428044438362,0.8603492975234985,0.0003583014477044344,1.2471182344597764e-05,0.8603492975234985,0.11211338639259338,2.1882445412912603,0.4756821243971613,1.712562416894099
0e1ec6f48d6d68710711652aa1a8ff1eb47ab887732a0e771ba886459221a5f6,211,5975,1-coins/120_1479422982.jpg::shape-1,1-coins/120_1479422982.jpg,1,148.0784876097085,76.41182094304183,212.397702866482,140.73103619981532,10,25,9.121566836256534e-05,0.12373318523168564,0.8756889700889587,2.6325136559535167e-07,0.00048641307512298226,0.8756889700889587,0.12373318523168564,2.0896277636811136,0.37936210687172545,1.7102656568093881
21a54295a06823a126a201e968dae3ff19dbdf079d4fa7d72fce45509658bf71,212,11409,1-coins/25_1477286418.jpg::shape-0,1-coins/25_1477286418.jpg,0,504.5036496350365,88.05109489051098,580.4160583941605,163.96350364963502,25,10,1.7489473975729197e-06,0.8750706911087036,0.1249275878071785,3.2464971155832245e-08,9.749079355222151e-19,0.8750706911087036,0.1249275878071785,2.0800210070800587,0.37665446580668605,1.7033665412733727
a1f066ddc13bf050d052bd6a6c543bb4cde2b5c58e75922db1e2c81792fe7a73,213,11394,1-coins/25_1477286322.jpg::shape-0,1-coins/25_1477286322.jpg,0,399.0256202015907,156.05041359002047,475.3545450876655,232.37933847609528,25,10,0.00018782961706165224,0.8747093677520752,0.1250886470079422,1.403334317728877e-05,4.7392152424663436e-08,0.8747093677520752,0.1250886470079422,2.0787326169628173,0.37888677689556205,1.6998458400672551
56360f2fb7f775565e143059a36c3d0808e4305719e1b27e5ce6d2f067e0ce26,214,15011,1-coins/5_1477291272.jpg::shape-0,1-coins/5_1477291272.jpg,0,21.77652007613481,175.53191575958803,89.41772452818174,243.1731202116349,5,25,0.1269601434469223,0.001407408039085567,0.8716219067573547,1.0495117749087512e-05,5.958529669669588e-09,0.8716219067573547,0.1269601434469223,2.0638820729054355,0.3911526992075133,1.6727293736979223
8f4d00b836c0134f8b2808a353464cb527f0b13ba1681cefd6b3de87870959ed,215,842,1-coins/100_1477858704.jpg::shape-4,1-coins/100_1477858704.jpg,4,421.2161766533477,11.158205638855025,486.7548378394058,76.69686682491309,10,25,0.09430143982172012,0.0909423753619194,0.7888402342796326,0.024566933512687683,0.0013490227283909917,0.7888402342796326,0.0909423753619194,2.397529210826117,0.7277818807078495,1.6697473301182675
cb2d8e891fe3afe6623520e0229b2da781521ff35c44afb1882966f61d9843fe,216,180,1-coins/100_1477195020.jpg::shape-0,1-coins/100_1477195020.jpg,0,122.72705378569046,18.997324055960757,215.8134867548501,112.08375702512036,100,25,0.08597763627767563,0.3080453872680664,0.5376039743423462,0.006359927821904421,0.062013015151023865,0.5376039743423462,0.062013015151023865,2.780410994176834,1.1119298716240857,1.6684811225527483
e10c5c9fab49f6eef588ba27e3f44bc06c4fe1d129e31b4232a73c40199cd128,217,21129,1-coins/90_1477857102.jpg::shape-1,1-coins/90_1477857102.jpg,1,42.53713650998797,236.3035598676522,118.2949802783332,312.0614036359974,25,10,0.00020291954569984227,0.8714337944984436,0.1283552050590515,7.4484123615548015e-06,6.159320378174016e-07,0.8714337944984436,0.1283552050590515,2.05295381885227,0.38525212416615207,1.667701694686118
1b6027f9f86032d0469d3acaa71459bee63e3cef9ee5360e9774de8d516ce2f8,218,7990,1-coins/145_1479427788.jpg::shape-0,1-coins/145_1479427788.jpg,0,25.739176724252395,26.80487015490933,104.43600575749944,105.50169918815637,25,10,0.00019419495947659016,0.8711581230163574,0.12864075601100922,6.204875717230607e-06,7.57869713652326e-07,0.8711581230163574,0.12864075601100922,2.0507315966174966,0.38571284461518707,1.6650187520023096
02a29ecfe7a652dafd622d04f0b5882d4307e2ae22618a879fea437f8266e43a,219,2333,1-coins/105_1479344436.jpg::shape-1,1-coins/105_1479344436.jpg,1,196.38629189392532,200.8126878330117,278.0096471923691,282.4360431314554,25,10,1.3298148587637115e-05,0.8707099556922913,0.12927602231502533,5.828674147778656e-07,8.533807260846515e-08,0.8707099556922913,0.12927602231502533,2.04580545266672,0.38517928088923015,1.6606261717774902
e687e0366f5fb4fbde428e44922ca552f509df7e68e5d26f09721d706e19498c,220,5075,1-coins/115_1479350646.jpg::shape-1,1-coins/115_1479350646.jpg,1,111.5918046782068,54.80885894177269,177.1678852442738,120.3849395078397,10,25,0.004131633788347244,0.1268647164106369,0.8689683079719543,3.5242799640400335e-05,1.2585695685629616e-07,0.8689683079719543,0.1268647164106369,2.064633985392139,0.4070168391192219,1.6576171462729172
a5d7379fc77646c705f86d9db246b29940a64614b0e3bc11743698b5e6a68b45,221,3325,1-coins/10_1477288398.jpg::shape-0,1-coins/10_1477288398.jpg,0,191.8848479511592,368.4352355480584,255.0143768550424,431.5647644519416,10,5,0.4933355748653412,0.0763169676065445,0.42922788858413696,0.0011183054884895682,1.2339804698058288e-06,0.4933355748653412,0.0763169676065445,2.572859985250119,0.9155704823615491,1.65728950288857
9788661bee80f904081210311a17945ae9d4c87d5dbd7e2e187e83116cea9f95,222,3461,1-coins/10_1477289274.jpg::shape-0,1-coins/10_1477289274.jpg,0,354.3162695103639,408.74976704730966,413.63446940589233,468.0679669428381,10,25,0.10964206606149673,0.09872511774301529,0.7913270592689514,4.057537080370821e-05,0.00026516462094150484,0.7913270592689514,0.09872511774301529,2.31541587917387,0.6587565111594655,1.6566593680144044
7b60ef88b8c5270e9e3432a436d9bd9fd76f97413a478a686aba2800e284c22b,223,9520,1-coins/150_1479430050.jpg::shape-5,1-coins/150_1479430050.jpg,5,493.6366029719398,381.5676374546985,556.0875349590945,444.0185694418531,10,25,0.003745319088920951,0.1272272914648056,0.8690026998519897,2.192749161622487e-05,2.7996768494631397e-06,0.8690026998519897,0.1272272914648056,2.061780095548939,0.4055275960462084,1.6562524995027308
51161092a0ab3bcc7d08bc94d05f5c86d59b3c7d0806f5ecd27043b7993c29ee,224,19254,1-coins/80_1477851798.jpg::shape-0,1-coins/80_1477851798.jpg,0,367.4369462049567,154.6340264969275,447.4097691235104,234.60684941548124,25,10,4.061544677824713e-05,0.8699992895126343,0.12995988130569458,2.5158718131024216e-07,6.7803820336109766e-09,0.8699992895126343,0.12995988130569458,2.040529481495793,0.3867602073493511,1.6537692741464416
d4a87b9a2e2159dc92956ba008bf257e686dda810eca18caff462d259b1620e3,225,5611,1-coins/120_1479351576.jpg::shape-11,1-coins/120_1479351576.jpg,11,143.15840682297073,61.4482618954345,226.05898448137708,144.34883955384083,25,10,5.829058864037506e-06,0.8687183260917664,0.13127584755420685,2.2028152635300557e-09,2.364319798307509e-18,0.8687183260917664,0.13127584755420685,2.030454463152971,0.3888801695363771,1.6415742936165938
869405cf310d7764e5142f296c8c0ee3e23ff6fa0850f572fe04ed36e5051c9a,226,3671,1-coins/110_1479345642.jpg::shape-0,1-coins/110_1479345642.jpg,0,161.0548179064375,176.68071718701307,246.54230439572072,262.16820367629623,25,10,0.00012481461453717202,0.8679196238517761,0.13195504248142242,5.123441155774344e-07,5.4663398807441865e-11,0.8679196238517761,0.13195504248142242,2.0252940016707317,0.39132326492855113,1.6339707367421805
f180f3a6fee00cfa1e523b6af1554d577017e97fef74973b4443e7f7a643fd55,227,15414,1-coins/60_1477844904.jpg::shape-5,1-coins/60_1477844904.jpg,5,28.996075604751745,120.7321162138888,106.31356906529902,198.04960967443608,25,10,4.647067908081226e-05,0.8675932288169861,0.13235992193222046,3.532397556682554e-07,1.3454727110229214e-08,0.8675932288169861,0.13235992193222046,2.0222303857428883,0.3913576368313944,1.6308727489114938
efb81e85920f8ae7163158a256ac01d3188881fb16f8530b43f1c6673f91d2fb,228,3399,1-coins/10_1477288872.jpg::shape-0,1-coins/10_1477288872.jpg,0,259.8218039225232,406.8661388978926,321.9220384420087,468.9663734173781,10,5,0.8182326555252075,0.1055576503276825,0.06788897514343262,0.00824145320802927,7.931360596558079e-05,0.8182326555252075,0.1055576503276825,2.2484980267110597,0.6244001004516283,1.6240979262594313
6de01cb64bac88991861dd7a091313313ff1b39b15af16ab2620f2daa3c44ff9,229,14257,1-coins/55_1477842348.jpg::shape-4,1-coins/55_1477842348.jpg,4,11.272823242967592,204.5317064916985,74.29062853368221,267.5495117824131,10,25,0.0004011066339444369,0.13293784856796265,0.8666507601737976,9.753269296197686e-06,5.854970481777855e-07,0.8666507601737976,0.13293784856796265,2.017873563981206,0.39554423482112505,1.6223293291600809
ddb7c936029c620d3aeaf5048decb2764f77a70e37fa1f4d8d237c6bf0895919,230,16779,1-coins/65_1477846506.jpg::shape-1,1-coins/65_1477846506.jpg,1,461.99563778061895,85.22612779876775,526.7520936168403,149.98258363498906,10,25,0.0009233297314494848,0.13276486098766327,0.866309642791748,1.8907632011178066e-06,2.0337995465524727e-07,0.866309642791748,0.13276486098766327,2.019175677949335,0.3988820092488661,1.620293668700469
5fe5b373b083d6c1bc88698f3e9e00331b14d6a1e7db9b88bb862f27bed39eda,231,5576,1-coins/120_1479351564.jpg::shape-0,1-coins/120_1479351564.jpg,0,165.05404675078034,111.94988008411369,248.44595324921968,195.341786582553,25,10,4.970498048351146e-05,0.8650385737419128,0.13491161167621613,1.5447243129074195e-07,1.223350847706639e-11,0.8650385737419128,0.13491161167621613,2.003135443296222,0.39615551320917186,1.60697993008705
70d18c22a1f1fb0765cf09c7ef8d3fb611e4fb8cc9302073cd1364a3efe63edd,232,8893,1-coins/150_1477864518.jpg::shape-2,1-coins/150_1477864518.jpg,2,478.8665713920937,223.0793373495405,559.3036413738637,303.51640733131046,25,10,4.824920551982359e-07,0.8646982312202454,0.13530129194259644,4.13288070433282e-09,4.008174743959587e-22,0.8646982312202454,0.13530129194259644,2.000251195125215,0.39634891293845415,1.603902282186761
5009995b720d0b4e52325ade5dc122d3d3d95534b41ba95ddfe430d08721a6f5,233,838,1-coins/100_1477858704.jpg::shape-0,1-coins/100_1477858704.jpg,0,365.843510431385,272.4522060835589,439.22895333673085,345.83764898890473,50,25,0.256866991519928,0.02545904740691185,0.5222351551055908,0.059381574392318726,0.13605724275112152,0.5222351551055908,0.059381574392318726,2.8237712961495967,1.2209189587838762,1.6028523373657204
b3204bf9d9edfb826bfc3175634d5a44eb4f8aeabfeb8de9755a0682a0f0eca6,234,2840,1-coins/105_1479345318.jpg::shape-0,1-coins/105_1479345318.jpg,0,205.576358639994,88.37346008926939,286.8004529542088,169.5975544034842,25,10,2.938434226962272e-05,0.8642043471336365,0.13576357066631317,2.259181883346173e-06,4.367599046872783e-07,0.8642043471336365,0.13576357066631317,1.9968403570885955,0.39756775981466824,1.5992725972739272
6c8ea924f27f6c73eba9e95f7ba91216990e37f6549afb1868a5f89eeb67d683,235,8397,1-coins/145_1479428934.jpg::shape-9,1-coins/145_1479428934.jpg,9,511.8653914925946,337.84578364945736,588.1346085074053,414.11500066426817,25,10,6.356400990625843e-05,0.8641335368156433,0.13579975068569183,3.0898886507202405e-06,6.874378755128419e-08,0.8641335368156433,0.13579975068569183,1.996573899752512,0.39797648504480765,1.5985974147077044
b84f40c580508aa66836e8ef74951da00a958424697fa2ac5e1282e8f0651232,236,8489,1-coins/145_1479428976.jpg::shape-10,1-coins/145_1479428976.jpg,10,483.1671867247657,240.912148689266,563.6517998849588,321.3967618494591,25,10,4.642584462999366e-05,0.8640128970146179,0.13593822717666626,2.281192791997455e-06,1.4902322220677888e-07,0.8640128970146179,0.13593822717666626,1.9955547083678506,0.39805804438420384,1.5974966639836468
538554e89fcf7a11d165407ae4a248bb1c4b611946050d2f735f071ed579aaef,237,2671,1-coins/105_1479344790.jpg::shape-4,1-coins/105_1479344790.jpg,4,411.137939309656,307.82407069651725,476.7014767487382,373.38760813559946,10,25,0.0019787712953984737,0.13464905321598053,0.8633626103401184,2.5052127057278994e-06,7.1025810939318035e-06,0.8633626103401184,0.13464905321598053,2.00508349119388,0.4092631770746445,1.5958203141192357
d282aa86c468dfddb8c66e5cf3d3f66bebca2c8c4133f41312ef0d654eaa17bd,238,2512,1-coins/105_1479344568.jpg::shape-4,1-coins/105_1479344568.jpg,4,318.0336051889656,165.65522681058724,397.533962378602,245.1555840002236,25,10,2.6631276341504417e-05,0.8638060688972473,0.13615001738071442,1.2840578165196348e-05,4.400960733619286e-06,0.8638060688972473,0.13615001738071442,1.9939979322038057,0.3984295226791567,1.595568409524649
5742b5153c6484803d6c1c4c84a702f8aea0a83d70f4d63b8ba69806acf33940,239,3330,1-coins/10_1477288428.jpg::shape-0,1-coins/10_1477288428.jpg,0,316.4023316320288,140.42193947516606,375.7545311130692,199.77413895620649,10,25,0.007232514210045338,0.13335680961608887,0.8593886494636536,1.8661099602468312e-05,3.3122032618848607e-06,0.8593886494636536,0.13335680961608887,2.014726963920475,0.434799449538182,1.579927514382293
d8f463f91856d20f59ab9c45261ebf3d968b9a5edb56b64aa10a19666bee635f,240,767,1-coins/100_1477858620.jpg::shape-3,1-coins/100_1477858620.jpg,3,486.0649395122722,78.51321537434123,566.1074742808311,158.55575014290014,25,10,0.0006919510196894407,0.861900806427002,0.13728927075862885,0.00011770352284656838,2.1887592538405443e-07,0.861900806427002,0.13728927075862885,1.9856651137727321,0.4068048730468971,1.578860240725835
3df8b60222e393746f915e947886f320eefe72ea4342b5fcab0865d42bb74319,241,5623,1-coins/120_1479351582.jpg::shape-11,1-coins/120_1479351582.jpg,11,286.09983524582856,82.62538269108404,367.5643983308137,164.0899457760692,25,10,4.172074477537535e-05,0.8617339134216309,0.1382189244031906,5.31587556906743e-06,1.0460627919428589e-07,0.8617339134216309,0.1382189244031906,1.9789164421232184,0.4022442159426538,1.5766722261805646
9daf8c4242aaa805970927be32b243e7e10e88f9dd229abe648487d2b7af8177,242,19950,1-coins/85_1477853994.jpg::shape-5,1-coins/85_1477853994.jpg,5,341.84780463669546,114.9430427319336,420.5331477442568,193.62838583949497,25,10,5.301708006300032e-05,0.8615919351577759,0.13791295886039734,7.33926799512119e-06,0.000434800167568028,0.8615919351577759,0.13791295886039734,1.9811325257162764,0.40555256539415885,1.5755799603221177
f0a097430ce28031f0ce3ef33ad6151f911772bea604bf4c7bc2e3fc38b45f72,243,6328,1-coins/125_1479424704.jpg::shape-2,1-coins/125_1479424704.jpg,2,400.6942784840446,274.9406552956388,461.8564461536365,336.1028229652307,10,25,0.00036806418211199343,0.13766776025295258,0.8606976270675659,2.3741765744489385e-06,0.0012641575885936618,0.8606976270675659,0.13766776025295258,1.9829120309947175,0.4134753409408231,1.5694366900538943
f42ef3b0b512bb4568858ba9fb2899f1a9c8049873e8867e855b1ac00dc30636,244,3249,1-coins/10_1477287912.jpg::shape-0,1-coins/10_1477287912.jpg,0,188.89187391186795,360.7179608683896,252.412473914219,424.2385608707408,10,25,0.0024459827691316605,0.13969703018665314,0.8575765490531921,0.0001868965191533789,9.355557995149866e-05,0.8575765490531921,0.13969703018665314,1.9682792714516062,0.42390583286977596,1.5443734385818302
40ebbbd39966db5c7f2a705708f17c9581d97e5fc5c585eb04cca36a91d5d92c,245,8320,1-coins/145_1479428898.jpg::shape-10,1-coins/145_1479428898.jpg,10,509.06737293290064,338.1033441559223,588.2563680742934,417.29233929731504,25,10,0.00030026776948943734,0.8572853803634644,0.14236804842948914,4.6219429350458086e-05,4.5709690255080204e-08,0.8572853803634644,0.14236804842948914,1.9493396841873936,0.4124298382723162,1.5369098459150774
b8dcdb82d141014c4d51fd25b8b880165c11166a5e316be109dff8478e73db12,246,16930,1-coins/70_1477846764.jpg::shape-0,1-coins/70_1477846764.jpg,0,149.88914623209496,215.91834331238687,215.32253260002184,281.3517296803138,10,25,8.21906141936779e-05,0.14302782714366913,0.8568899631500244,7.004373259178465e-08,1.4007757620504435e-08,0.8568899631500244,0.14302782714366913,1.944716072243187,0.41126607198611387,1.5334500002570732
3985e024a00a1c4b99392fd12370bfe20f811dae99fa4d74ed4c0743f086d648,247,6426,1-coins/130_1477861908.jpg::shape-0,1-coins/130_1477861908.jpg,0,44.7336686496015,304.58588539836995,108.4387451435019,368.29096189227033,10,5,0.7903416752815247,0.11253064125776291,0.09634749591350555,0.0007786608184687793,1.547624606246245e-06,0.7903416752815247,0.11253064125776291,2.1845297276870776,0.6628135555087988,1.5217161721782788
8cdbb463f2e6c01c2cc17c7328b02ab76d7a34aef1bcfeb3a6ccbb31f4493dab,248,11279,1-coins/25_1477285596.jpg::shape-0,1-coins/25_1477285596.jpg,0,555.8722056949899,30.59684337614938,627.4611276383433,102.18576531950278,25,10,0.007154225371778011,0.8524855375289917,0.1400701254606247,0.00028944670339114964,6.235096634554793e-07,0.8524855375289917,0.1400701254606247,1.9656120856321133,0.4490888337494795,1.5165232518826337
adfd2ba985bcc0668b674bdec727cfb953afc30c5cb52aeab8bf26065506cf93,249,13962,1-coins/55_1477842084.jpg::shape-2,1-coins/55_1477842084.jpg,2,180.99960121284204,210.3779795912204,261.59499338175254,290.97337176013093,25,10,7.458586457733488e-23,0.8545634746551514,0.14543651044368744,6.510243423948343e-21,0.0,0.8545634746551514,0.14543651044368744,1.928015641939766,0.41471090524837495,1.5133047366913912
29e2857c05e570e5b647633c49e4949bdd96b4a0ccf794e5610601e2fa7bb294,250,13855,1-coins/55_1477839288.jpg::shape-0,1-coins/55_1477839288.jpg,0,345.4523157695001,220.42333026225373,427.2433364044129,302.2143508971665,25,10,5.00034584547393e-05,0.8544812202453613,0.14546753466129303,1.251682078873273e-06,3.564999317973161e-08,0.8544812202453613,0.14546753466129303,1.927802346743324,0.4153218439830312,1.512480502760293
1ac2d387b6960f34ccf599c1f247b322de8a19a8cfb82af48321db5ca8eff8ac,251,20721,1-coins/90_1477855722.jpg::shape-1,1-coins/90_1477855722.jpg,1,369.1890137979584,202.40819188015016,449.9890683938224,283.2082464760142,25,10,0.00010272732470184565,0.8528098464012146,0.14708389341831207,3.4017589314316865e-06,1.1773708052942311e-07,0.8528098464012146,0.14708389341831207,1.9167521514667922,0.418694727113248,1.4980574243535443
1e17e0faf5e88e079094bb04cd7782cc3ee3b0855f26203bed5949223dc7c170,252,14316,1-coins/55_1477842408.jpg::shape-3,1-coins/55_1477842408.jpg,3,446.7523545873868,292.33508840033653,511.0030410960663,356.585774909016,10,25,0.000236404943279922,0.1471318155527115,0.852347731590271,2.875000291169272e-06,0.00028118689078837633,0.852347731590271,0.1471318155527115,1.9164263895624343,0.42244874248021586,1.4939776470822184
44f07d806a08b87c29f0b61b83881ae97ba9afcb138357ca323fbcabcf84cafb,253,11383,1-coins/25_1477286256.jpg::shape-0,1-coins/25_1477286256.jpg,0,442.4559934321208,175.25309488139618,519.4860355533864,252.28313700266176,25,10,0.0001968714059330523,0.8516192436218262,0.14818327128887177,5.671410008289968e-07,6.388793574035878e-12,0.8516192436218262,0.14818327128887177,1.9093054517838606,0.42139864353435014,1.4879068082495104
ea484dad2b839b123d51b95974dbfa35eba1e2809ecbe19c26292409fbe7823f,254,10638,1-coins/175_1479423552.jpg::shape-8,1-coins/175_1479423552.jpg,8,268.2063659766316,234.4695238713684,334.79363402336844,301.05679191810526,10,25,0.00027175238938070834,0.1483876258134842,0.8513363003730774,3.553125225153053e-06,7.376319217655691e-07,0.8513363003730774,0.1483876258134842,1.9079273357316677,0.42241997563525174,1.485507360096416
f25830a6056b90fdeb9c26af14d0047b9c5d744333f94bb795eca71818e59ae4,255,5484,1-coins/120_1479351510.jpg::shape-0,1-coins/120_1479351510.jpg,0,235.32697735148045,176.8052382210457,317.9483849673601,259.42664583692533,25,10,0.00010243891301797703,0.8505454063415527,0.14934934675693512,2.8135382308391854e-06,8.796927630783102e-09,0.8505454063415527,0.14934934675693512,1.9014671082369483,0.42264417017375844,1.4788229380631899
ebee1839aebbce787d035faa41c5c49dcc683cef68fc143d00dd960edf0911e2,256,16816,1-coins/65_1477846548.jpg::shape-3,1-coins/65_1477846548.jpg,3,232.95845063013988,369.8632125349017,296.0891684174792,432.99393032224106,10,25,0.00013639984535984695,0.15028537809848785,0.8495664596557617,2.56944440479856e-06,9.26244229049189e-06,0.8495664596557617,0.15028537809848785,1.8952192717295453,0.42468217475807674,1.4705370969714686
8744644063618646bdbae1cf9488c94825b1669a55ad1548124ecacc315e4de4,257,8568,1-coins/145_1479429012.jpg::shape-11,1-coins/145_1479429012.jpg,11,438.8069544037699,201.2127515052192,519.888697770143,282.29449487159235,25,10,8.314886557059253e-09,0.8493193984031677,0.15068060159683228,4.912274476076561e-10,2.924935325112658e-28,0.8493193984031677,0.15068060159683228,1.8925929036202602,0.4238880110250963,1.4687048925951638
d30e4fcc47efeab03eaeb442f6c99877d2638cf8a7c49311f0903adef43ae018,258,9047,1-coins/150_1479429546.jpg::shape-12,1-coins/150_1479429546.jpg,12,26.69420820408608,360.438050568618,105.78855041660356,439.5323927811355,25,10,0.0008796020993031561,0.8492236137390137,0.14987972378730774,1.7011801901389845e-05,6.523229512112039e-09,0.8492236137390137,0.14987972378730774,1.8979221479506108,0.42962684765814496,1.468295300292466
349a69aca6eb8076aa0333aa2df90f484ceae2a8a9b526d49c7d0c83d4c91408,259,9523,1-coins/150_1479430056.jpg::shape-2,1-coins/150_1479430056.jpg,2,495.01449275362313,382.54293927416455,555.8840579710144,443.4125044915558,10,25,0.001895769266411662,0.14952236413955688,0.8485653400421143,1.081103619071655e-05,5.8051100495504215e-06,0.8485653400421143,0.14952236413955688,1.900309304432564,0.43555666278733285,1.4647526416452312
042dca0d2aa4aa2bfb23b62d3c295878738c249cf5a62bfb60905a039de34404,260,94,1-coins/100_1477155210.jpg::shape-0,1-coins/100_1477155210.jpg,0,37.53878557229112,10.190959485334602,128.75106950017263,101.40324341321612,100,25,0.00188013247679919,0.016343573108315468,0.8410177826881409,0.00013961228250991553,0.1406189352273941,0.8410177826881409,0.1406189352273941,1.9617016342253242,0.5017442323432553,1.459957401882069
8dad9343cbafbd03f27fa2c90590852d24aef0a09f11db686b4c3309eb58bac1,261,11295,1-coins/25_1477285692.jpg::shape-0,1-coins/25_1477285692.jpg,0,339.07939645573845,202.24155861790064,419.7314143550724,282.8935765172345,25,10,0.0001414136786479503,0.8480991721153259,0.1517326831817627,2.649682755873073e-05,2.961959353342536e-07,0.8480991721153259,0.1517326831817627,1.885634969677516,0.4273804783975671,1.4582544912799489
190fccb3b322df96093d4366e7a97ee3507739e94e1156e19333d3eade6e2fba,262,21080,1-coins/90_1477857066.jpg::shape-0,1-coins/90_1477857066.jpg,0,1.2955101391426425,116.5998579652296,79.13927246955299,194.44362029564,25,10,2.4407007003901526e-05,0.8475868701934814,0.1523798108100891,2.020130978053203e-06,6.946496341697639e-06,0.8475868701934814,0.1523798108100891,1.8813791195045941,0.427211018380983,1.4541681011236112
2e8eca4e2d143cefa7c1b6c463a190cad8921f91c036cf89012dd3a1fb5d2c56,263,4308,1-coins/110_1479347508.jpg::shape-1,1-coins/110_1479347508.jpg,1,256.00081304081164,211.8848710118261,338.9267231910724,294.81078116208687,25,10,3.783229479114005e-22,0.8475176692008972,0.152482271194458,2.1740947982857482e-20,0.0,0.8475176692008972,0.152482271194458,1.880706944155315,0.4269908332873091,1.453716110868006
ec4590a415ed94eed9e00e00f0ae5db72c98ee5d24fd37986a095b3b860c5f6d,264,3262,1-coins/10_1477287996.jpg::shape-0,1-coins/10_1477287996.jpg,0,220.66810781836537,368.82752810822046,282.4623269642432,430.6217472540983,10,25,0.00048166379565373063,0.15219582617282867,0.846867024898529,2.9221197110018693e-05,0.00042636843863874674,0.846867024898529,0.15219582617282867,1.882587257236565,0.4345739092728461,1.4480133479637187
55dba4affd488e6b550011ecffa2e3940efb460c009dcfc67eff461aea10ce04,265,8544,1-coins/145_1479429006.jpg::shape-0,1-coins/145_1479429006.jpg,0,207.2351976067992,212.48157441839336,290.9677009439255,296.21407775551967,25,10,1.3271465038044994e-09,0.8437455892562866,0.15625445544719696,7.390878187241157e-11,5.252473566716634e-27,0.8437455892562866,0.15625445544719696,1.8562694759101066,0.43340637864775533,1.4228630972623513
590234ff08416ae598bbf8fb5785fedf48c1176e0b83bda53c80cf720165496c,266,5785,1-coins/120_1479351654.jpg::shape-7,1-coins/120_1479351654.jpg,7,156.97403516675254,158.09763067237054,220.55405472088788,221.67765022650588,10,25,0.0004910596180707216,0.15585987269878387,0.8436314463615417,1.678069202171173e-05,7.937049986139755e-07,0.8436314463615417,0.15585987269878387,1.858797927333488,0.43709973726747414,1.421698190066014
a55af82a57fbf38e9d01a4e47414290495d14644d7cd61bedde24f8959915ed8,267,2435,1-coins/105_1479344508.jpg::shape-7,1-coins/105_1479344508.jpg,7,94.2741308423951,103.14369605978638,175.29108654890928,184.16065176630056,25,10,4.879603875451721e-05,0.8423332571983337,0.15759842097759247,1.9526150936144404e-05,3.8219571507625005e-08,0.8423332571983337,0.15759842097759247,1.8477051207862634,0.43641940114656613,1.4112857196396973
8895319b42f6a8fedda44b4bb004eedc03798152128146c005ea257a5f352fcb,268,8292,1-coins/145_1479428886.jpg::shape-8,1-coins/145_1479428886.jpg,8,509.1681369168565,337.4234560657927,589.6403737214413,417.8956928703775,25,10,0.0013968152925372124,0.8420212268829346,0.1564250886440277,0.00015664915554225445,1.1080540218699753e-07,0.8420212268829346,0.1564250886440277,1.8551780504107827,0.4455382934544633,1.4096397569563193
9313ee2051cdeb7f999425f038db974f7047bd95ac64ca54476ed453f3d9a6c7,269,2436,1-coins/105_1479344514.jpg::shape-0,1-coins/105_1479344514.jpg,0,95.90755017773331,104.84185674707638,173.81507755949295,182.749384128836,25,10,7.86987438914366e-05,0.8420403599739075,0.1578775942325592,3.168288230881444e-06,1.5575450618143805e-07,0.8420403599739075,0.1578775942325592,1.8459352662529231,0.4369878251087072,1.408947441144216
56a68b3b330e2ba3c82f644d8ff073b69c3b6d218d18ee21ea13dfc99fbdc1dc,270,13058,1-coins/50_1477144596.jpg::shape-0,1-coins/50_1477144596.jpg,0,161.69950101944062,359.1463095300789,230.64092451247427,428.08773302311255,50,10,0.00020863227837253362,0.8413155674934387,0.0016394300619140267,0.15683628618717194,5.155884252872056e-08,0.8413155674934387,0.15683628618717194,1.8525527808285904,0.4482004620901683,1.4043523187384221
7819e748b10ef1f0fffc3cfa3cbad2dd482b9538cde6d242327c8610a1e9ae3d,271,5711,1-coins/120_1479351624.jpg::shape-3,1-coins/120_1479351624.jpg,3,265.89371563322425,299.9846247241333,328.65173891223026,362.7426480031393,10,25,5.523471918422729e-05,0.15905652940273285,0.8408766984939575,1.8346378283240483e-07,1.1359598829585593e-05,0.8408766984939575,0.15905652940273285,1.838495609113219,0.4388309721977706,1.3996646369154484
f0f801a7b25304361b0b4e02bc2f187bddf99779ced919e824afa1ae23026997,272,3087,1-coins/10_1477186482.jpg::shape-0,1-coins/10_1477186482.jpg,0,453.1342086247179,294.06036632183924,513.6628470168679,354.58900471398925,10,25,0.0043348162434995174,0.15550467371940613,0.8397196531295776,0.0004392382688820362,1.669470520937466e-06,0.8397196531295776,0.15550467371940613,1.8610794917411717,0.46309861645998796,1.3979808752811838
1e75391259dd0de5c3bbce822c02e5fbda53f317e4f2c15a6b9c664f010687ef,273,8583,1-coins/145_1479429024.jpg::shape-0,1-coins/145_1479429024.jpg,0,271.5442854506929,224.43479639959807,352.0615539653654,304.9520649142706,25,10,1.3885787666367833e-05,0.8403555154800415,0.15963053703308105,2.3809578308942037e-08,2.284541032369046e-15,0.8403555154800415,0.15963053703308105,1.8348932774748548,0.4392239646720959,1.3956693128027589
279dbc294b350eef8ce23c6b572976d4d74d533538feaad8c5ca2110c95b376a,274,3388,1-coins/10_1477288806.jpg::shape-0,1-coins/10_1477288806.jpg,0,518.785159509912,353.5908132201593,579.8014129282504,414.6070666384979,10,5,0.6580270528793335,0.10403984040021896,0.23457784950733185,0.0033532297238707542,2.0262857560737757e-06,0.6580270528793335,0.10403984040021896,2.262981372426133,0.8700936398609692,1.3928877325651636
e7ebf9041aec45438030195d4b2014abb5018802d236f83629fabfddda52ad9d,275,11223,1-coins/25_1477285182.jpg::shape-0,1-coins/25_1477285182.jpg,0,22.95590383865163,360.3573636926662,100.78132243872062,438.1827822927352,25,10,0.002179263159632683,0.8392055630683899,0.15606118738651276,0.002553734229877591,2.3297603490846086e-07,0.8392055630683899,0.15606118738651276,1.8575071217968178,0.46560321847445274,1.391903903322365
dcac19dbfb96fc93229cf644e4862d59a06db12ce6383c4211a9561f240e4ef1,276,13606,1-coins/55_1477838892.jpg::shape-3,1-coins/55_1477838892.jpg,3,99.9453093125065,197.1481065153037,180.47427110707395,277.6770683098711,25,10,6.43625608063303e-05,0.8397624492645264,0.16017048060894012,2.6772095225169323e-06,3.392960579162718e-08,0.8397624492645264,0.16017048060894012,1.8315165271887148,0.44066392278117783,1.390852604407537
43c70887ec8f8ed6139c5250507563d044e27c9092eb07ee61f80dcc629bc0cb,277,3084,1-coins/10_1477186464.jpg::shape-0,1-coins/10_1477186464.jpg,0,411.029575409032,293.11716664990786,472.4302786055665,354.5178698464424,10,25,0.0020908168517053127,0.1582190841436386,0.8395256400108337,0.0001575466594658792,6.9316097324190196e-06,0.8395256400108337,0.1582190841436386,1.8437745979049538,0.45293124106932625,1.3908433568356275
f3bb02408864c51500d95119529e81070af04674d1d6431430fc9e6e34dbe106,278,19167,1-coins/80_1477851684.jpg::shape-4,1-coins/80_1477851684.jpg,4,43.57743250087633,216.2375310230438,106.63931626759656,279.299414789764,10,25,0.00023115267686080188,0.16090136766433716,0.8388643264770508,2.855165575965657e-06,3.560663515145279e-07,0.8388643264770508,0.16090136766433716,1.826963724930819,0.4433317513114103,1.3836319736194087
84972f9c61af5a289f3dbab72f44a75ea17ae9926ac6c1a009eae72c44f0d38e,279,15493,1-coins/60_1477844988.jpg::shape-0,1-coins/60_1477844988.jpg,0,109.21940119240854,72.34983597501724,174.11393214092476,137.24436692353348,10,25,0.0001293135283049196,0.16245365142822266,0.8374165296554565,4.793186576534936e-07,7.411775015953026e-08,0.8374165296554565,0.16245365142822266,1.8173625398760382,0.4449890527966426,1.3723734870793955
36cdf0dc85ec94cecb2b26f1ea2e849e88b62b8b6606412c4ad4e3e2d3e85ee2,280,13294,1-coins/50_1477194414.jpg::shape-0,1-coins/50_1477194414.jpg,0,185.29725077177372,108.99068142870806,260.20639886326273,183.89982952019704,50,10,0.0013496042229235172,0.8276846408843994,0.0221386905759573,0.14882689714431763,1.454367719588845e-07,0.8276846408843994,0.14882689714431763,1.9049714125398556,0.5333235372657835,1.3716478752740722
9bc9b1e5fc12fe39e0be81a3e3c42b8ddb9e147a66930574e7f66d17820148b6,281,11284,1-coins/25_1477285626.jpg::shape-0,1-coins/25_1477285626.jpg,0,538.2223964534348,288.7125925318662,612.7579957034279,363.2481917818593,25,10,0.005997333209961653,0.8355929851531982,0.15830296277999878,0.00010669451876310632,1.1097525742798098e-07,0.8355929851531982,0.15830296277999878,1.843244596035328,0.47353753590329983,1.3697070601320283
bea278d65aee3e23194a8584e4d110f827dde121e437436b1052a93116257fe3,282,11448,1-coins/25_1477286982.jpg::shape-0,1-coins/25_1477286982.jpg,0,406.1308863146383,391.7619542758033,482.80115252031294,468.432220481478,25,10,0.03312075138092041,0.8205064535140991,0.1436123549938202,0.0023985938169062138,0.00036189702223055065,0.8205064535140991,0.1436123549938202,1.94063758850761,0.5712234534084609,1.369414135099149
373468d8a5e44411e90450e06a7b33a77a41eb54bcb60d70f13d8bcd8a01f791,283,13862,1-coins/55_1477839294.jpg::shape-0,1-coins/55_1477839294.jpg,0,346.88239651041096,222.56732801726025,426.4052747224658,302.0902062293151,25,10,3.0087212508078665e-05,0.8355680108070374,0.16440078616142273,7.189970574472682e-07,3.9883568092591304e-07,0.8355680108070374,0.16440078616142273,1.8054480143677034,0.44725075995640945,1.358197254411294
4a48b9bd69ffa5ac5f3d54bfe485c61fa732db53533685ec3341e52a1cde067a,284,2920,1-coins/105_1479345414.jpg::shape-0,1-coins/105_1479345414.jpg,0,226.02519371986924,56.28796744249697,308.5295508056782,138.79232452830593,25,10,4.54637010989245e-05,0.8353543281555176,0.16459670662879944,3.1820836738916114e-06,3.254810394537344e-07,0.8353543281555176,0.16459670662879944,1.8042569992698385,0.4477541320317646,1.356502867238074
cdf31c5aa6911a35031fc0acec904e2e95993706baca8c8efde83beb87645571,285,11469,1-coins/25_1477287126.jpg::shape-0,1-coins/25_1477287126.jpg,0,548.7412440627036,23.97387347151852,620.5683898594002,95.80101926821511,25,10,0.001099334447644651,0.8350460529327393,0.16379807889461517,5.583844176726416e-05,7.099260983522981e-07,0.8350460529327393,0.16379807889461517,1.8091208359920485,0.4549096360193084,1.3542111999727402
f11a968bc6ce92721e3057a27d72d66c9334746ae68bba6f63bce221f8af19f7,286,3768,1-coins/110_1479345738.jpg::shape-1,1-coins/110_1479345738.jpg,1,158.4705183580952,236.73974912732604,239.7987124111355,318.06794318036634,25,10,0.00012401035928633064,0.8343682289123535,0.16550539433956146,2.4147361727955285e-06,2.2622279161055303e-08,0.8343682289123535,0.16550539433956146,1.7987514904994528,0.44993797274552016,1.3488135177539327
0d2a51b00bd369935b0b9433accf26dd8a78df4e78e275bbe2546cbe41088249,287,4999,1-coins/115_1479350586.jpg::shape-5,1-coins/115_1479350586.jpg,5,118.15578580367958,53.92556997634145,184.4053652754571,120.17514944811896,10,25,0.008972167037427425,0.1592969298362732,0.8316944241523743,3.628154081525281e-05,1.921911518820707e-07,0.8316944241523743,0.1592969298362732,1.836985335093834,0.48856462287893687,1.3484207122148972
68ff4053673e398918d4bad029a1ea1c6b6811115c6b5b4c016d9690c63df0ad,288,11356,1-coins/25_1477286076.jpg::shape-0,1-coins/25_1477286076.jpg,0,411.2379495626683,67.77809554806976,485.36059058331705,141.90073656871854,25,10,0.0001395892322761938,0.8332712054252625,0.16656184196472168,7.777514838380739e-06,1.964487091754563e-05,0.8332712054252625,0.16656184196472168,1.7923886153106228,0.4520724868027483,1.3403161285078744
c331a1b05f255a86fd29165ca7e0e2d20eab026135e3981554f05753d21fded7,289,787,1-coins/100_1477858638.jpg::shape-5,1-coins/100_1477858638.jpg,5,504.5469158411237,325.1408244705653,583.1992770522774,403.7931856817189,25,10,1.982680805667769e-05,0.8324804902076721,0.16749896109104156,6.883001333335415e-07,1.8766045439605125e-14,0.8324804902076721,0.16749896109104156,1.786778130177794,0.45213948650559094,1.334638643672203
c7f5807f832feccbfc99404b8cc449d21b0a8aa12a20019df4ab953568ecf97a,290,16586,1-coins/65_1477846242.jpg::shape-4,1-coins/65_1477846242.jpg,4,232.7203165062946,389.4033230422423,297.87445473553555,454.5574612714833,10,25,0.0008689286187291145,0.16662536561489105,0.8323818445205688,9.033122296386864e-06,0.00011484995047794655,0.8323818445205688,0.16662536561489105,1.792007306247766,0.4585772191556414,1.3334300870921245
65ed454981f855bd3114989196241e30debe1f01ae1d305ce0c5c59bae457b25,291,14970,1-coins/5_1477291026.jpg::shape-0,1-coins/5_1477291026.jpg,0,170.4277012599205,161.98089274928225,242.21059661241983,233.7637881017816,5,25,0.1210462674498558,0.15870347619056702,0.7192863821983337,0.0009563093772158027,7.5377070061222184e-06,0.7192863821983337,0.1210462674498558,2.1115824308536792,0.7914668276392205,1.3201156032144588
8a54621d186ac7796c5923bfcf34b6d6059433f6ed92d7669214fb1dfe317d01,292,2405,1-coins/105_1479344490.jpg::shape-1,1-coins/105_1479344490.jpg,1,344.56401994156226,302.37287775042,427.4639520864098,385.2728098952677,25,10,1.0802085853356402e-05,0.830083429813385,0.16990569233894348,1.0045141607406549e-07,2.10897166397217e-09,0.830083429813385,0.16990569233894348,1.772511746810505,0.45587068780291934,1.3166410590075857
3ec990dd21cb69f83e5fa88a49a63457049a98b1e83ed5157eb5883bffe92f84,293,13389,1-coins/50_1477282284.jpg::shape-0,1-coins/50_1477282284.jpg,0,559.3445264225046,127.01369935483557,624.8659998932845,192.5351728256155,50,25,0.0065392013639211655,0.18299143016338348,0.6949412226676941,0.1151747778058052,0.0003532623522914946,0.6949412226676941,0.1151747778058052,2.1613044973497297,0.8483132334672459,1.3129912638824839
009159ac499c828c8673793c26f4da2b9ab156d56008bb8a7855d956ea18bc1c,294,16950,1-coins/70_1477846782.jpg::shape-2,1-coins/70_1477846782.jpg,2,412.80795084695865,313.0460460850539,476.2396682006604,376.4777634387556,10,25,0.0005266757216304541,0.170223668217659,0.829246461391449,2.110782133968314e-06,1.1495609442135901e-06,0.829246461391449,0.170223668217659,1.7706420113026395,0.46069066007691695,1.3099513512257226
f577ee67626cfaf7732ff8a589cdd5c1ed543b47437ea82bf77afc35cbb8c5fb,295,20407,1-coins/90_1477854942.jpg::shape-2,1-coins/90_1477854942.jpg,2,501.9251672956812,65.15705135365222,580.3067167622897,143.5386008202608,25,10,0.00027762269019149244,0.828636646270752,0.17102502286434174,5.811700611957349e-05,2.6172524485446047e-06,0.828636646270752,0.17102502286434174,1.7659454006450288,0.46065658239193813,1.3052888182530906
4c4fc1bf9a2f647ee9b1ba0c6ac358499668ee5e9fce43629f54c9f9f945b589,296,8473,1-coins/145_1479428970.jpg::shape-7,1-coins/145_1479428970.jpg,7,491.1702831063698,383.5326019469496,567.0326154443547,459.3949342849344,25,10,8.53669989737682e-05,0.8283844590187073,0.1715248078107834,5.281269750412321e-06,1.0217562618208831e-07,0.8283844590187073,0.1715248078107834,1.7630273708793074,0.45923500975523973,1.3037923611240676
7214495bb45051288ea16898be629785c7fdbdd2ee21f0c7b603f0f9fdf05d84,297,14599,1-coins/5_1477156710.jpg::shape-0,1-coins/5_1477156710.jpg,0,24.00254123554684,80.49971637678978,96.90141356671305,153.39858870795598,5,25,0.16272121667861938,0.012960018590092659,0.8229573965072632,1.458563838241389e-05,0.001346828881651163,0.8229573965072632,0.16272121667861938,1.8157168695796824,0.5211973283780174,1.294519541201665
195390c37deb4950ede012046a71a3ceed6a143a4e31136b722d043167d8c56d,298,16699,1-coins/65_1477846356.jpg::shape-3,1-coins/65_1477846356.jpg,3,546.6641268530489,386.2279897813978,621.5601722123718,461.1240351407206,25,10,0.000488310819491744,0.8269184231758118,0.17221979796886444,5.422928370535374e-05,0.0003191827854607254,0.8269184231758118,0.17221979796886444,1.7589837228139558,0.46691218219142355,1.2920715406225323
fb391f2d585ab031572a512cc6bbb450e79d1b6f5ba62a861f1dcb63cf333b9a,299,4839,1-coins/115_1479349554.jpg::shape-1,1-coins/115_1479349554.jpg,1,105.658141106538,166.71611212103073,169.32736613983883,230.3853371543316,10,25,0.0005050418549217284,0.17369817197322845,0.8257707357406616,2.344172571611125e-05,2.5887895844789455e-06,0.8257707357406616,0.17369817197322845,1.7504361298363487,0.46624846136497894,1.2841876684713698
5093b29418f3620279fbdad10d0f0420933ba4fd44e2e017428999c5ae6c8cb2,300,10980,1-coins/25_1477153932.jpg::shape-0,1-coins/25_1477153932.jpg,0,470.5045953619057,338.7074939126303,541.8142452178043,410.0171437685291,25,10,0.0016400071326643229,0.8137790560722351,0.1572299599647522,0.02590233087539673,0.0014486380387097597,0.8137790560722351,0.1572299599647522,1.8500458321285405,0.5731946825345117,1.276851149594029
b4b3b9a671adf69f47faaea515487d14a3be8ed88fccd4db89fb4e138a348c73,301,11158,1-coins/25_1477191954.jpg::shape-0,1-coins/25_1477191954.jpg,0,39.981528674354514,239.56830553385865,122.8283886810174,322.4151655405215,25,10,7.972111052367836e-05,0.8246380090713501,0.17527885735034943,3.2419845865661046e-06,1.6643191713683336e-07,0.8246380090713501,0.17527885735034943,1.7413771027123555,0.46502157533016786,1.2763555273821876
1aa9acc232f300bce57b7a5013b3bd9af3636ea318ea568dbdbe61ad0ec9f9a7,302,8890,1-coins/150_1477864512.jpg::shape-2,1-coins/150_1477864512.jpg,2,478.2997080269583,222.6765196211612,559.3814513933315,303.75826298753435,25,10,4.9965962034548284e-08,0.8245537877082825,0.17544616758823395,1.5078803761170434e-09,2.935136340471196e-26,0.8245537877082825,0.17544616758823395,1.740423020518732,0.46441848394392254,1.2760045365748096
26d6cf59c86e5da05fb135210e0d5562470428ab70361eb643fe2f6a8e4777df,303,15376,1-coins/60_1477844838.jpg::shape-1,1-coins/60_1477844838.jpg,1,112.52971688296006,274.8178524761804,192.5550288797518,354.84316447297215,25,10,0.00030597797012887895,0.823750913143158,0.17593826353549957,1.7430938896723092e-06,3.1274837510864018e-06,0.823750913143158,0.17593826353549957,1.7376221208465346,0.467967609500662,1.2696545113458726
46c81ee7d79188c2849ec66caf94ef1d7648b3ac5f1bd707d5d5dea9944eabea,304,19830,1-coins/85_1477853892.jpg::shape-3,1-coins/85_1477853892.jpg,3,210.7506593897156,76.0907609125582,291.0564472092692,156.39654873211185,25,10,0.0545438714325428,0.7920833826065063,0.14690688252449036,0.0016869509126991034,0.00477893091738224,0.7920833826065063,0.14690688252449036,1.917956345133373,0.6613483852184571,1.2566079599149158
2ee0324eed5f3cb19c8282448b1a9a13e00f839e828747e9f9d63fc8ad23f7da,305,16518,1-coins/65_1477846002.jpg::shape-4,1-coins/65_1477846002.jpg,4,142.74556489610512,374.88842203896223,205.34967319913292,437.49253034199006,10,25,0.005341464653611183,0.1727488934993744,0.8208760023117065,5.4462780099129304e-06,0.0010281696449965239,0.8208760023117065,0.1727488934993744,1.7559162215683335,0.5004474283156752,1.2554687932526583
1e5a16c18c9058c3017fe7d737365393948b73dcd68082ca35fb232ed2d08ca3,306,3763,1-coins/110_1479345732.jpg::shape-2,1-coins/110_1479345732.jpg,2,161.06367947529827,237.5342677105924,239.9167126815645,316.3873009168586,25,10,0.00011380536307115108,0.8208053708076477,0.17908036708831787,4.680849770011264e-07,1.314031106147695e-09,0.8208053708076477,0.17908036708831787,1.7199205957548847,0.47112815973004174,1.2487924360248428
797ac45e071aaa8e7da1616a814377b0870749757cd46def11c730722c31a67d,307,6008,1-coins/120_1479422994.jpg::shape-6,1-coins/120_1479422994.jpg,6,259.06847598609613,197.81086949522395,325.5157025128897,264.25809602201747,10,25,0.00017341633792966604,0.17929159104824066,0.8205345869064331,3.197976354840648e-07,1.1103465169526316e-07,0.8205345869064331,0.17929159104824066,1.7187417982536506,0.47196536376605525,1.2467764344875953
c532c86c52ea7b2b7068f40ae3cc743304739ae4262c5e0405c1a83f4e6415bb,308,3002,1-coins/10_1477149072.jpg::shape-0,1-coins/10_1477149072.jpg,0,417.7383507062654,369.8812078491225,473.2140302461156,425.3568873889727,10,25,0.13497348129749298,0.13469856977462769,0.7303019762039185,2.2908243408892304e-05,3.050115310543333e-06,0.7303019762039185,0.13469856977462769,2.0047158134794443,0.7701559630636301,1.2345598504158142
ed9c67a24c38d481004618839dc6bde0a4adc4618b5a51d5102c1a220eadd8da,309,12100,1-coins/35_1477789662.jpg::shape-1,1-coins/35_1477789662.jpg,1,206.15118683381831,321.45553465990525,269.9357696879208,385.24011751400775,10,25,0.00011376907787052915,0.1810854971408844,0.818773090839386,4.131001333007589e-06,2.3454213078366593e-05,0.818773090839386,0.1810854971408844,1.7087859993487382,0.4744830618611138,1.2343029374876244
b7296dccd37d0fb89d5c8043cb47bededc1d4f61c83db10ff431990ebb650e6c,310,4951,1-coins/115_1479350550.jpg::shape-5,1-coins/115_1479350550.jpg,5,176.7989652229666,124.95838551282168,242.27349854514927,190.4329188350044,10,25,0.0021043787710368633,0.17997927963733673,0.8178645968437195,4.9966027290793136e-05,1.792621219465218e-06,0.8178645968437195,0.17997927963733673,1.7149135478438582,0.48657694684472924,1.228336600999129
3953756755f18693d622f285503d0b0381b490f85306e579756b77779d42c825,311,3525,1-coins/10_1477289688.jpg::shape-0,1-coins/10_1477289688.jpg,0,406.3585755448557,402.1541959828119,466.2837602215676,462.0793806595238,10,25,0.004233493469655514,0.18007463216781616,0.8156195282936096,2.3343965949607082e-05,4.8993737436831e-05,0.8156195282936096,0.18007463216781616,1.7143838908698203,0.4988163216475056,1.2155675692223147
86003c23f8c6baff6f94e4edf4eb4d7d4bf7587a254ef35f05e6738cebf63dd2,312,3342,1-coins/10_1477288500.jpg::shape-0,1-coins/10_1477288500.jpg,0,527.9984974636577,388.9182054928549,586.1182908575101,447.0379988867072,10,5,0.6114612221717834,0.11872690171003342,0.2684920132160187,0.001309731276705861,1.0132872375834268e-05,0.6114612221717834,0.11872690171003342,2.1309293669027904,0.9156384445535692,1.2152909223492212
b631927e73e8030a42f09ba755d5ad6dbb5a616fb99ef02c73fc7f54e42057ca,313,16998,1-coins/70_1477846830.jpg::shape-2,1-coins/70_1477846830.jpg,2,476.53920529818055,227.2399352251878,535.3878020010897,286.08853192809687,10,25,0.00021248291886877269,0.18215936422348022,0.8160102963447571,2.416048118902836e-06,0.0016153951874002814,0.8160102963447571,0.18215936422348022,1.702873347442009,0.4883245027116652,1.2145488447303439
84ac10abc8b7002ec3302ed168d44e3b46cd4c1e2e14f82e460a2e236ef4f258,314,8218,1-coins/145_1479428850.jpg::shape-12,1-coins/145_1479428850.jpg,12,517.5062366933138,303.5964622572237,596.0275978931521,382.117823457062,25,10,0.00011184854520251974,0.8154712319374084,0.18440988659858704,7.01950057191425e-06,7.477152053070313e-08,0.8154712319374084,0.18440988659858704,1.6905943543370747,0.47921174861190496,1.2113826057251698
63b7e06ad45999327a627ea0eb6cc7a015d1253e0d937978190b2b801b381322,315,4845,1-coins/115_1479349566.jpg::shape-1,1-coins/115_1479349566.jpg,1,217.99227499931487,242.4156326635484,280.06611916126906,304.4894768255026,10,25,9.803413558984175e-05,0.18475401401519775,0.8148534893989563,2.2578201424039435e-06,0.00029216051916591823,0.8148534893989563,0.18475401401519775,1.6887299926499415,0.4821503021578109,1.2065796904921307
e545a69ce2ac29dd34819f70bced426f5ee1372fceb56c36a42132be3c8ff9e2,316,18181,1-coins/75_1477850496.jpg::shape-1,1-coins/75_1477850496.jpg,1,171.8063208621423,188.6120762578257,234.86993813066343,251.6756935263469,10,25,0.00047281637671403587,0.18386933207511902,0.8147651553153992,6.696340733469697e-06,0.0008859509252943099,0.8147651553153992,0.18386933207511902,1.6935299254160179,0.48822448285327974,1.205305442562738
8ab89f5494ce34f71fa77ac96d420761c556ff076f4d86e9ae1ec88d630caec0,317,6843,1-coins/130_1477862466.jpg::shape-2,1-coins/130_1477862466.jpg,2,210.2206004779557,291.3744466318019,275.548630291275,356.7024764451212,10,25,0.00035191152710467577,0.18593798577785492,0.813698947429657,8.028637239476666e-06,3.1540298550680745e-06,0.813698947429657,0.18593798577785492,1.6823420706588181,0.4834999909674703,1.1988420796913477
86450b8be84fda2188a19efc9f6cd5843b3f9ecda286367018c0c387d5aa5dc3,318,4406,1-coins/115_1479347616.jpg::shape-1,1-coins/115_1479347616.jpg,1,304.4765027277824,15.260816453272623,374.9352619780999,85.71957570359012,5,25,0.14612548053264618,0.041087597608566284,0.7826715111732483,0.013376004062592983,0.016739441081881523,0.7826715111732483,0.14612548053264618,1.9232895706913173,0.7301548888356924,1.193134681855625
df122ca1219abaa3ce3962628e33b0d7339bb58e5c77cb3b9d079de9f7fd2a14,319,11091,1-coins/25_1477191456.jpg::shape-0,1-coins/25_1477191456.jpg,0,491.5269794456679,391.0269794456679,564.6813538876655,464.1813538876655,25,10,0.003638339461758733,0.8122511506080627,0.18405933678150177,4.53105712949764e-05,5.84863119001966e-06,0.8122511506080627,0.18405933678150177,1.6924970908512975,0.5013814267615471,1.1911156640897504
8cefdd5c1928f6d185cd3881a7318e04d7c88858a46672b79d7e21783b5c9306,320,8500,1-coins/145_1479428982.jpg::shape-8,1-coins/145_1479428982.jpg,8,359.52596965087366,282.8013319697143,425.25663904477847,348.532001363619,10,25,0.0026622088626027107,0.18543089926242828,0.8118947148323059,3.580532165869954e-06,8.545244781998917e-06,0.8118947148323059,0.18543089926242828,1.685072977048671,0.4975787530705094,1.1874942239781616
b8585009194cc684e42ac0fca2a3260fae72e02950df04fa07218d15d71d369c,321,15084,1-coins/5_1477292004.jpg::shape-0,1-coins/5_1477292004.jpg,0,534.3263376674109,220.73213476886025,601.5577203036036,287.9635174050528,5,25,0.16428761184215546,0.04401393607258797,0.7915484309196472,0.00015000993153080344,6.1523439676136604e-09,0.7915484309196472,0.16428761184215546,1.8061366564033043,0.6205489792141501,1.1855876771891543
8df06e84c56badc8cd5831ef083a52bb9750262249349315999f40e224df7f1e,322,15631,1-coins/60_1477845150.jpg::shape-0,1-coins/60_1477845150.jpg,0,73.84187953481484,143.4940534478583,138.4769610448953,208.1291349579388,10,25,0.00031818312709219754,0.1893557757139206,0.810315728187561,8.886231626092922e-06,1.4253457720769802e-06,0.810315728187561,0.1893557757139206,1.6641276222533745,0.4882317872081357,1.1758958350452389
f0cd1f10117b4cf0645decafd8f3d09bc8bdf3eed8502887bcb445e69bd86f49,323,17054,1-coins/70_1477848834.jpg::shape-2,1-coins/70_1477848834.jpg,2,475.76276720269743,164.20709493378985,538.5250479233531,226.9693756544455,10,25,0.0006588056567125022,0.18900543451309204,0.8103178143501282,3.749534243979724e-06,1.4145263776299544e-05,0.8103178143501282,0.18900543451309204,1.6659795102983601,0.49034290960678556,1.1756366006915746
ce9530c4377667198be97a89de06b5205584fcba84b283dc4f2e15b8b82a5743,324,8283,1-coins/145_1479428880.jpg::shape-12,1-coins/145_1479428880.jpg,12,336.8374218190181,195.67134408050225,419.69968065448006,278.5336029159642,25,10,9.107193932322843e-08,0.8100072741508484,0.18999263644218445,5.160750160548844e-10,1.0432097549292438e-21,0.8100072741508484,0.18999263644218445,1.6607699631401176,0.4862138453068108,1.1745561178333068
12974c843a22c75487d4a4410ca7096c3127414cbe52be331f9a227b9d3ca2c5,325,10982,1-coins/25_1477153944.jpg::shape-0,1-coins/25_1477153944.jpg,0,23.10618644940088,292.39190073511514,105.94143259821816,375.2271468839325,25,10,0.00028598151402547956,0.8092353940010071,0.19046373665332794,4.3092281885037664e-06,1.0524539902689867e-05,0.8092353940010071,0.19046373665332794,1.658293461311094,0.48963929055326705,1.168654170757827
837830708dca9d6afe5eaaa8d387ee476fe655313e136acc655336572cbcc1e3,326,6120,1-coins/120_1479423042.jpg::shape-6,1-coins/120_1479423042.jpg,6,310.4544321224043,164.10406715890065,376.4068817462088,230.0565167827052,10,25,0.00012651117867790163,0.1907494217157364,0.8091228604316711,2.2301991009499034e-07,1.0207123750660685e-06,0.8091228604316711,0.1907494217157364,1.6567946404565757,0.4885614447520047,1.168233195704571
6321a24eea533e6cdbfc282586d389ed9f2f01a5ee91e194a0e24faea0cb70c1,327,14269,1-coins/55_1477842360.jpg::shape-4,1-coins/55_1477842360.jpg,4,161.73676114731052,377.5059919165413,224.9940080834587,440.7632388526894,10,25,0.0012133149430155754,0.1877572238445282,0.8085997700691223,1.5374449731098139e-06,0.0024281947407871485,0.8085997700691223,0.1877572238445282,1.6726055132084128,0.5086182309132438,1.1639872822951691
d207e54e38f3652e7e6160cf8589e9f4b5c0c46bfbe4ad39950c2a768f94b799,328,9534,1-coins/150_1479430068.jpg::shape-1,1-coins/150_1479430068.jpg,1,247.08810327386453,37.03013225937181,315.955374987005,105.89740397251222,10,25,0.0024372213520109653,0.19028940796852112,0.8072658777236938,6.582986316061579e-06,9.188087233269471e-07,0.8072658777236938,0.19028940796852112,1.6592091658795298,0.5033231532141192,1.1558860126654107
9ca57440dd0623f96316caabb12991bb9d8befc34165a6e2bfb581c703ea2bf9,329,2476,1-coins/105_1479344544.jpg::shape-0,1-coins/105_1479344544.jpg,0,310.8699358992998,131.8058964904328,389.1005074504537,210.03646804158683,25,10,7.961200026329607e-05,0.80672687292099,0.19313405454158783,2.0845378458034247e-05,3.860313881887123e-05,0.80672687292099,0.19313405454158783,1.644370748071428,0.49221319024883325,1.1521575578225947
2c51c2b5a97b434cf45454f198b6fe10e99af398bbd23c9508a9811458488728,330,1670,1-coins/100_1477861050.jpg::shape-6,1-coins/100_1477861050.jpg,6,363.1451545776189,332.38839782086217,425.3953859629216,394.6386292061649,10,25,0.0003541105834301561,0.19330380856990814,0.8063360452651978,2.3183893063105643e-06,3.7800475638505304e-06,0.8063360452651978,0.19330380856990814,1.6434921900653754,0.49415192301369354,1.149340267051682
224e26c602681a6e924fdab1bc0aa95c705d9e4a6754873ad128c459fe198173,331,4269,1-coins/110_1479347478.jpg::shape-2,1-coins/110_1479347478.jpg,2,510.4325753757938,321.39090870912713,591.6090912908729,402.56742462420624,25,10,6.719181692460552e-05,0.8055010437965393,0.19442979991436005,1.9551237073756056e-06,2.7899465848690852e-08,0.8055010437965393,0.19442979991436005,1.6376841069632415,0.49330880446219616,1.1443753025010452
2477aa96aded93a930269f6ccd24f0482c7019f84420edde1aeb399ecc33e621,332,17611,1-coins/75_1477849818.jpg::shape-1,1-coins/75_1477849818.jpg,1,173.97137664115158,180.1465591229034,237.95563065811845,244.13081313987027,10,25,0.00012196912575745955,0.1945076435804367,0.8053622245788574,1.4381715800482198e-06,6.717174528603209e-06,0.8053622245788574,0.1945076435804367,1.637283818081736,0.49399395680677965,1.1432898612749562
e302675349a1d4e6bc14e9946e5458ddc35bc23aeb63a182d552e1bb22cfc3e1,333,11294,1-coins/25_1477285686.jpg::shape-0,1-coins/25_1477285686.jpg,0,310.7967949397919,131.5110806540776,384.9174907744938,205.6317764887795,25,10,5.435537241282873e-05,0.8052756786346436,0.19465893507003784,2.4645096345921047e-06,8.564117706555407e-06,0.8052756786346436,0.19465893507003784,1.6365063027167348,0.49362513180638656,1.1428811709103481
c30e67d06f58be01358234e08a6c448da18a2df790a1fbe320efe9c9c909f8a7,334,20670,1-coins/90_1477855668.jpg::shape-2,1-coins/90_1477855668.jpg,2,463.7943363349964,33.539017186060214,543.5248126011738,113.26949345223768,25,10,0.0023454653564840555,0.8049135804176331,0.19272290170192719,1.6991132724797353e-05,1.064738512468466e-06,0.8049135804176331,0.19272290170192719,1.6465018642201321,0.5064049356630327,1.1400969285570994
987a1952c48e0d5a99843270e2440eb1c95a6364426c3dac5198b5427da2541b,335,13615,1-coins/55_1477838910.jpg::shape-0,1-coins/55_1477838910.jpg,0,121.89033682495864,80.46480491006507,201.3862589197221,159.96072700482853,25,10,5.285434235702269e-05,0.8029252290725708,0.19700582325458527,1.4183545317791868e-05,1.9039441667700885e-06,0.8029252290725708,0.19700582325458527,1.6245219910130815,0.49698123158080765,1.1275407594322737
06227faab6e1197bce1a4403ac006e0bc1d3491625adddf60ba1947e49ea9ebb,336,7530,1-coins/140_1479427326.jpg::shape-2,1-coins/140_1479427326.jpg,2,125.98155559139953,284.1469099221082,195.05781448734064,353.2231688180493,10,25,0.0004062844382133335,0.19690130650997162,0.8026818633079529,1.0259139344270807e-05,2.75776898206459e-07,0.8026818633079529,0.19690130650997162,1.625052657960536,0.49969638958773555,1.1253562683728005
8d8eaadf26634bd1f255da2217d1dec5426e49214fb7188c4eb108acd585dda7,337,19827,1-coins/85_1477853892.jpg::shape-0,1-coins/85_1477853892.jpg,0,196.3320277983605,335.2761902349087,260.80502803920297,399.7491904757512,10,5,0.7035455107688904,0.1358637511730194,0.14414243400096893,0.013574110344052315,0.0028743059374392033,0.7035455107688904,0.1358637511730194,1.9961027250229386,0.8729611538551179,1.1231415711678208
f14f8698e3d3d1916c7125cba544789192a994f17191775acd654abd074dc1e7,338,8823,1-coins/150_1477864410.jpg::shape-2,1-coins/150_1477864410.jpg,2,420.5881757490147,178.19687140118862,499.8755923669273,257.4842880191012,25,10,4.937871563015506e-05,0.8007103204727173,0.19923853874206543,1.5183321693257312e-06,2.967273644571833e-07,0.8007103204727173,0.19923853874206543,1.6132524849634284,0.4998992177939671,1.1133532671694613
3cbf7f32f34293f1f5961279bd79fe8af398b698a537baf8cd17b7601fd1918c,339,14356,1-coins/55_1477842612.jpg::shape-1,1-coins/55_1477842612.jpg,1,299.81172702338495,176.3297126348958,380.2458269334494,256.7638125449602,25,10,0.0003789501788560301,0.7995960116386414,0.200015127658844,9.616069291951135e-06,2.4592404201939644e-07,0.7995960116386414,0.200015127658844,1.609362277000312,0.5038256189705279,1.105536658029784
bd855f7aa27814ee4eb1a2190e34c4bd004eba73aa45d4cecd53a3ae5514e50b,340,10995,1-coins/25_1477154028.jpg::shape-0,1-coins/25_1477154028.jpg,0,56.60944028833797,329.74993615610657,136.77898946372818,409.9194853314968,25,10,0.00013799007865600288,0.7978230714797974,0.20203709602355957,1.685706934040354e-06,1.2235535962190625e-07,0.7978230714797974,0.20203709602355957,1.599303954760381,0.5045726213990918,1.0947313333612891
13a1cac647f78fb880685249bc5d0e1396d5355a9067941cc7dabc623e7a54b2,341,5266,1-coins/120_1479351360.jpg::shape-4,1-coins/120_1479351360.jpg,4,151.75488335105618,54.5797421081183,218.30161382408508,121.12647258114724,10,25,0.012614469975233078,0.19240513443946838,0.7949503064155579,2.8621892852243036e-05,1.4349553794090752e-06,0.7949503064155579,0.19240513443946838,1.64815205483078,0.5550153556362885,1.0931366991944915
9c7e71d60c5709c1e2008b4a6f780b76436d75efc1e0a70dcc720478970ff788,342,3304,1-coins/10_1477288254.jpg::shape-0,1-coins/10_1477288254.jpg,0,95.303045020387,133.803045020387,157.696954979613,196.196954979613,10,25,0.004085954278707504,0.1984642595052719,0.7972248792648315,0.00022466812515631318,2.0482038110003487e-07,0.7972248792648315,0.1984642595052719,1.6171462479365226,0.5259757566529161,1.0911704912836067
de4604752ae7863d94d151ad8881b483a9cfca1a076cbf04dbffb39b161fe06c,343,21047,1-coins/90_1477857036.jpg::shape-7,1-coins/90_1477857036.jpg,7,3.092334602722069,61.90185841224588,81.1933796829922,140.00290349251603,25,10,6.528142694151029e-05,0.7970578074455261,0.20286832749843597,7.393633040919667e-06,1.102958549381583e-06,0.7970578074455261,0.20286832749843597,1.5951981434063824,0.5051418538075502,1.0900562895988322
1a1d2b6fe260ee90ad01dd006b279a548d1d8fa29889911befac9b749af8645d,344,9893,1-coins/170_1479423144.jpg::shape-5,1-coins/170_1479423144.jpg,5,379.7267079500084,238.4566349573077,445.3389854806485,304.0689124879478,10,25,0.0005042622215114534,0.2024160474538803,0.7970028519630432,1.4323554751172196e-05,6.249466969165951e-05,0.7970028519630432,0.2024160474538803,1.597430058872453,0.5087763542265783,1.0886537046458749
ff0c1df0a300190aeea91cb851d1bb0ba689cbfc28431efa6f4eb69812e1692b,345,14026,1-coins/55_1477842132.jpg::shape-8,1-coins/55_1477842132.jpg,8,386.9359416745356,198.06002926577648,450.66989774152273,261.7939853327636,10,25,0.0002847331343218684,0.204010471701622,0.7956868410110474,5.504057298821863e-06,1.2464107385312673e-05,0.7956868410110474,0.204010471701622,1.58958395458466,0.5086776273403869,1.0809063272442732
e881b9a573db5f4b1bef292004e638bd309a3c0392312e0b750d086c85c0b928,346,12972,1-coins/45_1477837050.jpg::shape-2,1-coins/45_1477837050.jpg,2,106.69522026039272,41.21902978420223,188.06668450151204,122.59049402532156,25,10,0.00045509394840337336,0.7947800159454346,0.20446796715259552,0.00029572536004707217,1.266844037672854e-06,0.7947800159454346,0.20446796715259552,1.5873439556091904,0.5130361849671163,1.074307770642074
f7c38cd2e2b57dab25e66588e83a7ffabd426d17098312cd0da8f16849c8df97,347,15633,1-coins/60_1477845150.jpg::shape-2,1-coins/60_1477845150.jpg,2,187.74160384624287,272.6111690636342,250.6641932552064,335.5337584725977,10,25,0.0004655847151298076,0.20480239391326904,0.7946740388870239,5.5423559388145804e-05,2.4905698410293553e-06,0.7946740388870239,0.20480239391326904,1.5857096968554665,0.5115391035815321,1.0741705932739345
61c9fe48d6262bd19f5d61f36725543b477011d52f085abf803b7d119f4e5b2d,348,8944,1-coins/150_1479429504.jpg::shape-0,1-coins/150_1479429504.jpg,0,258.0841400055509,189.4174733388843,340.1187585451736,271.45209187850696,25,10,0.001229489571414888,0.7947449088096619,0.20394887030124664,7.527851994382218e-05,1.3984446241011028e-06,0.7947449088096619,0.20394887030124664,1.589885952330519,0.5158080094259491,1.07407794290457
0eea384dc14768634b55939f652454789e45257ef813d9d8faefda3745131cba,349,21014,1-coins/90_1477857012.jpg::shape-6,1-coins/90_1477857012.jpg,6,91.75856926921873,234.37761688826637,170.62238311173363,313.24143073078125,25,10,0.00011205857299501076,0.7944105267524719,0.20547688007354736,5.479954552356503e-07,2.5157573801948274e-08,0.7944105267524719,0.20547688007354736,1.582421757099922,0.5090162531999981,1.0734055038999237
f66a9e60ed06981406d7af3ad7eb81086877eba25cc9058c149b98dcc4d8865e,350,11432,1-coins/25_1477286886.jpg::shape-0,1-coins/25_1477286886.jpg,0,351.26168100384905,165.3450143371824,430.98831899615095,245.0716523294843,25,10,0.0004173917113803327,0.7938229441642761,0.1983886957168579,0.0003521523321978748,0.007018790114670992,0.7938229441642761,0.1983886957168579,1.617527062988208,0.5450440841552039,1.072482978833004
ef2ae6bfcacf2fd10d989bfda24b7043b0839b9987e6a5d19fa0ccfa0d32ccf4,351,15923,1-coins/60_1477845378.jpg::shape-7,1-coins/60_1477845378.jpg,7,286.6813235823468,391.3966520495001,350.0632019650984,454.77853043225167,10,25,0.00016320811118930578,0.20569397509098053,0.7941114902496338,1.3599464182334486e-05,1.772958603396546e-05,0.7941114902496338,0.20569397509098053,1.5813657725383707,0.5101146635666834,1.0712511089716874
f93168c7e3dd5cdbf6c87a3e05384276ad316a3a69f47379b2b271e0e258c3f1,352,6317,1-coins/125_1479424686.jpg::shape-3,1-coins/125_1479424686.jpg,3,358.66042878415226,271.0642749379984,423.2626481389247,335.6664942927708,10,25,0.00042715671588666737,0.2060190886259079,0.7935213446617126,1.374334942738642e-06,3.109288081759587e-05,0.7935213446617126,0.2060190886259079,1.5797864512529656,0.5126429709241148,1.0671434803288506
9efd37d0805c2a759a035194fcbbd3c8a56cc6b85a49b6e16e3cf92f140bfd7c,353,18621,1-coins/80_1477850808.jpg::shape-1,1-coins/80_1477850808.jpg,1,280.1951752982528,296.5793560892132,344.0534122723688,360.4375930633293,10,25,7.437168824253604e-05,0.2047508955001831,0.7936064004898071,1.9217941371607594e-06,0.0015663995873183012,0.7936064004898071,0.2047508955001831,1.5859611826312545,0.5190327466860875,1.066928435945167
8056c2f6ada8004deb3c71b4693ae0e199e8bd64e7b316420536f4a8f5fd7632,354,12019,1-coins/35_1477789554.jpg::shape-0,1-coins/35_1477789554.jpg,0,71.06977260860852,399.8726923166377,130.63825658847176,459.44117629650094,10,25,0.010187426581978798,0.19854438304901123,0.7909717559814453,0.00029263118631206453,3.852305781038012e-06,0.7909717559814453,0.19854438304901123,1.616742611661445,0.5556272283217749,1.06111538333967
61b59ea392eeb1c417a4d3bf71b5f93bbca6b38a7868c8349edba7faa4d9595e,355,20875,1-coins/90_1477855836.jpg::shape-3,1-coins/90_1477855836.jpg,3,387.3867216571691,33.688879930550435,466.77155172412574,113.07370999750712,25,10,0.00021570005628746003,0.7915610074996948,0.20822224020957947,1.0324480399503955e-06,2.793984066329358e-08,0.7915610074996948,0.20822224020957947,1.5691493071346057,0.5135934181155548,1.0555558890190508
b49e162a2e3f9152ffb16ffa77970d32a60d81db803b567a17baaa00a54109b7,356,15960,1-coins/60_1477845402.jpg::shape-8,1-coins/60_1477845402.jpg,8,241.54678009494995,371.81431268288304,305.39713548976675,435.66466807769984,10,25,0.00027171248802915215,0.2083795815706253,0.7913421988487244,2.453927891110652e-06,4.032714059576392e-06,0.7913421988487244,0.2083795815706253,1.5683939510113194,0.5143277242918702,1.0540662267194492
5a77e86cea13a4b2d4f9fced5a0026e41c40b82908f1a6cb0605ea883aa67157,357,6552,1-coins/130_1477861968.jpg::shape-6,1-coins/130_1477861968.jpg,6,412.563722737664,120.5904785905068,475.0616953225366,183.08845117537948,10,25,0.00047866295790299773,0.20864306390285492,0.7908767461776733,1.4068517657506163e-06,1.9473920076507056e-07,0.7908767461776733,0.20864306390285492,1.5671303152344631,0.5162020609178964,1.0509282543165668
e69292ff8034a480655a058f53bf49ed8bf77aab47ccfa4b93960e575ee878c7,358,11246,1-coins/25_1477285392.jpg::shape-0,1-coins/25_1477285392.jpg,0,240.4057134998713,216.57962654334955,318.2899386740417,294.46385171752,25,10,0.0001591403124621138,0.7897651195526123,0.2100621610879898,1.2417444850143511e-05,1.110298398998566e-06,0.7897651195526123,0.2100621610879898,1.5603517868846548,0.5157182838422898,1.044633503042365
1c9d90907101bfd178f255f7d735dd7826930bf24549d42f4a86bddb3922be82,359,2225,1-coins/100_1477861398.jpg::shape-10,1-coins/100_1477861398.jpg,10,489.8613037762431,328.4271952491113,567.890634208253,406.45652568112126,25,10,0.00010071642464026809,0.7892223596572876,0.2106667011976242,1.0125133485416882e-05,7.964509052271751e-08,0.7892223596572876,0.2106667011976242,1.5574780095906295,0.5159680076484691,1.0415100019421604
574479991e5f2896ac2c4bbe1d833920cb7417c38ca15e990022966553f2e16d,360,12004,1-coins/35_1477789530.jpg::shape-1,1-coins/35_1477789530.jpg,1,394.2769072305309,298.99223569768424,462.9055745212938,367.6209029884472,10,5,0.6228142380714417,0.1334255039691925,0.020502792671322823,0.2232365906238556,2.0805056919925846e-05,0.6228142380714417,0.1334255039691925,2.0142119795971243,0.9783251875045637,1.0358867920925605
4f7d2ad3f68cf3ce932c07dcf38dde2f11eeb3d23728deaf83b64d82fd6c16b6,361,16792,1-coins/65_1477846518.jpg::shape-4,1-coins/65_1477846518.jpg,4,275.25021414427067,282.914447720913,340.0782530090139,347.74248658565625,10,25,0.00014371747965924442,0.21151109039783478,0.7883229851722717,6.303783266048413e-06,1.594801688042935e-05,0.7883229851722717,0.21151109039783478,1.5534778450013738,0.5176015720536853,1.0358762729476885
39425e1bb6a8c269631329b2560206354a852b0d1a6e3404b1a9bbacdec2e255,362,11292,1-coins/25_1477285674.jpg::shape-0,1-coins/25_1477285674.jpg,0,358.1409380359898,42.1885570836089,433.763823868772,117.8114429163911,25,10,0.0008903259877115488,0.7884858846664429,0.21049299836158752,7.898464536992833e-05,5.181763117434457e-05,0.7884858846664429,0.21049299836158752,1.5583028883530934,0.5228992587695521,1.0354036295835414
f58c087189578792c55db0c60e88092e8bfe63e2d174f8b30762cb4082a3fd88,363,2404,1-coins/105_1479344490.jpg::shape-0,1-coins/105_1479344490.jpg,0,43.78252240958616,65.21109383815758,124.54045895687348,145.96903038544488,25,10,0.0003001605218742043,0.7874481081962585,0.21218803524971008,6.343375571304932e-05,2.472374092121754e-07,0.7874481081962585,0.21218803524971008,1.5502824387005327,0.5201697971366102,1.0301126415639226
a8e2746b3bbe3667cc97c6c68e30a5dc251adc70e55052834dafb420bd6b3ee8,364,11379,1-coins/25_1477286232.jpg::shape-0,1-coins/25_1477286232.jpg,0,65.57312307398533,138.12384771166649,145.29644214340593,217.84716678108708,25,10,0.00045917811803519726,0.7873778343200684,0.21194787323474884,0.0002106623724102974,4.4824578253610525e-06,0.7873778343200684,0.21194787323474884,1.5514149155119716,0.5224072311194575,1.0290076843925142
fda5ed5398d88b2ad8c000ef410a15039a01a8a1a5c9133a247e3860a67d82fb,365,2388,1-coins/105_1479344478.jpg::shape-0,1-coins/105_1479344478.jpg,0,183.3669905009156,74.12061368932135,264.1112703686497,154.86489355705544,25,10,6.960851169424132e-05,0.785638153553009,0.21428713202476501,4.909778908768203e-06,2.744758376138634e-07,0.785638153553009,0.21428713202476501,1.5404384248534653,0.5203688751206672,1.020069549732798
5b0b562c25b15cdc32faa0bafeeebd3ac1d051dc5393f318ad61009e8fe0a283,366,3306,1-coins/10_1477288266.jpg::shape-0,1-coins/10_1477288266.jpg,0,33.91901067175537,102.94799617900172,97.58823570505622,166.61722121230258,10,25,0.04108027368783951,0.1794162094593048,0.7657774686813354,0.013725901953876019,1.7921352934990864e-07,0.7657774686813354,0.1794162094593048,1.7180469797082978,0.7026071356332582,1.0154398440750396
38098609f61129529351ef4daeca2f678009556b039300a8eea0fa99ca14529d,367,3966,1-coins/110_1479346206.jpg::shape-3,1-coins/110_1479346206.jpg,3,463.4190752040722,339.69443752291284,528.9577363901305,405.2330987089711,10,25,0.0017887834692373872,0.21341004967689514,0.7847851514816284,1.547681495139841e-05,5.007839831705496e-07,0.7847851514816284,0.21341004967689514,1.5445398480794927,0.5313042372531499,1.0132356108263427
6be78de50e4c505e796e841a7b5942fb414b7036938c61ee61fbdf3d584aa78b,368,8569,1-coins/145_1479429012.jpg::shape-12,1-coins/145_1479429012.jpg,12,208.8936195029447,214.05303979279967,288.93246745357703,294.0918877434321,25,10,2.1466581529239193e-05,0.783771812915802,0.21620656549930573,1.658217172462173e-07,1.9393935346556646e-09,0.783771812915802,0.21620656549930573,1.5315210065262514,0.5223143613194944,1.0092066452067572
1186e1865b2405bc4b10ec4407b781746c98ae9ef7edd7868cceed513518b599,369,15291,1-coins/60_1477844712.jpg::shape-0,1-coins/60_1477844712.jpg,0,24.445669253434826,154.00771304905524,101.83170300933888,231.3937468049593,25,10,0.00010191655746893957,0.783416748046875,0.21648061275482178,6.377391628120677e-07,4.0343469009940236e-08,0.783416748046875,0.21648061275482178,1.5302542840258706,0.5234414904308733,1.0068127935949973
7e356aad734bd8e22bacbbe758c984ad2226db5d5b862f018c981f52fd6c8fa5,370,18655,1-coins/80_1477850826.jpg::shape-8,1-coins/80_1477850826.jpg,8,293.8696770110045,107.34412956574906,376.4514908722071,189.92594342695165,25,10,0.00015607671230100095,0.7834054827690125,0.21643704175949097,9.124786970460264e-07,4.363240009297442e-07,0.7834054827690125,0.21643704175949097,1.5304555740172745,0.5238674796257543,1.0065880943915202
c942b8d9d8153baa76d01da31f7dc375193f7b1e416c1e397e5699a243272419,371,18276,1-coins/75_1477850544.jpg::shape-8,1-coins/75_1477850544.jpg,8,175.3503844459504,261.30276539833136,240.36390126833527,326.31628222071623,10,25,0.00025981597718782723,0.21671174466609955,0.7830033302307129,3.5152124837622978e-06,2.1652414943673648e-05,0.7830033302307129,0.21671174466609955,1.5291871740953684,0.5253514086549234,1.003835765440445
9c37d2099fc44c3bbbd205c10ef649d0da231eabfeec56402819882904beb7d7,372,11393,1-coins/25_1477286316.jpg::shape-0,1-coins/25_1477286316.jpg,0,501.5839416058394,180.021897810219,577.4963503649634,255.934306569343,25,10,0.00016097533807624131,0.7829400300979614,0.21688827872276306,7.651245141460095e-06,3.0512287594319787e-06,0.7829400300979614,0.21688827872276306,1.5283729026152248,0.5246058356304139,1.0037670669848109
83f885ad91aa10e5f735f67d0ce4f5a09992c6255764be8073f1d139b7f01f70,373,20977,1-coins/90_1477856988.jpg::shape-1,1-coins/90_1477856988.jpg,1,231.76403517391665,198.5176583623225,309.5403126521702,276.29393584057607,25,10,1.1655361049633939e-05,0.7820881009101868,0.21789883077144623,1.6830280458179914e-07,1.1949404097322258e-06,0.7820881009101868,0.21789883077144623,1.523724402941112,0.5243968679867431,0.999327534954369
be4313fd2aabbfe0fa34f939cbaf38df468c54e6d00603a580a5e9a544ff4870,374,9390,1-coins/150_1479429780.jpg::shape-3,1-coins/150_1479429780.jpg,3,44.33999152420994,87.91142009563853,124.70762752340907,168.27905609483767,25,10,6.488230428658426e-05,0.7820586562156677,0.21787485480308533,1.4747927252756199e-06,1.696049451993531e-07,0.7820586562156677,0.21787485480308533,1.5238344415651903,0.5249032959589504,0.99893114560624
40420e5b5efef261659f45a397f55a9705e4d43e033cec9f044e4cc7688cd4af,375,3381,1-coins/10_1477288764.jpg::shape-0,1-coins/10_1477288764.jpg,0,310.90433849914115,137.51747718527258,371.09566150085874,197.70880018699015,10,5,0.7651647329330444,0.19085821509361267,0.04395945370197296,1.5367202649940737e-05,2.2041351712687174e-06,0.7651647329330444,0.19085821509361267,1.6562244559511847,0.6584609920496346,0.9977634639015501
982dcf0879fe79018aa84d8ceec851d428bc41bba384a2a6ed7cfca2bed2a411,376,2528,1-coins/105_1479344580.jpg::shape-4,1-coins/105_1479344580.jpg,4,420.1311079813768,316.0735540245423,482.94802870927055,378.890474752436,10,25,0.00022480862389784306,0.2174001783132553,0.7820397019386292,8.744873412069865e-07,0.0003344480355735868,0.7820397019386292,0.2174001783132553,1.5260154840871982,0.5285975664361384,0.9974179176510598
a25f081beac3513b6aa8897f527cf630125af3f247851c2003b179f750460cd3,377,16390,1-coins/65_1477845894.jpg::shape-2,1-coins/65_1477845894.jpg,2,272.60146450163256,362.1987799378742,340.17705898830025,429.774374424542,10,25,0.00025348537019453943,0.21874438226222992,0.7809668779373169,2.0277291696402244e-05,1.4996605386841111e-05,0.7809668779373169,0.21874438226222992,1.519851435161127,0.5280161832985564,0.9918352518625706
ebd2ff5c01f1ef1129082c12a2e72d0fea15a7ccf9336ff8f11a62683e909484,378,3303,1-coins/10_1477288248.jpg::shape-0,1-coins/10_1477288248.jpg,0,367.31151462907286,155.24254911183144,427.2402095088582,215.1712439916168,10,25,0.004156875889748335,0.21540594100952148,0.7803882360458374,4.0180981159210205e-05,8.702285413164645e-06,0.7803882360458374,0.21540594100952148,1.535230933351805,0.5475060831493873,0.9877248502024177
1270b9ca1fbea0231599607f085deb58c81a65b1cb4a65f93cf1ddb609a821b3,379,6324,1-coins/125_1479424698.jpg::shape-2,1-coins/125_1479424698.jpg,2,398.3906590430127,283.9212056668069,462.05950172869154,347.5900483524858,10,25,0.00038559152744710445,0.219297856092453,0.7801973223686218,5.683245490217814e-06,0.00011354681919328868,0.7801973223686218,0.219297856092453,1.5173243997462864,0.5305285808794115,0.986795818866875
a022ae4281c52acc704969954c85369c26c957afcc5fd3a1b599952f15f2200a,380,3853,1-coins/110_1479346122.jpg::shape-2,1-coins/110_1479346122.jpg,2,205.11260016220672,273.1577129441616,286.61672314606403,354.6618359280189,25,10,3.3380958484485745e-05,0.7790374755859375,0.2209261655807495,2.8227875645825407e-06,1.4006199933191965e-07,0.7790374755859375,0.2209261655807495,1.5099267256804803,0.5284873166101934,0.9814394090702868
0ae85738860ce73fc32b68da4335f15d8d0247ae4e5f5da656f14ee8feb01e52,381,16822,1-coins/65_1477846554.jpg::shape-4,1-coins/65_1477846554.jpg,4,232.1104063635068,368.53897779207824,295.0324507793503,431.46102220792176,10,25,7.350860687438399e-05,0.22129449248313904,0.7785567045211792,1.0882419019253575e-06,7.42663032724522e-05,0.7785567045211792,0.22129449248313904,1.508260919342192,0.530073769674028,0.9781871496681641
7c9cf6db9af0e59090135cc57e1b4ed4f88b2583cd74c26a5fe1cdfab3c0b84c,382,6566,1-coins/130_1477861974.jpg::shape-8,1-coins/130_1477861974.jpg,8,542.5442412011025,334.90877322080706,617.5247243161386,409.8892563358432,25,10,2.253531238238793e-05,0.777045488357544,0.22293035686016083,1.1712553487086552e-06,3.890924062943668e-07,0.777045488357544,0.22293035686016083,1.5008958573736666,0.5308728129289675,0.9700230444446991
6645a136adc7f12ed834979fccc9588481070fedcfc2fc3c816bc68d63d4a81d,383,16926,1-coins/70_1477846758.jpg::shape-2,1-coins/70_1477846758.jpg,2,319.9748820976596,221.04057552831657,379.5433660775228,280.60905950817977,10,25,0.0009109369129873812,0.17780229449272156,0.7315937876701355,6.53054894428351e-06,0.08968648314476013,0.7315937876701355,0.17780229449272156,1.7270830510771553,0.7584528435562345,0.9686302075209208
90f7170977cc3b2600d3d784b95724a5a18e2a9958ae05072a8c7f9f260bd059,384,2475,1-coins/105_1479344538.jpg::shape-7,1-coins/105_1479344538.jpg,7,262.2730248454964,339.2730248454964,343.147265009576,420.147265009576,25,10,2.6039853764814325e-05,0.7767566442489624,0.2232169210910797,3.9858093714428833e-07,2.8312921784845457e-08,0.7767566442489624,0.2232169210910797,1.4996112400085526,0.5312504576521639,0.9683607823563887
cbc26308a5714003d701d4ae72e6ccd8a5559f1f68da566a745cbd2f82957886,385,3774,1-coins/110_1479345744.jpg::shape-1,1-coins/110_1479345744.jpg,1,159.51022813735403,237.0576733928285,238.6795528845437,316.2269981400182,25,10,0.00010685234155971557,0.7767181992530823,0.22317375242710114,1.134693889071059e-06,1.5640118533610803e-08,0.7767181992530823,0.22317375242710114,1.4998046520427823,0.5319692573469127,0.9678353946958697
3f85bb664ba0beb147a35fc630a7fe540beef67473097510a1f900ec50a3c489,386,3379,1-coins/10_1477288752.jpg::shape-0,1-coins/10_1477288752.jpg,0,146.47956069423512,43.76941576669889,211.1146422043156,108.40449727677937,10,5,0.7466769814491272,0.18571478128433228,0.06639153510332108,0.0012164970394223928,1.960946036660971e-07,0.7466769814491272,0.18571478128433228,1.6835432161372856,0.7190141496088264,0.9645290665284593
4409f00dd96fcbe547f3a673f44e60163a2a16915052e4e6ce8024d5bc519d70,387,14231,1-coins/55_1477842324.jpg::shape-2,1-coins/55_1477842324.jpg,2,244.7744908396508,284.14139731447096,311.02407031142826,350.3909767862484,10,25,6.556192238349468e-05,0.22526611387729645,0.7746566534042358,3.2493656476617616e-07,1.1346611245244276e-05,0.7746566534042358,0.22526611387729645,1.4904728473063482,0.5343158536495997,0.9561569936567486
f2e81cc77e93a53418acb450ed6145cf3ab3b0d646269070be763e2601ab40bf,388,3239,1-coins/10_1477287852.jpg::shape-0,1-coins/10_1477287852.jpg,0,64.02523278022593,156.90114518898503,128.3251321832777,221.2010445920368,10,25,0.00047586881555616856,0.2249625325202942,0.7745336294174194,2.5152879970846698e-05,2.786727009151946e-06,0.7745336294174194,0.2249625325202942,1.4918214127760923,0.5374353708172487,0.9543860419588436
e2370d427aa7f66721c0b4d4aeff90cc4f2385c8d8089fcdd87fcfeb60b1e3a3,389,11986,1-coins/30_1477787484.jpg::shape-1,1-coins/30_1477787484.jpg,1,393.5700108686814,249.3540725653395,474.8104518562543,330.5945135529124,25,10,3.0235927624744363e-05,0.7740966081619263,0.225846067070961,2.094891669912613e-06,2.4905099053285085e-05,0.7740966081619263,0.225846067070961,1.4879016309319255,0.534856869871793,0.9530447610601325
b809ec7ff99e1aaf80b5ddff49b07c9c1616ac41aa90a365e7af55642636ad6b,390,5254,1-coins/120_1479351354.jpg::shape-1,1-coins/120_1479351354.jpg,1,152.2394984864889,53.620209146387374,218.60314110741973,119.9838517673182,10,25,0.01336248591542244,0.2144489288330078,0.7721498608589172,3.698774889926426e-05,1.8326832105231006e-06,0.7721498608589172,0.2144489288330078,1.5396836629815578,0.5879082753101762,0.9517753876713816
7aa1d92d8d41b4da891ae691ede85c1b29259e82d36037e6fd4d68771e6d7e0b,391,11474,1-coins/25_1477287156.jpg::shape-0,1-coins/25_1477287156.jpg,0,543.5312155831987,336.70429250627546,617.2380151860323,410.41109210910906,25,10,0.00537588307633996,0.7194001078605652,0.17232376337051392,0.001034861197695136,0.10186544060707092,0.7194001078605652,0.17232376337051392,1.7583802263829051,0.8078138837821472,0.9505663426007579
a00774dc250999b601f1dc49477fb811e5a90dc2854a79ba79e4c77a90eca4fe,392,20563,1-coins/90_1477855554.jpg::shape-1,1-coins/90_1477855554.jpg,1,49.996185090701154,312.3846742993342,130.26280771505424,392.6512969236873,25,10,0.0007905176025815308,0.7734014987945557,0.22579459846019745,1.3206476978666615e-05,1.508988134446554e-07,0.7734014987945557,0.22579459846019745,1.4881295493410256,0.5405397828044685,0.9475897665365571
081039166e15a565b2ebafb08bb8f0830b4c5d23f30a3e8afedab0f712e0bbc9,393,14998,1-coins/5_1477291194.jpg::shape-0,1-coins/5_1477291194.jpg,0,537.888393387921,228.90966998366576,604.5371385269725,295.55841512271724,5,25,0.22732698917388916,0.000537463347427547,0.7720549702644348,8.057092782109976e-05,1.7839633104088648e-09,0.7720549702644348,0.22732698917388916,1.4813658170559134,0.5412905872402638,0.9400752298156496
eddda3ab9904279bef6837b96027b64808a0250732ef489d00e308c39899e6fd,394,2550,1-coins/105_1479344688.jpg::shape-2,1-coins/105_1479344688.jpg,2,33.81626141736016,190.08709475069347,97.39207191597322,253.66290524930653,10,25,9.975476859835908e-05,0.22827500104904175,0.7716248035430908,3.7585152767860563e-07,5.4194593701595295e-08,0.7716248035430908,0.22827500104904175,1.4772042318842158,0.5381833031358262,0.9390209287483896
2092d380065f458343e3e0cce371995d0896805a1340b3f783f34387fd1ac3ba,395,4900,1-coins/115_1479349656.jpg::shape-2,1-coins/115_1479349656.jpg,2,307.0618268766348,55.69950803605517,374.8222310943796,123.4599122537999,10,25,0.0073406207375228405,0.22124738991260529,0.771230161190033,0.00017599956481717527,5.824834715895122e-06,0.771230161190033,0.22124738991260529,1.5084737921688571,0.5717531118501955,0.9367206803186616
e006f768db9a7c47a0c030d334a32ac0026f8c08117d9ab9dd9f8dcd03f77c5c,396,5615,1-coins/120_1479351582.jpg::shape-3,1-coins/120_1479351582.jpg,3,415.4700424659971,39.00288918132557,479.0701035194043,102.60295023473282,10,25,0.0014281690819188952,0.2270650416612625,0.7714934349060059,5.754217454523314e-06,7.5761499829241075e-06,0.7714934349060059,0.2270650416612625,1.482518775399671,0.5462897121684364,0.9362290632312346
4542fd1f04a6a405aab8130881a0143acc32b366c614345e9d84e1c867baad26,397,11436,1-coins/25_1477286910.jpg::shape-0,1-coins/25_1477286910.jpg,0,75.42075954212866,358.4235924033184,151.20813564200728,434.2109685031971,25,10,0.0016230869805440307,0.7717070579528809,0.22633565962314606,0.00021508282225113362,0.00011906799045391381,0.7717070579528809,0.22633565962314606,1.4857361619861404,0.5495810773917901,0.9361550845943504
2d6dd6b77520cfb4cfc7d2cc86228ed83597687701057faeaf252e408c47741d,398,13887,1-coins/55_1477839312.jpg::shape-4,1-coins/55_1477839312.jpg,4,311.8549431096764,256.86943586329954,394.6667960207584,339.6812887743816,25,10,0.00022364126925822347,0.7701560854911804,0.22960326075553894,1.6996254998957738e-05,4.541994513829195e-08,0.7701560854911804,0.22960326075553894,1.471402412740625,0.5410415931358289,0.9303608196047962
c08c66962faada09d244105b7427a16641e4bd608736757ffbe54dd37a1fd894,399,18212,1-coins/75_1477850508.jpg::shape-10,1-coins/75_1477850508.jpg,10,334.3776516782407,301.94330824389726,397.0364897359007,364.6021463015573,10,25,9.527451766189188e-05,0.22982577979564667,0.7700725197792053,9.955246014214936e-07,5.3866024245508015e-06,0.7700725197792053,0.22982577979564667,1.4704337362405913,0.5401021083690315,0.9303316278715598
e9a47b20ccafde9a725c0ecea8ecf2ac6742d919c941c503e59123a4f37c47a2,400,18708,1-coins/80_1477850862.jpg::shape-7,1-coins/80_1477850862.jpg,7,191.03323861653905,357.09658703282867,257.83553966400393,423.8988880802936,10,25,0.0059074158780276775,0.22389791905879974,0.7701895236968994,5.0391536206007e-06,5.683682857693384e-08,0.7701895236968994,0.22389791905879974,1.496565049485827,0.5665652546581319,0.929999794827695
932c8849cd7a71132bce9527c795b6defea41e4930991de3de17b4defe2f8c20,401,16876,1-coins/70_1477846710.jpg::shape-0,1-coins/70_1477846710.jpg,0,151.9185704865638,365.4233936376892,217.21326231086385,430.7180854619893,10,5,0.6966219544410706,0.17479810118675232,0.12855781614780426,2.176287307520397e-05,3.8391945622606727e-07,0.6966219544410706,0.17479810118675232,1.7441236785957188,0.8206667767117949,0.9234569018839239
9cff7394b858dc78ae0687d5d6ea772c49813255f4c70724bf3524c287092ad6,402,3553,1-coins/10_1477787688.jpg::shape-0,1-coins/10_1477787688.jpg,0,39.89947278360259,161.24253847703324,107.1954177273463,228.53848342077697,5,25,0.22499479353427887,0.006501216907054186,0.7685016393661499,2.382795173616614e-06,1.614115241466152e-08,0.7685016393661499,0.22499479353427887,1.4916780168930968,0.5707456856249656,0.9209323312681311
6ce817ac1c0a21b0c3d89e2c211abd86db09ab3b14a9257e95e166c9773e3b8b,403,2447,1-coins/105_1479344520.jpg::shape-3,1-coins/105_1479344520.jpg,3,18.60677216389581,177.39813907037063,81.07668107351424,239.86804797998903,10,25,0.00031843988108448684,0.2318187952041626,0.7678614854812622,8.711305099495803e-07,3.883239116930781e-07,0.7678614854812622,0.2318187952041626,1.4617992676527958,0.5442820131333733,0.9175172545194225
28d3d47521cba847f09be3d97bdcdfe4de9b94154c672390f452fb313aff0ecb,404,3377,1-coins/10_1477288740.jpg::shape-0,1-coins/10_1477288740.jpg,0,246.45055228169224,142.91432039763424,312.2450998922208,208.7088680081628,10,5,0.7648885846138,0.2132430076599121,0.015803534537553787,0.0060645644553005695,2.7434910521151323e-07,0.7648885846138,0.2132430076599121,1.545322882550455,0.6310496588376754,0.9142732237127796
967edf7debe1934691f43c6b11b1bbcd1dbb24adcbec50db93f3cadf059ebb7f,405,14073,1-coins/55_1477842168.jpg::shape-1,1-coins/55_1477842168.jpg,1,444.246599744981,265.62789470900987,508.67426356437136,330.0555585284002,10,25,4.1976472857641056e-05,0.2329208105802536,0.7670193314552307,2.392821727426053e-07,1.761494786478579e-05,0.7670193314552307,0.2329208105802536,1.4570567519391875,0.5434450887777872,0.9136116631614003
64b1a13c18c45ae99fff943cc56c29b404b75a6379c49d665605bd9b4466f98d,406,17996,1-coins/75_1477850388.jpg::shape-3,1-coins/75_1477850388.jpg,3,253.21298814455804,336.78963048032443,318.3198585707704,401.8965009065368,10,25,0.00022111204452812672,0.23355023562908173,0.7662262916564941,1.6730092511352268e-06,6.648884323112725e-07,0.7662262916564941,0.23355023562908173,1.454358083132445,0.5455874474409342,0.9087706356915107
4d092a97d33caa67876b933f8600c3f22a011b9304495f584d2f695bf58d0348,407,839,1-coins/100_1477858704.jpg::shape-1,1-coins/100_1477858704.jpg,1,375.3866063302822,362.4300845911517,445.62788642334095,432.6713646842105,5,50,0.11576264351606369,0.05983492732048035,0.21238689124584198,0.5487565994262695,0.06325899809598923,0.5487565994262695,0.11576264351606369,2.1562133607408,1.2511113384281283,0.9051020223126718
e68d0854a203035acdb4074b87e3ef68f287450b1501eeeb6116a2aea51bd306,408,15098,1-coins/5_1477292088.jpg::shape-0,1-coins/5_1477292088.jpg,0,331.730699262103,131.40602393742768,400.7368332054295,200.4121578807541,5,25,0.18561318516731262,0.09800935536623001,0.716153621673584,0.0002235900901723653,2.5732984454407415e-07,0.716153621673584,0.18561318516731262,1.6840904203811544,0.7812137642167284,0.902876656164426
b4fdb12b2882101be539d51868d869e6eba4a00da2364a4e21088074b2b45303,409,12705,1-coins/45_1477835880.jpg::shape-4,1-coins/45_1477835880.jpg,4,322.961881823966,196.0212425545596,389.36688529932167,262.4262460299153,10,25,0.0003197731857653707,0.23485958576202393,0.7648169994354248,1.965928049685317e-06,1.5789868257343187e-06,0.7648169994354248,0.23485958576202393,1.4487674508123032,0.5479390823251693,0.9008283684871339
1d3f0e0e4324bfb7cc598f923480d5100955c5214b092672dcb84fd85746057d,410,3264,1-coins/10_1477288008.jpg::shape-0,1-coins/10_1477288008.jpg,0,261.6770638895407,270.29775354471315,323.0224434996219,331.6431331547942,10,25,0.00010034685692517087,0.23516827821731567,0.7646170258522034,5.9095809774589725e-06,0.00010850889520952478,0.7646170258522034,0.23516827821731567,1.4474539435786655,0.5475888837448256,0.8998650598338399
f1c88ed511c7346d8f65e90fce1e64586b4bce61fdecf174de9aaedc0c9c9e5d,411,20860,1-coins/90_1477855824.jpg::shape-4,1-coins/90_1477855824.jpg,4,396.4613236030618,30.508942650680854,472.5862954445572,106.63391449217627,25,10,0.00010909059346886352,0.7641579508781433,0.23573189973831177,9.76116098172497e-07,1.1443248126852268e-07,0.7641579508781433,0.23573189973831177,1.44506013777215,0.5472011727633392,0.8978589650088107
dcb78b1a55716a008eda4038fb3f9d5b66376d8dafd1b0a93fb8901c835321eb,412,5738,1-coins/120_1479351636.jpg::shape-2,1-coins/120_1479351636.jpg,2,311.14648155271146,325.2769163353201,374.5346778675783,388.665112650187,10,25,6.125880463514477e-05,0.23588970303535461,0.7640429139137268,1.7602822310891497e-07,5.94466837355867e-06,0.7640429139137268,0.23588970303535461,1.4443909432229445,0.5470133347319851,0.8973776084909594
733075992f288e71bafa19aa672b21a6fabaed02957a47df63bf0ca1ef86f796,413,12738,1-coins/45_1477835916.jpg::shape-1,1-coins/45_1477835916.jpg,1,420.7353009370819,146.21149141327237,485.4551752533943,210.93136572958477,10,25,9.247619163943455e-05,0.23642072081565857,0.7634866237640381,1.068595381070736e-07,3.1546723011643962e-09,0.7634866237640381,0.23642072081565857,1.4421423457868847,0.5478473320085946,0.8942950137782901
35dae39173481d9370f42206dc95aa464a9c8dee86ee4ebd19607acf7829c6ff,414,15907,1-coins/60_1477845372.jpg::shape-0,1-coins/60_1477845372.jpg,0,76.8717914135924,147.30974761797196,139.91652975429076,210.35448595867032,10,25,0.0005804965039715171,0.23592053353786469,0.763491153717041,5.998332653689431e-06,1.8511008192945155e-06,0.763491153717041,0.23592053353786469,1.4442602529573925,0.5511837948541448,0.8930764581032477
1409ee92f765b31549211e8875425b321142f99e5156385afca406506f375ed3,415,18221,1-coins/75_1477850514.jpg::shape-8,1-coins/75_1477850514.jpg,8,127.60842893735878,159.52933289216105,194.42546936772595,226.34637332252825,10,25,0.0020542163401842117,0.23419202864170074,0.763741135597229,1.0117321835423354e-05,2.485492586856708e-06,0.763741135597229,0.23419202864170074,1.4516138649404717,0.5586644177452378,0.892949447195234
ddf11397576e4f842066a2a127e7e92a06a2d150d6e1d7c5bab2a608ad5b7380,416,14771,1-coins/5_1477189470.jpg::shape-0,1-coins/5_1477189470.jpg,0,292.2664359575735,336.4103208496598,359.0141395819948,403.1580244740811,5,25,0.20004266500473022,0.0613507516682148,0.7385188937187195,5.325797974364832e-05,3.439728607190773e-05,0.7385188937187195,0.20004266500473022,1.6092246101609966,0.7178816187577444,0.8913429914032522
a6c3c11d05fe731c25434c368359556225793c5c56e1b89e81f0e185d4b2930f,417,11297,1-coins/25_1477285704.jpg::shape-0,1-coins/25_1477285704.jpg,0,299.8222763180331,271.6908894567192,377.7981616381712,349.6667747768573,25,10,0.0001024619341478683,0.7620551586151123,0.2378043234348297,3.402366564841941e-05,4.002620244136779e-06,0.7620551586151123,0.2378043234348297,1.436307113920039,0.5499791356354018,0.8863279782846372
950df81e283cc9c917ec64d53b139614702986857bdc5bdbd463704379a04fec,418,4565,1-coins/115_1479347724.jpg::shape-7,1-coins/115_1479347724.jpg,7,511.2348697375548,303.27234046355017,588.9993222999158,381.0367930259112,25,10,0.0005305575905367732,0.7623915672302246,0.23653876781463623,4.163060293649323e-05,0.0004975058836862445,0.7623915672302246,0.23653876781463623,1.4416431613777894,0.5560426472832294,0.88560051409456
14d1f8d50f037822107cf7c700dd47df6d62cde3cdded296a4862cd32a983867,419,14965,1-coins/5_1477290996.jpg::shape-0,1-coins/5_1477290996.jpg,0,15.439170684042317,171.56960546665098,84.79271337392868,240.9231481565373,5,25,0.16752782464027405,0.19405342638492584,0.6367931365966797,0.0016254762886092067,9.906720777053124e-08,0.6367931365966797,0.16752782464027405,1.786605824257592,0.915312120343273,0.8712937039143189
ac4ddd9779cf57e36776df2b2677cf3d7ab1f11eb30a8bb4a0f7dc6a72704959,420,15288,1-coins/60_1477844706.jpg::shape-1,1-coins/60_1477844706.jpg,1,24.27166776135576,152.12881061849862,100.96642747673948,228.82357033388237,25,10,9.510474046692252e-05,0.7578197121620178,0.24208475649356842,4.4325855697024963e-07,2.0074713447115755e-08,0.7578197121620178,0.24208475649356842,1.4184673806983694,0.5544277000527971,0.8640396806455723
9caf0a01059a3c2ffb9e5f3c7839ded663453da6ada700dffe3d10fe69b3f23c,421,3271,1-coins/10_1477288050.jpg::shape-0,1-coins/10_1477288050.jpg,0,430.6509810996219,149.6890572519265,492.79591268795326,211.83398884025783,10,25,0.0022267275489866734,0.2397066056728363,0.7580472230911255,1.9201761460863054e-05,2.3582893504681124e-07,0.7580472230911255,0.2397066056728363,1.428339579837092,0.5661800468984532,0.8621595329386387
c4515b745b7d7170998f7b28f794a2fe45f1a24ea8e0868a85e0fb2115d57b4b,422,11241,1-coins/25_1477285290.jpg::shape-0,1-coins/25_1477285290.jpg,0,193.4225183970356,376.9802107047278,270.23132775681063,453.7890200645029,25,10,0.0002371046575717628,0.7572137117385864,0.24227359890937805,0.00027366590802557766,1.8664485423869337e-06,0.7572137117385864,0.24227359890937805,1.4176876174372566,0.5583055805117922,0.8593820369254643
278f32fd12122135415b1f99e7bf8eb8765581079638045a24c8b321e71426df,423,17002,1-coins/70_1477846836.jpg::shape-0,1-coins/70_1477846836.jpg,0,474.1516313906925,223.2480780912001,537.3001452590538,286.3965919595614,10,25,0.00031980336643755436,0.2436462938785553,0.755989134311676,2.7093565222457983e-06,4.213535430608317e-05,0.755989134311676,0.2436462938785553,1.4120377206494517,0.5585422377075722,0.8534954829418795
d516054ba84ee22fb506990f5eb791fb8f35cbca4b49c359fffbe1dcacde1d9e,424,5169,1-coins/120_1479351294.jpg::shape-6,1-coins/120_1479351294.jpg,6,100.8723597243818,105.58069305771514,166.7943069422849,171.50264027561823,10,25,0.0003241879749111831,0.24458187818527222,0.7550867795944214,7.0528667492908426e-06,1.2629274692699255e-07,0.7550867795944214,0.24458187818527222,1.4082051460236742,0.5592326527633127,0.8489724932603615
4dd2ac9e526c156ab50efa6dafe37acb77ad0d834132a315b0b211363943e406,425,3305,1-coins/10_1477288260.jpg::shape-0,1-coins/10_1477288260.jpg,0,97.50798081033156,132.7196596424483,160.53581481010642,195.7474936422232,10,25,0.04495471715927124,0.20463578402996063,0.7381043434143066,0.012304859235882759,3.08315293295891e-07,0.7381043434143066,0.20463578402996063,1.5865235432502578,0.7423721544889049,0.8441513887613529
35a2390df4d9c530dc37591f85721fb15854812408f03ffbc646ab1fca41a76e,426,13698,1-coins/55_1477839030.jpg::shape-3,1-coins/55_1477839030.jpg,3,143.64990464273382,40.078476071305246,221.58819059536145,118.01676202393286,25,10,7.205123984022066e-05,0.7537739872932434,0.24615254998207092,1.4142792679194827e-06,5.9501399363171e-09,0.7537739872932434,0.24615254998207092,1.4018038133675566,0.558827775111059,0.8429760382564976
313507f219a9821521de7c8b34b7772c297d3bc2ccf3b82d494f5aa8c7604351,427,11280,1-coins/25_1477285602.jpg::shape-0,1-coins/25_1477285602.jpg,0,506.4948427886112,62.02882337113554,580.8837979880876,136.41777857061203,25,10,0.00646132230758667,0.7543573379516602,0.2389957755804062,0.00018498353892937303,6.369539846673433e-07,0.7543573379516602,0.2389957755804062,1.431309402602628,0.5888985562715316,0.8424108463310964
010bb89ca8c08e4fd8ae96798674db121d4f4b3c39e8251994c58d597e050236,428,19273,1-coins/80_1477851852.jpg::shape-0,1-coins/80_1477851852.jpg,0,15.274362289701372,149.3807452684248,93.10861643370284,227.21499941242627,25,10,0.009430278092622757,0.7532109022140503,0.23735632002353668,2.448728082526941e-06,5.682277426366511e-10,0.7532109022140503,0.23735632002353668,1.4381928068965641,0.5988445202817165,0.8393482866148476
cccf5d1dcec76687056bc546e1a5ec457efd8e471830bf6e593013f39096b032,429,19780,1-coins/85_1477852998.jpg::shape-1,1-coins/85_1477852998.jpg,1,264.56774014015826,215.2684700671656,342.9797051153161,293.68043504232344,25,10,2.21803093154449e-05,0.7530097961425781,0.24696679413318634,6.279684043875022e-07,6.259128326746577e-07,0.7530097961425781,0.24696679413318634,1.3985013880993316,0.5592505952346843,0.8392507928646472
4a6d16e6f56026e1767fc45b60661bf5b80b116f87596e7fdd0515c9452baed6,430,8414,1-coins/145_1479428946.jpg::shape-0,1-coins/145_1479428946.jpg,0,290.0765726892081,246.77222486312104,373.3437171658644,330.0393693397773,25,10,6.088222289690748e-05,0.7530214786529541,0.24690364301204681,1.3650725122715812e-05,3.923656777260476e-07,0.7530214786529541,0.24690364301204681,1.398757127729542,0.55971111029061,0.839046017438932
6c3ee7d28cbb27f2753ae54703463300d84f8883e35efb94288c11186cb55341,431,6331,1-coins/125_1479424710.jpg::shape-1,1-coins/125_1479424710.jpg,1,398.04052738362265,276.3883534705792,462.1044001526091,340.4522262395657,10,25,0.0005691931000910699,0.24639812111854553,0.7529129981994629,1.171768963104114e-05,0.00010801819007610902,0.7529129981994629,0.24639812111854553,1.4008066726824235,0.5642092635246947,0.8365974091577288
6793b736893cb526e06eef43ad5a30dc5e8f5423cc908d142ade75c468b81ba9,432,11384,1-coins/25_1477286262.jpg::shape-0,1-coins/25_1477286262.jpg,0,385.639661779886,203.11792264945123,465.8096135824328,283.28787445199805,25,10,0.0004420021141413599,0.7517882585525513,0.2477436363697052,2.610140472825151e-05,2.946551269644715e-08,0.7517882585525513,0.2477436363697052,1.3953607917943336,0.5638674556815263,0.8314933361128073
2324e72adbd9795c4851669d45de2929efade385c7f66cff418d91bc3654ea15,433,3118,1-coins/10_1477186722.jpg::shape-0,1-coins/10_1477186722.jpg,0,208.8967463965807,104.05178515627064,273.66139313830297,168.8164318979929,10,25,0.006111596245318651,0.24511703848838806,0.748748779296875,2.0799219782929868e-05,1.7193248140756623e-06,0.748748779296875,0.24511703848838806,1.406019474387737,0.5926924292744427,0.8133270451132943
26a787f64eee5f4dc149a7cb47ffed155c37acd2754683bc7720e25c51de0d79,434,16909,1-coins/70_1477846740.jpg::shape-3,1-coins/70_1477846740.jpg,3,300.564232210148,267.3178553985538,365.3777967753592,332.131419963765,10,25,0.0019623315893113613,0.2507794201374054,0.7472317814826965,1.5822168961676653e-06,2.4851051421137527e-05,0.7472317814826965,0.2507794201374054,1.38318153045862,0.5771188055941401,0.8060627248644798
2badb6739234a6b87940bc600b9080d1ef3775cfe1f5983d96b3346ffe78d52c,435,16101,1-coins/65_1477845528.jpg::shape-7,1-coins/65_1477845528.jpg,7,540.1161088925405,116.24779613533894,615.02792402927,191.1596112720685,25,10,7.694825762882829e-05,0.7459838390350342,0.2539331316947937,1.2573196954690502e-06,4.786283170687966e-06,0.7459838390350342,0.2539331316947937,1.3706843076669915,0.5674783206715593,0.8032059869954321
7a92fce1dcf25cdd15f9086df2e161156abc8a985097b4ec7ef3331d2176d963,436,4831,1-coins/115_1479349536.jpg::shape-2,1-coins/115_1479349536.jpg,2,61.96483940382128,118.50498538922275,125.14464964727355,181.68479563267505,10,25,0.0006645223475061357,0.25316622853279114,0.7461300492286682,3.822633880190551e-05,9.730190413392847e-07,0.7461300492286682,0.25316622853279114,1.3737089762303032,0.5715491550922116,0.8021598211380916
024d1784acff8ad8c5dc8688530c67a103d1bf866c6e29aa60bd276abab1ebb8,437,16497,1-coins/65_1477845984.jpg::shape-4,1-coins/65_1477845984.jpg,4,145.32924220045044,370.1553291569722,207.9171346111437,432.74322156766544,10,25,0.009298098273575306,0.24478298425674438,0.7459012269973755,6.9205029831209686e-06,1.0721116268541664e-05,0.7459012269973755,0.24478298425674438,1.4073832395149406,0.6068743362419057,0.8005089032730349
63a2679214bbc22a3d67db862915a9ab3530401d948019809b8faa5f4f3e2a37,438,14219,1-coins/55_1477842312.jpg::shape-2,1-coins/55_1477842312.jpg,2,288.27930555900895,291.41599620649095,351.4904786136529,354.6271692611349,10,25,3.469516013865359e-05,0.25530096888542175,0.7446600198745728,1.1937623867197544e-07,4.14771511714207e-06,0.7446600198745728,0.25530096888542175,1.3653121596560336,0.5685213664713735,0.7967907931846601
8ede2aa63aaa4f29864b93581bbf27608a228d69fb5d6728fbf92282a64ee485,439,11290,1-coins/25_1477285662.jpg::shape-0,1-coins/25_1477285662.jpg,0,401.3482863057972,189.63605608996997,479.63013096038975,267.9179007445624,25,10,0.0009860453428700566,0.7421057820320129,0.2568814158439636,2.675065479706973e-05,6.494157389624888e-08,0.7421057820320129,0.2568814158439636,1.3591407175220331,0.5775889947234055,0.7815517227986276
8ce38fd233975bed2dfad7fed129651d63f63c084ee414ee0c3808cad06c7b99,440,2341,1-coins/105_1479344442.jpg::shape-1,1-coins/105_1479344442.jpg,1,136.3047109442693,163.47773896007996,217.68145988782976,244.85448790364043,25,10,0.00019583021639846265,0.7405714392662048,0.2592147886753082,1.3850314644514583e-05,4.111525868211174e-06,0.7405714392662048,0.2592147886753082,1.3500982610571046,0.5742615935677314,0.7758366674893732
3f1359e7450a4bcd5fad8591ffb80d47f3cacc066357ee927bdf3213ef94811f,441,11361,1-coins/25_1477286106.jpg::shape-0,1-coins/25_1477286106.jpg,0,260.4874884284127,93.18314060232578,340.2371492527467,172.93280142665972,25,10,0.000367243803339079,0.7406336069107056,0.2588109076023102,0.00018708199786487967,1.1754065099012223e-06,0.7406336069107056,0.2588109076023102,1.351657570403088,0.576725058544278,0.77493251185881
5eedcbd7de499f1ca7177b98f8c1959a4a502a812bf209d4013749e018d48e6b,442,2524,1-coins/105_1479344580.jpg::shape-0,1-coins/105_1479344580.jpg,0,272.62747773884263,262.0951036381232,336.9264790956897,326.39410499497023,10,25,0.00018131909018848091,0.2596980333328247,0.7399886846542358,8.015247658477165e-06,0.00012399144179653376,0.7399886846542358,0.2596980333328247,1.3482357331845238,0.5757313470771739,0.77250438610735
c8e1d7e98ccacfa3cd75a4246fa28c7027b1549e1adafe2af6d1e18e611e5c4d,443,14648,1-coins/5_1477188564.jpg::shape-0,1-coins/5_1477188564.jpg,0,210.63791679106905,20.14516316788068,282.84034407849606,92.34759045530772,5,25,0.16593781113624573,0.38388997316360474,0.44977253675460815,0.00037341489223763347,2.6277213692083023e-05,0.44977253675460815,0.16593781113624573,1.796142192526947,1.0281825691665503,0.7679596233603967
107dd75cfc5ca586cda1bad4c8bf2359a2ef08b698ee7cf98eeaa87100fa694d,444,3223,1-coins/10_1477187388.jpg::shape-0,1-coins/10_1477187388.jpg,0,61.96574767103135,42.59348489730872,128.0634494092606,108.691186635538,10,25,0.00294036534614861,0.25804364681243896,0.7389966249465942,1.8787070075632073e-05,6.276646331571101e-07,0.7389966249465942,0.25804364681243896,1.354626534677151,0.5904245647687889,0.7642019699083622
e9aff5d8415db2195c335c515e20068c6f23a0623ce117b94c462f632116dc29,445,16925,1-coins/70_1477846758.jpg::shape-1,1-coins/70_1477846758.jpg,1,150.8150811533643,216.11435122635697,215.856451693351,281.15572176634373,10,25,6.296947685768828e-05,0.26198819279670715,0.7379486560821533,2.9328784734161673e-08,6.369372584913435e-08,0.7379486560821533,0.26198819279670715,1.3394558418979507,0.575780870958406,0.7636749709395447
691f167c7da72dedbd8e0e6ba5b164c7f872e9d8e863d086d52c1150be1ec2a3,446,5072,1-coins/115_1479350640.jpg::shape-6,1-coins/115_1479350640.jpg,6,111.50363079536962,55.67604458847306,176.875679549458,121.04809334256144,10,25,0.002233081730082631,0.25958287715911865,0.7381729483604431,1.0916549399553332e-05,8.966366493723399e-08,0.7381729483604431,0.25958287715911865,1.3486792548825761,0.5879442119976203,0.7607350428849559
9e34afcd2d0ddaa09a7b0afa6dcb9e78dda43989eff5dac70282d09c316c5c02,447,786,1-coins/100_1477858638.jpg::shape-4,1-coins/100_1477858638.jpg,4,441.7420805902033,321.72685216380734,505.9025894605583,385.8873610341623,10,25,2.0543424789872214e-26,0.2630496025085449,0.7369504570960999,9.83372799867381e-23,0.0,0.7369504570960999,0.2630496025085449,1.3354126618935376,0.5762225564053091,0.7591901054882285
25efd0eee5f7e8c5814f9945e5f975183e7ce9caf8f1eb91c2fb85dadf2d580f,448,9514,1-coins/150_1479430044.jpg::shape-5,1-coins/150_1479430044.jpg,5,390.58709475069344,332.27459475069344,454.16290524930656,395.85040524930656,10,25,0.0009353406494483352,0.26212435960769653,0.7369263768196106,1.941047912623617e-06,1.1995027307420969e-05,0.7369263768196106,0.26212435960769653,1.3389362328428789,0.5826123905236963,0.7563238423191826
cc14e943ab89b5a5fa12073f99ab69951575b55ecab40c7f31c94e7a6cca129f,449,8839,1-coins/150_1477864428.jpg::shape-2,1-coins/150_1477864428.jpg,2,345.3601609670325,167.20188758573755,423.9060260833272,245.7477527020322,25,10,5.1490926125552505e-05,0.7360923290252686,0.2638552784919739,7.215320465547848e-07,2.0516962706551567e-07,0.7360923290252686,0.2638552784919739,1.3323545136759416,0.5776090456855649,0.7547454679903767
3229cd6c1949c16a117f2902eae58a3e6024dea927f27ed42dc393209309d2f5,450,3460,1-coins/10_1477289268.jpg::shape-0,1-coins/10_1477289268.jpg,0,442.6041558883367,410.082416757902,501.5987426623878,469.077003531953,10,25,0.3299858570098877,0.17040617763996124,0.49947547912597656,0.00011421521776355803,1.825241997721605e-05,0.49947547912597656,0.17040617763996124,1.769570411488432,1.0153730608607645,0.7541973506276676
2feefb7d747bb3067f4c4848c0bcfe9a455b9cf0d17a822e48270b7c604eb66b,451,5645,1-coins/120_1479351594.jpg::shape-7,1-coins/120_1479351594.jpg,7,48.25189583725251,207.35827881597584,112.25874246061984,271.3651254393432,10,25,0.0003860887372866273,0.2635354697704315,0.7360745668411255,3.906375241058413e-06,3.885542554371568e-08,0.7360745668411255,0.2635354697704315,1.3335673099253862,0.5800768426912319,0.7534904672341542
6d3bbc89f15feb356433f7c9d23dabb6486deaa35c4aa90e3a25a0ee3b4b23f1,452,16477,1-coins/65_1477845966.jpg::shape-5,1-coins/65_1477845966.jpg,5,145.4235216876641,371.48584463383975,208.117554799588,434.1798777457636,10,25,0.021291574463248253,0.24458983540534973,0.7337209582328796,2.9726705179200508e-05,0.0003678589127957821,0.7337209582328796,0.24458983540534973,1.4081726125804797,0.656783685819831,0.7513889267606486
6dc964324d3fd1b717f40b81e308e324130b30d0e32c99047eb7e4dc41870244,453,953,1-coins/100_1477858896.jpg::shape-2,1-coins/100_1477858896.jpg,2,-1.014474384035168,125.41409704453623,74.82399819355896,201.2525696221304,25,10,0.0001647842873353511,0.7345696687698364,0.26525598764419556,4.033384357171599e-06,5.5053642427083105e-06,0.7345696687698364,0.26525598764419556,1.327059928154905,0.5801557999512188,0.7469041282036861
ccbfab170128b82e8989cccd388996bbc6ce8db21d82900889a4b07c262a45d5,454,19631,1-coins/85_1477852884.jpg::shape-0,1-coins/85_1477852884.jpg,0,230.26400184937248,237.1691113384236,310.13015873456914,317.03526822362016,25,10,9.72576453932561e-05,0.7343549728393555,0.26549679040908813,4.976217951480066e-06,4.598416853696108e-05,0.7343549728393555,0.26549679040908813,1.326152527227873,0.5802492006288296,0.7459033265990433
ba9d18a2acbfba2ae1d47799bb3369f09cb83c6e3e2c4741815dfe5fff8ecaac,455,8412,1-coins/145_1479428940.jpg::shape-11,1-coins/145_1479428940.jpg,11,292.1268966056755,245.11240385205235,373.81513237983165,326.8006396262085,25,10,5.653958214679733e-05,0.7335456013679504,0.266396164894104,1.6790430663604639e-06,2.3948572902554588e-08,0.7335456013679504,0.266396164894104,1.3227707364626802,0.5802572721438893,0.7425134643187908
14e1b79c8883f4293b8b49faac056258990c9c186e9f2e32044b1ff154d25383,456,969,1-coins/100_1477858932.jpg::shape-0,1-coins/100_1477858932.jpg,0,34.369876546014744,168.28228530513883,113.32355411091956,247.23596287004364,25,10,0.0008038935484364629,0.7338420152664185,0.26533183455467224,2.204401789640542e-05,1.919371754866006e-07,0.7338420152664185,0.26533183455467224,1.326774030485113,0.585099162242008,0.741674868243105
ff94d9da7f1a32c9fa13fe1da54c5f60b6475dafbc3ae7ed6d5ffc2ca003e161,457,18880,1-coins/80_1477850976.jpg::shape-8,1-coins/80_1477850976.jpg,8,28.863274477810243,148.38210483739567,96.47512486563484,215.99395522522025,10,25,0.0081177344545722,0.25851672887802124,0.733364999294281,5.247254080131825e-07,1.7501005089570754e-08,0.733364999294281,0.25851672887802124,1.3527948719321512,0.616229479796429,0.7365653921357223
39fab53383d3412510ac68cfe29ccff7c65ffcea82a7f67e2db1a14b79a4d328,458,4893,1-coins/115_1479349644.jpg::shape-3,1-coins/115_1479349644.jpg,3,309.89454819000235,58.42395995470823,373.438785143331,121.96819690803684,10,25,0.0008340705535374582,0.2674417793750763,0.7317125201225281,5.409588084148709e-06,6.2046206039667595e-06,0.7317125201225281,0.2674417793750763,1.3188533835306404,0.5873326459819488,0.7315207375486916
f2d6d2a2c0e2d7d64e22919e0d0333ec1187a677c8e9b5101bc7f0105072652b,459,4031,1-coins/110_1479346254.jpg::shape-4,1-coins/110_1479346254.jpg,4,332.90561859932166,278.0279207575951,398.4325108970811,343.55481305535454,10,25,0.0006186750833876431,0.2680276334285736,0.731340765953064,9.894202776195016e-06,2.9838683985872194e-06,0.731340765953064,0.2680276334285736,1.3166651939786207,0.5864441631811536,0.7302210307974671
e031096b359e7bcdc0bc0c1b2469e699ceccde02041b40dd29bd4b8239a2b994,460,21003,1-coins/90_1477857006.jpg::shape-3,1-coins/90_1477857006.jpg,3,89.93002628602667,232.8929892489897,170.8107144547141,313.77367741767705,25,10,0.00021456640388350934,0.7293415069580078,0.2704428732395172,1.0201030136158806e-06,8.779918125867425e-09,0.7293415069580078,0.2704428732395172,1.307694392501953,0.5856730885853756,0.7220213039165775
f2328349894373cf87fae2266583a97cb5f3abb11efc67df31dfae6312ef6eb8,461,8972,1-coins/150_1479429516.jpg::shape-2,1-coins/150_1479429516.jpg,2,27.02941893421439,361.4050534519809,106.24976888304452,440.625403400811,25,10,0.0010514246532693505,0.7295453548431396,0.26938506960868835,1.815794712456409e-05,8.919193383860602e-09,0.7295453548431396,0.26938506960868835,1.3116134374448296,0.5907879868840549,0.7208254505607747
f8e86ed9d37e9ce522abc318c8fbaa5b7b203342e1b36d7954a89186e955ac29,462,17463,1-coins/75_1477849560.jpg::shape-6,1-coins/75_1477849560.jpg,6,561.1904761904763,41.42857142857148,632.6190476190476,112.8571428571428,25,10,0.00016119546489790082,0.7290463447570801,0.27078667283058167,4.295603048376506e-06,1.4711080211782246e-06,0.7290463447570801,0.27078667283058167,1.306423953222345,0.5856344895101703,0.7207894637121747
31b05f3d529aad43fb4ca33709dae2b9b6b296b7299730438e089e0d094a1f64,463,15555,1-coins/60_1477845048.jpg::shape-2,1-coins/60_1477845048.jpg,2,347.141731805443,45.14173180544312,412.2785580496293,110.27855804962935,10,25,0.0003466528723947704,0.2705843150615692,0.7290530204772949,1.0333465979783796e-05,5.644426437356742e-06,0.7290530204772949,0.2705843150615692,1.307171528482056,0.5870359864309693,0.7201355420510867
1aa42d771d24dced26d96d4868195c87447e245785985b6af6e2d4c7af9ba0e1,464,3121,1-coins/10_1477186740.jpg::shape-0,1-coins/10_1477186740.jpg,0,321.1902852406964,197.43846042317813,384.1673789928802,260.415554175362,10,25,0.0026739707682281733,0.26755818724632263,0.7297267317771912,3.154027945129201e-05,9.59305907599628e-06,0.7297267317771912,0.26755818724632263,1.318418213884487,0.5989584944462747,0.7194597194382124
91bf2cf6fce750cf5e139195ffaeef7dd944a9ddf2d7b3771b422442c62fcb75,465,9866,1-coins/170_1479423132.jpg::shape-4,1-coins/170_1479423132.jpg,4,251.00202547444707,124.53143723915294,317.6254255059451,191.154837270651,10,25,0.00016340803995262831,0.27140921354293823,0.7284215092658997,1.0312593303751783e-06,4.812576662516221e-06,0.7284215092658997,0.27140921354293823,1.3041275839522226,0.5862690399353435,0.7178585440168791
7aad7bb1d81f17fe43ac1ebf75e23a0ccf9f76ed94bc2fb2ed595640294ea02a,466,14162,1-coins/55_1477842264.jpg::shape-1,1-coins/55_1477842264.jpg,1,256.15370134416526,244.99985519031907,320.0001448096808,308.84629865583463,10,25,4.58088397863321e-05,0.2718436121940613,0.7280957698822021,1.0735652011817365e-07,1.4750587979506236e-05,0.7280957698822021,0.2718436121940613,1.3025283332051376,0.58574880278031,0.7167795304248276
0809255c17e19b145bb5d60db91ad425070dcdfd59597c83744c7fdd35325570,467,19618,1-coins/85_1477852872.jpg::shape-1,1-coins/85_1477852872.jpg,1,385.0756183045274,300.7690489614617,466.7491992137207,382.442629870655,25,10,3.2534837373532355e-05,0.7276086807250977,0.27235710620880127,1.473811380492407e-06,1.7816111608226493e-07,0.7276086807250977,0.27235710620880127,1.3006411832997105,0.5859712845516534,0.7146698987480571
e504b32babfd521a1b56e5b89b4ee1932b95b6cce8ab3cc770724a965e76558d,468,18124,1-coins/75_1477850454.jpg::shape-10,1-coins/75_1477850454.jpg,10,148.1805302309352,255.5138635642685,214.8629480299343,322.19628136326764,10,25,7.564954285044223e-05,0.2733292281627655,0.7265911102294922,2.482031504769111e-06,1.469582116442325e-06,0.7265911102294922,0.2733292281627655,1.2970782464214445,0.5873659836934246,0.7097122627280199
537d1d7bee3c1dcd9f77a81ab8c938146b0b5466d8122f3b5d547b84a396e750,469,11108,1-coins/25_1477191594.jpg::shape-0,1-coins/25_1477191594.jpg,0,337.98359113667345,291.19996540567934,414.0631924890576,367.2795667580634,25,10,0.00044262013398110867,0.7254638671875,0.2738777995109558,2.9225831895018928e-05,0.0001864788355305791,0.7254638671875,0.2738777995109558,1.2950732592622243,0.592849825427849,0.7022234338343752
fe137e76402726a1a8c8c78b945ac30f4da46b3facb80d401014b11d77fa6c4f,470,4910,1-coins/115_1479349674.jpg::shape-0,1-coins/115_1479349674.jpg,0,42.25677843233452,147.4161987221896,104.8446708430278,210.00409113288285,10,25,0.000965971383266151,0.27498459815979004,0.7239930629730225,5.428909571492113e-05,2.0675429368566256e-06,0.7239930629730225,0.27498459815979004,1.2910401895756716,0.5961131008521526,0.6949270887235189
82c2cf3bd558e1bcb8cbc4c727c5a62f0e345302760914d74f9a58e42c277029,471,11130,1-coins/25_1477191738.jpg::shape-0,1-coins/25_1477191738.jpg,0,124.17948651433308,334.8937722286188,204.86813253328597,415.5824182475717,25,10,5.287433850753587e-06,0.7230310440063477,0.27696359157562256,6.420282261387911e-08,9.816862878153643e-10,0.7230310440063477,0.27696359157562256,1.2838692197887294,0.5901315805364145,0.6937376392523149
e6955e5dc14a33dce04b69b32ff623ee9d0d2d0951b6d3d79202f3351f575d3d,472,16536,1-coins/65_1477846194.jpg::shape-2,1-coins/65_1477846194.jpg,2,385.99900097558697,381.9292335337265,448.4971230554208,444.42735561356034,10,25,0.01423526182770729,0.2614220678806305,0.7239363193511963,1.3390669664659072e-05,0.00039291384746320546,0.7239363193511963,0.2614220678806305,1.3416190594707573,0.6483580545347676,0.6932610049359897
1e9aec7aa434605c6d0fe6c33dc0172a341b706bc6b2dfa70eaac479cbeebf8d,473,13674,1-coins/55_1477838994.jpg::shape-3,1-coins/55_1477838994.jpg,3,29.233420076331228,254.9290722502443,108.67962340192965,334.3752755758427,25,10,0.00023080459504853934,0.7230392694473267,0.2767214775085449,8.295216503029224e-06,1.8522503353324282e-07,0.7230392694473267,0.2767214775085449,1.284743775004422,0.5920245286627827,0.6927192463416393
7ea4af52316829014141d240bf8d4bb05aeb1e015d536f260c7b91b26a5e8c1c,474,17608,1-coins/75_1477849812.jpg::shape-2,1-coins/75_1477849812.jpg,2,215.9226761803682,273.9946186264113,279.4442302944519,337.5161727404951,10,25,0.0010802618926391006,0.2751583158969879,0.7236166000366211,7.534061296610162e-06,0.00013730546925216913,0.7236166000366211,0.2751583158969879,1.2904086527930176,0.5978407559141939,0.6925678968788237
0ad9207455a2f1c818a3c3c229756d09732a047cebeadf1af590243326700fb5,475,8581,1-coins/145_1479429018.jpg::shape-12,1-coins/145_1479429018.jpg,12,438.8370024954097,201.85070112554664,520.0671070936314,283.0808057237684,25,10,0.0003068929072469473,0.7229948043823242,0.2766978442668915,3.8919517919566715e-07,9.700258825351415e-12,0.7229948043823242,0.2766978442668915,1.2848291830873633,0.5925033794849422,0.692325803602421
1fdc9ca42332f6b2f64a674045b93a6390862ac56402e934da3e33632776fa3c,476,10996,1-coins/25_1477154034.jpg::shape-0,1-coins/25_1477154034.jpg,0,75.32233824130623,322.388328089022,157.44923536275468,404.5152252104704,25,10,0.0007125493721105158,0.7230081558227539,0.2762698829174042,9.40573590924032e-06,9.442580939378331e-09,0.7230081558227539,0.2762698829174042,1.2863770543785604,0.5951565689848762,0.6912204853936842
11b4d7930b34bec8dc7ea6ded4028308407c126fd2f312bc24ba4b66ed333cd5,477,13806,1-coins/55_1477839240.jpg::shape-0,1-coins/55_1477839240.jpg,0,408.4384267774266,260.2653498543497,488.8692655302656,340.6961886071888,25,10,0.00020139262778684497,0.7224432229995728,0.2773532271385193,1.784617325029103e-06,3.629143350281083e-07,0.7224432229995728,0.2773532271385193,1.2824633969310664,0.5923164409326525,0.6901469559984139
38dd39dc91764f9a9f5000adc8031f5234d515b6bba6c8c20d22e2a39a334577,478,4833,1-coins/115_1479349542.jpg::shape-1,1-coins/115_1479349542.jpg,1,402.1329556475111,249.7065597084249,467.1868413068036,314.7604453677174,10,25,0.0018637407338246703,0.2749045491218567,0.7231885194778442,2.2826601707492955e-05,2.0331093764980324e-05,0.7231885194778442,0.2749045491218567,1.2913313356690053,0.6015451912289829,0.6897861444400224
0d1a1ff21aaecc0c7ee7b7e6e7c92e042368589a7b3df6e4e033a9717dbb645b,479,5020,1-coins/115_1479350604.jpg::shape-2,1-coins/115_1479350604.jpg,2,112.52618563807502,20.30716546516432,177.96372790659362,85.74470773368293,10,25,0.02846955880522728,0.25285202264785767,0.7185981869697571,8.002845424925908e-05,1.7861461287793645e-07,0.7185981869697571,0.25285202264785767,1.37495085208985,0.6872005510872959,0.687750301002554
6693202485c0d0cdfca00d3b6494f9d6f4d61487e786b7eba19d3f866a4f1f71,480,2467,1-coins/105_1479344532.jpg::shape-7,1-coins/105_1479344532.jpg,7,19.94723825907127,176.58033178425114,84.0527617409287,240.68585526610852,10,25,0.0008199316216632724,0.27778831124305725,0.7213881611824036,3.4909458008769434e-06,1.14934813666423e-07,0.7213881611824036,0.27778831124305725,1.2808959257060213,0.597279735390986,0.6836161903150353
fe5f11c9b977060be13443ceea6b05fcaa48b597f31709d6a67dcf18d4e75ae0,481,4221,1-coins/110_1479347442.jpg::shape-2,1-coins/110_1479347442.jpg,2,498.3632462153171,306.4212172298098,576.2744349441032,384.3324059585959,25,10,4.268710108590312e-05,0.7175527215003967,0.28240352869033813,9.645114005252253e-07,1.7743927571700624e-07,0.7175527215003967,0.28240352869033813,1.2644182780787292,0.5956839048035695,0.6687343732751597
206b7d971816840995355b0df72a900e4708b88e2d579c4e683dd248d3bd618e,482,3125,1-coins/10_1477186764.jpg::shape-0,1-coins/10_1477186764.jpg,0,406.052993459396,369.14823155463415,466.8041493977468,429.8993874929849,10,25,0.030706575140357018,0.25512272119522095,0.7135217785835266,0.0006269683944992721,2.195856359321624e-05,0.7135217785835266,0.25512272119522095,1.3660105900028636,0.7011628723152887,0.6648477176875749
c14b4ddbad5ac96aa5f8090e737178312c701f7dad9df5e779295bd0371af1e7,483,14350,1-coins/55_1477842600.jpg::shape-1,1-coins/55_1477842600.jpg,1,69.69876242959535,300.17358257348025,147.04943900925358,377.5242591531384,25,10,7.517622725572437e-05,0.7159581184387207,0.28361180424690247,0.00011009366426151246,0.0002448338200338185,0.7159581184387207,0.28361180424690247,1.2601488623169503,0.6003718001336031,0.6597770621833472
f105c521cb2e5ec2c98776618fd5d9c31516ba6688d4546f8ed032d51bf99ba3,484,11049,1-coins/25_1477191192.jpg::shape-0,1-coins/25_1477191192.jpg,0,340.19853679596235,93.7821545434026,421.5762072313414,175.15982497878167,25,5,0.6979156136512756,0.06063197925686836,0.24110879004001617,0.0003434787504374981,1.3605610149625136e-07,0.6979156136512756,0.24110879004001617,1.4225070363923318,0.76667847687747,0.6558285595148617
5695cca73479d45ac8a685fdf4b68f2fa1f819ece3af750ef1532295657365aa,485,11184,1-coins/25_1477192134.jpg::shape-0,1-coins/25_1477192134.jpg,0,476.0886818886762,198.6394065263574,552.1721876765411,274.7229123142223,25,10,0.0022131744772195816,0.7153995037078857,0.2816386818885803,0.0007478291518054903,7.972541311573877e-07,0.7153995037078857,0.2816386818885803,1.2671302994707592,0.6153945018315675,0.6517357976391916
e39beea9b22530d7551f71282fbb986686b3b069fd66c3062797783a1b372419,486,14776,1-coins/5_1477189500.jpg::shape-0,1-coins/5_1477189500.jpg,0,267.32102149592333,66.67167084657265,337.8737836988819,137.22443304953123,5,25,0.24291397631168365,0.059652332216501236,0.6970657110214233,1.7037717043422163e-05,0.0003509412636049092,0.6970657110214233,0.24291397631168365,1.415047905264644,0.7664408616202167,0.6486070436444273
b295cad21a340b23ab74f87c850843a17d459912f9eaf246c52338d9f8ce418f,487,5599,1-coins/120_1479351570.jpg::shape-11,1-coins/120_1479351570.jpg,11,143.283934173271,62.09345798279482,224.81130392196707,143.62082773149086,25,10,9.667008271208033e-05,0.712986171245575,0.2869168221950531,3.728050899098889e-07,1.8513053590130113e-10,0.712986171245575,0.2869168221950531,1.2485629233636115,0.6003312788584234,0.6482316445051881
b7344022f2f32f8f8902bcaedb2d367ecbc435df658f6237b8c528df9437d1b3,488,3251,1-coins/10_1477287924.jpg::shape-0,1-coins/10_1477287924.jpg,0,226.0379348603846,408.78987284488073,287.5279566124836,470.2798945969797,10,25,0.0006946536595933139,0.2856651246547699,0.7135069370269775,0.00012842485739383847,4.848733169637853e-06,0.7135069370269775,0.2856651246547699,1.2529350470083314,0.6050351038648377,0.6478999431434936
a29f43d2b4d7a904042c5865c1ba01d5356b653390b08a6fddd3a17c708e42b7,489,6582,1-coins/130_1477861986.jpg::shape-0,1-coins/130_1477861986.jpg,0,464.20565324966685,70.41683337389048,541.3844088621344,147.59558898635794,25,10,0.0001983794354600832,0.7129316926002502,0.2868504226207733,1.2920800145366229e-05,6.564667728525819e-06,0.7129316926002502,0.2868504226207733,1.248794374619068,0.6013666894624351,0.6474276851566328
17a76dacc77e83b1f7be815f4223948e57fe04dadd8e11fffb9cc4f0d6f587b9,490,3082,1-coins/10_1477186452.jpg::shape-0,1-coins/10_1477186452.jpg,0,141.05945971517264,234.90182424719225,207.18684570354657,301.0292102355661,10,25,0.002885626396164298,0.2828638553619385,0.7141555547714233,9.065844642464072e-05,4.336012807470979e-06,0.7141555547714233,0.2828638553619385,1.2627895735528867,0.6153938028530926,0.647395770699794
1c2f5292ecc8e9ed1d6e1affbd1b827efe28d90157b5c2a2790ff8dc7283105e,491,2437,1-coins/105_1479344514.jpg::shape-1,1-coins/105_1479344514.jpg,1,294.3778271138887,306.9617687197281,376.804654637936,389.38859624377545,25,10,6.750906322849914e-05,0.712414562702179,0.2875136733055115,4.19599791712244e-06,8.639295856482931e-08,0.712414562702179,0.2875136733055115,1.2464848605521226,0.6006595245776349,0.6458253359744877
a31d985f68e201de266ed8e3a9873dbcd8b7ea3d37415b8570ee364082904eba,492,20624,1-coins/90_1477855620.jpg::shape-4,1-coins/90_1477855620.jpg,4,540.9924283700514,256.49607800508784,619.2411482722844,334.74479790732084,25,10,2.227613003924489e-05,0.7122518420219421,0.2877252697944641,4.795788299816195e-07,8.505148940685103e-08,0.7122518420219421,0.2877252697944641,1.2457491784463324,0.6003644471262405,0.6453847313200919
0dcb698ecdce3cb49539233bb5c8235afabc7d11b5399c0d0cca4d32bb2f5898,493,9113,1-coins/150_1479429582.jpg::shape-0,1-coins/150_1479429582.jpg,0,122.75328612562087,203.64065813927277,204.8917650689184,285.7791370825703,25,10,0.000271903641987592,0.7121233940124512,0.28760191798210144,2.718732730500051e-06,2.25127045894169e-08,0.7121233940124512,0.28760191798210144,1.2461779842350158,0.6024395574789903,0.6437384267560256
7a90275218b73393ef5f885dbaecbeb3dbb6428ce5fbaa8f26ba0127fbb63735,494,11363,1-coins/25_1477286118.jpg::shape-0,1-coins/25_1477286118.jpg,0,484.8187496115651,33.15208294489849,557.5622027693872,105.89553610272054,25,10,0.0007157013169489801,0.7119304537773132,0.28733333945274353,2.0427476556506008e-05,5.204583430895582e-08,0.7119304537773132,0.28733333945274353,1.2471122756893027,0.6056378878956896,0.6414743877936131
1cab9ed3055e235595827e8c40716ac7dacde1f655fb27af5dfa993efa8cae27,495,11471,1-coins/25_1477287138.jpg::shape-0,1-coins/25_1477287138.jpg,0,553.7828586731754,124.97723806427608,630.7604668537566,201.95484624485732,25,10,0.0010877596214413643,0.7119351625442505,0.2869294285774231,4.721151708508842e-05,4.4711498503602343e-07,0.7119351625442505,0.2869294285774231,1.2485189869177253,0.6080292155385472,0.6404897713791782
b46571c1d9fad324d69f6b9c3f9556aba3d48bc1e9e10b457d691831a0e35fd0,496,11248,1-coins/25_1477285404.jpg::shape-0,1-coins/25_1477285404.jpg,0,226.90124852363917,103.57692419931485,304.8825352601446,181.55821093582037,25,10,0.00012763228733092546,0.709608793258667,0.2902430295944214,1.4813675988989417e-05,5.721985417039832e-06,0.709608793258667,0.2902430295944214,1.2370366738710705,0.6038447010804548,0.6331919727906157
cce7f95a7106559ac1077026bfe4c23836666508ccb759bf6bbdfd9bc8cc8b45,497,11232,1-coins/25_1477285236.jpg::shape-0,1-coins/25_1477285236.jpg,0,54.29254383917931,68.01803403525773,131.00157380787954,144.72706400395796,25,10,0.0004618777602445334,0.7099539041519165,0.289385050535202,0.0001975531195057556,1.5912668231976568e-06,0.7099539041519165,0.289385050535202,1.2399971228736675,0.6072886496230842,0.6327084732505833
b8e133088d9e01a7a921a3cf6a211b694042e138d6d1ecfe9274d9635f2d25da,498,14999,1-coins/5_1477291200.jpg::shape-0,1-coins/5_1477291200.jpg,0,536.1879870296464,302.209263625391,601.9822257363112,368.0035023320558,5,25,0.20664414763450623,0.18418028950691223,0.6083731651306152,0.0008017883519642055,5.863837486685952e-07,0.6083731651306152,0.20664414763450623,1.5767570586068558,0.9454966070057992,0.6312604516010566
c4761a4918a4b4df6dca6624edabfb8152527a9566bf044922d5b2e56acc09e7,499,1046,1-coins/100_1477860570.jpg::shape-7,1-coins/100_1477860570.jpg,7,426.2649476621019,119.099838627834,488.3767968861847,181.2116878519168,10,25,0.00014442841347772628,0.29136309027671814,0.7084378004074097,4.131364221393596e-06,5.048790990258567e-05,0.7084378004074097,0.29136309027671814,1.2331850566727667,0.6053260430144842,0.6278590136582824
41554916b9dec5206fb19f32df95708652b279a21f9f8320ab3388828568e8a9,500,3311,1-coins/10_1477288296.jpg::shape-0,1-coins/10_1477288296.jpg,0,454.7886061443875,382.13167183781815,514.8026347315248,442.14570042495546,10,5,0.5293459296226501,0.19387933611869812,0.2762446403503418,0.000524881761521101,5.255172709439648e-06,0.5293459296226501,0.19387933611869812,1.6405192921974443,1.0141946630291048,0.6263246291683395
1082d8dacfbdcd9f67a3c6eb2253d4142895b58ff4ce975ab7da69e1e100fc5b,501,6149,1-coins/120_1479423054.jpg::shape-7,1-coins/120_1479423054.jpg,7,439.342832237533,346.0766451871733,501.1463763955604,407.88018934520073,10,25,0.0006424604798667133,0.2933448553085327,0.7059935927391052,1.7987636965699494e-05,1.1369868389010662e-06,0.7059935927391052,0.2933448553085327,1.2264063814885053,0.6104853566948544,0.615921024793651
9471ecfb6c7f7d8125329aec1f2470ee545f05b119116b8afdc1e72d944d968b,502,3459,1-coins/10_1477289262.jpg::shape-0,1-coins/10_1477289262.jpg,0,501.48552858436057,347.9492967003026,563.0072250388278,409.47099315476976,10,25,0.011608477681875229,0.2805253565311432,0.7075202465057373,0.0003436292754486203,2.2964898107602494e-06,0.7075202465057373,0.2805253565311432,1.2710911604895205,0.6558657379246625,0.615225422564858
e080ca9a0bc35734ba0845957a1fcf0319b12d0f4d739331f0c80dce2014da73,503,19813,1-coins/85_1477853022.jpg::shape-2,1-coins/85_1477853022.jpg,2,171.06101142167398,207.37985200138417,252.85203205658684,289.17087263629696,25,10,9.98271643766202e-05,0.7052096128463745,0.29468753933906555,2.806605380101246e-06,2.4219738747888186e-07,0.7052096128463745,0.29468753933906555,1.2218396726601914,0.6073217577388782,0.6145179149213132
7d94bd53516ac8bd9f9d15796164cdd9fbe305104e331904b28f39afebd27919,504,8282,1-coins/145_1479428880.jpg::shape-11,1-coins/145_1479428880.jpg,11,512.1700418047576,337.9053359224046,589.3005464305365,415.0358405481836,25,10,0.0007363780168816447,0.7045618891716003,0.29467329382896423,2.8421678507584147e-05,1.1587099635335107e-07,0.7045618891716003,0.29467329382896423,1.2218880148957199,0.6123920547720728,0.609495960123647
5cc48c18af017d7a81992d2d540b923d8a929f6b5b7e5f93a7778761c7bd897d,505,8466,1-coins/145_1479428970.jpg::shape-0,1-coins/145_1479428970.jpg,0,37.73676149857982,141.69328323771023,116.11831096518829,220.0748327043187,25,10,9.72087582340464e-05,0.7039715647697449,0.29592907428741455,1.2462736549423425e-06,8.827320812088146e-07,0.7039715647697449,0.29592907428741455,1.2176354672639422,0.608367271561353,0.6092681957025893
5648a5f7bf8f0613193ca4284d957bb85a69e4072975ff18fed34189459da724,506,1982,1-coins/100_1477861194.jpg::shape-6,1-coins/100_1477861194.jpg,6,264.1641571088195,20.048215079834023,326.415553036108,82.2996110071225,10,25,0.00044798178714700043,0.29621580243110657,0.7033313512802124,3.0313476599985734e-06,1.837352101574652e-06,0.7033313512802124,0.29621580243110657,1.2166670280276168,0.6114344676980236,0.6052325603295933
41e0d6f31a35ea016b05b25b8cb220593a60102a490a1d9dbe3642474e1c1c1e,507,3327,1-coins/10_1477288410.jpg::shape-0,1-coins/10_1477288410.jpg,0,311.73673675799307,304.5661941223342,375.4725655675883,368.3020229319294,10,25,0.03149024769663811,0.2675497531890869,0.7005999088287354,0.0003501987084746361,9.882694030238781e-06,0.7005999088287354,0.2675497531890869,1.3184497367104409,0.7138333121213432,0.6046164245890977
33a705d8d2dee3d813ac81dfc183be9f1eec1fc9f444cc4d155692fd61afc52a,508,14624,1-coins/5_1477156860.jpg::shape-0,1-coins/5_1477156860.jpg,0,30.8646467253028,106.56029889921584,104.14984602832038,179.8454982022334,5,25,0.21658071875572205,0.12954780459403992,0.643259584903717,0.010364657267928123,0.0002471771731507033,0.643259584903717,0.21658071875572205,1.5297919661258441,0.9293042562333019,0.6004877098925422
cb2497769b6833b8e3994ac7cef30ad53104ddac80c53d422d14e75f5dc04f11,509,13703,1-coins/55_1477839042.jpg::shape-0,1-coins/55_1477839042.jpg,0,239.4755577894732,179.96491949160085,322.0989102956332,262.58827199776084,25,10,7.714859384577721e-05,0.7013348937034607,0.29858696460723877,9.050181688508019e-07,2.0865906336098305e-08,0.7013348937034607,0.29858696460723877,1.2086940498626457,0.6104562482922102,0.5982378015704355
af24bc55c300cb66ab7749da44f92de9665b3d1c81de9e2135c2699a80966c7e,510,5444,1-coins/120_1479351486.jpg::shape-0,1-coins/120_1479351486.jpg,0,119.13279260382848,111.34433106536692,200.29028431924843,192.50182278078688,25,10,0.0010161598911508918,0.7005819082260132,0.2984010875225067,8.36310391605366e-07,3.401909509648249e-08,0.7005819082260132,0.2984010875225067,1.2093167661467505,0.6171746836320083,0.5921420825147422
a5d728603de1d8cc3a8e2090eb7a6d29d5eb35295b6321162e626e6bfc86427a,511,16710,1-coins/65_1477846422.jpg::shape-2,1-coins/65_1477846422.jpg,2,204.75492301307565,181.8998505493076,269.3900045231561,246.53493205938804,10,25,4.144541890127584e-05,0.30064669251441956,0.6991904973983765,3.173039431203506e-07,0.00012102479377062991,0.6991904973983765,0.30064669251441956,1.2018194826732551,0.6130303824292822,0.5887891002439729
5bfcb227cbbd9c38c54ccbede96f9c41fd116d699e3a452db9e52c1bd3cb6c31,512,11028,1-coins/25_1477154304.jpg::shape-0,1-coins/25_1477154304.jpg,0,296.14986623807164,168.0579934465522,374.1681549633418,246.0762821718224,25,10,0.00016016422887332737,0.6984956860542297,0.3013313114643097,1.2217575203976594e-05,5.319182605489914e-07,0.6984956860542297,0.3013313114643097,1.1995449170229158,0.6136446715128475,0.5859002455100683
c2a3c5d41fc4cd93eb64c462d770e10b4b06b019c0a7caa8df21f64e43136c93,513,11253,1-coins/25_1477285434.jpg::shape-0,1-coins/25_1477285434.jpg,0,314.4994716929904,74.97773256255564,391.5295138142559,152.00777468382117,25,10,0.00022808625362813473,0.697450578212738,0.3020874261856079,7.86742166383192e-05,0.0001552828325657174,0.697450578212738,0.3020874261856079,1.1970388128207885,0.6169363340472432,0.5801024787735453
b6f133ca93a7e24a7c04e54eab8f4dc837a95a96dbcb253c2c0c6268d7e73e1a,514,9402,1-coins/150_1479429792.jpg::shape-3,1-coins/150_1479429792.jpg,3,69.03854703917659,395.2124600826549,149.0773949898089,475.2513080332872,25,10,0.39657139778137207,0.4079577326774597,0.1950022429227829,0.00046720082173123956,1.432845351700962e-06,0.4079577326774597,0.1950022429227829,1.6347442183164222,1.054940998142241,0.5798032201741812
b95ab0103bd2a45030c1ebec2d05cc4174a133f1a2515a02bc40e9e31e2da820,515,638,1-coins/100_1477858134.jpg::shape-4,1-coins/100_1477858134.jpg,4,52.06032905849015,372.6549236530848,127.02075202259095,447.6153466171856,25,10,0.02591714635491371,0.6966702938079834,0.27679190039634705,0.00031806720653548837,0.0003025674959644675,0.6966702938079834,0.27679190039634705,1.2844893172406415,0.7070275535832903,0.5774617636573512
3122598951e76af04bb595a145764d5aaf0846d96f94184cd4c1141d47c48730,516,20798,1-coins/90_1477855776.jpg::shape-6,1-coins/90_1477855776.jpg,6,39.23484921314666,175.14394012223755,118.0378780595806,253.9469689686715,25,10,0.00012331281322985888,0.6959590911865234,0.30391475558280945,2.7587652766669635e-06,4.926381436121119e-08,0.6959590911865234,0.30391475558280945,1.191008026165019,0.6153713611658588,0.5756366649991603
c08d466a6f5afb415f4b7ed75ff6f01d414121e25131b6a2ca1ebc5bf66e6659,517,3213,1-coins/10_1477187328.jpg::shape-0,1-coins/10_1477187328.jpg,0,26.10917442884618,48.34275107118196,93.84702995071584,116.0806065930516,10,25,0.014251802116632462,0.28662458062171936,0.6983397006988525,0.00018601374176796526,0.0005979191628284752,0.6983397006988525,0.28662458062171936,1.2495820009652983,0.6755176939784504,0.5740643069868478
89f20c8d13ac432fb5880fa7be837b976c8559b147245b12dcd69305e24c87fb,518,16871,1-coins/70_1477846704.jpg::shape-1,1-coins/70_1477846704.jpg,1,255.4262468455591,278.41894757548613,319.0263078989663,342.01900862889335,10,25,0.00017917214427143335,0.3034927248954773,0.694962203502655,7.254558909153275e-07,0.0013651208719238639,0.694962203502655,0.3034927248954773,1.1923976394602405,0.6253402778413484,0.5670573616188921
22d861fa58e7a3a6d4898293fd2d7c8067c0fe1bd72088a592a5357bbc4661ef,519,14847,1-coins/5_1477290240.jpg::shape-0,1-coins/5_1477290240.jpg,0,406.06330459163934,350.7640345186466,472.4184472331781,417.1191771601854,5,25,0.3054339587688446,0.0006293297046795487,0.6939364075660706,1.8105743038177025e-07,8.100786885734124e-08,0.6939364075660706,0.3054339587688446,1.186021697982241,0.6204411174270941,0.565580580555147
80798c8a3d39fec5dd2500fbb66589186cd1ca26563ea58f103084fd02e9532a,520,11400,1-coins/25_1477286364.jpg::shape-0,1-coins/25_1477286364.jpg,0,256.10256904299285,53.18994768376954,334.57704260749256,131.6644212482693,25,10,0.0004983392427675426,0.6933019161224365,0.3061269223690033,5.662710827891715e-05,1.6192961993510835e-05,0.6933019161224365,0.3061269223690033,1.183755484043109,0.6208506477024156,0.5629048363406934
fa4c146f3f4578d1bb64aac627bb23a62a54ea0c519cf2add413f697a1e9d665,521,20577,1-coins/90_1477855572.jpg::shape-0,1-coins/90_1477855572.jpg,0,52.09378457680557,311.5536385914041,129.17628841589513,388.6361424304936,25,10,0.00033639860339462757,0.6929705142974854,0.30667605996131897,1.5135801731958054e-05,1.910041873998125e-06,0.6929705142974854,0.30667605996131897,1.1819632677676102,0.6195225164144588,0.5624407513531514
69826a1c1314ebbfc6f3ad0dd16ebe77f04bd0783fd5c1c03ef8c376e79b2256,522,11074,1-coins/25_1477191354.jpg::shape-0,1-coins/25_1477191354.jpg,0,14.844581794708546,229.65227410240084,99.77080282067604,314.5784951283684,25,5,0.47589537501335144,0.320364385843277,0.20358753204345703,0.00015261245425790548,1.499027035833933e-07,0.47589537501335144,0.20358753204345703,1.5916592336884405,1.0434345609936775,0.548224672694763
d97e336cce7fbe69fae50c1c34cd85480d34f9a6d0b3a33a549dbe7ec4a75e61,523,18069,1-coins/75_1477850424.jpg::shape-10,1-coins/75_1477850424.jpg,10,253.1678255425857,336.313892958316,318.36775498175894,401.51382239748926,10,25,0.0001153860503109172,0.3114602565765381,0.6884151697158813,3.924452357750852e-06,5.222937943472061e-06,0.6884151697158813,0.3114602565765381,1.1664835361288004,0.6215007454231283,0.5449827907056721
3ead38caa821c5220b48b3b27f945e2737805673a025456ed158f47ecb3a6a74,524,13824,1-coins/55_1477839258.jpg::shape-0,1-coins/55_1477839258.jpg,0,278.8095238095238,189.5238095238095,361.6666666666667,272.38095238095235,25,10,0.00010477117757545784,0.6872051954269409,0.3126884698867798,1.5016253200883511e-06,1.0557120333487546e-07,0.6872051954269409,0.3126884698867798,1.1625478879618945,0.6222832728597866,0.5402646151021079
3a1111cc4e4dad68c19e50c56e6aa2a530c3cf0162acc3c20a0fd88ce8ae9096,525,6437,1-coins/130_1477861908.jpg::shape-11,1-coins/130_1477861908.jpg,11,365.9194186178735,68.13616738634639,445.38107399296393,147.59782276143682,25,10,0.3011074364185333,0.49123409390449524,0.1977039873600006,0.0012719429796561599,0.008682525716722012,0.49123409390449524,0.1977039873600006,1.6209843802684332,1.0807683235314556,0.5402160567369776
2d05df475cda2b7ea025190abbf7e9de125017fd482998b3eb539f25361d6f2a,526,14193,1-coins/55_1477842288.jpg::shape-3,1-coins/55_1477842288.jpg,3,330.3102542104993,263.9412065914518,396.47546007521487,330.10641245616733,10,25,0.0003132365527562797,0.3136723041534424,0.6860101222991943,1.425608047611604e-06,2.8944994028279325e-06,0.6860101222991943,0.3136723041534424,1.1594064553673684,0.6247889236050114,0.534617531762357
a22ddedc0a66c1ac4f65fb5e5b718bbe923b8e075961482d2962c58f60c5faf2,527,12024,1-coins/35_1477789560.jpg::shape-1,1-coins/35_1477789560.jpg,1,106.58012582054322,321.10393534435275,166.27701703659963,380.8008265604092,10,25,0.0003520120808389038,0.31390270590782166,0.6856693625450134,3.549609118635999e-06,7.240964623633772e-05,0.6856693625450134,0.31390270590782166,1.1586721948852363,0.6259883358442443,0.532683859040992
b0276de77f8b538f3af3576bab11c5276233babdc631351e4889c9952e210d12,528,20662,1-coins/90_1477855662.jpg::shape-0,1-coins/90_1477855662.jpg,0,62.3224054764306,63.95744197278097,141.70679160386135,143.34182810021173,25,10,0.0003556573938112706,0.6854129433631897,0.3142286539077759,2.7270978080196073e-06,4.637347927882729e-08,0.6854129433631897,0.3142286539077759,1.157634360922269,0.6255257043343752,0.5321086565878939
8e5eec1e47ef08c774a145c96044e801366e6a1090fb7b13a508b98ba6273779,529,11044,1-coins/25_1477191162.jpg::shape-0,1-coins/25_1477191162.jpg,0,448.2526904653044,372.8289616517451,522.9337502126616,447.5100213991024,25,10,0.014644804410636425,0.6885488033294678,0.29552188515663147,0.0012834968511015177,9.810078154259827e-07,0.6885488033294678,0.29552188515663147,1.2190123834346362,0.6876040852031786,0.5314082982314576
a3883a4394b947cf6cc9c9496213b8337c59c80beeb04358b2ca95496b999fa2,530,2244,1-coins/100_1477861410.jpg::shape-7,1-coins/100_1477861410.jpg,7,492.8797812986924,329.923259559562,568.7144215998582,405.7578998607278,25,10,9.436589607503265e-05,0.6842707991600037,0.31562408804893494,1.0672399184841197e-05,6.120548334820342e-08,0.6842707991600037,0.31562408804893494,1.153203368306596,0.6245899596028596,0.5286134087037365
f9400b39fa828da0852b2d65be8cfe6e9e4efbffb40d95823e6f7b7f899e13da,531,3270,1-coins/10_1477288044.jpg::shape-0,1-coins/10_1477288044.jpg,0,228.87596899224803,62.015503875969,292.44186046511624,125.58139534883722,10,25,0.001429071300663054,0.31292909383773804,0.6853612065315247,4.598814120981842e-05,0.00023458323266822845,0.6853612065315247,0.31292909383773804,1.1617786513650477,0.6342714849982302,0.5275071663668175
69e65d3e93658cbf41e3d6abecc99165045840d35e4978499efaa58c5dfa56bd,532,16893,1-coins/70_1477846722.jpg::shape-5,1-coins/70_1477846722.jpg,5,167.25363690482988,376.6481802368469,232.12382520646844,441.5183685384855,10,25,0.0564333014190197,0.2701026499271393,0.6734349727630615,4.7104767872951925e-06,2.4353845219593495e-05,0.6734349727630615,0.2701026499271393,1.3089532073204044,0.7823486270595446,0.5266045802608599
467636f21245f160dfdc2689ad6402b12be732cfe7fbb4827ca41877b2f8fda1,533,19652,1-coins/85_1477852902.jpg::shape-0,1-coins/85_1477852902.jpg,0,214.8719163926617,230.38915777197195,295.93596538073734,311.45320676004764,25,10,2.5475548682152294e-05,0.6834009289741516,0.3165704011917114,1.2019569339827285e-06,1.9974536371591967e-06,0.6834009289741516,0.3165704011917114,1.1502096255085836,0.6245870742280089,0.5256225512805748
f6b60325d2c3303247ac91c593672e6bd641e2864e92f0690e7c5752de240a77,534,11160,1-coins/25_1477191966.jpg::shape-0,1-coins/25_1477191966.jpg,0,179.76684245240463,391.6943786842887,259.5954763881751,471.5230126200591,25,10,7.592434849357232e-05,0.6830888986587524,0.3168146014213562,1.8537059077061713e-05,1.9965377759945113e-06,0.6830888986587524,0.3168146014213562,1.1494385297588035,0.6254531440666778,0.5239853856921256
87dedf6e3d02f515a2c4f22048c1fb5308fa72685009fbc676757222aa8133e6,535,3572,1-coins/10_1477787742.jpg::shape-1,1-coins/10_1477787742.jpg,1,508.7245979818615,325.6293598866234,575.5611163038528,392.4658782086147,5,25,0.22204707562923431,0.21498790383338928,0.5629490613937378,1.5486606571357697e-05,4.871940291195642e-07,0.5629490613937378,0.22204707562923431,1.5048658672058481,0.9882548449231924,0.5166110222826558
0e01610102244e7ffc8ee28ddf0b55e17f110730f62919388ead142e94b66dac,536,11971,1-coins/30_1477787454.jpg::shape-0,1-coins/30_1477787454.jpg,0,290.2927767130155,299.1163061247802,354.8052625026708,363.6287919144355,10,25,4.413867645780556e-05,0.3184797763824463,0.681108295917511,7.450528869412665e-07,0.00036701865610666573,0.681108295917511,0.3184797763824463,1.1441963024303423,0.6293283954188498,0.5148679070114925
a85d8d46bb567053e23ee569cec93aa93b487ef45723a8e88db5d052269a18a2,537,14383,1-coins/55_1477842666.jpg::shape-1,1-coins/55_1477842666.jpg,1,115.21499186058531,384.9596727116492,196.35947622452105,466.1041570755849,25,10,0.12872418761253357,0.627369225025177,0.24382534623146057,8.102146239252761e-05,2.4177063551178435e-07,0.627369225025177,0.24382534623146057,1.4113031041252282,0.9012658409806857,0.5100372631445425
c86d2e753236ac7ec889d88a19ca8f4f4710a2fc5b1187d30765929257e551fc,538,14494,1-coins/5_1477145514.jpg::shape-0,1-coins/5_1477145514.jpg,0,465.7889861610382,129.60624504428705,534.4952777983525,198.31253668160133,5,25,0.21642601490020752,0.24360154569149017,0.5378642082214355,0.002108151325955987,6.488104986601684e-08,0.5378642082214355,0.21642601490020752,1.5305065225060226,1.0218081592903285,0.5086983632156941
a20ec0fa2256887e9cbbbb5f3e0d0e9bd04ba43a353ce9243648a901516d5731,539,10963,1-coins/25_1477149522.jpg::shape-0,1-coins/25_1477149522.jpg,0,320.12112465538047,142.04230692139038,398.56853051703314,220.48971278304305,25,10,0.0002662511542439461,0.6791730523109436,0.3204735517501831,8.514562068739906e-05,2.028360995609546e-06,0.6791730523109436,0.3204735517501831,1.137955527866829,0.630458691193089,0.50749683667374
06f38cf2a05b79bfebe5679ddc22ebd19b7ae02d6cf813dcfdd662d05278a67e,540,9415,1-coins/150_1479429816.jpg::shape-1,1-coins/150_1479429816.jpg,1,313.4355266059671,357.35876754413346,394.45359919360646,438.3768401317727,25,10,0.0005003847763873637,0.6778931021690369,0.32157373428344727,3.145669325022027e-05,1.3372222156249336e-06,0.6778931021690369,0.32157373428344727,1.1345284170168717,0.6325232908153153,0.5020051262015564
76fde5e25eff6bb372f969fe069dc5beaad604810c62d29781c873ce6f1b28d2,541,10862,1-coins/20_1477788924.jpg::shape-0,1-coins/20_1477788924.jpg,0,135.59124087591238,121.1678832116788,198.3649635036496,183.94160583941604,10,25,5.841181700816378e-05,0.3227464556694031,0.6770741939544678,9.406717254023533e-07,0.00011994611122645438,0.6770741939544678,0.3227464556694031,1.1308882309751633,0.6306971652330706,0.5001910657420927
2278eb1c6dbbf56cd931819568dd50f678966c339911ca63e659ab2a51fac517,542,9574,1-coins/150_1479430110.jpg::shape-2,1-coins/150_1479430110.jpg,2,431.6942770540056,156.42775253374975,513.7215011975935,238.45497667733764,25,10,0.00045571441296488047,0.6771992444992065,0.3223378360271454,1.0901453606493305e-06,6.042635050107492e-06,0.6771992444992065,0.3223378360271454,1.1321551032340884,0.6324954301511356,0.4996596730829528
5badbd42d87c9ba3080fa83fcecd9483c69ac5627b8925e4761c5cf3bbb3b357,543,16488,1-coins/65_1477845978.jpg::shape-2,1-coins/65_1477845978.jpg,2,145.40534751190873,370.8546228742276,208.94247857504777,434.39175393736656,10,25,0.01152760535478592,0.30848428606987,0.6799633502960205,1.4430344890570268e-05,1.0384266715846024e-05,0.6799633502960205,0.30848428606987,1.1760843734984463,0.6768043800026893,0.499279993495757
0f75cdd6ebf6c015f45f902e27da5aec0c69bde2d6353b3ccd88a8a9a5d4778e,544,13847,1-coins/55_1477839276.jpg::shape-5,1-coins/55_1477839276.jpg,5,378.8687625853063,199.13307976592307,461.2193431415659,281.48366032218263,25,10,0.000230356163228862,0.6758162975311279,0.32394108176231384,1.2168630746600684e-05,1.1859850701512187e-07,0.6758162975311279,0.32394108176231384,1.127193626138483,0.6320211543151745,0.4951724718233085
82aa7877b4848709581372ae4372b5710b2106ac7fe88f42988f80ed71b99dbc,545,3551,1-coins/10_1477787682.jpg::shape-0,1-coins/10_1477787682.jpg,0,417.7399236624191,155.59706651956196,487.4981715756761,225.355314432819,5,25,0.2778393626213074,0.056274641305208206,0.665875256061554,9.083324584935326e-06,1.6452316913273535e-06,0.665875256061554,0.2778393626213074,1.2807121645983761,0.7886706487649652,0.49204151583341094
aec5170577a3ae98670c8a75399cfab432031abd612ed228b1aec2c9d449a923,546,3961,1-coins/110_1479346200.jpg::shape-6,1-coins/110_1479346200.jpg,6,467.6753931374859,343.15158361367645,528.9912735291806,404.4674640053712,10,25,0.00020433949248399585,0.3251563608646393,0.6745892763137817,1.4387404689841787e-06,4.860811895923689e-05,0.6745892763137817,0.3251563608646393,1.1234491019961421,0.6330876638907289,0.4903614381054132
9e25dd729e67dea0518fdf3f9a5557ff3de3b0396316fb54656e6e370bdcfd92,547,9480,1-coins/150_1479430014.jpg::shape-1,1-coins/150_1479430014.jpg,1,250.77259492376444,284.3302872314568,316.7274050762355,350.28509738392785,10,25,7.803898915881291e-05,0.3257126212120056,0.6742064356803894,7.884098067734158e-07,2.0800039237656165e-06,0.6742064356803894,0.3257126212120056,1.1217398164160395,0.6319261650115474,0.48981365140449207
d8af6d48517ad942486b6ccabc5be4b860e4f9015762e2403a3db0d6a49d3cf8,548,10968,1-coins/25_1477149552.jpg::shape-0,1-coins/25_1477149552.jpg,0,391.2036615284353,162.91169072551563,468.29998810660106,240.00801730368144,25,10,0.00018776897923089564,0.6741227507591248,0.3256729245185852,1.6266991224256344e-05,3.7249719753162935e-07,0.6741227507591248,0.3256729245185852,1.1218617002795355,0.6329916042692616,0.48887009601027387
cd4e258af3036173b16b272a2f4f0a79fecf1734117844c31175429aa54deb92,549,3390,1-coins/10_1477288818.jpg::shape-0,1-coins/10_1477288818.jpg,0,325.6169626658174,399.1463744305233,386.1477432165355,459.67715498124136,10,5,0.3991692364215851,0.21035797894001007,0.3892400562763214,0.0012135258875787258,1.9245175280957483e-05,0.3991692364215851,0.21035797894001007,1.558944537932123,1.0701492132385617,0.48879532469356124
7dd099314c548e37e513df8b26752ab261be98370a9e9e2ca457b13078cae6ba,550,20557,1-coins/90_1477855548.jpg::shape-0,1-coins/90_1477855548.jpg,0,50.89738243017374,311.67220083211083,130.70068052382143,391.4754989257585,25,10,0.000909338821657002,0.672787606716156,0.32627516984939575,2.74605681624962e-05,4.5370126144916867e-07,0.672787606716156,0.32627516984939575,1.120014174357397,0.6387387105584548,0.48127546379894226
6b3b382ad2677ee642492e93569c34fc302e4424c6e353575bcc5a810dea08f1,551,11371,1-coins/25_1477286184.jpg::shape-0,1-coins/25_1477286184.jpg,0,482.1583126414896,308.8178871095747,559.20338948617,385.8629639542551,25,10,0.00975592341274023,0.6747410893440247,0.3152192234992981,0.00028374488465487957,3.697869388474828e-08,0.6747410893440247,0.3152192234992981,1.1544869345989268,0.6768641818598036,0.47762275273912325
de3953ff658362eec869c8bb6c06d346c3123eed7068ca55ec2c9de8faba112c,552,5861,1-coins/120_1479422928.jpg::shape-13,1-coins/120_1479422928.jpg,13,240.85820937289,303.4432433864954,306.4207021917359,369.00573620534135,10,25,0.0001135092752519995,0.32929638028144836,0.6705893874168396,7.404893835882831e-07,1.2899346479855467e-08,0.6705893874168396,0.32929638028144836,1.1107970818210333,0.6347895806011372,0.4760075012198961
0160ce3a55293684bb6f05256797c04475e2484f1bf608959656090bf61541e1,553,3321,1-coins/10_1477288374.jpg::shape-0,1-coins/10_1477288374.jpg,0,28.42604020912006,224.7664657410349,91.65906617385866,287.9994917057735,10,25,0.0077295927330851555,0.3144643008708954,0.6750900745391846,0.0027136513963341713,2.408061391179217e-06,0.6750900745391846,0.3144643008708954,1.1568847200288448,0.6827020650752964,0.4741826549535484
bd81f623a7c7c4603ca6e359bb9432c0b4f4c31c83fc752361acc65687156a57,554,11424,1-coins/25_1477286508.jpg::shape-0,1-coins/25_1477286508.jpg,0,397.8409417507629,135.9186369262499,476.10624670746654,214.18394188295352,25,10,0.00022661640832666308,0.6693118214607239,0.3304217755794525,4.609819825418526e-06,3.518565426929854e-05,0.6693118214607239,0.3304217755794525,1.107385332789595,0.6369557111423598,0.47042962164723523
b83bb5f87399eb185a73950dd9dba7418cb59f73c9cd21ccf8a7f72b485464e5,555,11073,1-coins/25_1477191348.jpg::shape-0,1-coins/25_1477191348.jpg,0,8.678821922278317,286.3868511193586,92.29928026750268,370.007309464583,25,10,0.021489238366484642,0.6705717444419861,0.3077930212020874,0.00014580281276721507,2.0480673867950827e-07,0.6705717444419861,0.3077930212020874,1.1783277309920088,0.7144721100318997,0.4638556209601091
d8e74c65d655c0a3d0afb5bc9612f46d7a87307e8b8dc08b7c2a61c8c3d17f45,556,11132,1-coins/25_1477191750.jpg::shape-0,1-coins/25_1477191750.jpg,0,75.7296939560498,232.81077503713087,157.40544117908536,314.48652226016645,25,10,6.761924305465072e-05,0.6670665740966797,0.3328096270561218,1.4786705833103042e-06,5.470940959639847e-05,0.6670665740966797,0.3328096270561218,1.100184643001185,0.6374302277306934,0.46275441527049166
2cdf6898f0fb9aa1ee71b61dd501d9bad480d99b488ed37f2f0e3c57698a6585,557,3260,1-coins/10_1477287984.jpg::shape-0,1-coins/10_1477287984.jpg,0,169.9612403100775,415.50387596899225,231.97674418604652,477.5193798449613,10,25,0.0058120922185480595,0.32311952114105225,0.6704609990119934,0.00058678665664047,2.0638370187953115e-05,0.6704609990119934,0.32311952114105225,1.1297329897129371,0.6675906332215777,0.4621423564913594
7d5dda2ab8f4ef8a3e96fe686434249bbb2746eaed4ab7ace97cde7100aa0a2a,558,17949,1-coins/75_1477850058.jpg::shape-8,1-coins/75_1477850058.jpg,8,32.66828992327091,163.29147832906798,95.940405728903,226.56359413470008,10,25,0.0019341439474374056,0.3298546075820923,0.6682104468345642,6.266075729399745e-07,2.4909377316362225e-07,0.6682104468345642,0.3298546075820923,1.1091033046914243,0.6473307338865697,0.46177257080485457
e79fa201061273ca7798e3bc03aef63cb740bda08ca039b5ae31c0611e06c846,559,11126,1-coins/25_1477191714.jpg::shape-0,1-coins/25_1477191714.jpg,0,10.938999125706374,258.79614198284924,91.441953255246,339.29909611238884,25,10,0.00017889447917696089,0.6665777564048767,0.333240270614624,1.405170223733876e-06,1.6539811440452468e-06,0.6665777564048767,0.333240270614624,1.0988915158045063,0.6381424153709455,0.46074910043356077
f2a6dbb258e8a4623e7b9d602de5e8c3760f721ba79d7d83feab487a30e02d89,560,12969,1-coins/45_1477837044.jpg::shape-2,1-coins/45_1477837044.jpg,2,453.6747174451292,178.28712054590434,534.3097786789019,258.9221817796771,25,10,7.358720904449001e-05,0.6658780574798584,0.3340475857257843,4.807009759133507e-07,2.949145425645838e-07,0.6658780574798584,0.3340475857257843,1.0964718239207543,0.6377639868514537,0.4587078370693005
4fbea131eeeb1f800752b205075603cdfc5d7e3bf9f22801029c3e4040a26df0,561,13667,1-coins/55_1477838988.jpg::shape-0,1-coins/55_1477838988.jpg,0,25.90951972993915,260.77908494733043,105.24990055991591,340.1194657773072,25,10,0.00014495714276563376,0.6658875346183777,0.3339627981185913,4.285805516701657e-06,4.266807422936836e-07,0.6658875346183777,0.3339627981185913,1.0967256750874392,0.6383789313485797,0.45834674373885953
d6bac27f916d1ced0e0206662063b293c1201224c51d051c2e208055fcb559a9,562,8023,1-coins/145_1479427806.jpg::shape-6,1-coins/145_1479427806.jpg,6,112.09811217775498,254.79474139123812,194.26892902074687,336.96555823423006,25,10,0.000168462676811032,0.664510190486908,0.33531898260116577,2.254206492580124e-06,1.5566072875117243e-07,0.664510190486908,0.33531898260116577,1.0926730133302713,0.6394781727524945,0.4531948405777768
0aba97430f176e6ff4e187e366d6c3820a675b6a4e63300cc6c5c363feed7a46,563,6605,1-coins/130_1477861992.jpg::shape-11,1-coins/130_1477861992.jpg,11,540.9774120810378,79.78693589056158,615.6892545856288,154.4987783951527,25,10,0.00021796629880554974,0.664347767829895,0.3353860378265381,4.089599315193482e-05,7.3803457780741155e-06,0.664347767829895,0.3353860378265381,1.0924730588836715,0.6404230662216048,0.4520499926620667
b410d8d2e108a7b6f138e665dfb062449a6c31a406f712d18de155cd52cf0a51,564,12005,1-coins/35_1477789530.jpg::shape-2,1-coins/35_1477789530.jpg,2,212.30653792931625,288.554713111798,278.452586158275,354.70076134075674,10,5,0.6189323663711548,0.23480470478534698,0.10489067435264587,0.04092823341488838,0.000444010307546705,0.6189323663711548,0.23480470478534698,1.449001153812643,1.0079137598314571,0.4410873939811859
2429e5f57e5c64a719a6876f86ee7f1a6afb5881fe54f475eaf61f39d5ad1875,565,11039,1-coins/25_1477191132.jpg::shape-0,1-coins/25_1477191132.jpg,0,479.8274772694059,390.22163785334754,551.9389460882581,462.3331066721998,25,10,0.00502685597166419,0.6640388369560242,0.3305411636829376,0.0003881507436744869,5.037449227529578e-06,0.6640388369560242,0.3305411636829376,1.1070240777246234,0.6675012309435021,0.4395228467811213
fe01e9353540abf85dd154eaee8d82de92f75239bc48332d79cb1bf465b62c23,566,6167,1-coins/120_1479423060.jpg::shape-11,1-coins/120_1479423060.jpg,11,77.62072760672322,322.69461923233894,141.56153840312896,386.6354300287446,10,25,0.0035186668392270803,0.3336527645587921,0.6628118753433228,1.671434256422799e-05,6.009334896361906e-08,0.6628118753433228,0.3336527645587921,1.0976544538619868,0.6588903186768417,0.4387641351851451
2894880dd5748ef06785cacc7d66351567c5f658be40d7caeab95432e7622eed,567,2520,1-coins/105_1479344574.jpg::shape-4,1-coins/105_1479344574.jpg,4,271.3498359750173,260.65418380110424,336.24436692353345,325.5487147496204,10,25,8.555634849471971e-05,0.3396998643875122,0.6601964235305786,3.550766905391356e-06,1.4595843822462484e-05,0.6601964235305786,0.3396998643875122,1.0796928030281832,0.6419052831625245,0.43778751986565867
88a682004cbf8f5ed64443bdd54556cefe38d4ba9a40c3172cffa196d4d6d64a,568,2567,1-coins/105_1479344700.jpg::shape-5,1-coins/105_1479344700.jpg,5,275.4634357150846,358.98517484551934,338.6525063139009,422.17424544433567,10,25,0.0002683749480638653,0.34040069580078125,0.6593259572982788,6.633844691350532e-07,4.341266958363121e-06,0.6593259572982788,0.34040069580078125,1.077631838216907,0.6437303650449164,0.43390147317199057
47ae84204f0ac33656b166d1ac8e0a9f8c59429b558a725139f2a3e99830b12c,569,13683,1-coins/55_1477839012.jpg::shape-0,1-coins/55_1477839012.jpg,0,230.5303491761626,58.24049410369882,314.0493609687649,141.75950589630116,25,10,0.00011688441736623645,0.6581970453262329,0.3416806757450104,5.317596333043184e-06,6.056315271507628e-08,0.6581970453262329,0.3416806757450104,1.0738786747377864,0.6433390141007193,0.43053966063706717
e6850bf4c543283aa7c6091fd7e1e1b7b695b18ed27470a687b6de0bf9226fd2,570,5771,1-coins/120_1479351648.jpg::shape-7,1-coins/120_1479351648.jpg,7,44.78590784813448,169.84973763536854,108.27792193909951,233.3417517263336,10,25,0.000517159525770694,0.3411834239959717,0.658291757106781,7.531069059041329e-06,8.631597836483706e-08,0.658291757106781,0.3411834239959717,1.0753350460336777,0.6461265874216691,0.4292084586120086
1fea2a17041503548b559cd91a424cc383ae205b450817db1731e7912cde746a,571,19876,1-coins/85_1477853928.jpg::shape-4,1-coins/85_1477853928.jpg,4,347.8397251390596,149.50639180572628,425.9697986704642,227.63646533713083,25,10,7.682554132770747e-05,0.657686710357666,0.34223613142967224,3.4261029213666916e-07,8.023862130279724e-10,0.657686710357666,0.34223613142967224,1.0722543373886693,0.6432853529212805,0.42896898446738874
9da4486e31371af78361ae8755148b02c272f790aca1f7551488ba59c384e0dd,572,5086,1-coins/115_1479350652.jpg::shape-4,1-coins/115_1479350652.jpg,4,184.032944394732,93.90689397456389,250.0006690506462,159.8746186304781,10,25,0.0011227758368477225,0.34012043476104736,0.6587495803833008,6.848816610727226e-06,3.818542495537258e-07,0.6587495803833008,0.34012043476104736,1.0784555042075492,0.6494875377898286,0.4289679664177206
79a4e8ee663c83e10b4e9eebd8fb50a50e458cf66e26639086fa26954ea017ef,573,11408,1-coins/25_1477286412.jpg::shape-0,1-coins/25_1477286412.jpg,0,478.9011547161588,52.22962186944348,556.3835168166879,129.71198396997255,25,10,0.0006444092141464353,0.6581994891166687,0.34111669659614563,3.887908678734675e-05,5.18321769504837e-07,0.6581994891166687,0.34111669659614563,1.0755306414850778,0.6473084741872235,0.42822216729785434
7b18eeed2fb95d5b4fbe1a99e9ee5e6034409d91cc135267adafc4b82946097e,574,9559,1-coins/150_1479430092.jpg::shape-2,1-coins/150_1479430092.jpg,2,322.0119009115933,12.918375731737164,388.2614803833707,79.16795520351462,10,25,0.0007245039450936019,0.3409567177295685,0.6582346558570862,6.5331860241713e-06,7.758531864965335e-05,0.6582346558570862,0.3409567177295685,1.0759997372338657,0.6481894404027123,0.42781029683115335
639b34d61f7f9efa94932c3bb280a07d7f2699ed0406cd7c9ef5678f054e61b9,575,2516,1-coins/105_1479344574.jpg::shape-0,1-coins/105_1479344574.jpg,0,327.40115730232066,113.80695440376996,408.4829006686937,194.8886977701431,25,10,5.3610252507496625e-05,0.657155454158783,0.3427842855453491,5.399829205998685e-06,1.266241270059254e-06,0.657155454158783,0.3427842855453491,1.070653934775574,0.6435098725979087,0.4271440621776652
3fb2d277268ac52f823fcbd7c0da63824c88c740471459de16f41e679ce4eb85,576,5497,1-coins/120_1479351516.jpg::shape-3,1-coins/120_1479351516.jpg,3,236.231994127584,178.35418062276082,318.1088418852778,260.23102838045463,25,10,6.190541898831725e-05,0.6570345163345337,0.3428991734981537,3.856158855342073e-06,5.838426204718417e-07,0.6570345163345337,0.3428991734981537,1.0703188298452613,0.6436345503733172,0.4266842794719441
9164b42ffe5451de2e37d370a56e46176d83bf37c4b5aed142575ba69f0fe5ea,577,2941,1-coins/10_1477147464.jpg::shape-0,1-coins/10_1477147464.jpg,0,130.6186509694372,102.54618720132127,196.5407693204178,168.4683055523019,10,25,0.10756965726613998,0.26881977915763855,0.6233258247375488,0.0002840049855876714,7.019430086074863e-07,0.6233258247375488,0.26881977915763855,1.313714089864513,0.8899580411460658,0.4237560487184472
508e2ef4d9d5f43bda7f3d45d18f449f20b21585a99417d0cda3631d96110528,578,11484,1-coins/25_1477287216.jpg::shape-0,1-coins/25_1477287216.jpg,0,450.3582380724674,19.53215111594568,528.134515550721,97.30842859419924,25,10,0.0005929519538767636,0.6566175222396851,0.34247052669525146,0.00031163208768703043,7.348280178121058e-06,0.6566175222396851,0.34247052669525146,1.0715696784271884,0.6501983016948066,0.4213713767323818
d73aef8885a476abe40a1ff89c04139ff6da5e12f653509d328e9c693b3ca18e,579,13643,1-coins/55_1477838952.jpg::shape-0,1-coins/55_1477838952.jpg,0,171.15488617298632,172.95050661094254,236.39255908248805,238.1881795204443,10,25,0.0008351669530384243,0.34327638149261475,0.6558853387832642,2.5993238068622304e-06,4.7315717210949515e-07,0.6558853387832642,0.34327638149261475,1.0692193793337568,0.6496299368773388,0.41958944245641794
89030f8de396335071ec726b4907f007cc193a4490dda5ae94ab8463133d7f48,580,3247,1-coins/10_1477287900.jpg::shape-0,1-coins/10_1477287900.jpg,0,193.4666935962499,250.17735349472704,257.57899168293795,314.28965158141506,10,25,0.00048768348642624915,0.3434390723705292,0.6558692455291748,7.848617678973824e-05,0.00012556309229694307,0.6558692455291748,0.3434390723705292,1.068745556063746,0.6492793754427181,0.4194661806210279
39ac4a9dc949c7a5fa95368a634f447b305a500cc4cb454e847d1d4ec36d27ef,581,8869,1-coins/150_1477864470.jpg::shape-2,1-coins/150_1477864470.jpg,2,41.28555288871688,165.30516073185413,120.47915299363603,244.49876083677333,25,10,0.00029339047614485025,0.654884397983551,0.34481871128082275,3.5154548641003203e-06,4.743318626765358e-08,0.654884397983551,0.34481871128082275,1.064736474609252,0.6467827538368912,0.4179537207723608
946c18755d5379b87e80478835ea5444b8e77cc2beb3fec47b205525de0760a5,582,12183,1-coins/35_1477789884.jpg::shape-4,1-coins/35_1477789884.jpg,4,31.15451119763139,143.45238353805692,93.1859143342835,205.48378667470905,10,25,5.808826972497627e-05,0.34624457359313965,0.6536623239517212,2.2418985281547066e-06,3.2805382943479344e-05,0.6536623239517212,0.34624457359313965,1.0606098935365655,0.6460788029429358,0.4145310905936297
3747c22a8d544fe761314dda49522de793df3b0bd969be938f47a0a3beed27f8,583,20997,1-coins/90_1477857000.jpg::shape-5,1-coins/90_1477857000.jpg,5,91.4466130893556,235.49423213697463,169.9819583392158,314.02957738683483,25,10,0.00014269270468503237,0.6535130143165588,0.3463417887687683,1.74352396697941e-06,8.577371772844344e-07,0.6535130143165588,0.3463417887687683,1.0603291626947522,0.6465346683060511,0.4137944943887011
3d4db236ca9e1ca41782480115c501f7afdf22061c40fa42320f853e7852cd99,584,17672,1-coins/75_1477849878.jpg::shape-7,1-coins/75_1477849878.jpg,7,457.8753407425228,59.67096118047901,519.0151702063823,120.81079064433852,10,25,0.0009905695915222168,0.3463671803474426,0.6525582075119019,5.695904837921262e-05,2.712810783123132e-05,0.6525582075119019,0.3463671803474426,1.0602558517378635,0.6534794417474002,0.4067764099904633
b5a8f008896e056cede66f6f7243ead479439945a0b6cadf6f9563821a8fdc57,585,20676,1-coins/90_1477855674.jpg::shape-2,1-coins/90_1477855674.jpg,2,463.9088596825399,32.92335243616309,544.4389664044166,113.45345915803978,25,10,0.009930768050253391,0.6556851863861084,0.33434218168258667,3.95997594750952e-05,2.297660785188782e-06,0.6556851863861084,0.33434218168258667,1.0955903143877128,0.6892831668153794,0.40630714757233344
97efb18825c3989f321d7d7b52dcf31f8bc75192eaeae4e75f08ba195b25dfbf,586,1578,1-coins/100_1477860924.jpg::shape-0,1-coins/100_1477860924.jpg,0,430.6532251705052,315.54068497757913,492.81944363978425,377.70690344685823,10,25,0.0002734903828240931,0.35073405504226685,0.6489672064781189,7.453672424162505e-06,1.7815664250520058e-05,0.6489672064781189,0.35073405504226685,1.0477270206415337,0.650596112659636,0.39713090798189765
3dc72cf575edc87d311b149eccfc87cea3cd6f4e0f30231d10500b0de67d803e,587,14128,1-coins/55_1477842204.jpg::shape-2,1-coins/55_1477842204.jpg,2,141.5603803417752,235.80362358501844,205.08826830687343,299.33151155011666,10,25,0.0006779863033443689,0.34900280833244324,0.6499194502830505,0.00013254574150778353,0.0002671880938578397,0.6499194502830505,0.34900280833244324,1.0526753100142536,0.6557699793331786,0.39690533068107503
2354e8b9e419a922e8dc9f900e822bb906b327cee9130c7d7ed54a2f325a13f0,588,16065,1-coins/60_1477845474.jpg::shape-5,1-coins/60_1477845474.jpg,5,122.3666417799871,351.39815250595086,186.7018489603463,415.73335968631,10,25,0.00020773237338289618,0.3520912826061249,0.6476808190345764,1.6505537132616155e-05,3.5728830880543683e-06,0.6476808190345764,0.3520912826061249,1.0438648114175255,0.6508485551973414,0.3930162562201841
4926e9072f723e3e156811800c23ba7a32c5896459e73d1759f6bfcf047f803f,589,12875,1-coins/45_1477836948.jpg::shape-0,1-coins/45_1477836948.jpg,0,302.48158798174603,363.528099609653,366.12306318104464,427.1695748089516,10,25,6.584930815733969e-05,0.35523688793182373,0.6446750164031982,2.041526840912411e-06,2.0190425857435912e-05,0.6446750164031982,0.35523688793182373,1.0349704220968667,0.6515567860183513,0.3834136360785154
f2cf02c59a3faaf0c407e2f8dc1a65fdc329dac6d41e73dbf0b8b4874d22ec26,590,10185,1-coins/170_1479423276.jpg::shape-11,1-coins/170_1479423276.jpg,11,383.0009113112791,329.1614952528849,442.92609598799095,389.0866799295968,10,25,8.230801904574037e-05,0.35543909668922424,0.6444572806358337,3.7909100569777365e-07,2.089538611471653e-05,0.6444572806358337,0.35543909668922424,1.034401361745221,0.6518117758120987,0.3825895859331223
37117e1330d9e943e6483603e0d6c54ba7c5496661ba9ceb5bce4025d7d2c751,591,15666,1-coins/60_1477845174.jpg::shape-3,1-coins/60_1477845174.jpg,3,533.9333122851599,188.31287432895567,598.1834760360077,252.56303807980345,10,25,0.00022384690237231553,0.3561740219593048,0.6436004042625427,1.5579175851598848e-06,1.307292620822409e-07,0.6436004042625427,0.3561740219593048,1.032335841838098,0.6532154927536319,0.379120349084466
e6e5e3e42531eac85e490cb04d5fc355c9201403f4b5eefa00ab429201c5967c,592,3844,1-coins/110_1479346116.jpg::shape-1,1-coins/110_1479346116.jpg,1,203.78592224448036,272.8004149981036,287.5184255816065,356.5329183352298,25,10,7.887506217230111e-05,0.6431048512458801,0.3568061292171478,9.937407412508037e-06,2.1814300055211788e-07,0.6431048512458801,0.3568061292171478,1.030562700124647,0.6524711188221309,0.37809158130251597
941b5c5ee364b28766318dd2a3e01a96bd696b0de7fae869a2bf0bb3ca389b83,593,11252,1-coins/25_1477285428.jpg::shape-0,1-coins/25_1477285428.jpg,0,298.6500942937232,27.58213312867462,375.5246629878303,104.45670182278168,25,10,0.003927262034267187,0.6467196941375732,0.34878095984458923,0.0005671560065820813,4.827894372283481e-06,0.6467196941375732,0.34878095984458923,1.0533111760387914,0.6752975094455954,0.378013666593196
f91ba98a7828e39f2d809eec77029ff828f96ffa6330f490cc43a9150f16eee7,594,13925,1-coins/55_1477842054.jpg::shape-0,1-coins/55_1477842054.jpg,0,120.0464586691474,232.09025428958537,200.39149753523213,312.43529315567014,25,10,1.9680027610867343e-38,0.6425271034240723,0.35747289657592773,3.6871623156762417e-31,0.0,0.6425271034240723,0.35747289657592773,1.0286957334957127,0.6519503168489659,0.3767454166467469
932df694bcd2d81a0a91ab1ead644de064f2d2a6442545d2cf901a82201f354d,595,20711,1-coins/90_1477855710.jpg::shape-7,1-coins/90_1477855710.jpg,7,276.8055453118267,229.69605626073175,358.47912622102,311.3696371699251,25,10,8.822097152005881e-05,0.642585039138794,0.35732516646385193,1.0881417438213248e-06,4.6989342195047357e-07,0.642585039138794,0.35732516646385193,1.0291090813258705,0.652759125865742,0.3763499554601285
4ab371eaf33ba3fa71979b76b77128fba8e9aaa96e2e2d1a71baf3a9a4e10cb4,596,106,1-coins/100_1477155282.jpg::shape-0,1-coins/100_1477155282.jpg,0,23.798070192240324,41.8539077556921,116.74000087374957,134.79583843720133,100,25,0.0007088056881912053,0.03932960331439972,0.645082950592041,8.798154158284888e-05,0.31479066610336304,0.645082950592041,0.31479066610336304,1.1558474131219125,0.7798627664681076,0.37598464665380493
f4c15a8485e21da268a92361d779d8d5f04e6d96e6a424f95657c6c37a47b855,597,13478,1-coins/50_1477282842.jpg::shape-0,1-coins/50_1477282842.jpg,0,498.0018299398128,22.8279168963346,569.7373004949696,94.56338745149148,50,10,0.00031671070610173047,0.6439452171325684,0.0010809521190822124,0.35465487837791443,2.2697108761349227e-06,0.6439452171325684,0.35465487837791443,1.0366101359572966,0.6610301439509032,0.37557999200639336
37ffca74646002b03b32597363fa1845c93ec901f15f5302f757981e104312a2,598,9446,1-coins/150_1479429978.jpg::shape-3,1-coins/150_1479429978.jpg,3,196.57204212981367,202.486935746835,263.9385961680585,269.8534897850799,10,25,0.00014977171667851508,0.3578394651412964,0.6420075297355652,2.562620693424833e-06,6.769519700355886e-07,0.6420075297355652,0.3578394651412964,1.027670814545403,0.6536117382615831,0.37405907628381985
e32fb71faf921b6240b45998a7c397f3fd7165134106c1611f7a3291e6d67c90,599,10679,1-coins/175_1479423732.jpg::shape-7,1-coins/175_1479423732.jpg,7,265.2633048406712,320.7394953168617,330.45098087361447,385.92717134980495,10,25,0.0004815481079276651,0.35735705494880676,0.642155647277832,5.5927043831616174e-06,1.826166311502675e-07,0.642155647277832,0.35735705494880676,1.0290198431049644,0.655902789583387,0.3731170535215774
cbc238b2e09d7c773fdc42e4815287b84e82fc0129e0839d0b95c23d5279fca9,600,19729,1-coins/85_1477852956.jpg::shape-6,1-coins/85_1477852956.jpg,6,269.9654987271844,319.93630164689245,350.7206326596768,400.69143557938486,25,10,2.1369951355154626e-05,0.640956461429596,0.35902026295661926,5.890620968784788e-07,1.2662693507081713e-06,0.640956461429596,0.35902026295661926,1.0243764493105936,0.6531207759680031,0.37125567334259046
654474eafa25221008cc2dddbd50e200002455101705a6b7c89db5f35d022c3b,601,16884,1-coins/70_1477846716.jpg::shape-2,1-coins/70_1477846716.jpg,2,327.7699797157202,366.26273333890856,393.24451303790295,431.7372666610913,10,25,0.004499389789998531,0.3523886799812317,0.6430726647377014,6.775957899662899e-06,3.2465562981087714e-05,0.6430726647377014,0.3523886799812317,1.0430205080772825,0.6761936813254599,0.36682682675182265
32128a95c76162fb2aad9624af9ba77a5722e81fdc1d109ad2bd34c3e59855f5,602,13764,1-coins/55_1477839198.jpg::shape-0,1-coins/55_1477839198.jpg,0,46.96715859507135,231.26948417646668,127.06384915686662,311.366174738262,25,10,7.885495870141312e-05,0.6397225260734558,0.36019861698150635,3.193595077277678e-08,1.0440673691644315e-16,0.6397225260734558,0.36019861698150635,1.0210996858325878,0.6543215860724735,0.36677809976011433
342170d7242d3ccccc12afdd1e606616d5a1a773619245103d9264506e767c6e,603,20523,1-coins/90_1477855506.jpg::shape-1,1-coins/90_1477855506.jpg,1,9.87083704987009,184.68286712505804,87.12164415313742,261.93367422832534,25,10,0.0002667725784704089,0.6395978927612305,0.3601172864437103,7.856611773604527e-06,1.01692085081595e-05,0.6395978927612305,0.3601172864437103,1.0213255049148957,0.656047797214085,0.3652777077008107
81094c666bdccabdd13accc2a10a4f743f1eefbf022884e00f416ffe7682e4b7,604,12737,1-coins/45_1477835916.jpg::shape-0,1-coins/45_1477835916.jpg,0,499.87393705246205,146.30250848103356,562.5070153284902,208.93558675706169,10,25,0.00027448899345472455,0.36016494035720825,0.6395425796508789,1.3909145309298765e-05,4.1204930312233046e-06,0.6395425796508789,0.36016494035720825,1.0211931847998232,0.6561324561766921,0.3650607286231311
414870ae7ec10302668277e05d517d539136fa348d057f791fd7dc4cacd3ab44,605,20990,1-coins/90_1477856994.jpg::shape-6,1-coins/90_1477856994.jpg,6,229.59290660149185,198.20992787808757,311.3645402070189,279.98156148361454,25,10,7.502386142732576e-05,0.6391674876213074,0.36072880029678345,6.619477971980814e-06,2.202584255428519e-05,0.6391674876213074,0.36072880029678345,1.0196288486910063,0.6549213527464162,0.3647074959445902
597d47d6d27ab7235f947070b4c15538442d15d63cc1c91aef48dbe1ddf126c7,606,9290,1-coins/150_1479429666.jpg::shape-5,1-coins/150_1479429666.jpg,5,409.3644336427966,76.06946961401962,475.75786851547696,142.46290448669993,10,25,0.0003317205118946731,0.36058247089385986,0.6390809416770935,4.806793185707647e-06,9.722387517285824e-08,0.6390809416770935,0.36058247089385986,1.020034580337732,0.6566564858452021,0.3633780944925299
d66ed331f985bbc3ad1e4a490e4269d5242587a081de5cd9ce7b3cc55b761560,607,6820,1-coins/130_1477862436.jpg::shape-4,1-coins/130_1477862436.jpg,4,510.3508483853375,128.04427904227182,572.5104654832755,190.20389614020988,10,25,0.00047611905029043555,0.3623199164867401,0.6371958255767822,7.3474807322782e-06,7.737580745015293e-07,0.6371958255767822,0.3623199164867401,1.0152277102300649,0.6587474999742811,0.3564802102557838
5f8ca9e1178f6a3f0ba4ebacf37dea507791b66628b75491a716aa28f8cf2955,608,6179,1-coins/120_1479423066.jpg::shape-9,1-coins/120_1479423066.jpg,9,74.92245144640182,321.47317608408287,141.01957753910548,387.5703021767865,10,25,0.004786589182913303,0.3565730154514313,0.6385881900787354,5.208342190599069e-05,8.18689258608174e-08,0.6385881900787354,0.3565730154514313,1.031216248173412,0.6801924879073814,0.35102376026603055
0b7e41c132d27113f368d94a6437e1aeaaa8de79cb58d44d56d56d84e406b750,609,14403,1-coins/55_1477842708.jpg::shape-0,1-coins/55_1477842708.jpg,0,17.91299239529939,67.56164104394804,94.95187246956549,144.60052111821412,25,10,0.0003382467548362911,0.6349601149559021,0.3647010028362274,6.07614367709175e-07,7.907289756303726e-08,0.6349601149559021,0.3647010028362274,1.0086774314146958,0.6589733381036262,0.34970409331106955
62b04bef2de9b973b13076cab363fb612d51c132ac31c79cb8b73c8faeda6762,610,13938,1-coins/55_1477842060.jpg::shape-6,1-coins/55_1477842060.jpg,6,112.22023612938833,237.91807785600705,193.21861279147495,318.9164545180937,25,10,1.1695814966882163e-31,0.6340619325637817,0.3659380376338959,1.5580061426385293e-26,0.0,0.6340619325637817,0.3659380376338959,1.0052912559952218,0.6567584067861454,0.34853284920907646
616069c8a261881231c5e2623d32c9c4bfa11845e3d2e5e8412b1bcd9a90d58f,611,14772,1-coins/5_1477189476.jpg::shape-0,1-coins/5_1477189476.jpg,0,281.53041861958343,292.72089481005963,353.2314861423213,364.4219623327975,5,25,0.2426121085882187,0.2834150195121765,0.47123610973358154,0.0027256058529019356,1.1188387361471541e-05,0.47123610973358154,0.2426121085882187,1.4162913719773464,1.0717298717450263,0.34456150023232013
318cf1b1e917f18d172cd935939dbead738d6278976f31dda1ee55e5d80092dd,612,10047,1-coins/170_1479423216.jpg::shape-3,1-coins/170_1479423216.jpg,3,456.7299485010348,305.97082441344355,518.7007084332716,367.9415843456805,10,25,7.756473496556282e-05,0.3679921329021454,0.6319279670715332,5.578514787885069e-07,1.7645444359004614e-06,0.6319279670715332,0.3679921329021454,0.999693719025019,0.6586871506069585,0.34100656841806054
c5cb35910f95dfac97c10fa10a2a683d925236946032486666410de8198337c0,613,19591,1-coins/85_1477852188.jpg::shape-4,1-coins/85_1477852188.jpg,4,293.77046045204366,299.78505899218965,358.4339191100001,364.4485176501461,10,25,0.00018258839554619044,0.36849185824394226,0.631324052810669,8.954945087680244e-07,5.91493517276831e-07,0.631324052810669,0.36849185824394226,0.9983366619144889,0.6598403116659679,0.338496350248521
16f16f37bb1446a37a6d2e4ad5c25bc13dbe01deacda87ca2c1ec6ab46a160c0,614,14169,1-coins/55_1477842270.jpg::shape-0,1-coins/55_1477842270.jpg,0,233.6645599552686,262.24009952361394,299.11241846199755,327.6879580303429,10,25,6.852793740108609e-05,0.3692830204963684,0.6306422352790833,3.975616209572763e-07,5.842933205713052e-06,0.6306422352790833,0.3692830204963684,0.9961919357154999,0.6593466120096165,0.3368453237058834
d8a1e5382e85aafe9a453150b85ae9b02ab57ec4d2af682fa56265b7f19ceab0,615,16865,1-coins/70_1477846698.jpg::shape-1,1-coins/70_1477846698.jpg,1,62.524597917696994,252.25328008823965,127.01028580323324,316.73896797377586,10,25,5.461338514578529e-05,0.3694179654121399,0.6305151581764221,1.1770347555284388e-05,5.5145540045487e-07,0.6305151581764221,0.3694179654121399,0.9958265783656471,0.6593588030985034,0.3364677752671438
767aa5974ae0e0d54ba856e1f7fdb9f901a501ad7825eec6487b9dc75150546f,616,11247,1-coins/25_1477285398.jpg::shape-0,1-coins/25_1477285398.jpg,0,221.46808742856751,164.86954728258212,299.9479709655931,243.3494308196076,25,10,0.0003249337896704674,0.6309154629707336,0.3687388598918915,1.9986635379609652e-05,7.439766136485559e-07,0.6309154629707336,0.3687388598918915,0.9976665822471199,0.661304221143014,0.3363623611041059
7dc6f2f13fbd8224022198f1e823bfb2657273f140b984453a171646cd2598e4,617,11823,1-coins/30_1477786770.jpg::shape-2,1-coins/30_1477786770.jpg,2,179.1392119778933,281.33070133959546,244.13738376678748,346.32887312848965,10,25,0.0008249640231952071,0.3678649961948395,0.6313058137893677,1.2791361996278283e-06,2.9687957976420876e-06,0.6313058137893677,0.3678649961948395,1.0000392662883226,0.6641704739430203,0.3358687923453023
958d839176bad494e6ee616df602c2cdb10170b195a6854d26c9ab98026506a5,618,17583,1-coins/75_1477849776.jpg::shape-1,1-coins/75_1477849776.jpg,1,504.8018656432488,180.1595298768255,569.3003241377729,244.65798837134963,10,25,0.0004501882940530777,0.368669718503952,0.6308287978172302,7.329786058107857e-06,4.395049836602993e-05,0.6308287978172302,0.368669718503952,0.9978541075625765,0.6625112000004565,0.33534290756212004
9884a5798a131489c1392a01052f1a3b95b81fb6e76a1cbe0e405debdc23682e,619,11396,1-coins/25_1477286340.jpg::shape-0,1-coins/25_1477286340.jpg,0,278.6151923135483,42.18353763728932,359.7157429382502,123.28408826199124,25,10,0.03536310791969299,0.6351354718208313,0.32852041721343994,0.000979921082034707,1.06282323031337e-06,0.6351354718208313,0.32852041721343994,1.1131562901321381,0.778983435239596,0.3341728548925421
b055834b3e0b443d93b26440f14eb12253dac2582f03d9bb34691b00cafa942e,620,11071,1-coins/25_1477191336.jpg::shape-0,1-coins/25_1477191336.jpg,0,24.29477690099557,384.52666095896654,105.41536802654063,465.6472520845116,25,10,0.01089540310204029,0.6357436180114746,0.3527928292751312,0.0005680716130882502,9.675998313696255e-08,0.6357436180114746,0.3527928292751312,1.0418742802399286,0.709019901237132,0.3328543790027966
30158406fb39da39cd16af4d81ecf1b914a0b0f740ab4b17545d58693584004b,621,18222,1-coins/75_1477850514.jpg::shape-9,1-coins/75_1477850514.jpg,9,198.9792722268734,319.3182552777209,263.73259217990625,384.0715752307537,10,25,4.9121834308607504e-05,0.3709622621536255,0.6289834976196289,1.5639271850886871e-06,3.5114608181174845e-06,0.6289834976196289,0.3709622621536255,0.991654940810922,0.6600472784617142,0.3316076623492078
12a43ac5a50f3e288395c6b6114193a66d3b11e6449502ab7caa96b3201accf2,622,13287,1-coins/50_1477194366.jpg::shape-0,1-coins/50_1477194366.jpg,0,56.3724901873189,381.9141568539856,130.04417647934778,455.5858431460144,50,10,0.0006776624359190464,0.6323874592781067,0.041623711585998535,0.3253013789653778,9.829187547438778e-06,0.6323874592781067,0.3253013789653778,1.1230032064543989,0.7924914144855234,0.3305117919688755
568e515f25e5cf2f15a28aeef6f06c192a914f571d4f2687330683d3fcdcad14,623,2530,1-coins/105_1479344580.jpg::shape-6,1-coins/105_1479344580.jpg,6,329.89801624771104,114.32967092397,409.1523434645191,193.5839981407781,25,10,2.98292998195393e-05,0.6282103061676025,0.37175601720809937,1.6392242514484678e-06,2.2286499188339803e-06,0.6282103061676025,0.37175601720809937,0.9895175076044762,0.6602633368399027,0.32925417076457353
caaaa329afe68dbd6bbd58c2949589c404698619d6199d10eee7c747125a6285,624,16526,1-coins/65_1477846008.jpg::shape-5,1-coins/65_1477846008.jpg,5,387.4842006054141,382.3611335951048,450.747328604208,445.62426159389867,10,25,0.00017819664208218455,0.37160685658454895,0.6282086372375488,1.5129397752389195e-06,4.8267834245052654e-06,0.6282086372375488,0.37160685658454895,0.9899188206934425,0.661521767452036,0.32839705324140656
42ead8fc05de7a3196bcfd24820ef4f059e9fc07388a8bb33cc2774467c337c9,625,4266,1-coins/110_1479347472.jpg::shape-7,1-coins/110_1479347472.jpg,7,509.82748056695766,321.8712761873956,590.1725194330423,402.2163150534803,25,10,9.875868272501975e-05,0.6276258230209351,0.3722738027572632,1.594005311744695e-06,9.10267132780973e-08,0.6276258230209351,0.3722738027572632,0.9881256665280616,0.6611419720302096,0.3269836944978519
89825e94b4023c475fce528a96458a64c259818b12f884be29c7dc944f281b24,626,11267,1-coins/25_1477285518.jpg::shape-0,1-coins/25_1477285518.jpg,0,220.57913944915865,92.06770188998578,298.1851765878567,169.67373902868383,25,10,0.00024196022422984242,0.6272739768028259,0.37244194746017456,3.718588050105609e-05,4.904898105451139e-06,0.6272739768028259,0.37244194746017456,0.9876740990522306,0.6628481853166686,0.324825913735562
f4bbcc755fdcab4437b7671bc554de3614c0cebca5db422a6291ddf7a2ae5efa,627,7124,1-coins/135_1479426042.jpg::shape-3,1-coins/135_1479426042.jpg,3,312.9040699692379,295.7472072241399,379.2527927758601,362.0959300307621,10,25,0.0003553392307367176,0.37230250239372253,0.6272367835044861,9.076500646187924e-06,9.630391286918893e-05,0.6272367835044861,0.37230250239372253,0.9880485766817287,0.6642339959096257,0.323814580772103
87d7c55e8d98a414ba2eab68f0f40ee61a21e0ec627219d924e71fdc14f91952,628,19172,1-coins/80_1477851690.jpg::shape-4,1-coins/80_1477851690.jpg,4,45.32866632496357,216.89729377594395,107.61251014562468,279.181137596605,10,25,8.025301940506324e-05,0.3735509514808655,0.6263663172721863,2.2032220385881374e-06,3.252722819979681e-07,0.6263663172721863,0.3735509514808655,0.9847008674323554,0.6616529481943204,0.323047919238035
c4ba1bfafb4a5c96804a2878b7eb76b825742cc3fcef2d2a502ad4424399b4a1,629,9318,1-coins/150_1479429690.jpg::shape-4,1-coins/150_1479429690.jpg,4,254.3038756727296,364.47408843868703,322.1642094336533,432.33442219961074,10,25,0.00459644990041852,0.36575084924697876,0.6295111179351807,2.6204561436316e-05,0.00011548274051165208,0.6295111179351807,0.36575084924697876,1.0058029171516427,0.6852821391406039,0.32052077801103884
15c20943613865149d1e65e25f45a6cc2942f53190bb534199eae694e27fd74b,630,9456,1-coins/150_1479429990.jpg::shape-1,1-coins/150_1479429990.jpg,1,198.38903174274012,204.5484520325952,264.10372188044823,270.2631421703033,10,25,7.059588824631646e-05,0.3746272623538971,0.6253006458282471,4.399089448270388e-07,1.0588726127025438e-06,0.6253006458282471,0.3746272623538971,0.981823714380836,0.6621065856489295,0.3197171287319065
68abeae934d460aa7cc18295690409ee30a66c30f576094f12810adabb2662fa,631,18764,1-coins/80_1477850904.jpg::shape-0,1-coins/80_1477850904.jpg,0,74.75252704581587,43.68006327769992,153.5083425194015,122.43587875128556,25,10,1.866575075837318e-05,0.6248735785484314,0.3751067519187927,9.527483371130074e-07,3.658912461901309e-08,0.6248735785484314,0.3751067519187927,0.980544621739603,0.6618452499352819,0.31869937180432106
0eb3a750e8a5df138bcad05336cf9a77c8329814781a4861adb38635d5c97f08,632,8493,1-coins/145_1479428982.jpg::shape-1,1-coins/145_1479428982.jpg,1,432.6768970761291,176.96675214859286,511.5260014745954,255.81585654705927,25,10,0.0001918367197504267,0.6248748898506165,0.37489795684814453,3.2733842090237886e-05,2.6098423404619098e-06,0.6248748898506165,0.37489795684814453,0.9811014051133647,0.6636449790958493,0.31745642601751545
05641197eea3847d90d048502f82724140103b622a1cd93ab53fdd8e00bde51f,633,11128,1-coins/25_1477191726.jpg::shape-0,1-coins/25_1477191726.jpg,0,35.292011344619404,380.40795337360487,113.60653938001826,458.72248140900376,25,10,0.00020868181309197098,0.6247274875640869,0.3750637173652649,1.0376970749348402e-07,1.8844723115307715e-08,0.6247274875640869,0.3750637173652649,0.980659354471261,0.663476902079215,0.317182452392046
ddb87cc55a40ccc06036d63004bdca9b9c1fd672f760a80fd15d4d9315c5642b,634,12752,1-coins/45_1477835928.jpg::shape-3,1-coins/45_1477835928.jpg,3,466.88014000966274,205.8777530367269,531.6083465644999,270.60595959156404,10,25,0.0022438005544245243,0.37085968255996704,0.6268477439880371,4.777504000230692e-05,1.0797735967571498e-06,0.6268477439880371,0.37085968255996704,0.9919315020397809,0.6748140433208376,0.31711745871894326
bb29db39794a714daab98d139e68faf87ec5a99fb46dcf4f0cf073920c6b4ee2,635,15689,1-coins/60_1477845192.jpg::shape-2,1-coins/60_1477845192.jpg,2,424.0327108863762,278.2202108863762,489.4672891136238,343.6547891136238,10,25,0.0,0.37620407342910767,0.6237959265708923,2.4972539932732565e-41,0.0,0.6237959265708923,0.37620407342910767,0.9776235343452585,0.6621752182300837,0.31544831611517476
0407581bf4f729ef2206de2654612abf8f3e63818477b029d5844c86ddfbcf54,636,8531,1-coins/145_1479429000.jpg::shape-0,1-coins/145_1479429000.jpg,0,23.482014388489205,117.2661870503597,101.1798561151079,194.9640287769784,25,10,0.00013743968156632036,0.6239931583404541,0.37586769461631775,1.4942472716938937e-06,2.294830920845925e-07,0.6239931583404541,0.37586769461631775,0.9785180735355675,0.663324121971694,0.31519395156387353
1c8fb0d2d2283ec9a90b3ddadd792f0818d66c2fea07cff4cc523c2442ed9bd9,637,6129,1-coins/120_1479423048.jpg::shape-1,1-coins/120_1479423048.jpg,1,281.67377686811164,168.87085716008244,347.7714786063409,234.9685588983117,10,25,0.0002158651768695563,0.37667420506477356,0.6231092214584351,5.751342655457847e-07,1.610394662066028e-07,0.6231092214584351,0.37667420506477356,0.9763746426978254,0.6643595233184372,0.3120151193793882
d9aa286d39c23d29c846854888f5a01aa976a69ad241704fbc7bb6901863e512,638,2345,1-coins/105_1479344442.jpg::shape-5,1-coins/105_1479344442.jpg,5,341.9286405430326,271.8941577844119,422.7708668461299,352.7363840875092,25,10,0.00030608740053139627,0.6228769421577454,0.3767823576927185,3.380398629815318e-05,7.713296668043768e-07,0.6228769421577454,0.3767823576927185,0.9760875587860682,0.6654820582844343,0.31060550050163394
41d469e184e6899b4852b383c890170cb04e328b42d62e0bdbd3c087d7cbc2ce,639,3911,1-coins/110_1479346164.jpg::shape-4,1-coins/110_1479346164.jpg,4,233.12467684383785,297.4495499402846,316.3981657957561,380.7230388922029,25,10,7.609838212374598e-05,0.6223913431167603,0.37753111124038696,1.4453995618168847e-06,4.989173074676501e-09,0.6223913431167603,0.37753111124038696,0.9741022998070753,0.6636245286010869,0.3104777712059884
4c302ef1e0533ae48fe98c23fb6820476e1d8e74e7ea7cfc429569830affdc3a,640,19160,1-coins/80_1477851678.jpg::shape-2,1-coins/80_1477851678.jpg,2,462.6366959782639,164.41930467391612,527.4502605434751,229.23286923912735,10,25,5.372352461563423e-05,0.3780924379825592,0.6218514442443848,1.484993816802671e-07,2.239648210888845e-06,0.6218514442443848,0.3780924379825592,0.972616568331381,0.6637116790983634,0.3089048892330176
269febf1ead9fd68e5cbd4afea36c48f2a2426a8ce7c723d117cbcd7537865b6,641,8365,1-coins/145_1479428922.jpg::shape-3,1-coins/145_1479428922.jpg,3,510.7493268503529,338.0183623833478,589.0273228958401,416.2963584288351,25,10,0.002139669843018055,0.6228989362716675,0.3748948872089386,6.622281216550618e-05,2.703238237700134e-07,0.6228989362716675,0.3748948872089386,0.981109593079495,0.6764693479589283,0.30464024512056664
fce88522895a30e587c1be047c7d5c3e9c4e6dcc859e2476a3e96b2b8050e431,642,11235,1-coins/25_1477285254.jpg::shape-0,1-coins/25_1477285254.jpg,0,127.14325758457524,67.65498466346654,205.47934369474245,145.99107077363368,25,10,0.00018316367641091347,0.6184018850326538,0.3813807964324951,2.9268676371430047e-05,4.924349468637956e-06,0.6184018850326538,0.3813807964324951,0.9639569372866439,0.6667908232870549,0.29716611399958903
898b7cba5d775237027e2f18157e17a9cb739d403a37ac26e498f51c9c1785f8,643,11200,1-coins/25_1477192230.jpg::shape-0,1-coins/25_1477192230.jpg,0,343.7326272868021,210.8980949127014,421.21701300096765,288.38248062686694,25,10,8.503515709890053e-05,0.617917001247406,0.38197535276412964,2.0244056941010058e-05,2.3613645225850632e-06,0.617917001247406,0.38197535276412964,0.9623991940170373,0.666125088514669,0.2962741055023683
6b45bf322979af916c2a8be0736dafe517eaca3f9556b6522fe6daf5fe190e69,644,4018,1-coins/110_1479346242.jpg::shape-7,1-coins/110_1479346242.jpg,7,466.7878318079202,343.6925937126821,527.0216920016036,403.9264539063655,10,25,0.00011282142077106982,0.3821803033351898,0.6176871657371521,4.945027285430115e-07,1.921657894854434e-05,0.6176871657371521,0.3821803033351898,0.9618627834720427,0.6664314847673906,0.2954312987046521
20799ca7f1406ee37a96740902acab2668b47c53f90d19004844d0e15ab8b0ba,645,12730,1-coins/45_1477835904.jpg::shape-5,1-coins/45_1477835904.jpg,5,492.5705262530149,145.6429900211309,557.8062853411878,210.87874910930384,10,25,0.0003875722177326679,0.38165557384490967,0.61794513463974,1.0659912732080556e-05,9.927516657626256e-07,0.61794513463974,0.38165557384490967,0.9632367162460864,0.6682563991403805,0.29498031710570594
13c20f422dc7ea25d6de6e1a57c9420b14a12981141e7fe57965e34603cfd3da,646,9607,1-coins/150_1479430254.jpg::shape-1,1-coins/150_1479430254.jpg,1,280.310123841898,64.02235405772532,360.8985092516272,144.61073946745452,25,10,0.00011824561806861311,0.6169381737709045,0.38293740153312683,4.913710199616617e-06,1.2248597158759367e-06,0.6169381737709045,0.38293740153312683,0.9598837456319211,0.6666941762360504,0.2931895693958707
cbf2c225ea85757c1c4824f0321e7408f02606f317e5aee7c311a32ba34b1bb0,647,14171,1-coins/55_1477842270.jpg::shape-2,1-coins/55_1477842270.jpg,2,407.5559522629667,82.8940817593696,471.983616082357,147.32174557875987,10,25,0.0015289540169760585,0.38000884652137756,0.6184559464454651,2.325480636500288e-06,3.91783396480605e-06,0.6184559464454651,0.38000884652137756,0.9675607462132734,0.6748592691927563,0.2927014770205171
de4b33be638827d8ec6d97e64cc2b446472c3746e50c7ca757c443c5fd4410a0,648,12814,1-coins/45_1477835988.jpg::shape-5,1-coins/45_1477835988.jpg,5,265.14185388923664,310.2368574078855,334.72383425794334,379.8188377765922,10,25,0.00017471560568083078,0.3836604356765747,0.6161528825759888,1.1948460269195493e-05,2.946595856201384e-08,0.6161528825759888,0.3836604356765747,0.9579973996947154,0.6675716397820365,0.29042575991267894
af7b8f8a4aab0f224893a215f2dda045d2bc62604d3608ff39581147fca23871,649,7931,1-coins/145_1479427710.jpg::shape-3,1-coins/145_1479427710.jpg,3,370.2710805342671,283.3269180977188,436.1045539834995,349.16039154695125,10,25,0.0002938057004939765,0.38474199175834656,0.6149470210075378,5.017626790504437e-06,1.218459783558501e-05,0.6149470210075378,0.38474199175834656,0.9551823206231145,0.6690862748335153,0.28609604578959913
5ef4554d8e35dafd814ea3b9241287270d896d98a079f187bcc25e3f331b4935,650,14223,1-coins/55_1477842318.jpg::shape-0,1-coins/55_1477842318.jpg,0,254.4246395422791,118.7495126387258,318.44845690442145,182.77333000086813,10,25,9.349330503027886e-05,0.3857820928096771,0.6141238212585449,4.7384480694745434e-07,1.6989639561870717e-07,0.6141238212585449,0.3857820928096771,0.9524825953221294,0.6677490898523226,0.2847335054698068
58544cb92a9f62cca375b24d61358300118b2687ae4676ef3edaa66a68bb75ac,651,18249,1-coins/75_1477850532.jpg::shape-3,1-coins/75_1477850532.jpg,3,295.4639197534383,223.71923890237449,366.110548331668,294.3658674806042,5,10,0.2621050775051117,0.4764370024204254,0.26145610213279724,1.7984091300604632e-06,3.793969582943646e-08,0.4764370024204254,0.2621050775051117,1.3390097964439607,1.0549659730549157,0.284043823389045
29cd802fd0788c69ea94b5f8e36166dfcd9e96788b13519fe419e4bc9ffeb52a,652,13841,1-coins/55_1477839270.jpg::shape-5,1-coins/55_1477839270.jpg,5,286.7199019232633,345.8262849019867,352.51414062992814,411.6205236086515,10,25,9.614320879336447e-05,0.38643792271614075,0.6134650111198425,2.641392597979575e-07,5.920595640418469e-07,0.6134650111198425,0.38643792271614075,0.950784037784237,0.6680794572148643,0.28270458056937275
206266292bb394aa937bdec95417658aa1b1d872fdacee3ac4199b251d10d07f,653,12690,1-coins/45_1477835868.jpg::shape-1,1-coins/45_1477835868.jpg,1,318.5806930577152,271.2056930577152,384.5026402756182,337.1276402756182,10,25,0.0010948138078674674,0.38621795177459717,0.6126468181610107,3.620321876951493e-05,4.2280362322344445e-06,0.6126468181610107,0.38621795177459717,0.951353426964463,0.675492365464893,0.27586106149957
2ee9287595ddc2fa3aee188e8d633ab39b5469fe4716a2df89f1467c0c8c2933,654,13390,1-coins/50_1477282290.jpg::shape-0,1-coins/50_1477282290.jpg,0,563.022057611212,167.4568402199077,630.4562032583531,234.8909858670488,50,25,0.004415551666170359,0.29543498158454895,0.44561120867729187,0.25452473759651184,1.3507083167496603e-05,0.44561120867729187,0.25452473759651184,1.3683572469430998,1.0927931756954927,0.27556407124760707
cdba5596422e7b97a9ee1410871b28d29c181156ca211781d468885d9b98e977,655,17732,1-coins/75_1477849932.jpg::shape-1,1-coins/75_1477849932.jpg,1,293.6342218577474,150.11837171365516,358.2389769895148,214.7231268454226,10,25,0.0003780144324991852,0.38836172223091125,0.6112524271011353,2.228963694506092e-06,5.597044946625829e-06,0.6112524271011353,0.38836172223091125,0.9458180998651642,0.6712813272090695,0.27453677265609466
6f05c3b303bafad98401607362b3977663f0f57d16f33fa74b437084caf1cb17,656,5636,1-coins/120_1479351588.jpg::shape-12,1-coins/120_1479351588.jpg,12,65.75610630944833,201.5087944814913,128.329915195928,264.082603367971,10,25,3.581704368116334e-05,0.38941583037376404,0.6105481386184692,1.7847524702574447e-07,2.5297437034055292e-08,0.6105481386184692,0.38941583037376404,0.9431075336249449,0.6688741957206015,0.27423333790434345
822cc3145c352309ccc6607d643a2349801b719eba037d46aba909333fb4e4b6,657,9400,1-coins/150_1479429792.jpg::shape-1,1-coins/150_1479429792.jpg,1,202.9248812108885,114.60604063117836,287.654828934039,199.33598835432883,25,10,0.00010553892207099125,0.6103100180625916,0.3895833492279053,1.0304771649316535e-06,7.090411457966184e-08,0.6103100180625916,0.3895833492279053,0.9426774462484496,0.6695970696981965,0.2730803765502531
5059853ed7121c38eba63d9473422151bbfd0e9d88b0378ec80c2507c51f1fb6,658,16601,1-coins/65_1477846260.jpg::shape-1,1-coins/65_1477846260.jpg,1,181.15803117041824,310.481339441095,245.15775830326592,374.4810665739426,10,25,0.00010017406748374924,0.388649046421051,0.6108272671699524,2.8634260615945095e-06,0.0004205725563224405,0.6108272671699524,0.388649046421051,0.9450785368762643,0.672634212334912,0.27244432454135226
53580e21386bced9b40ab7a66b3cf1d4ad777190a76a3cb4d6d186fa3324f523,659,11242,1-coins/25_1477285296.jpg::shape-0,1-coins/25_1477285296.jpg,0,268.3402765364386,392.3402765364386,344.2980213359017,468.29802133590175,25,10,8.73145618243143e-05,0.6098191142082214,0.3900498151779175,2.63434794760542e-05,1.7409734937245958e-05,0.6098191142082214,0.3900498151779175,0.9414808167899539,0.6701212215193036,0.27135959527065023
86706024d418d6da487ea9891a4e4f2a1892b85562602fd430c79d6277597f79,660,19643,1-coins/85_1477852890.jpg::shape-5,1-coins/85_1477852890.jpg,5,216.06412690369132,225.9740368136013,297.4493866098222,307.3592965197321,25,10,0.0001444445369997993,0.6097856760025024,0.39005762338638306,8.44427449919749e-06,3.7952299862809014e-06,0.6097856760025024,0.39005762338638306,0.9414607984999599,0.6702763494525098,0.2711844490474501
a8a8f071077f6a48bf6ceaf4cd2000b16b426380aabc1ac8b1f7bead9e0cadb0,661,14957,1-coins/5_1477290948.jpg::shape-0,1-coins/5_1477290948.jpg,0,154.81274095502397,46.450422114444265,223.68001266816435,115.31769382758468,5,25,0.35372811555862427,0.03011401742696762,0.6160613894462585,8.936820086091757e-05,7.066677881084615e-06,0.6160613894462585,0.35372811555862427,1.0392266960835865,0.7724284548142292,0.26679824126935736
88249bfb949e895df9712b5c03001c7eb8a783c2928208e57b561c011aafa0cf,662,15094,1-coins/5_1477292064.jpg::shape-0,1-coins/5_1477292064.jpg,0,425.55451378682216,46.74498997729841,492.0645338322253,113.25501002270158,5,25,0.32245856523513794,0.07638631016016006,0.6010786890983582,7.579955126857385e-05,6.172700182105473e-07,0.6010786890983582,0.32245856523513794,1.1317806308916032,0.8681089710575982,0.263671659834005
2c7437b1b71fce43c4695dd765c8954d881a41ed48ebbf4024f383f8f3bdab48,663,11021,1-coins/25_1477154262.jpg::shape-0,1-coins/25_1477154262.jpg,0,467.6884643873385,238.78991366270088,540.282550105415,311.38399938077737,25,10,0.00048757228069007397,0.6040135622024536,0.395342081785202,0.00012944727495778352,2.7360891181160696e-05,0.6040135622024536,0.395342081785202,0.9280038590325299,0.6765621942878199,0.25144166474470997
393dbe005675fceb15448ec580a166e2aaff6b29854eb46d05be8a4af6ad444e,664,1860,1-coins/100_1477861140.jpg::shape-1,1-coins/100_1477861140.jpg,1,314.29970516580227,134.19825589043992,375.78725135593686,195.6858020805745,10,25,0.0005684126517735422,0.39553403854370117,0.6037359833717346,5.727059487981023e-06,0.0001557954674353823,0.6037359833717346,0.39553403854370117,0.9275184308919288,0.6772038676323099,0.25031456325961887
7c3127680fac0b6530cb0fa38c2b84b0ee4cdd7e65247dbea817e48c0c5edb12,665,3755,1-coins/110_1479345726.jpg::shape-0,1-coins/110_1479345726.jpg,0,195.3866008619413,217.3077831279512,276.01241391638376,297.93359618239367,25,10,1.0434817072912939e-11,0.6023297905921936,0.3976702094078064,1.7554895254470737e-12,5.4007397029914373e-36,0.6023297905921936,0.3976702094078064,0.9221322367710423,0.6720557030104201,0.2500765337606222
67d647b9ff5b729bcfff24fd0096f3dabd6ad5ca1551efa749fa165a00d9c11e,666,9122,1-coins/150_1479429582.jpg::shape-9,1-coins/150_1479429582.jpg,9,278.51765260149153,360.4748391458341,341.6658336370405,423.6230201813831,10,25,0.0003996242012362927,0.3965936005115509,0.6030036211013794,1.9292512831725617e-07,2.9892757993366104e-06,0.6030036211013794,0.3965936005115509,0.9248431989026954,0.6749735299292503,0.2498696689734451
9618fb555b7deefc243b7ddf6c6e6649426add72fd272342843188521e683143,667,8990,1-coins/150_1479429522.jpg::shape-7,1-coins/150_1479429522.jpg,7,280.7808969726246,354.3849578863302,343.07697104767993,416.6810319613856,10,25,0.00037280292599461973,0.39740321040153503,0.6022239327430725,5.2795307681208214e-08,3.2879516886907822e-09,0.6022239327430725,0.39740321040153503,0.9228038703828718,0.67507261445412,0.24773125592875178
5f6bef1ee2dde3dda3f64d0aa1b013b03f36c78410558710d23b2a4839cbf9e5,668,2934,1-coins/10_1477147422.jpg::shape-0,1-coins/10_1477147422.jpg,0,44.23795640734762,134.47605164544285,109.5715674021762,199.80966264027143,10,25,0.046123210340738297,0.3479682207107544,0.6058854460716248,2.272824349347502e-05,4.0155680380848935e-07,0.6058854460716248,0.3479682207107544,1.055644123174252,0.8130623649328735,0.2425817582413784
0810e9692cbb2396f375aa327463521a069b9dff61f7ef2495aa44a276bb99f3,669,20821,1-coins/90_1477855794.jpg::shape-5,1-coins/90_1477855794.jpg,5,166.53837175909482,362.01456223528527,226.318771098048,421.79496157423847,10,25,0.000660147808957845,0.3985784649848938,0.6007543206214905,1.061093712451111e-06,5.9846488511539064e-06,0.6007543206214905,0.3985784649848938,0.9198508992939076,0.6776795286125067,0.24217137068140093
c07a4169e06bb7d403c8b9351ed72411b5d2b6be8ef886bbda60acf2589eb4b5,670,10707,1-coins/175_1479423750.jpg::shape-5,1-coins/175_1479423750.jpg,5,506.4817470284021,251.31742777957572,570.9830417039924,315.818722455166,10,25,0.0002663109917193651,0.399492084980011,0.6002078652381897,1.5354273728007684e-06,3.227981142117642e-05,0.6002078652381897,0.399492084980011,0.9175613262874409,0.6754984700008545,0.24206285628658641
5c5ee591cc65734c1a0c12404f7639780494639386183c070eee779c839f01bf,671,18866,1-coins/80_1477850970.jpg::shape-3,1-coins/80_1477850970.jpg,3,31.31746422046639,145.25949320597363,95.87094157663503,209.8129705621423,10,25,0.0005993946688249707,0.3988538682460785,0.6005462408065796,2.238782030872244e-07,2.6668422492548416e-07,0.6005462408065796,0.3988538682460785,0.9191601741736496,0.677293237468259,0.2418669367053906
fe884b17a6133f51eaaad5ba6dcba6dbf6a76b818926febf00d5299e82426e61,672,19709,1-coins/85_1477852944.jpg::shape-2,1-coins/85_1477852944.jpg,2,53.12173420035485,279.9486572772779,131.68595810733748,358.5128811842605,25,10,0.00021271071454975754,0.598546028137207,0.4012387990951538,2.1531352558668004e-06,3.2156285101336834e-07,0.598546028137207,0.4012387990951538,0.9131985199551971,0.6754470290826787,0.23775149087251835
819c54806179b73ee3b913b5ad8f7c4ae42b14c74193d9e8ea5853f5300df962,673,3794,1-coins/110_1479345762.jpg::shape-3,1-coins/110_1479345762.jpg,3,165.4310073046668,315.0397029568407,240.59797820257955,390.20667385475343,25,10,0.00021661924256477505,0.5968204140663147,0.4029621481895447,7.489509243896464e-07,1.2291589079893583e-08,0.5968204140663147,0.4029621481895447,0.9089126465346699,0.6761381831595249,0.23277446337514496
b7356cb67f6b325949cb69b144edfd7ce6c1e37a99a5c4b4c8dc4a0f8fc958ec,674,841,1-coins/100_1477858704.jpg::shape-3,1-coins/100_1477858704.jpg,3,506.3908265683455,123.14444975675136,569.6961299533934,186.4497531417993,10,25,0.10716148465871811,0.30135297775268555,0.5812886357307434,0.0075659905560314655,0.0026309124659746885,0.5812886357307434,0.30135297775268555,1.1994730177258117,0.9687365764695102,0.23073644125630155
08130f499b0880dd61021f60620afd888e569d045a2423a54044b3913efe2aba,675,2545,1-coins/105_1479344592.jpg::shape-5,1-coins/105_1479344592.jpg,5,272.7552737054606,356.90020124169246,339.56356687424955,423.7084944104814,10,25,0.00014972536882851273,0.40436241030693054,0.5954851508140564,8.63120249050553e-07,1.8113588566848193e-06,0.5954851508140564,0.40436241030693054,0.9054437479193812,0.6761688976152448,0.2292748503041364
7d40c8def7492ad25a78c65227e38d7b21d41737d62ce9e7eee305b927bd2cb8,676,21770,1-coins/95_1477858056.jpg::shape-1,1-coins/95_1477858056.jpg,1,37.809469237447466,169.003713841764,114.1905307625525,245.38477536686904,25,10,0.0007678072433918715,0.5959010124206543,0.4032537043094635,6.669803406111896e-05,1.084611994883744e-05,0.5959010124206543,0.4032537043094635,0.9081893758827098,0.6809891960810824,0.22720017980162732
c5a01c5da77a5df4f7117f47b95247e8c6bf20b199694a8ba8bbe0954c93bfd7,677,20617,1-coins/90_1477855614.jpg::shape-3,1-coins/90_1477855614.jpg,3,540.7589547600513,257.66371666481336,616.8600928589962,333.7648547637581,25,10,3.4441683965269476e-05,0.5938636064529419,0.40610042214393616,1.0670863730410929e-06,4.659523256123066e-07,0.5938636064529419,0.40610042214393616,0.901154804783072,0.6758003977926006,0.22535440699047138
3c213d74b2cf94594f9c6179f55c822301afd428e7b78319f6b540760d20aa2a,678,5274,1-coins/120_1479351366.jpg::shape-3,1-coins/120_1479351366.jpg,3,152.14267353416358,54.203113094603125,217.91227152078147,119.97271108122104,10,25,0.010110144503414631,0.38887062668800354,0.6009929776191711,2.5253651983803138e-05,9.80397544481093e-07,0.6009929776191711,0.38887062668800354,0.9445085698886379,0.7200295533764076,0.22447901651223023
7194a6dd810f36bf0ce2659e509a59d7cad848852bf6aef95a3ea37b467df3a4,679,13812,1-coins/55_1477839246.jpg::shape-0,1-coins/55_1477839246.jpg,0,374.6745175957272,141.43364168331846,456.23059189332383,222.9897159809151,25,10,0.0005025858990848064,0.5943723320960999,0.4050956070423126,2.9288508812896907e-05,2.0499837205534277e-07,0.5943723320960999,0.4050956070423126,0.9036321729638315,0.6794056272779002,0.22422654568593126
693feff631dc0cb1e583e2e303ff681d18acb7e1a860fb8ca398dfc2112555ad,680,3787,1-coins/110_1479345756.jpg::shape-2,1-coins/110_1479345756.jpg,2,160.4641050344965,312.56831345133014,242.3415061879484,394.4457146047821,25,10,0.0006137011223472655,0.594457745552063,0.4049232304096222,5.300743396219332e-06,5.538397296334097e-09,0.594457745552063,0.4049232304096222,0.9040577843874739,0.6798582573069709,0.22419952708050295
2c5a0fd95321387b1b803ea8493775611774b605c4d0c1462e480929261d461e,681,16744,1-coins/65_1477846464.jpg::shape-1,1-coins/65_1477846464.jpg,1,436.163482540911,168.18040778773755,500.3668418596532,232.38376710647967,10,25,0.0003748766321223229,0.40563085675239563,0.5939901471138,2.1865837425139034e-06,1.916348537633894e-06,0.5939901471138,0.40563085675239563,0.9023117527931479,0.6784216263963226,0.22389012639682526
852041e4f346c0f0097064e2249e8b3ffe6a4f6d6adeee108d14eddaea6254d9,682,3047,1-coins/10_1477186224.jpg::shape-2,1-coins/10_1477186224.jpg,2,98.66666666666666,102.6231884057971,163.15942028985506,155.52173913043478,10,25,0.004735926631838083,0.3971468210220337,0.5980900526046753,1.1718383575498592e-05,1.548884392832406e-05,0.5980900526046753,0.3971468210220337,0.9234492404118451,0.699825574385768,0.22362366602607708
b0f70f5a190077b27632a2a8b7f7788a5903435af06b2b24367f36d4b5958283,683,11853,1-coins/30_1477786824.jpg::shape-3,1-coins/30_1477786824.jpg,3,215.3343207487889,264.93838166249446,279.3661868654244,328.9702477791299,10,25,0.00019316237012390047,0.40686658024787903,0.5928481221199036,4.1814905671344604e-07,9.167660027742386e-05,0.5928481221199036,0.40686658024787903,0.8992699599406309,0.6783443899571089,0.22092556998352197
530f03bd90ad03c8814aa9b3fd2071ba303149a6508698d4b6422013e47d15f7,684,4549,1-coins/115_1479347718.jpg::shape-0,1-coins/115_1479347718.jpg,0,293.39815566310057,115.31119914136148,377.26851100356606,199.1815544818269,25,10,0.00036648334935307503,0.5928468108177185,0.40678033232688904,6.141355243016733e-06,2.3562635931284603e-07,0.5928468108177185,0.40678033232688904,0.8994819632555333,0.6788200415834454,0.22066192167208787
1c5c4525a5bb22d10ef8cc0f64cc493bbcc516b77209d9547c4590f8fb84fa2e,685,13659,1-coins/55_1477838976.jpg::shape-0,1-coins/55_1477838976.jpg,0,95.39838326883516,92.27072369436706,176.81438268861163,173.68672311414355,25,10,3.9359360926027875e-06,0.5919355154037476,0.40806037187576294,1.9133007356231246e-07,6.031175678193588e-17,0.5919355154037476,0.40806037187576294,0.8963401452407652,0.6761987093342869,0.22014143590647828
6a71e905dbdd6363a0ea418ed3417fd27e201019be27ee50e1c4f0f76bb55dc7,686,1334,1-coins/100_1477860792.jpg::shape-2,1-coins/100_1477860792.jpg,2,221.11457883037215,279.8355090629303,284.69937465799984,343.420304890558,10,25,0.0001325558841926977,0.40776997804641724,0.5920960903167725,1.0387982456450118e-06,3.3388371889486734e-07,0.5920960903167725,0.40776997804641724,0.8970520428592779,0.6773031832899126,0.2197488595693653
1aae325e5a6ede401bdcf283a27c763fcfe2490aff9c7c97de52de75e8e211fc,687,2992,1-coins/10_1477149012.jpg::shape-0,1-coins/10_1477149012.jpg,0,281.7381022844119,347.3691702455769,345.4463637350056,411.0774316961706,10,5,0.5702846050262451,0.31425711512565613,0.11466238647699356,0.000792110338807106,3.714670810950338e-06,0.5702846050262451,0.31425711512565613,1.1575437901590089,0.9380837973792034,0.21945999277980544
7337d0f992897df8cbc8f25cdbdc74bcdc295e1b57ad07a8fa03bd1e29d80813,688,3743,1-coins/110_1479345714.jpg::shape-0,1-coins/110_1479345714.jpg,0,17.930550189308605,76.68967427689984,96.6679899566768,155.42711404426802,25,10,0.0002930306363850832,0.5901235938072205,0.4095781445503235,5.01970089317183e-06,2.3813737470845808e-07,0.5901235938072205,0.4095781445503235,0.8926275647118662,0.6792944203526146,0.21333314435925166
12698a1ca2d7fac63a01dd0eeeb13a57cb2070a6bc2a606a7dfb5e99f3ddc33e,689,20960,1-coins/90_1477856976.jpg::shape-0,1-coins/90_1477856976.jpg,0,83.90712938280558,117.25964736841708,163.05689939417283,196.40941737978437,25,10,0.00015976250870153308,0.5898627638816833,0.4099765121936798,8.414268108936085e-07,1.744632101008392e-07,0.5898627638816833,0.4099765121936798,0.8916554082572538,0.6783370024481504,0.21331840580910333
cf61e920a9dd69bad31df3a8818f590de2eace72d8aa115b3021c3cfa2b215bd,690,20825,1-coins/90_1477855800.jpg::shape-1,1-coins/90_1477855800.jpg,1,481.71218472321897,222.43507628948404,561.4203453972628,302.1432369635279,25,10,9.814318764256313e-05,0.589662492275238,0.4102347791194916,3.3211574645974906e-06,1.3234838434073026e-06,0.589662492275238,0.4102347791194916,0.8910256511761634,0.6779579424346622,0.21306770874150116
283eb339a71f164f8696ec19f20f9e2697c4afb0eea5dd553de29e64ebf92513,691,3094,1-coins/10_1477186524.jpg::shape-0,1-coins/10_1477186524.jpg,0,42.93198828684083,231.653792798119,108.94771096127944,297.66951547255763,10,25,0.00020629343634936959,0.4106079339981079,0.5891789793968201,6.663470685452921e-06,8.242848537065584e-08,0.5891789793968201,0.4106079339981079,0.8901164516465615,0.6790108619723341,0.21110558967422743
02aa03d0902e9c7df1c9f25977a7bb06ac4387821532cbae0b970e56c67c9600,692,4942,1-coins/115_1479350544.jpg::shape-4,1-coins/115_1479350544.jpg,4,283.0277001617277,73.34427371852468,351.60917134665226,141.92574490344927,10,25,0.0003155277809128165,0.41076982021331787,0.5889039635658264,8.135732059599832e-06,2.5427850687265163e-06,0.5889039635658264,0.41076982021331787,0.8897222695142208,0.6799627416802047,0.2097595278340162
12eebc8c42c42ae2d1b5045bf8b0518189612279622dc515ac99940b7498d2b4,693,19763,1-coins/85_1477852986.jpg::shape-0,1-coins/85_1477852986.jpg,0,60.383715259401896,133.95514383083048,133.4258085501219,206.99723712155048,25,10,0.00016886528464965522,0.5891390442848206,0.40986359119415283,6.836722604930401e-06,0.0008217089343816042,0.5891390442848206,0.40986359119415283,0.8919308790466782,0.6846650357489087,0.20726584329776954
860316615361a49168d665e00dbea767cc9dfa2c2510410c07d97554def240af,694,15334,1-coins/60_1477844772.jpg::shape-6,1-coins/60_1477844772.jpg,6,476.8088024081395,395.9560105299668,552.9170859167338,472.06429403856106,25,10,0.00012767643784172833,0.5912559628486633,0.40523943305015564,2.1372970877564512e-06,0.00337484129704535,0.5912559628486633,0.40523943305015564,0.903277193844733,0.6971324923358727,0.20614470150886033
533a4098c1fe85efea16826e3563b557d63e59871263aa1e91919998b4531b63,695,2397,1-coins/105_1479344484.jpg::shape-1,1-coins/105_1479344484.jpg,1,273.1101531694158,317.97146703802895,353.4153942758396,398.2767081444527,25,10,3.0251329008024186e-05,0.5868385434150696,0.4131311774253845,3.2134341410028355e-08,8.847210290763297e-12,0.5868385434150696,0.4131311774253845,0.883990115567231,0.6783074274231031,0.20568268814412782
09c6d72353982ffc7b40e898d49899d272a33c911ec49cc3bcac934a801ab500,696,14357,1-coins/55_1477842612.jpg::shape-2,1-coins/55_1477842612.jpg,2,93.2390486153205,339.54120688870177,169.55231829115428,415.8544765645356,25,10,0.0014530278276652098,0.5903565883636475,0.40725377202033997,0.0006759237148799002,0.0002607014321256429,0.5903565883636475,0.40725377202033997,0.8983187693689291,0.693557915614342,0.20476085375458708
effc333e220acc5d512fca9e6ebf3af7d7220da475e2311967393ceeaa3031c2,697,11270,1-coins/25_1477285536.jpg::shape-0,1-coins/25_1477285536.jpg,0,410.81418945194616,221.36893397749367,487.24420470863765,297.7989492341852,25,10,0.00021283348905853927,0.5867419242858887,0.4130304455757141,1.3696876521862578e-05,1.089905822482251e-06,0.5867419242858887,0.4130304455757141,0.8842339706371473,0.6800167179245511,0.20421725271259616
d814ba92a9d161e9f6b6a999007175d7cdfe15469eb75fbdf33fe646f608c296,698,10961,1-coins/25_1477149510.jpg::shape-0,1-coins/25_1477149510.jpg,0,45.0142933140136,102.8272429543014,127.1295915780727,184.9425412183605,25,10,0.0007058928604237735,0.5875533819198608,0.4116728603839874,6.561448390129954e-05,2.2308188363240333e-06,0.5875533819198608,0.4116728603839874,0.8875262732341751,0.6836074215589556,0.2039188516752195
12a4216fd1bfa6b86850094a54194b84a149be033504e47b34ea7a830bd4daab,699,20507,1-coins/90_1477855092.jpg::shape-2,1-coins/90_1477855092.jpg,2,225.3714359313541,237.1540446270063,307.5850858077763,319.3676945034284,25,10,8.870806050254032e-05,0.5859572887420654,0.41394487023353577,5.109520770929521e-06,4.067651843797648e-06,0.5859572887420654,0.41394487023353577,0.8820224777110053,0.6792481665133911,0.20277431119761413
f301819b3858996bee19a31a7b5615bbaf3d60f1809b1a61f97eada15687531c,700,7130,1-coins/135_1479426048.jpg::shape-4,1-coins/135_1479426048.jpg,4,466.30599087313226,260.29024747579547,530.061551244134,324.04580784679706,10,25,0.00043839734280481935,0.4075864851474762,0.5896531343460083,1.517296095698839e-05,0.0023068231530487537,0.5896531343460083,0.4075864851474762,0.8975021353288217,0.6948417831695896,0.20266035215923217
2ee0ab857d1fbb41c7ee44f5c7625826ca1f5a34097b72a779dcf467f057a7b2,701,9398,1-coins/150_1479429786.jpg::shape-5,1-coins/150_1479429786.jpg,5,73.33717377893453,397.8609833027441,147.13901669725595,471.6628262210655,25,5,0.39523640275001526,0.3286188244819641,0.27608412504196167,5.842897007823922e-05,2.2417646050598705e-06,0.39523640275001526,0.27608412504196167,1.2870496588306646,1.0885249497829625,0.19852470904770203
c6625ca89c8b0618e8c9bbfb2a6dd181a7c8ed2d4d41bb6da4ffaafa9b628e88,702,9086,1-coins/150_1479429564.jpg::shape-12,1-coins/150_1479429564.jpg,12,130.94467273676224,319.538875635313,210.70750117628117,399.3017040748319,25,10,6.361200212268159e-05,0.5841125249862671,0.4158225357532501,1.2420121038303478e-06,1.505594013906375e-07,0.5841125249862671,0.4158225357532501,0.8774967064861473,0.6795717199784123,0.19792498650773505
33497966cde104aef27eebe793bb3246efa8b9f4499ba7dfe89db2e0a2402925,703,5373,1-coins/120_1479351432.jpg::shape-3,1-coins/120_1479351432.jpg,3,403.03641194033344,165.28425055704818,468.43332869367225,230.681167310387,10,25,0.0005840273224748671,0.4147876501083374,0.5846192240715027,7.664527402084786e-06,1.4228027112039854e-06,0.5846192240715027,0.4147876501083374,0.879988576193577,0.6832866495676251,0.19670192662595187
17163dcc868feb46258e31e46a1a5afc59375c53c8b8a458a0515613963ac580,704,16986,1-coins/70_1477846818.jpg::shape-2,1-coins/70_1477846818.jpg,2,263.8605038396295,138.67802208780466,329.57015309467704,204.38767134285223,10,25,8.67369381012395e-05,0.4166205823421478,0.5832892656326294,1.413742154454667e-07,3.3085279937949963e-06,0.5832892656326294,0.4166205823421478,0.8755793458496393,0.6800745147057268,0.19550483114391248
3b7b848b0cb74e550f496b959413a2ee9ca1b28eb364efa3c23630912d6ac92b,705,2501,1-coins/105_1479344562.jpg::shape-1,1-coins/105_1479344562.jpg,1,141.75024134665628,280.3299514915838,224.9164253200103,363.4961354649378,25,10,0.00014662348257843405,0.5819417834281921,0.4179094135761261,1.684268681856338e-06,4.847317427447706e-07,0.5819417834281921,0.4179094135761261,0.8724905838759509,0.6810002804691754,0.19149030340677553
ce949c24978dfabbe17a51bf260c0565ee34f388c2fe7d732f14390dd520040a,706,16085,1-coins/65_1477845516.jpg::shape-7,1-coins/65_1477845516.jpg,7,127.81150940263812,352.1741156349327,191.16866056903328,415.5312668013279,10,25,0.0002989255008287728,0.4177306592464447,0.5819669365882874,3.247476797696436e-06,2.369056915085821e-07,0.5819669365882874,0.4177306592464447,0.8729184100135945,0.6821582499298545,0.19076016008373997
38717163a1fe03124ec0c47b48cc927c849aa53b19c3aa6199fe1226ab09dba9,707,21017,1-coins/90_1477857018.jpg::shape-1,1-coins/90_1477857018.jpg,1,89.34681262007217,235.8105807360142,172.24739027847852,318.7111583944205,25,10,0.0003851638757623732,0.5820432305335999,0.41756671667099,4.912144049740164e-06,3.1144438139563135e-08,0.5820432305335999,0.41756671667099,0.8733109470483954,0.6827622052649464,0.19054874178344905
da8d4d02c68a4b05fd1406ecca0afa5829dd22541a36a19a52c5e0f0fae26c29,708,3490,1-coins/10_1477289460.jpg::shape-0,1-coins/10_1477289460.jpg,0,506.38566042830615,97.66473019574796,568.4205411220815,159.69961088952334,10,25,0.0,0.41928938031196594,0.5807106494903564,7.590273261861804e-41,0.0,0.5807106494903564,0.41928938031196594,0.8691939523096407,0.6800615808864424,0.18913237142319828
5355ab3fa293272f35600de5269cc9602e0a7b070c2695b3b34cac2e8fad5288,709,20668,1-coins/90_1477855668.jpg::shape-0,1-coins/90_1477855668.jpg,0,62.70212765957445,63.82978723404254,141.4255319148936,142.55319148936172,25,10,0.0004033922159578651,0.5814418196678162,0.4181521534919739,2.5893032216117717e-06,5.3308411906982656e-08,0.5814418196678162,0.4181521534919739,0.8719099091212922,0.6830615105455559,0.18884839857573632
81b45792c50b43d60f1d3ce7399bcb4c4979e31169b5a924bf53d23485baeec7,710,11022,1-coins/25_1477154268.jpg::shape-0,1-coins/25_1477154268.jpg,0,32.502497017377145,266.6176356101277,115.89835586108764,350.0134944538382,25,10,0.0003042779571842402,0.5812342166900635,0.4184539318084717,3.008217845490435e-06,4.581165740091819e-06,0.5812342166900635,0.4184539318084717,0.8711884744224799,0.6824892641839315,0.1886992102385484
52cf61a10f6b274d17049ea37c5b7c9a1475673267a03c6186af535859f7714e,711,2895,1-coins/105_1479345384.jpg::shape-0,1-coins/105_1479345384.jpg,0,87.78462019325548,118.4989059075412,166.02490361626832,196.73918933055404,25,10,0.0001120372035074979,0.5804305076599121,0.41944560408592224,4.162976892985171e-06,7.665888006158639e-06,0.5804305076599121,0.41944560408592224,0.8688214299308942,0.6813299703578586,0.1874914595730356
f8f0df2209ad69dd559cc29c3115825e4dfe97c945d542cd92c0a27ce52cb840,712,21088,1-coins/90_1477857072.jpg::shape-0,1-coins/90_1477857072.jpg,0,2.882493645223676,117.65621627296088,79.97882022338946,194.7525428511267,25,10,0.00011141353752464056,0.5803987383842468,0.41947242617607117,6.188073712110054e-06,1.1260396604484413e-05,0.5803987383842468,0.41947242617607117,0.8687574854471889,0.6813965316199193,0.18736095382726958
2adf2ac4ddba84cd12f24a85427d54e2ff9d6c31dfbe4634daf0cb9d4e2c675b,713,9041,1-coins/150_1479429546.jpg::shape-6,1-coins/150_1479429546.jpg,6,123.70599630336908,201.78481403735924,204.83587561781317,282.9146933518033,25,10,0.00012282516399864107,0.5799974799156189,0.41987842321395874,1.193724983750144e-06,7.667893697771433e-08,0.5799974799156189,0.41987842321395874,0.8677900781470207,0.6814327853156741,0.1863572928313466
18d68cdd9e81379399b0ccad084617b5bffaddf74ad13700552f3977be65ea92,714,9851,1-coins/15_1477788468.jpg::shape-1,1-coins/15_1477788468.jpg,1,553.7312548686164,347.5428490715149,620.4136726676154,414.225266870514,5,25,0.40348440408706665,0.00989900529384613,0.58657306432724,4.351065217633732e-05,9.862601757504308e-08,0.58657306432724,0.40348440408706665,0.9076174436001248,0.7252472356269355,0.18237020797318926
bfc32394c64cf806984ed44949cd29273f065fd71955d6e5d90244b0b96993c6,715,11367,1-coins/25_1477286160.jpg::shape-0,1-coins/25_1477286160.jpg,0,85.40099795306668,146.8433056453744,163.8297712777025,225.2720789700102,25,10,0.0008115956443361938,0.5797829627990723,0.4193441867828369,6.024701360729523e-05,1.0018236480391352e-06,0.5797829627990723,0.4193441867828369,0.8690632480948337,0.6868521430492118,0.18221110504562188
59b0a03c63f21df1434a68e2ace9f3d8d7954a63f9059eba8ec22abd92b93151,716,2918,1-coins/105_1479345408.jpg::shape-3,1-coins/105_1479345408.jpg,3,227.85714285714283,55.71428571428572,308.8095238095238,136.66666666666666,25,10,5.03432602272369e-05,0.577869713306427,0.422076940536499,1.8581399672257248e-06,1.1354845810274128e-06,0.577869713306427,0.422076940536499,0.8625676580188368,0.6815159168602499,0.1810517411585869
eb74bb1b70c23a4c320f399f0f2276d6b980e06a5cc122e7b19f57ac85ee6c23,717,2560,1-coins/105_1479344694.jpg::shape-5,1-coins/105_1479344694.jpg,5,35.49323013777807,189.2486258212313,100.16144612121472,253.91684180466797,10,25,0.00016206926375161856,0.42280638217926025,0.5770299434661865,1.6089070413727313e-06,1.1620072903895107e-08,0.5770299434661865,0.42280638217926025,0.8608409300686204,0.6826915019370258,0.17814942813159462
aafe191662561325d9f6c4ebf42f378a9e4e431689182b49dcbdcfa04d26346a,718,10954,1-coins/25_1477149462.jpg::shape-0,1-coins/25_1477149462.jpg,0,33.862776820759024,150.97952808979454,118.70575109802272,235.82250236705823,25,10,0.21308782696723938,0.49066460132598877,0.29624152183532715,5.82263828619034e-06,1.6773573463524372e-07,0.49066460132598877,0.29624152183532715,1.2165802052196835,1.0392694786513343,0.17731072656834912
56a27487a21785c3c10523104763ee3263ce1074c3efc7f8a5846120f40ce230,719,7962,1-coins/145_1479427764.jpg::shape-8,1-coins/145_1479427764.jpg,8,25.92758221016382,26.30281673173981,106.1549693845829,106.53020390615887,25,10,0.0009336639195680618,0.5777490139007568,0.4213080108165741,8.757553587201983e-06,5.491901902132668e-07,0.5777490139007568,0.4213080108165741,0.8643910956596059,0.6877606046940697,0.17663049096553618
210b369076143979edebebc1a9f678c8073066205c9651cff42d3ce33eefcd0c,720,1001,1-coins/100_1477860546.jpg::shape-2,1-coins/100_1477860546.jpg,2,140.41283830203912,356.0770718786814,199.9813222819025,415.6455558585448,10,25,0.002639696467667818,0.41785651445388794,0.5794821381568909,1.718933526717592e-05,4.389569767226931e-06,0.5794821381568909,0.41785651445388794,0.8726171722436618,0.6967209269750301,0.17589624526863168
53ef4b02c3bb85663988a367ebf902816bdbf715916703f6c3826d98f7129e0b,721,8706,1-coins/150_1477864254.jpg::shape-1,1-coins/150_1477864254.jpg,1,30.164334919350075,114.96825648797753,103.16899841398327,187.9729199826107,25,10,2.8870183086837642e-05,0.5758367776870728,0.4241190552711487,8.630229899608821e-07,1.43964525705087e-05,0.5758367776870728,0.4241190552711487,0.8577410724306782,0.682080840325389,0.17566023210528925
b2e6eacde81c7440b9581defb07e9e03eaf83361b7d5c334ad4757fe6b119390,722,20386,1-coins/90_1477854888.jpg::shape-3,1-coins/90_1477854888.jpg,3,384.2357724440824,243.9976772059872,446.7166085082985,306.4785132702033,10,25,0.00039836348150856793,0.41690388321876526,0.5798932909965515,4.588372121361317e-06,0.0027997971046715975,0.5798932909965515,0.41690388321876526,0.874899579629854,0.7003720040546232,0.1745275755752308
873a685004c876269a732340a875a4b4d456fb01fd1c253a4f4561d5ab4bf66d,723,3246,1-coins/10_1477287894.jpg::shape-0,1-coins/10_1477287894.jpg,0,170.77531868495527,252.04615201828864,236.47468131504476,317.7455146483781,10,25,0.0003608786500990391,0.42307355999946594,0.5764006972312927,0.00013371497334446758,3.1119103368837386e-05,0.5764006972312927,0.42307355999946594,0.8602092143468771,0.6858773388911495,0.1743318754557276
bce193e386323cf8dc800c6774e8cf9f29d40d086745f8e46e92d14d8e1c74a1,724,14995,1-coins/5_1477291176.jpg::shape-0,1-coins/5_1477291176.jpg,0,554.7665544272228,72.96945297794747,619.8711267321975,138.0740252829221,5,10,0.29880672693252563,0.5109231472015381,0.18752717971801758,0.0027428600005805492,3.661824266032454e-08,0.5109231472015381,0.29880672693252563,1.207958312815829,1.034118387350964,0.17383992546486504
ab1ee26e2fbb87604f0baa384cc8acb011bfcbe3f6fd7bf6fabcbdb4ace83283,725,16913,1-coins/70_1477846746.jpg::shape-1,1-coins/70_1477846746.jpg,1,426.2486045719658,157.4949813835601,491.8673374570196,223.1137142686138,10,25,0.0018118639709427953,0.4211328625679016,0.5770152807235718,3.993114660261199e-05,5.562667837466506e-08,0.5770152807235718,0.4211328625679016,0.8648069070399166,0.6933359251231677,0.17147098191674892
64d5210edb609bc5d1635c78cea933b9e0be12a578cc4812fcd69616132643f3,726,11291,1-coins/25_1477285668.jpg::shape-0,1-coins/25_1477285668.jpg,0,371.2409931967847,104.71647294092122,449.2280899588655,182.703569703002,25,10,0.00040689620072953403,0.5746949315071106,0.4248814582824707,1.60712625074666e-05,6.393398166437692e-07,0.5746949315071106,0.4248814582824707,0.8559450706519132,0.6853710092916656,0.17057406136024755
e9fcdd46c14e83dd96cda6f4d656f6f468ebb197a59d481c402a76fc355bb6c5,727,2515,1-coins/105_1479344568.jpg::shape-7,1-coins/105_1479344568.jpg,7,419.0125466473456,314.60714124194016,483.0415074067085,378.6361020013031,10,25,0.0003202265652362257,0.4251985251903534,0.5744364261627197,7.274319159478182e-06,3.7551286368397996e-05,0.5744364261627197,0.4251985251903534,0.8551991010284653,0.6851227336469089,0.1700763673815564
832f9e839b8051351a7210a0470585de2d5b9e3c451dd5849271cf00ae7ce547,728,9474,1-coins/150_1479430008.jpg::shape-1,1-coins/150_1479430008.jpg,1,67.40031127707829,185.09261896938597,132.79199641522945,250.4843041075371,10,25,0.00035187770845368505,0.4253506064414978,0.5742896199226379,6.9814082053198945e-06,9.99679741653381e-07,0.5742896199226379,0.4253506064414978,0.8548414938142334,0.685015594856726,0.16982589895750733
0e66759b912c6d15dfe2f83c7b5592f742341c18f7ac9d86b9d723f996cbfc31,729,15648,1-coins/60_1477845162.jpg::shape-1,1-coins/60_1477845162.jpg,1,509.7802654020931,176.94573302799245,573.154986396468,240.32045402236724,10,25,4.575088680298933e-13,0.4265063405036926,0.5734936594963074,1.430196022375596e-12,9.80908925027372e-45,0.5734936594963074,0.4265063405036926,0.852128045798204,0.6823053055873533,0.16982274021085075
c53e018e4694225b15730fe5d9d80e8c1dcf08440cbf25653608bee1580b9841,730,8016,1-coins/145_1479427800.jpg::shape-8,1-coins/145_1479427800.jpg,8,202.4385299258232,394.7450992688888,266.42278394279,458.7293532858556,10,25,0.0009495831909589469,0.4243331849575043,0.5747100114822388,1.3703271406484419e-06,5.876678187632933e-06,0.5747100114822388,0.4243331849575043,0.8572363187609982,0.6887776634507707,0.1684586553102274
d9d00d5427c9128f1912e136c8f61e17a6b7e9dbeb485ec43b8e49341120c9b0,731,19256,1-coins/80_1477851798.jpg::shape-2,1-coins/80_1477851798.jpg,2,564.6738777232978,229.24322078899124,638.494005488381,303.0633485540744,25,10,9.128540114033967e-06,0.5725282430648804,0.4274626076221466,3.633115497336803e-08,2.2084053696858064e-08,0.5725282430648804,0.4274626076221466,0.8498884619813657,0.682697593145184,0.16719086883618173
db7e35f76f26490441548a63574c6bed268d85cdc9bfc492a152faa01decd029,732,15605,1-coins/60_1477845126.jpg::shape-6,1-coins/60_1477845126.jpg,6,302.0410860149058,75.5377452576675,367.0012302434461,140.49788948620778,10,25,0.00011295876174699515,0.4270991384983063,0.5727852582931519,2.3265884010470472e-06,3.118455538242415e-07,0.5727852582931519,0.4270991384983063,0.8507391182327322,0.6835927964387485,0.1671463217939837
3af4da9762dec9800a90d26aa41ba12d1f535808a19340b0e3eab7455dc2acd9,733,11082,1-coins/25_1477191402.jpg::shape-0,1-coins/25_1477191402.jpg,0,474.3021582733812,46.76258992805758,547.6834532374099,120.14388489208628,25,5,0.5694231986999512,0.08617909997701645,0.3443572223186493,3.881692100549117e-05,1.6270483911284828e-06,0.5694231986999512,0.3443572223186493,1.066075723438618,0.89944007873375,0.16663564470486802
99f65c855ef98442dd3e989110b3f1a50658553a3905c2d1bd7b88449532df45,734,15602,1-coins/60_1477845126.jpg::shape-3,1-coins/60_1477845126.jpg,3,283.0835552994026,293.3309051227242,347.30513728010266,357.55248710342426,10,25,0.00020881692762486637,0.42569175362586975,0.5734419226646423,3.065990313189104e-05,0.0006268572760745883,0.5734419226646423,0.42569175362586975,0.8540397776631887,0.6891590522240756,0.16488072543911314
9b697fb6a166169a07e2348ad061db5711412fad59aa1ebe2d6df28f31d9ff78,735,8859,1-coins/150_1477864452.jpg::shape-1,1-coins/150_1477864452.jpg,1,271.46048045501993,110.02298045501996,354.53951954498007,193.10201954498004,25,10,0.000350403250195086,0.5726458430290222,0.42686977982521057,1.7562015273142606e-05,0.00011642035678960383,0.5726458430290222,0.42686977982521057,0.8512762775454175,0.6866620330637568,0.16461424448166062
86ee59c67bdb0c6116357b4d49f9abee4c5561d334f0d933d829d8e116226b44,736,13896,1-coins/55_1477842024.jpg::shape-6,1-coins/55_1477842024.jpg,6,165.75931211633156,224.88974689894027,245.83489078221916,304.9653255648278,25,10,8.922900451580063e-05,0.5741783976554871,0.4240947365760803,2.5584815830370644e-06,0.001635084510780871,0.5741783976554871,0.4240947365760803,0.8577984133871889,0.6937063998596698,0.16409201352751912
0c5f8ea3471e9e038608a1cc7a6221d2a531a5c96a86f96680f6183fb2c111bc,737,19890,1-coins/85_1477853940.jpg::shape-4,1-coins/85_1477853940.jpg,4,212.6745723493476,252.6166013348549,292.39789141876827,332.3399204042755,25,10,1.925052492879331e-05,0.5714125633239746,0.42855775356292725,1.3583098734670784e-07,1.0342734640289564e-05,0.5714125633239746,0.42855775356292725,0.8473297692494557,0.6832471381735185,0.16408263107593724
d61e870974baec09f19df188689700deb94e753f58c6ed1f1b0e34fe905b4dad,738,11401,1-coins/25_1477286370.jpg::shape-0,1-coins/25_1477286370.jpg,0,312.86956521739125,85.50724637681161,392.5797101449275,165.2173913043478,25,10,0.0004454631416592747,0.5725691914558411,0.4267493486404419,0.00023050911840982735,5.498978225659812e-06,0.5725691914558411,0.4267493486404419,0.8515584436346056,0.6881135451940075,0.16344489844059817
6222ea991a1f1d6c80fed91e769f67ec9fed4d6de4203691ca8952cf28a9d3fc,739,14155,1-coins/55_1477842258.jpg::shape-2,1-coins/55_1477842258.jpg,2,292.5709657530505,58.06032745517824,358.3652044597153,123.85456616184304,10,25,0.0011709657264873385,0.42605534195899963,0.5727660059928894,2.87574835056148e-06,4.804017862625187e-06,0.5727660059928894,0.42605534195899963,0.853186030448554,0.6906938222867658,0.16249220816178822
fd23514f01e5fb1e7f232c276ae4c133622c8c61e4209dfe698adc7152c2b70a,740,14587,1-coins/5_1477147050.jpg::shape-0,1-coins/5_1477147050.jpg,0,224.91534292789052,42.79855460672269,296.9824672910875,114.86567896991966,5,25,0.33798566460609436,0.10076680034399033,0.5612301826477051,1.0402664884168189e-05,6.932008545845747e-06,0.5612301826477051,0.33798566460609436,1.0847517968065548,0.9222667659461332,0.16248503086042154
8d9ed947e273fac7b467a84836a08ce34e88cf3e1cade347acb07bb534307af4,741,18406,1-coins/80_1477850670.jpg::shape-6,1-coins/80_1477850670.jpg,6,273.2341331806516,212.51984746636583,336.7658668193484,276.05158110506267,10,25,0.00026338803581893444,0.42012670636177063,0.5756323337554932,3.385898162377998e-05,0.0039436849765479565,0.5756323337554932,0.42012670636177063,0.8671989313877917,0.7065973388331614,0.16060159255463025
f0332b5552970709b2e4f2ecddf2b9f53514234115edf93e9ac6e740499cfd9d,742,16647,1-coins/65_1477846302.jpg::shape-5,1-coins/65_1477846302.jpg,5,304.07339646631067,239.12375617854084,369.7107761955598,304.76113590779,10,25,0.00020249556109774858,0.4299825429916382,0.5698071122169495,3.119937900919467e-06,4.736801656690659e-06,0.5698071122169495,0.4299825429916382,0.8440106688125023,0.6852218765745027,0.15878879223799958
9929dfdb908e5d69fb06192662a12d374340fcbc90b767738571ee9ca26ad0f2,743,10964,1-coins/25_1477149528.jpg::shape-0,1-coins/25_1477149528.jpg,0,467.8594605391148,34.61308372752064,537.2130032290011,103.9666264174069,25,10,0.0005438833613879979,0.5691351294517517,0.43020638823509216,0.0001113645193981938,3.281233148300089e-06,0.5691351294517517,0.43020638823509216,0.8434902128048027,0.6888041156413237,0.15468609716347903
fb86403d24d3a81c5d9d2ad13d24766ec5c7c326f8857aba9076c03d5c8d63bb,744,5805,1-coins/120_1479422904.jpg::shape-13,1-coins/120_1479422904.jpg,13,128.3961312899341,153.22221824645584,192.96618755064557,217.7922745071673,10,25,0.00027532322565093637,0.43196383118629456,0.5676963925361633,3.193581142113544e-05,3.25518412864767e-05,0.5676963925361633,0.43196383118629456,0.8394134183488849,0.686931984617093,0.1524814337317919
0ff1e53a0494a903ae6b02fc82c135da41d7bbef84fc2ed8b647a444bd6c36d3,745,2380,1-coins/105_1479344472.jpg::shape-0,1-coins/105_1479344472.jpg,0,183.71506675606804,73.65709574157528,264.8356578816131,154.77768686712034,25,10,0.00014138566621113569,0.5672184824943542,0.4326300323009491,9.015670002554543e-06,1.035568288898503e-06,0.5672184824943542,0.4326300323009491,0.8378723450782175,0.6854799461065155,0.15239239897170198
4b6159317b085f63c3a9582ae3443c241b74f81e5dda68c826a3b91f7579a0b4,746,10593,1-coins/175_1479423534.jpg::shape-5,1-coins/175_1479423534.jpg,5,395.25547445255467,30.5599186916751,459.4890510948905,94.79349533401094,10,25,0.00018101921887136996,0.433845192193985,0.5659722089767456,8.148917913786136e-07,7.296176249838027e-07,0.5659722089767456,0.433845192193985,0.8350675085281739,0.6860287969749933,0.1490387115531806
db436c0887c0ec66e68737833188883ceadee06767c40ee0d6fe5011c3b53daa,747,941,1-coins/100_1477858872.jpg::shape-2,1-coins/100_1477858872.jpg,2,59.101522842639554,256.3451776649747,140.3197969543147,337.5634517766498,25,10,0.0015119852032512426,0.5672717094421387,0.4311375916004181,2.8562917577801272e-05,5.018214869778603e-05,0.5672717094421387,0.4311375916004181,0.8413280017719998,0.6949390333496994,0.14638896842230043
4f2195c4f74e25a797095274731ec01b95e05f5ed7cf26eebfbed4f963f4979b,748,18066,1-coins/75_1477850424.jpg::shape-7,1-coins/75_1477850424.jpg,7,111.73564894955658,219.6008174888824,175.9048004886457,283.7699690279715,10,25,2.814891740854364e-05,0.43653008341789246,0.5634389519691467,7.573920015602198e-07,1.9895185232599033e-06,0.5634389519691467,0.43653008341789246,0.828897986448709,0.6854134790285282,0.14348450742018082
58445864f7c0b845fe72e9496d2375b0ce813f6907d881b369a00f3cece12cec,749,17797,1-coins/75_1477849968.jpg::shape-6,1-coins/75_1477849968.jpg,6,282.8435347684944,233.72123261022108,350.6528681092033,301.53056595093,10,25,0.0017676707357168198,0.42832544445991516,0.5685451030731201,0.0013606877764686942,1.0852439800146385e-06,0.5685451030731201,0.42832544445991516,0.8478719880938436,0.7044069276966874,0.14346506039715612
817bae7a3bca36ebe08fc338ef4ebd8a7408cc48c751f93590cd3f2fe7183022,750,5814,1-coins/120_1479422910.jpg::shape-8,1-coins/120_1479422910.jpg,8,395.1649904782329,207.7265668329128,457.514812477432,270.07638883211183,10,25,0.00024209698312915862,0.43609681725502014,0.5636549592018127,2.569591742940247e-06,3.5488008052197983e-06,0.5636549592018127,0.43609681725502014,0.8298910023599563,0.6871568841986229,0.1427341181613334
2e12723ac3cba029fbf406c9720bbbe60dfb34f971584b36e7970780645a5ddc,751,11316,1-coins/25_1477285824.jpg::shape-0,1-coins/25_1477285824.jpg,0,124.88878156210538,24.33805692442421,202.2996242349961,101.7488995973149,25,5,0.5710230469703674,0.06237960606813431,0.365861713886261,1.50089626913541e-05,0.0007206545560620725,0.5710230469703674,0.365861713886261,1.0054998478887094,0.8662869516386195,0.13921289625008992
a46c7a7edcad5c69ff38b7f4c4d0e34223d76c37ca0a203bbab8a082cdc9c4b5,752,5056,1-coins/115_1479350628.jpg::shape-6,1-coins/115_1479350628.jpg,6,99.0127295674414,59.250824805536666,162.41584186112996,122.65393709922525,10,25,0.0005407357239164412,0.43682754039764404,0.5626230239868164,8.436241841991432e-06,2.769486684428557e-07,0.5626230239868164,0.43682754039764404,0.8282168061781255,0.6895484578626411,0.13866834831548447
7e54f27c5490c0e99530add0452c6e0336694ffa49883ab5a7e8fefd553974e1,753,13627,1-coins/55_1477838928.jpg::shape-0,1-coins/55_1477838928.jpg,0,45.21588509620459,45.79728044504181,124.1639598650357,124.74535521387293,25,10,0.0002095863310387358,0.5617451071739197,0.4380354881286621,8.910468750400469e-06,8.743038506509038e-07,0.5617451071739197,0.4380354881286621,0.8254553487630877,0.6874322005580816,0.13802314820500605
56a776a2fc40a91c97260b8646584baa403bcfbe1d4bd762cb8379ceb7b2305b,754,16873,1-coins/70_1477846704.jpg::shape-3,1-coins/70_1477846704.jpg,3,378.4339919043134,142.3026050429996,442.7338913073653,206.60250444605148,10,25,0.00011736692977137864,0.43856820464134216,0.5613102912902832,1.8808700588124339e-06,2.300956793988007e-06,0.5613102912902832,0.43856820464134216,0.8242399384638791,0.6867485586987775,0.13749137976510162
fe5b200ababc374753bf6e7b5c8a7493734489ad01c5a703a0ba73ce4d5aa29c,755,8838,1-coins/150_1477864428.jpg::shape-1,1-coins/150_1477864428.jpg,1,261.2033439866928,165.77888355503814,344.03406608524955,248.6096056535949,25,10,0.0002583961468189955,0.5603640675544739,0.43930158019065857,6.726933497702703e-05,8.700181751919445e-06,0.5603640675544739,0.43930158019065857,0.8225691309418633,0.6887834179161451,0.1337857130257183
e7dae27f253b8548da57897b8b0116f926f671a242fddb5843121c28206268cb,756,3875,1-coins/110_1479346140.jpg::shape-0,1-coins/110_1479346140.jpg,0,563.2997917161466,51.47808628979003,627.7854796016828,115.96377417532624,10,25,1.5089280515261519e-37,0.4405726492404938,0.5594273209571838,1.972371751357715e-30,0.0,0.5594273209571838,0.4405726492404938,0.8196799227084393,0.6860672487209432,0.1336126739874961
4cc13668d1e71719b8643b8d0cdf7f63a2e4d80b081d481fb916c61ee6e22fba,757,1098,1-coins/100_1477860600.jpg::shape-9,1-coins/100_1477860600.jpg,9,507.119976036672,126.41164270333864,572.005023963328,191.29669062999463,10,25,0.0,0.44146981835365295,0.5585301518440247,4.800848538776823e-42,0.0,0.5585301518440247,0.44146981835365295,0.8176456228747631,0.6862798943763208,0.1313657284984423
ea7b7c0e485ccc8336e085d21e87da262bb3f6f474f729b51491eec6698bee42,758,15008,1-coins/5_1477291254.jpg::shape-0,1-coins/5_1477291254.jpg,0,33.24860457196587,390.82831471689343,98.8673374570196,456.4470476019472,5,10,0.3564813733100891,0.5602778196334839,0.08288685977458954,0.0003538611636031419,1.0054771593104306e-07,0.5602778196334839,0.3564813733100891,1.031473289272355,0.9015075681831827,0.12996572108917237
504ff47098e55a3699f9aaa99c1fbc510fee7d884154759146edc305c5ecc3d0,759,11142,1-coins/25_1477191810.jpg::shape-0,1-coins/25_1477191810.jpg,0,271.7011050782515,173.3677717449182,350.6798473027008,252.34651396936752,25,10,9.190532000502571e-05,0.5584470629692078,0.4413881301879883,6.349962859530933e-06,6.655278411926702e-05,0.5584470629692078,0.4413881301879883,0.8178306768033883,0.6878997707173262,0.12993090608606206
701e874018f40100d07326d2221db038453e48f87af5a17d95c02ffe8c578494,760,9650,1-coins/150_1479430320.jpg::shape-0,1-coins/150_1479430320.jpg,0,66.09976574345208,60.43553216680976,145.22870140983255,139.5644678331902,25,10,0.00015281292144209146,0.5583924651145935,0.4414171874523163,2.2088122932473198e-05,1.5512327081523836e-05,0.5583924651145935,0.4414171874523163,0.8177648474211725,0.688098199439757,0.12966664798141547
b6c5616fd922861982324caa36260439af64b7c2cc482f847bda3e7eb519d312,761,2229,1-coins/100_1477861404.jpg::shape-3,1-coins/100_1477861404.jpg,3,490.0339551501498,326.70548799686514,568.009840470288,404.68137331700336,25,10,0.00018456883844919503,0.5574839115142822,0.44232532382011414,6.180079708428821e-06,2.9827909031610034e-08,0.5574839115142822,0.44232532382011414,0.8157096408969448,0.6882204115656155,0.12748922933132922
3cc412a0d7c6a15a96e0536c1797d9d3ee10e511cb01443c1d295ac500414527,762,3458,1-coins/10_1477289256.jpg::shape-0,1-coins/10_1477289256.jpg,0,498.1787805733569,277.4644948590712,558.4878860933096,337.773600379024,10,25,0.000823835376650095,0.44079136848449707,0.558379590511322,5.019825493945973e-06,2.3980746277629805e-07,0.558379590511322,0.44079136848449707,0.8191836028131532,0.6923813458211134,0.12680225699203973
2c54b06c5efb59773473d8574dcfd782ef86a3845ba2b2b0c370358ffd3e648f,763,2295,1-coins/100_1477861446.jpg::shape-4,1-coins/100_1477861446.jpg,4,127.79370866496792,355.5183463461273,192.1193348132929,419.8439724944523,10,25,0.00045023643178865314,0.4418385326862335,0.5576965808868408,1.0588868462946266e-05,3.9499509512097575e-06,0.5576965808868408,0.4418385326862335,0.8168107743112647,0.6901997930352962,0.12661098127596848
8e5b7583b2a3cc9584c3760174bfcadad5fa08e49ea5b97b419491f67fe64c2d,764,3090,1-coins/10_1477186500.jpg::shape-0,1-coins/10_1477186500.jpg,0,514.0005791951277,34.07357189585764,571.4008806588869,91.4738733596168,10,25,0.0013399680610746145,0.4391615390777588,0.5593550801277161,0.0001415383449057117,1.8225327949039638e-06,0.5593550801277161,0.4391615390777588,0.8228879630271596,0.6964922801555091,0.12639568287165048
3e58c8e7e5377ce6d4a35afa99dd79e5f8b4f15fb069ba098a73b9f8dcb494d2,765,2458,1-coins/105_1479344526.jpg::shape-6,1-coins/105_1479344526.jpg,6,171.03390733577817,15.410718929981044,252.1544984613232,96.53131005552612,25,10,0.0023919716477394104,0.5601380467414856,0.43742281198501587,4.6371038479264826e-05,8.541304055142973e-07,0.5601380467414856,0.43742281198501587,0.826855018498562,0.7012373201066867,0.1256176983918753
7bc882d96eea960aebed593572e3fc821e5e3d7562697a1d7641f3c459f2231f,766,7924,1-coins/145_1479427704.jpg::shape-4,1-coins/145_1479427704.jpg,4,371.3346538712764,284.3888410633946,435.0397303651768,348.09391755729496,10,25,0.0001760304148774594,0.44293755292892456,0.5568204522132874,7.929845196485985e-06,5.8011308283312246e-05,0.5568204522132874,0.44293755292892456,0.8143264829164256,0.6889018658238636,0.12542461709256203
919dd3560deb448149e5304c51d7ea17edfaa99ac952abfe822ef8bf11e648e0,767,6313,1-coins/125_1479424680.jpg::shape-3,1-coins/125_1479424680.jpg,3,326.2334244719372,209.80485304336577,396.1475279090152,279.7189564804437,5,25,0.40941348671913147,0.021380461752414703,0.5692011713981628,4.140522378293099e-06,7.042731340334285e-07,0.5692011713981628,0.40941348671913147,0.8930296636518892,0.7686505153076278,0.12437914834426134
eb6b82ed5689bfa8c8b33610a9f2699df5b6f852cad833a6407ff0e2863810eb,768,15278,1-coins/60_1477844688.jpg::shape-3,1-coins/60_1477844688.jpg,3,103.29939303179856,337.05121784931686,179.56192083681452,413.3137456543328,25,10,0.0002940326230600476,0.5563592314720154,0.4433341920375824,1.1540695595613215e-05,9.585587577021215e-07,0.5563592314720154,0.4433341920375824,0.8134314095094456,0.6893737542412443,0.12405765526820134
60c233c6eb4dcc01ab579dd884f6dbbfdf4f2eb080dfe800a398a174fae6b792,769,3126,1-coins/10_1477186770.jpg::shape-0,1-coins/10_1477186770.jpg,0,221.7164491758937,368.0376170591054,286.56092308688,432.88209097009167,10,25,0.0016380383167415857,0.43988174200057983,0.5584554672241211,2.269279138999991e-05,2.0806319298571907e-06,0.5584554672241211,0.43988174200057983,0.8212493563749709,0.697374489045112,0.12387486732985886
11c9e4e06ec31fb488099045d5d9273a7ea15fe77e358ebe9ed54ffa699f20c9,770,20502,1-coins/90_1477855086.jpg::shape-1,1-coins/90_1477855086.jpg,1,281.21729395734155,199.64732808703437,363.1513067252523,281.58134085494515,25,10,0.00015416019596159458,0.5559594035148621,0.4438789486885071,4.55976396551705e-06,2.898799039030564e-06,0.5559594035148621,0.4438789486885071,0.8122033918113807,0.6883477007964659,0.12385569101491478
f51cafcf26f4b48b756b37624e6ee31bfb6b5c35962827a57953fb5ad6522752,771,16891,1-coins/70_1477846722.jpg::shape-3,1-coins/70_1477846722.jpg,3,124.28813301316684,265.29988469779204,189.61401223895723,330.6257639235824,10,25,0.00029552390333265066,0.4438117444515228,0.5558664798736572,9.148702702077571e-06,1.7118878531618975e-05,0.5558664798736572,0.4438117444515228,0.8123548054459541,0.6896481760675108,0.12270662937844323
963f5de6e739c262790727738d9062eadab8a91309e2b7a9f9faf04239a45bf3,772,9551,1-coins/150_1479430086.jpg::shape-0,1-coins/150_1479430086.jpg,0,262.6615607037327,65.56853744791874,329.974098210996,132.88107495518202,10,25,0.0006087204674258828,0.44300591945648193,0.5563745498657227,1.7704405763652176e-06,9.007637345348485e-06,0.5563745498657227,0.44300591945648193,0.8141721468220268,0.6915281762910892,0.12264397053093756
73233c44a6b7d2fab8a4c2de1cf62edb3f1a3f6284bd3bd448f7ad375ec4c0f5,773,14183,1-coins/55_1477842282.jpg::shape-0,1-coins/55_1477842282.jpg,0,331.5735549921884,264.3561636878406,397.0641261672319,329.84673486288403,10,25,0.0001127530267694965,0.44437506794929504,0.5554376244544983,6.060918735784071e-07,7.397762237815186e-05,0.5554376244544983,0.44437506794929504,0.8110863255148374,0.6887605819338537,0.12232574358098369
29d0a2238ff15c89b49bcecb47c52b753c993841bf22effeff2930c3059243a0,774,12774,1-coins/45_1477835952.jpg::shape-1,1-coins/45_1477835952.jpg,1,385.79554047652175,167.041917288116,449.71170590028976,230.95808271188395,10,25,0.0004898701445199549,0.44360092282295227,0.555781364440918,2.1313615434337407e-05,0.00010653657227521762,0.555781364440918,0.44360092282295227,0.8128299432038683,0.691964359628694,0.1208655835751743
5c0f2308811f99c0b35df4d1855bed878def943c44813b8c62203130a53fb7e2,775,3831,1-coins/110_1479346104.jpg::shape-4,1-coins/110_1479346104.jpg,4,204.07283855168296,272.79205037434303,287.03060972417904,355.74982154683914,25,10,4.764094774145633e-05,0.5540563464164734,0.4458930194377899,2.5633109999034787e-06,3.8879329622432124e-07,0.5540563464164734,0.4458930194377899,0.8076762224661113,0.6878141593606412,0.1198620631054701
62c279a8b43aaa5def80b495eaa7237029aa787eba6186c94ab9248f721a979b,776,1254,1-coins/100_1477860696.jpg::shape-5,1-coins/100_1477860696.jpg,5,260.80100173415946,265.3557462597069,324.2500931563514,328.80483768189885,10,25,0.00016505243547726423,0.4461347162723541,0.5536479353904724,5.062206128059188e-06,4.7275101678678766e-05,0.5536479353904724,0.4461347162723541,0.8071343181490073,0.6893919019823127,0.11774241616669456
2e6671b5e48a25196882306743fde77cba18c34f00224bd0eeb060e0408a952e,777,21151,1-coins/90_1477857114.jpg::shape-7,1-coins/90_1477857114.jpg,7,278.722254480792,152.780648641376,360.94197909585023,235.00037325643424,25,10,0.0026461526285856962,0.557083010673523,0.44020482897758484,6.561863119713962e-05,4.4597751980290923e-07,0.557083010673523,0.44020482897758484,0.8205151399872356,0.7034536618744446,0.117061478112791
188e0e7a9107b9ee695021292bd63505adc3138484282688050779cd82d0d465,778,13699,1-coins/55_1477839036.jpg::shape-0,1-coins/55_1477839036.jpg,0,134.58039917420663,15.29468488849234,210.6576960638886,91.37198177817432,25,10,0.00010883597860811278,0.5524130463600159,0.4474763870239258,1.5490381883864757e-06,8.553512031994615e-08,0.5524130463600159,0.4474763870239258,0.8041315090864054,0.6886798050493256,0.11545170403707983
877ab960576cbf0a1b2386fcc616cee23710a3695a341b1973eb73ef86b12d37,779,3324,1-coins/10_1477288392.jpg::shape-0,1-coins/10_1477288392.jpg,0,100.34027301792244,371.4883092716989,161.89537652890536,433.0434127826818,10,25,0.040361206978559494,0.3911411762237549,0.5676659941673279,0.0008315102313645184,8.040296251010659e-08,0.5676659941673279,0.3911411762237549,0.9386867196539936,0.8240375293098,0.11464919034419363
6a0bcd27f2d93ef4b6bbb8a34861556e73bf987ba4d10efc6faed3aafd515e7f,780,13197,1-coins/50_1477193394.jpg::shape-0,1-coins/50_1477193394.jpg,0,213.22508832927213,95.9207405031852,286.0502739895684,168.74592616348144,50,10,0.0008005553972907364,0.5627685189247131,0.01127608772367239,0.42515456676483154,2.715269999953307e-07,0.5627685189247131,0.42515456676483154,0.8553024896701411,0.7434502865504412,0.1118522031196999
2c04e91a55c1bc913034aa4b7ba1c7656c0fbdad9c7b55a6b24391dabc516555,781,5993,1-coins/120_1479422988.jpg::shape-5,1-coins/120_1479422988.jpg,5,259.5996984496408,197.83499256728788,325.694419197418,263.92971331506504,10,25,0.0001884298981167376,0.44885095953941345,0.5509594678878784,7.820748351150542e-07,3.994622375103063e-07,0.5509594678878784,0.44885095953941345,0.8010643850087192,0.6896151743613848,0.11144921064733448
5a6d1a146fcc8646c8c059a375941a222bd1e400756768883de233f7cd46bc0d,782,13830,1-coins/55_1477839264.jpg::shape-0,1-coins/55_1477839264.jpg,0,348.9284549545988,159.0408145051606,433.0940169555136,243.20637650607532,25,10,0.0003697710344567895,0.550683856010437,0.4489433467388153,3.051325393244042e-06,5.443784090175541e-08,0.550683856010437,0.4489433467388153,0.8008585757290615,0.6910368576879827,0.10982171804107876
4f7ccdb3f5d300a257c2c7280bcaf13fe5346230d11fc90e158c90a43b27925b,783,6726,1-coins/130_1477862328.jpg::shape-0,1-coins/130_1477862328.jpg,0,374.5069259789798,383.87874637269806,444.953370415623,454.3251908093413,5,25,0.42225879430770874,0.010782401077449322,0.5643072128295898,0.0002696781884878874,0.0023818747140467167,0.5643072128295898,0.42225879430770874,0.8621368962578052,0.7523619608391049,0.10977493541870031
81853ce680e2af6f4e4dff34fe9d04126aa9bd8eca19f370b3c224a872d2b168,784,14722,1-coins/5_1477189146.jpg::shape-0,1-coins/5_1477189146.jpg,0,173.5681481125444,12.307278547327089,246.95359101789023,85.69272145267294,5,25,0.3746281862258911,0.03992805257439613,0.5733990669250488,0.010716356337070465,0.0013283338630571961,0.5733990669250488,0.3746281862258911,0.9818212482739942,0.8727304000200758,0.10909084825391835
d345d484ec850e7bb24fc7fd569b89e99757e4cc110e981416dd5f46e46b1cd5,785,14353,1-coins/55_1477842606.jpg::shape-1,1-coins/55_1477842606.jpg,1,68.69494519684424,300.3616118635109,147.9717214698224,379.6383881364891,25,10,0.0002192192041547969,0.5500309467315674,0.4493408799171448,0.00022462187916971743,0.0001843208447098732,0.5500309467315674,0.4493408799171448,0.7999734812512004,0.693577722974272,0.10639575827692838
d005577fc588e585f4898d194a29c0dc5307531be42aedc5242cf3d97fda8720,786,3837,1-coins/110_1479346110.jpg::shape-2,1-coins/110_1479346110.jpg,2,207.2641897064782,273.71023287194583,287.1818534589894,353.62789662445704,25,10,2.64202753896825e-05,0.5476967692375183,0.4522755742073059,8.047871347116597e-07,4.3351130329938314e-07,0.5476967692375183,0.4522755742073059,0.7934636074779046,0.6888921549183488,0.1045714525595558
81fa74fdc51afed3ffb7842c899d03801e408a5ec4279f8cb14e715016b9473d,787,3229,1-coins/10_1477287792.jpg::shape-0,1-coins/10_1477287792.jpg,0,18.333083452100105,142.3330834521001,81.53925697343178,205.53925697343175,10,25,0.0024914019741117954,0.4455404281616211,0.551886796951294,8.12663565739058e-05,1.3078178540126828e-07,0.551886796951294,0.4455404281616211,0.8084672883510756,0.7039563308518524,0.10451095749922323
01b522e2a8742e0e91d4c6d8945b3269239fe6837535f1051a555d879c0776ec,788,3238,1-coins/10_1477287846.jpg::shape-0,1-coins/10_1477287846.jpg,0,82.5835798202232,211.17778271877395,142.28598539716805,270.8801882957188,10,25,0.00022301246644929051,0.4533185064792633,0.5464515089988708,5.368281563278288e-06,1.569453843330848e-06,0.5464515089988708,0.4533185064792633,0.7911602957507543,0.6908348255025156,0.10032547024823868
fdd3947017e7f06a8044baf7788a770646afd35ef6a239aba2d71fc39275322c,789,12513,1-coins/45_1477835544.jpg::shape-0,1-coins/45_1477835544.jpg,0,320.2981660121006,160.2401949976079,399.2670513792037,239.20908036471093,25,10,0.00028653821209445596,0.5465870499610901,0.45311737060546875,8.673882803122979e-06,3.5455977354104107e-07,0.5465870499610901,0.45311737060546875,0.7916040907994293,0.6913057025950461,0.1002983882043832
96635510e1d473eed83f71047be5c4c6c19bb02a90e330188922a89ce2fce4ba,790,15961,1-coins/60_1477845408.jpg::shape-0,1-coins/60_1477845408.jpg,0,200.9244623882624,372.6286424525711,265.3134797339241,437.0176597982328,10,25,0.0003346593875903636,0.4530351758003235,0.5466213822364807,7.944623575895093e-06,8.683131795805821e-07,0.5466213822364807,0.4530351758003235,0.7917855057404273,0.6916488826295815,0.10013662311084581
2873a75549711c43b9059e61a782c9528ec66f44d7bb038b9ac8ea9728bf616b,791,8973,1-coins/150_1479429516.jpg::shape-3,1-coins/150_1479429516.jpg,3,37.06736278900033,165.3516267483912,102.3031955866342,230.58745954602503,10,25,5.7303939684061334e-05,0.45488524436950684,0.5450569987297058,4.164896267866425e-07,3.6800147373838854e-09,0.5450569987297058,0.45488524436950684,0.7877101020184301,0.6896595519359437,0.09805055008248631
cb271ca10f8c57d0eac0acd12d3285f676b3db0866fb8ffa837b66cf027c9f18,792,11201,1-coins/25_1477192236.jpg::shape-0,1-coins/25_1477192236.jpg,0,365.08312310665104,258.7105740870432,441.7796219913882,335.40707297178034,25,10,0.00011926948354812339,0.5449760556221008,0.45487818121910095,2.4579903765697964e-05,1.9207739114790456e-06,0.5449760556221008,0.45487818121910095,0.7877256294626147,0.6904906398961761,0.09723498956643861
974808165702097223f26c58258fb3b20ad33020a542d6825cd4afd91ee1dd72,793,3886,1-coins/110_1479346146.jpg::shape-3,1-coins/110_1479346146.jpg,3,562.0639498275484,50.35171961172109,626.8281365033868,115.11590628755948,10,25,1.0559363632364881e-32,0.45549947023391724,0.5445005297660828,2.653942055980305e-27,0.0,0.5445005297660828,0.45549947023391724,0.7863607253257922,0.6891813409369698,0.09717938438882234
b7d62f01d3bf8a44461ce27c189c007d4802b628a0ded33eb916b692dde10fd1,794,13636,1-coins/55_1477838940.jpg::shape-1,1-coins/55_1477838940.jpg,1,209.2772071637812,298.28440140838546,273.1400590232692,362.1472532678735,10,25,0.00044646704918704927,0.45454031229019165,0.5450048446655273,7.215222012746381e-06,1.1631358347585774e-06,0.5450048446655273,0.45454031229019165,0.7884686733898406,0.6927326902487339,0.09573598314110676
530eebc9f3008cc91c7294d66d2b3674d99c7377ddc655b286dbb34875b2105e,795,20429,1-coins/90_1477854978.jpg::shape-0,1-coins/90_1477854978.jpg,0,460.0461966151177,19.684494487458142,537.6984842359461,97.33678210828651,25,10,0.0005502895219251513,0.5447466969490051,0.4546578824520111,5.96213567405357e-06,3.911453313776292e-05,0.5447466969490051,0.4546578824520111,0.7882100495536855,0.6938624361764264,0.09434761337725905
2e75c093b839a4888c1edb625d606827d883a7ac2ed3cfdb143f750262d14ae8,796,21591,1-coins/95_1477857726.jpg::shape-3,1-coins/95_1477857726.jpg,3,194.96342744948183,208.19531150745289,262.6307754490688,275.86265950703984,10,25,0.00025346019538119435,0.4561915993690491,0.5435314774513245,1.2746168977173511e-05,1.0765663319034502e-05,0.5435314774513245,0.4561915993690491,0.7848423836612181,0.6917775954362354,0.09306478822498265
7532ee26e5afb9ec41fbeb88bb59e90912c1251db7d5b807b02f3d54e952d849,797,14498,1-coins/5_1477145538.jpg::shape-0,1-coins/5_1477145538.jpg,0,283.3811365546805,188.50059047959516,358.9396825579475,264.0591364828622,5,25,0.44936859607696533,0.0029205726459622383,0.5475935935974121,0.00011687845835695043,2.7838242999678187e-07,0.5475935935974121,0.44936859607696533,0.79991180134113,0.7073349432339116,0.0925768581072185
a2038b33d791f2c4dbaf6f968ec90523f787d356cd5abe5574f33904b66e3efe,798,3446,1-coins/10_1477289184.jpg::shape-0,1-coins/10_1477289184.jpg,0,74.06274001632157,101.91988287346445,134.0324980789165,161.88964093605935,10,25,0.001083458075299859,0.4540828466415405,0.5448108315467834,7.621095392096322e-06,1.5253832316375338e-05,0.5448108315467834,0.4540828466415405,0.7894756159992328,0.6970164225914852,0.09245919340774755
b0469f4ec29e120b361cb20008bd540bfbb8000f1aac6e8baf0f4347f6b143a2,799,16994,1-coins/70_1477846824.jpg::shape-4,1-coins/70_1477846824.jpg,4,509.3788152220647,246.05034806878007,574.9423526611467,311.6138855078622,10,25,5.7075850545293255e-36,0.4583089351654053,0.5416910648345947,1.745249127581101e-29,0.0,0.5416910648345947,0.4583089351654053,0.7802117913328562,0.6896668514274391,0.09054493990541712
e764a0adb677a89d9b83df1ec2f7614cbff5c1e7a5fe2e1a0668b1d7ea759510,800,4906,1-coins/115_1479349668.jpg::shape-0,1-coins/115_1479349668.jpg,0,40.90219740997505,145.22134634614525,106.84248344108876,211.16163237725897,10,25,0.002449788386002183,0.45046886801719666,0.5466775298118591,0.0004033694276586175,4.210475310628681e-07,0.5466775298118591,0.45046886801719666,0.797466309721862,0.7072565180690934,0.09020979165276866
7a435b397375172115400e833ef3f20ad807cdb633c48033a15c72a96277a83b,801,14655,1-coins/5_1477188606.jpg::shape-0,1-coins/5_1477188606.jpg,0,60.64014738422456,240.2948236432173,134.00733463016388,313.6620108891567,5,25,0.4382731318473816,0.009861649014055729,0.5518649816513062,2.137853414296842e-07,2.2025197665698215e-08,0.5518649816513062,0.4382731318473816,0.8249129742636753,0.7351499913625941,0.0897629829010812
e7365f71fd52b54cbe7d36b8ca413b8fbcfd4a416a0bde4f4f74e20c64621f69,802,11443,1-coins/25_1477286952.jpg::shape-0,1-coins/25_1477286952.jpg,0,426.1432134693058,52.418575788146384,501.0162068205492,127.29156913938984,25,10,0.0003888794453814626,0.5425719022750854,0.4568796157836914,2.9047208954580128e-05,0.00013054220471531153,0.5425719022750854,0.4568796157836914,0.7833353455826083,0.6941617848784825,0.08917356070412585
0656d0eaaa0388cc0063a8e5d6144dc808eb1f6c032a9959479d55bfc8d4dabf,803,6482,1-coins/130_1477861932.jpg::shape-8,1-coins/130_1477861932.jpg,8,253.40827051290947,380.58218355638775,316.330859921873,443.50477296535126,10,25,0.00023398140911012888,0.45796269178390503,0.541771411895752,2.110653895215364e-06,2.977826625283342e-05,0.541771411895752,0.45796269178390503,0.7809675571730225,0.6920057969447059,0.08896176022831659
c36b7842247fc26dca0d5be219b6c5840b0927e09de2308482e79f19db7770bf,804,5248,1-coins/120_1479351348.jpg::shape-4,1-coins/120_1479351348.jpg,4,153.37559774372957,53.71136416708725,217.6754971467813,118.01126357013902,10,25,0.00236910511739552,0.4528108239173889,0.5448037981987,1.292841807298828e-05,3.3915996482392075e-06,0.5448037981987,0.4528108239173889,0.7922808479676752,0.7041388444141973,0.0881420035534779
d71f0bda3db89fb3a1a46042881f7d160abf35f34f6decd4784b4f7d5d86170a,805,11399,1-coins/25_1477286358.jpg::shape-0,1-coins/25_1477286358.jpg,0,97.59573891691088,56.378347612563054,177.04194224250938,135.82455093816156,25,10,0.0012364904396235943,0.5422305464744568,0.45645958185195923,7.301757432287559e-05,3.657194440620515e-07,0.5422305464744568,0.45645958185195923,0.78425512207404,0.6988403590702232,0.08541476300381678
60a9d5882bffed9f86a24e18967eaf8ace0001039d9a1a6f4bf5f29ba7dd5c9c,806,9817,1-coins/15_1477788366.jpg::shape-1,1-coins/15_1477788366.jpg,1,490.5756799583386,255.1450230240321,553.4681156620992,318.0374587277927,5,25,0.4564269483089447,0.0013778030406683683,0.5421946048736572,3.353299860009429e-07,3.0469951184386446e-07,0.5421946048736572,0.4564269483089447,0.7843266173627758,0.698967071116793,0.08535954624598274
1d1bd4ef97c031f13352c74d7c10b1c4163c4d6ad821db9f4362ac378cc6af76,807,16519,1-coins/65_1477846002.jpg::shape-5,1-coins/65_1477846002.jpg,5,263.6235564857842,343.86165172387945,324.47168160945387,404.7097768475491,10,25,0.00014650379307568073,0.4581882357597351,0.5410946607589722,2.866985369109898e-06,0.0005676756263710558,0.5410946607589722,0.4581882357597351,0.7804751841947156,0.6954965853355017,0.08497859885921388
fb29f86ce17b7917e88f8da3e4e4d8dfb3ec6ee2676438fca4501cb1b5d22590,808,11024,1-coins/25_1477154280.jpg::shape-0,1-coins/25_1477154280.jpg,0,30.76640315546109,39.31009247584944,114.08796577657772,122.63165509696609,25,10,0.0048112571239471436,0.5457853674888611,0.44939738512039185,5.725983555748826e-06,1.87649320082528e-07,0.5457853674888611,0.44939738512039185,0.7998477378495457,0.7156873357247945,0.08416040212475118
f5d441bc8f496bc61647c1e7de8138211335268135fe21de9f62db082c05b64a,809,8965,1-coins/150_1479429510.jpg::shape-8,1-coins/150_1479429510.jpg,8,108.57705611474869,333.5697568446757,185.96308987065277,410.9557906005797,25,10,9.467970085097477e-05,0.5389838218688965,0.4609205424785614,8.280388215098355e-07,1.405916947305741e-07,0.5389838218688965,0.4609205424785614,0.7745296098896901,0.691017212430181,0.08351239745950911
8c40aa26960fe440d7430b24bd4d3e8f2275e052036a3c6617aa900406001edd,810,14761,1-coins/5_1477189410.jpg::shape-0,1-coins/5_1477189410.jpg,0,495.2909023285048,155.2621253500875,557.4285221319268,217.3997451535096,5,25,0.42956098914146423,0.017520848661661148,0.5529096126556396,7.69942835177062e-06,8.77300067259057e-07,0.5529096126556396,0.42956098914146423,0.8449915473095498,0.7615715104071255,0.08342003690242439
f6b9a470250b83856cc22bbfe765e1291ff1db7c2546f35710af61de5d4a18b3,811,11389,1-coins/25_1477286292.jpg::shape-0,1-coins/25_1477286292.jpg,0,539.3857066595609,101.68012290321572,616.2285065384086,178.5229227820635,25,10,0.0027620522305369377,0.5435791015625,0.4534459114074707,0.0002099943085340783,2.987849029523204e-06,0.5435791015625,0.4534459114074707,0.7908792857628619,0.7080656882312645,0.08281359753159745
9f6ac9b0b70928537b9a46b4dbb8e29723789f9c98414fa5d2da35bf31713ecd,812,731,1-coins/100_1477858248.jpg::shape-2,1-coins/100_1477858248.jpg,2,494.1419947760903,226.73814862224427,574.319543685448,306.91569753160195,25,10,0.0005385820404626429,0.5389704704284668,0.460439532995224,4.0669034206075594e-05,1.0715184544096701e-05,0.5389704704284668,0.460439532995224,0.7755737391934046,0.6948269557206994,0.08074678347270514
99744514bc7549c66bcf0ce44177a0a35f0036fd57224f537d3e8e7bb4962c66,813,1344,1-coins/100_1477860798.jpg::shape-1,1-coins/100_1477860798.jpg,1,8.632468234445696,69.46445006647727,67.3236471657981,128.1556289978297,10,25,2.606385351100471e-05,0.46251994371414185,0.5374522805213928,4.7122230739660154e-07,1.2110043599022902e-06,0.5374522805213928,0.46251994371414185,0.7710656014152737,0.6906440308545239,0.08042157056074983
94f51107bdd6de4236af803b47c2ad4daef94ba1f3fff14dd1600035788e8212,814,16896,1-coins/70_1477846728.jpg::shape-2,1-coins/70_1477846728.jpg,2,220.44639880511463,261.5604874577527,287.249423362438,328.3635120150761,10,25,0.005504871718585491,0.4501592218875885,0.5443214178085327,4.005874416179722e-06,1.0497587936697528e-05,0.5443214178085327,0.4501592218875885,0.7981539323827133,0.7191681484009242,0.07898578398178902
b362de583eb682b8aed4b40d77b520f60a6f4b1d4a229c5c487fcd2ebbcfeca3,815,5011,1-coins/115_1479350598.jpg::shape-1,1-coins/115_1479350598.jpg,1,191.1562245590663,123.95332600834168,256.29305080325247,189.09015225252784,10,25,0.0013168139848858118,0.46003687381744385,0.5385438799858093,9.901483281282708e-05,3.4397401122987503e-06,0.5385438799858093,0.46003687381744385,0.7764486322389713,0.7001824652983049,0.07626616694066646
f0e3dad81cf9b4d845dde43ed4d1c74540b978eafbe1ae7f2ab07365cb516fc4,816,11669,1-coins/25_1477789296.jpg::shape-3,1-coins/25_1477789296.jpg,3,436.2997021815307,164.64151946020638,500.1053661509422,228.44718342961784,10,5,0.4213351309299469,0.29376867413520813,0.2673731744289398,0.0003148101968690753,0.01720820739865303,0.4213351309299469,0.29376867413520813,1.2249626440202392,1.1491660484399306,0.0757965955803086
6bd1720e386e71048625d9611a6eb737c0ae1d1a6130788cad9225f7879f8a24,817,13198,1-coins/50_1477193400.jpg::shape-0,1-coins/50_1477193400.jpg,0,109.3792808452742,80.59463265764091,185.7166679820179,156.93201979438464,50,10,0.0006322868866845965,0.5449144244194031,0.006758207455277443,0.4476950466632843,6.359281989887222e-09,0.5449144244194031,0.4476950466632843,0.8036429777604968,0.7290473738987447,0.07459560386175201
e0ad58c52e9c1fe3d9e655d800e8cd3a5862b4e758a789210cfb248d056368ea,818,11444,1-coins/25_1477286958.jpg::shape-0,1-coins/25_1477286958.jpg,0,461.4915842246604,140.9033489305428,536.5476314616141,215.95939616749644,25,10,0.00022400013403967023,0.5368006825447083,0.4623415470123291,2.3684506231802516e-06,0.0006314491620287299,0.5368006825447083,0.4623415470123291,0.7714513817852298,0.6971983299539666,0.07425305183126318
6b047662136e4b497d8e89487ba62e93ee8e06cbfdda10d44cadcb910df8fa57,819,10959,1-coins/25_1477149498.jpg::shape-0,1-coins/25_1477149498.jpg,0,167.6470588235294,103.4313725490196,250.9803921568628,186.76470588235293,25,10,0.0044562495313584805,0.546185314655304,0.4444751441478729,0.004872585646808147,1.065317883330863e-05,0.546185314655304,0.4444751441478729,0.8108611442691366,0.7409267714922096,0.06993437277692693
54d3d4ef0590fb06728c0cdafe5bd82204be5bd5eb9f72cdf78e27031a22b731,820,11114,1-coins/25_1477191630.jpg::shape-0,1-coins/25_1477191630.jpg,0,229.99804434156397,287.2681173342647,310.3961162423776,367.6661892350783,25,10,7.255723903654143e-05,0.5329828858375549,0.4669405221939087,9.138932455243776e-07,3.113387492703623e-06,0.5329828858375549,0.4669405221939087,0.7615533908935467,0.691731865861319,0.06982152503222772
6327b2426024e18b1bd27f3a6e60038831a85acc5832c3ddf020b1396db1fe5d,821,3001,1-coins/10_1477149066.jpg::shape-0,1-coins/10_1477149066.jpg,0,354.8693335717891,301.4304846509258,416.7565657087864,363.317716787923,10,25,0.3101568818092346,0.31346461176872253,0.3762127757072449,0.00016370543744415045,2.0601933101715986e-06,0.3762127757072449,0.31346461176872253,1.160068806401217,1.095973885317247,0.06409492108397008
3ac6b87e1df585df281f51402bf86c2d7111dff9786fa35db8f80973ed54a82c,822,3006,1-coins/10_1477149096.jpg::shape-0,1-coins/10_1477149096.jpg,0,426.05500378814105,253.67819219393817,487.71311215388783,315.33630055968496,10,25,0.007340476848185062,0.45029574632644653,0.5414709448814392,0.0008920253021642566,7.397444505841122e-07,0.5414709448814392,0.45029574632644653,0.7978506980295841,0.7337906623429628,0.06406003568662133
0db9bd758c9ba9e6d332092a814d5987569de35e2b42562d71b9d9030d1dedf1,823,2890,1-coins/105_1479345378.jpg::shape-0,1-coins/105_1479345378.jpg,0,85.07021078472039,119.30666398669084,164.65392714631403,198.89038034828448,25,10,0.0002725443337112665,0.5305457711219788,0.4691762924194336,4.809076926903799e-06,5.861532486051146e-07,0.5305457711219788,0.4691762924194336,0.7567766911446985,0.6936518756674734,0.06312481547722504
0212c303917afc5bcc6c55af050b6ac18a12179096cc3adc026a9e91ac3af22a,824,15784,1-coins/60_1477845264.jpg::shape-1,1-coins/60_1477845264.jpg,1,269.09908435078614,55.37359415470775,333.84209211980203,120.11660192372364,10,25,0.00014508748427033424,0.46978771686553955,0.5300623178482056,2.8390415991452755e-06,2.0041479729115963e-06,0.5300623178482056,0.46978771686553955,0.7554743525534875,0.6927201621152248,0.06275419043826269
a5069581cdb96c36930dc42593ccde0a26a1b3bde4917d422bb531908aedbec6,825,11315,1-coins/25_1477285818.jpg::shape-0,1-coins/25_1477285818.jpg,0,188.86313920076316,-10.158443533049812,266.7339831013951,67.71240036758218,25,5,0.5326988697052002,0.10563278198242188,0.3276735842227936,2.9299591915332712e-05,0.03396552801132202,0.5326988697052002,0.3276735842227936,1.1157373361609406,1.0537219439507117,0.06201539221022889
5634d527b489780eb097f41168f23163866ad8b4a0c3f3ad7bea38a93e17b589,826,11296,1-coins/25_1477285698.jpg::shape-0,1-coins/25_1477285698.jpg,0,341.2728420775069,204.5119166276354,417.5960525240356,280.8351270741641,25,10,6.821777787990868e-05,0.52949458360672,0.47042739391326904,3.5848220250045415e-06,6.2238782447820995e-06,0.52949458360672,0.47042739391326904,0.754113648733492,0.692199455918968,0.06191419281452393
31bf0199571556f8384c58f943bb8a2be679cd7148eb6fb94ef1fc6120daf132,827,14220,1-coins/55_1477842312.jpg::shape-3,1-coins/55_1477842312.jpg,3,359.74229766765785,253.5264703295284,423.91237859133486,317.69655125320537,10,25,5.827684071846306e-05,0.47088536620140076,0.5290346741676331,9.330907460025628e-07,2.071646122203674e-05,0.5290346741676331,0.47088536620140076,0.7531405984495226,0.6922845438221434,0.0608560546273792
46fb61b7d41bc1b4fe986febcd060f2c43bb5e836f0e64b4a6e5e63299a41bfc,828,2938,1-coins/10_1477147446.jpg::shape-0,1-coins/10_1477147446.jpg,0,136.60321551305282,409.6129242509168,203.2026097296656,476.21231846752966,10,25,0.2577263116836548,0.30087071657180786,0.4259624481201172,0.015122231096029282,0.0003183279768563807,0.4259624481201172,0.30087071657180786,1.2010746195508848,1.1402758119776464,0.06079880757323841
7a038e4c1787174671252e9ea7ba6a3af23845d8160343305124a9ae776d9953,829,15456,1-coins/60_1477844946.jpg::shape-5,1-coins/60_1477844946.jpg,5,257.92046277866865,413.8482978302151,319.3991248501973,475.32695990174375,10,25,0.08315740525722504,0.37942397594451904,0.5373883843421936,6.004941951687215e-06,2.4287219275720417e-05,0.5373883843421936,0.37942397594451904,0.9691010291064773,0.9085811234555148,0.06051990565096255
5c2ba306c9b72edf6853fb5f32576c37b830afa52e7ce3eaf3a42f6e50a43c56,830,16864,1-coins/70_1477846698.jpg::shape-0,1-coins/70_1477846698.jpg,0,70.79728044504179,159.75076881713483,149.74535521387293,238.698843585966,25,10,6.454348749684868e-06,0.5283102989196777,0.4716830551624298,1.0417451079547391e-07,2.3111365266004213e-08,0.5283102989196777,0.4716830551624298,0.7514480122491215,0.6916242443840162,0.05982376786510535
0042d17da3aab36f41860fa7e311280539c3342cc8b10714b28856ce89708a32,831,12631,1-coins/45_1477835808.jpg::shape-2,1-coins/45_1477835808.jpg,2,415.1268890382872,229.9341912695246,480.20779656009006,295.01509879132743,10,25,0.0007368220249190927,0.4686611294746399,0.5303881764411926,0.00013675166701432317,7.71111372159794e-05,0.5303881764411926,0.4686611294746399,0.75787531012616,0.698792117054536,0.05908319307162402
46bc65ca1a7c0587af4b7e8a1c3519278d28cd666182ed75a8a0b6a607c5f31a,832,16682,1-coins/65_1477846338.jpg::shape-4,1-coins/65_1477846338.jpg,4,533.1943663641789,207.68519926098355,594.3292934926396,268.8201263894442,10,25,9.167870302917436e-05,0.47228312492370605,0.5276200771331787,1.3284771966937114e-06,3.819730409304611e-06,0.5276200771331787,0.47228312492370605,0.7501766322891927,0.6925628444104747,0.05761378787871807
83fa65c3614414dee19ced7ca9117d386893758dce59ea44ec6cce08a4517302,833,11423,1-coins/25_1477286502.jpg::shape-0,1-coins/25_1477286502.jpg,0,401.256939399622,139.54891020254178,474.9036445419837,213.19561534490344,25,10,7.574825576739386e-05,0.5274301171302795,0.47233057022094727,1.3324935252967407e-06,0.00016225643048528582,0.5274301171302795,0.47233057022094727,0.7500761778970428,0.6938541095297692,0.056222068367273614
e512f6388b12f170a71989761389534341560f4f287a7aaeca5b177c8c84fbc1,834,12771,1-coins/45_1477835946.jpg::shape-4,1-coins/45_1477835946.jpg,4,373.169542046309,181.2464651232321,438.56122718446017,246.6381502613833,10,25,0.0008822152740322053,0.470880925655365,0.5280851125717163,3.599173578550108e-05,0.00011577174882404506,0.5280851125717163,0.470880925655365,0.7531500287000513,0.6994474741620009,0.053702554538050395
d1d5cd6995f5a34b93c28be23ad46849d9d9f9a441ac22f30c31322ccad20303,835,6471,1-coins/130_1477861926.jpg::shape-9,1-coins/130_1477861926.jpg,9,251.23389394603169,379.66867655472726,316.12842489454795,444.5632075032435,10,25,0.00018405792070552707,0.47493210434913635,0.5248688459396362,3.0796984447079012e-06,1.1901597645191941e-05,0.5248688459396362,0.47493210434913635,0.7445834233764802,0.6937176131057708,0.050865810270709355
b325f6296cfb6dd871fdacd2fa23d5f432c4144473149029d550d13abb6fcf63,836,15433,1-coins/60_1477844928.jpg::shape-0,1-coins/60_1477844928.jpg,0,143.5776949962591,104.27982265583356,224.3797518122516,185.081879471826,25,10,9.682271775091067e-05,0.5244472622871399,0.47545501589775085,3.367147201061016e-07,5.967702350062609e-07,0.5244472622871399,0.47545501589775085,0.7434830052621318,0.6928849115162711,0.05059809374586077
0885d635bac8378c17adb2f52e09c98e0b38a36b41955fbf1d1af03fd0d8a5eb,837,9354,1-coins/150_1479429738.jpg::shape-3,1-coins/150_1479429738.jpg,3,373.9016592712612,113.11734554577104,455.5101054346211,194.7257917091309,25,10,0.0024725869297981262,0.5286338925361633,0.4688524603843689,3.6856963561149314e-05,4.148888820054708e-06,0.5286338925361633,0.4688524603843689,0.7574671434297945,0.7073921996592284,0.050074943770566094
2f420be9fd5aed0f4d4471909441886ee7b24ac782f617b96a8a1fd333b299d4,838,11199,1-coins/25_1477192224.jpg::shape-0,1-coins/25_1477192224.jpg,0,335.24170290735174,160.71789338354222,413.8059161402673,239.28210661645775,25,10,0.00018044222088064998,0.5240252614021301,0.4757779836654663,1.4987052054493688e-05,1.316892848990392e-06,0.5240252614021301,0.4757779836654663,0.7428039544296354,0.6937826968583255,0.04902125757130993
f76216e8aeefacd186791883812a462755d0f6772044bba94eb54764bf060e39,839,955,1-coins/100_1477858902.jpg::shape-1,1-coins/100_1477858902.jpg,1,-0.5759897428789884,124.55576256278644,76.35552421806567,201.48727652373108,25,10,0.00010360662417951971,0.5235432982444763,0.4763498902320862,1.5817147414054489e-06,1.6380640772695187e-06,0.5235432982444763,0.4763498902320862,0.7416026312647984,0.6930593391836389,0.048543292081159484
087945d7714facbb8eb6df68178f73ed75b03d7f726462e3def8e276fdb8715b,840,10962,1-coins/25_1477149516.jpg::shape-0,1-coins/25_1477149516.jpg,0,3.416538697981806,115.4165386979818,88.2084613020182,200.20846130201815,25,10,0.0008099428378045559,0.5246407985687256,0.4745345413684845,1.4533501598634757e-05,2.2291403922736208e-07,0.5246407985687256,0.4745345413684845,0.7454208682844813,0.6980739278049661,0.047346940479515154
1a3d16e2402d5030ed7cccdb6484580826f9c388050cd908dd304e014ab936d1,841,15271,1-coins/60_1477844682.jpg::shape-0,1-coins/60_1477844682.jpg,0,105.6554941747374,336.626508667491,182.5763898832336,413.5474043759872,25,10,0.00015738036017864943,0.5223519802093506,0.4774863123893738,3.32104173139669e-06,1.0705614386097295e-06,0.5223519802093506,0.4774863123893738,0.7392197846253494,0.6936245914019739,0.045595193223375574
393661627fd921c4c9a285d7a81b35ed1d07ce7f1176881710dad207d6c255ef,842,11019,1-coins/25_1477154250.jpg::shape-0,1-coins/25_1477154250.jpg,0,86.43349041736624,69.54008940213781,170.70356542019724,153.81016440496882,25,10,0.05172109976410866,0.5395643711090088,0.40870651602745056,7.351105523412116e-06,6.73798297157191e-07,0.5395643711090088,0.40870651602745056,0.8947579452371865,0.8518895925642742,0.042868352672912335
4504f408c29deb2b02db5c447755aa09a02d655beec709e9b79e46471b108acd,843,16400,1-coins/65_1477845900.jpg::shape-5,1-coins/65_1477845900.jpg,5,402.90507575222045,382.0729589638993,464.4963841017941,443.6642673134729,10,25,0.00022532945149578154,0.478484570980072,0.5212750434875488,1.0212703273282386e-05,4.843298029300058e-06,0.5212750434875488,0.478484570980072,0.7371313131647483,0.6943738422523429,0.04275747091240545
7827bb5625029f421925c09ca31dcff2c7aef06b064165ebd8b17d7f84ade946,844,4295,1-coins/110_1479347496.jpg::shape-4,1-coins/110_1479347496.jpg,4,120.25523791549448,177.4735120271696,203.886894064201,261.1051681758761,25,10,0.00013497310283128172,0.5204887986183167,0.47937604784965515,1.961354598734033e-07,2.0008522616521418e-10,0.5204887986183167,0.47937604784965515,0.7352699209967104,0.6935488646935682,0.04172105630314216
048c990c6c7420440988e18529dad8615c3f53987803bd6578fb3ca3ae6784ac,845,8008,1-coins/145_1479427800.jpg::shape-0,1-coins/145_1479427800.jpg,0,385.4232273659513,82.10935875281268,468.8395463566764,165.52567774353767,25,10,0.0006848849589005113,0.5217430591583252,0.4775678515434265,4.136056304560043e-06,8.78639525581093e-08,0.5217430591583252,0.4775678515434265,0.7390490316830972,0.6974246233371664,0.04162440834593084
efb1c130e93328367c5f01d18c300b01b23589cca04bc5849fa66ff6f4ea19d3,846,21049,1-coins/90_1477857042.jpg::shape-1,1-coins/90_1477857042.jpg,1,11.907994691820228,61.68175034792881,90.3544487470938,140.1282044032024,25,10,0.00023748277453705668,0.5200261473655701,0.47971123456954956,2.302708162460476e-05,2.1592645680357236e-06,0.5200261473655701,0.47971123456954956,0.73457095075764,0.6946706152900209,0.039900335467619064
c4f6363c1c04e28f88d26ba5aca022ff2065364bf82258b07a9368997b89d4af,847,21702,1-coins/95_1477857954.jpg::shape-1,1-coins/95_1477857954.jpg,1,254.40923091112995,153.69494519684423,333.6860071841081,232.9717214698224,25,10,9.430329373572022e-05,0.5198286771774292,0.47986099123954773,3.776255880438839e-06,0.00021230446873232722,0.5198286771774292,0.47986099123954773,0.7342588186071127,0.6951600023546306,0.03909881625248213
7d810a5d056e43f670c1fc528344e035a790ed688678a5f1d404a4be0e00b48c,848,15413,1-coins/60_1477844904.jpg::shape-4,1-coins/60_1477844904.jpg,4,282.8027762951511,284.18348695504955,346.92311202972206,348.3038226896205,10,25,0.00013928173575550318,0.4816892445087433,0.5181633830070496,7.402535629807971e-06,6.814019002376881e-07,0.5181633830070496,0.4816892445087433,0.7304560937896694,0.6938607750206599,0.036595318769009455
8231ca382b1948af655b51eaee879be3ee0a8061a5aef48de91781e80a4984ce,849,2307,1-coins/105_1479344412.jpg::shape-7,1-coins/105_1479344412.jpg,7,503.46829291168274,309.8968643402542,582.7221832787934,389.15075470736485,25,10,0.0002313536242581904,0.5165501832962036,0.48320919275283813,8.65059882926289e-06,6.633982252424175e-07,0.5165501832962036,0.48320919275283813,0.727305607805666,0.6947120166238204,0.03259359118184557
38b6f92831b95cda1467827d8dbea18ebf79b22aa085bc74ae31d1ff6a883c9b,850,5726,1-coins/120_1479351630.jpg::shape-4,1-coins/120_1479351630.jpg,4,271.88951666472207,338.67783783260523,336.1396804155699,402.92800158345307,10,25,6.496020796475932e-05,0.48426124453544617,0.5156729221343994,1.5562758903797658e-07,6.753678007953567e-07,0.5156729221343994,0.48426124453544617,0.7251307564474402,0.6933122835038565,0.03181847294358364
92d817884b6dada51757291a7c4fd32bd40a0576da785a0dc34e9ab46556ef62,851,2554,1-coins/105_1479344688.jpg::shape-6,1-coins/105_1479344688.jpg,6,274.89108116173014,358.76608116173014,339.6505855049366,423.5255855049366,10,25,0.0010896993335336447,0.48186400532722473,0.5170437693595886,4.7665332658652915e-07,2.083457729895599e-06,0.5170437693595886,0.48186400532722473,0.7300933513663991,0.7003300859198165,0.029763265446582587
27945233eb622536624f08a1a7c30c762067e9cc52eb944b6c43126569f11020,852,11140,1-coins/25_1477191798.jpg::shape-0,1-coins/25_1477191798.jpg,0,249.80773233480767,315.052934893443,328.44386681231384,393.6890693709492,25,10,4.984197221347131e-05,0.5139868259429932,0.4859065115451813,5.242146698947181e-07,5.626283018500544e-05,0.5139868259429932,0.4859065115451813,0.7217390366615515,0.693837465223029,0.027901571438522454
7ecd52bf960cbc1916e75999bcf1f86c2d208e790c2f4bafcf7e6fced6ec3c8e,853,12733,1-coins/45_1477835910.jpg::shape-2,1-coins/45_1477835910.jpg,2,492.8190521216795,146.32223683505532,557.287104990847,210.7902897042229,10,25,8.717722812434658e-05,0.48666128516197205,0.5132511258125305,4.0971053749672137e-07,2.1681715450805328e-11,0.5132511258125305,0.48666128516197205,0.7201869108953624,0.693641392700355,0.02654551819500739
bd4a0bd5529e7b84c884c02306f748b7aa84d562ecf69463f54ea5540c36482b,854,14273,1-coins/55_1477842366.jpg::shape-2,1-coins/55_1477842366.jpg,2,323.7271110926197,368.98798065783706,386.6497005015832,431.9105700668006,10,25,0.00014365879178512841,0.4869137108325958,0.5129395723342896,9.493173820374068e-07,2.087601160383201e-06,0.5129395723342896,0.4869137108325958,0.7196683567473641,0.6941650020137567,0.02550335473360732
4d31d8604417dca8eeff3654e2cbe47a1a08d7f7c36e2818d8230f66f3ad28cd,855,9815,1-coins/15_1477788360.jpg::shape-1,1-coins/15_1477788360.jpg,1,244.6480647433071,302.6906179347964,308.415765043927,366.4583182354163,10,25,9.606437379261479e-05,0.4873189926147461,0.5125720500946045,3.839845248876372e-06,9.026680345414206e-06,0.5125720500946045,0.4873189926147461,0.7188363546926289,0.6939030550936938,0.024933299598935088
5bde0ca17636acdc7da94c47771e2ba491289e0f6fa4e2bf5c743bbc17768a7d,856,5762,1-coins/120_1479351642.jpg::shape-12,1-coins/120_1479351642.jpg,12,311.6117702931434,326.6117702931434,373.62632494495176,388.62632494495176,10,25,8.154565148288384e-05,0.48752012848854065,0.5123702883720398,1.0455530627950793e-06,2.703675454540644e-05,0.5123702883720398,0.48752012848854065,0.7184237001893482,0.6939384480262232,0.024485252163125026
d2bc75fd7ff13b07212db3fb85ceb02a806942532b92b583df7b40dc471a5c3e,857,3683,1-coins/110_1479345654.jpg::shape-0,1-coins/110_1479345654.jpg,0,235.83722820521143,223.60534414724043,317.0613225194262,304.8294384614552,25,10,6.984614446992055e-05,0.5106760263442993,0.4892473518848419,3.9013261812215205e-06,2.8621734600164928e-06,0.5106760263442993,0.4892473518848419,0.7148870853218425,0.6936945532876456,0.02119253203419691
9608fffb90773f2d8ce64b1e49212d5a04bafb41aa1c7da4f854187e65c960a4,858,3076,1-coins/10_1477186416.jpg::shape-0,1-coins/10_1477186416.jpg,0,271.7526380072494,198.7526380072494,336.5662025724607,263.5662025724607,10,25,0.001750863972119987,0.4837814271450043,0.5143742561340332,8.387751586269587e-05,9.611530003894586e-06,0.5143742561340332,0.4837814271450043,0.726122071073896,0.7052547032507707,0.02086736782312537
1c0b0d8c1e9c3cee22ed790e6ea4fbbedbf9ec04f954bcee3efeb75dc0e74034,859,14209,1-coins/55_1477842300.jpg::shape-5,1-coins/55_1477842300.jpg,5,140.49027217469373,234.15693884136027,204.06045246298743,297.727119129654,10,25,0.00019197803339920938,0.4888712763786316,0.5109133720397949,4.585231181408744e-06,1.8827166059054434e-05,0.5109133720397949,0.4888712763786316,0.7156560626501037,0.694874420745623,0.02078164190448073
a1b4827a58197436e7b4b579a16d496a9cd1c54ceb228e946bc2259a49d1fecc,860,19755,1-coins/85_1477852980.jpg::shape-0,1-coins/85_1477852980.jpg,0,434.82690624557,215.9543572259621,513.2123094407046,294.33976042109674,25,10,0.00027820607647299767,0.5098689794540405,0.48983028531074524,1.3487602700479329e-05,9.007466360344552e-06,0.5098689794540405,0.48983028531074524,0.7136963043814171,0.6955721730680534,0.018124131313363656
e2902e0ff3cdc22dcdbbbf875fc0a725245bd401b673bebdb471f0ebfb8c8f1d,861,6671,1-coins/130_1477862034.jpg::shape-5,1-coins/130_1477862034.jpg,5,601.1478974689059,178.38530754084834,665.9600162001587,243.19742627210124,5,10,0.46746891736984253,0.5220665335655212,0.010459158569574356,4.925436769553926e-06,4.657471208702191e-07,0.5220665335655212,0.46746891736984253,0.7604224193731757,0.7425599824385539,0.01786243693462175
6312bda42d3060893263309e32186f3a54867238537ab54289f5e3283eacd4e1,862,5665,1-coins/120_1479351600.jpg::shape-13,1-coins/120_1479351600.jpg,13,48.90236155443306,207.605433226788,111.50719475956012,270.21026643191504,10,25,0.0002983063168358058,0.4899976849555969,0.5097011923789978,2.6627587885741377e-06,1.2266318094589224e-07,0.5097011923789978,0.4899976849555969,0.7133546124690401,0.6955029506378744,0.01785166183116571
94ea62641cd4631d5b24d60dc6296716b6d11ca3556e69c154f7c8792940dbe3,863,10686,1-coins/175_1479423738.jpg::shape-4,1-coins/175_1479423738.jpg,4,360.4743252963112,304.03954268761555,424.3082833993409,367.8735007906452,10,25,0.0005427376017905772,0.4891550540924072,0.5101138949394226,8.68453862494789e-05,0.00010148288129130378,0.5101138949394226,0.4891550540924072,0.7150757557342303,0.6989775287818141,0.01609822695241625
0c8152653ea0d4520da1392b73ddf899f9833e5a64202b84d05e57426059a23e,864,10025,1-coins/170_1479423204.jpg::shape-7,1-coins/170_1479423204.jpg,7,251.31897567444943,335.4253586531728,316.6384711340611,400.7448541127845,10,25,8.411116141360253e-05,0.49226823449134827,0.5076451301574707,1.157764586423582e-06,1.3888882222090615e-06,0.5076451301574707,0.49226823449134827,0.7087315189974372,0.6938793254531312,0.014852193544306003
80b0b1e3796fd6826a2c5512504b8bd3274e2008ff5ab4d76d981a477c6c879c,865,3120,1-coins/10_1477186734.jpg::shape-0,1-coins/10_1477186734.jpg,0,184.83436080971745,151.62268197760065,250.93206254794677,217.72038371583,10,25,0.002398147014901042,0.48524704575538635,0.5122874975204468,6.362915883073583e-05,3.7147435705264797e-06,0.5122874975204468,0.48524704575538635,0.7230971450393678,0.7086635509389547,0.014433594100413116
632d54eae86403637633308a2bc3042e7a0c91902b5d789ce1b636fb04cc3bac,866,6604,1-coins/130_1477861992.jpg::shape-10,1-coins/130_1477861992.jpg,10,462.80467949749215,71.61420330701603,539.5762728834601,148.38579669298397,25,10,0.0004947844427078962,0.5077381730079651,0.49172571301460266,2.541121284593828e-05,1.591587351867929e-05,0.5077381730079651,0.49172571301460266,0.7098342118200772,0.697393968183147,0.012440243636930193
db2545da867a992af90c6ab8b6926efa3207273b46d737ff41120d11c087ef29,867,20509,1-coins/90_1477855098.jpg::shape-0,1-coins/90_1477855098.jpg,0,225.21226903765944,237.6161151915056,306.71080788541747,319.1146540392636,25,10,0.0001324400509474799,0.5054595470428467,0.49439284205436707,7.93351591710234e-06,7.232419193314854e-06,0.5054595470428467,0.49439284205436707,0.704424850988838,0.6944926100066581,0.00993224098217993
7e35add6c845da6087a430119efc8c3f2ee9bea05a38afcc4637cc03c462a45d,868,16485,1-coins/65_1477845972.jpg::shape-6,1-coins/65_1477845972.jpg,6,145.92749072110396,369.6501184583303,208.087107819042,431.8097355562682,10,25,0.014424934051930904,0.46429383754730225,0.5211426019668579,9.943884833774064e-06,0.00012864117161370814,0.5211426019668579,0.46429383754730225,0.767237656610997,0.7582801369759782,0.008957519635018785
515df63d294caaa24fb6cee80b4ae3c01f12db602f00ee511b2e8ffd1d0bb200,869,15095,1-coins/5_1477292070.jpg::shape-0,1-coins/5_1477292070.jpg,0,418.8820259482527,7.04401971772306,483.9217123695043,72.08370613897475,5,25,0.4267927408218384,0.04590198025107384,0.527285099029541,1.8740869563771412e-05,1.4927557003829861e-06,0.527285099029541,0.4267927408218384,0.8514567680828793,0.8425247117875433,0.008932056295336
cd36f18ac26f05bc1f7b5627d9a1fca80831e3f14b3ab646528a4498ed40c039,870,10785,1-coins/20_1477788690.jpg::shape-2,1-coins/20_1477788690.jpg,2,318.077290710224,221.0627979566008,382.6473469709354,285.63285421731223,10,25,0.00038685297477059066,0.49391940236091614,0.5056721568107605,7.807478141330648e-06,1.3745953765464947e-05,0.5056721568107605,0.49391940236091614,0.7053829282206863,0.6964887209884187,0.008894207232267526
2f628bcb81bc4b027bb7cb7757b4895fd9c4ad05493f5b2e593f7d81c7151e02,871,15909,1-coins/60_1477845372.jpg::shape-2,1-coins/60_1477845372.jpg,2,282.0836269408098,386.8281524882551,346.38352634386166,451.1280518913069,10,25,6.860074063297361e-05,0.49516481161117554,0.504734456539154,4.29609235652606e-06,2.7836729714181274e-05,0.504734456539154,0.49516481161117554,0.7028646190800636,0.6941350545113741,0.008729564568689452
feeacc4aa89bf8b4a1a3be30a3297fd2eda1c5d02498991c3c12e2cfe89b8003,872,12048,1-coins/35_1477789596.jpg::shape-1,1-coins/35_1477789596.jpg,1,21.815076135669543,100.86076141485736,82.0224873161071,161.06817259529493,10,25,0.00011959832045249641,0.4958614706993103,0.504006028175354,3.2810855827847263e-06,9.548544767312706e-06,0.504006028175354,0.4958614706993103,0.7014586842116866,0.6943865995114433,0.007072084700243231
72c8165f70360c8be9279f7ed9b1e40503e277e0b1f15324ee89573fbd18d16a,873,18223,1-coins/75_1477850514.jpg::shape-10,1-coins/75_1477850514.jpg,10,281.65128207161274,267.2445024105957,348.29222075324606,333.88544109222914,10,25,0.0007930909632705152,0.49382901191711426,0.5052515864372253,0.00012598583998624235,3.1783747544977814e-07,0.5052515864372253,0.49382901191711426,0.7055659514333741,0.7001619354649913,0.005404015968382803
9079d28fbc117523b11fb625497bf69b9ddc958b89e0803c6ba98c1ee912544c,874,2226,1-coins/100_1477861404.jpg::shape-0,1-coins/100_1477861404.jpg,0,228.7246666990153,30.359703195365668,293.5527055637584,95.18774206010876,10,25,0.00041469259303994477,0.4961659610271454,0.5034176111221313,1.5826790331630036e-06,1.0314037268699394e-07,0.5034176111221313,0.4961659610271454,0.7008448093778682,0.6965009843603439,0.004343825017524283
dfa6db7bf04f2e8eb2983737d80ea6d5c69dca40eaff5e2282a743ddbc3c2270,875,16750,1-coins/65_1477846470.jpg::shape-2,1-coins/65_1477846470.jpg,2,510.8605324970426,167.9303072979497,573.493316631871,230.5630914327782,10,25,9.326414129873228e-08,0.4991583228111267,0.5008415579795837,7.996430739787286e-10,1.0223827163152545e-20,0.5008415579795837,0.4991583228111267,0.6948319533707129,0.6931473270202074,0.0016846263505054804
5de822915ddc52dc04f76d21cb7b4a6d2d561e8eb57b5df1921ca28a0d21d426,876,10362,1-coins/175_1479423432.jpg::shape-12,1-coins/175_1479423432.jpg,12,338.42059917371853,281.55785407567936,401.775479257654,344.9127341596148,10,25,0.0003594494191929698,0.4976657032966614,0.5019711256027222,3.43809847436205e-06,2.488474990514078e-07,0.5019711256027222,0.4976657032966614,0.6978267058865508,0.6961470910802373,0.001679614806313512
35bbaa128ad79015612116ceccff648519dd81f66d2b10977c2e2fd7dd1437f0,877,2406,1-coins/105_1479344490.jpg::shape-2,1-coins/105_1479344490.jpg,2,209.66134910366856,129.8476845073953,278.53740866030654,198.72374406403327,10,25,0.00011498043750179932,0.49863943457603455,0.5012433528900146,1.5485874200749095e-06,6.778038255106367e-07,0.5012433528900146,0.49863943457603455,0.6958720204144113,0.6942530537910748,0.001618966623336493
98c507bde9d3d61dc5d7211305873f42154dd4da28b4ab17f28e8e028bbeb174,878,12638,1-coins/45_1477835814.jpg::shape-3,1-coins/45_1477835814.jpg,3,416.33807015229775,230.9177802972253,478.5894660795863,293.1691762245138,10,25,0.00025401607854291797,0.4986121654510498,0.5011282563209534,4.968901521351654e-06,5.907960485274089e-07,0.5011282563209534,0.4986121654510498,0.6959267089704203,0.6953955616460465,0.0005311473243737597
8c622d5044e6bae594f51bdfc94e768017639d8d162089ad2a4a6a24364f605c,879,3221,1-coins/10_1477187376.jpg::shape-0,1-coins/10_1477187376.jpg,0,35.41920430765222,142.12934923518844,103.33441888075356,210.0445638082898,10,25,0.0009652963490225375,0.49582645297050476,0.5031187534332275,2.253713500977028e-05,6.690108421025798e-05,0.5031187534332275,0.49582645297050476,0.7015293066887467,0.7010300267935233,0.000499279895223359
544d1b89f22f9ab75ffa21b52ff293a9880aadc63e20ac8e10aa0f5fd892e0c0,880,3357,1-coins/10_1477288608.jpg::shape-0,1-coins/10_1477288608.jpg,0,25.839624306466654,297.0425228571913,88.27631772251885,359.4792162732435,10,25,0.0009861515136435628,0.4961853325366974,0.5028135180473328,1.3836513062415179e-05,1.1659042229439365e-06,0.5028135180473328,0.4961853325366974,0.7008057677407381,0.7004284759105586,0.00037729183017953805
344c65dc71f7b1cc01c23ef06348b66db635b6e02650f603fc859c155685147f,881,19803,1-coins/85_1477853016.jpg::shape-0,1-coins/85_1477853016.jpg,0,50.85988366735651,149.32142212889497,128.17857787110503,226.6401163326435,25,10,0.00019677677482832223,0.5004820823669434,0.4992992877960205,8.132829862006474e-06,1.3749322533840314e-05,0.5004820823669434,0.4992992877960205,0.6945495878815167,0.6951419577102633,-0.0005923698287466639
6765fe6021fa591c6e172a656ae2f3a5ee59351a30fa6a429324663f2a0f2cdc,882,13972,1-coins/55_1477842090.jpg::shape-5,1-coins/55_1477842090.jpg,5,86.15652667914235,132.95139847401416,167.2622767396611,214.0571485345329,25,10,0.0001382361660944298,0.5001471638679504,0.49971115589141846,3.0859027901897207e-06,3.4591451480991964e-07,0.5001471638679504,0.49971115589141846,0.6937250357032371,0.694463294811115,-0.0007382591078779477
b2b32e750c91d7e4907604bb11bc8cad66d61fdf809d292a20996ead4b0f2178,883,16093,1-coins/65_1477845522.jpg::shape-7,1-coins/65_1477845522.jpg,7,127.25120375370224,352.9468559276153,191.8212600144137,417.5169121883267,10,25,0.0006120383040979505,0.49812373518943787,0.5012454986572266,1.4067022675590124e-05,4.674650426750304e-06,0.5012454986572266,0.49812373518943787,0.6969067685837914,0.6980784814613389,-0.0011717128775474706
93267e2f6b61354a6fcad10dc895b6da6a8bae07cc7ee9e06b70f7667cc4d03b,884,6506,1-coins/130_1477861944.jpg::shape-8,1-coins/130_1477861944.jpg,8,259.62262088206967,387.4921860994609,320.3194081034376,448.1889733208288,10,25,0.00023367724497802556,0.4985466003417969,0.5009735226631165,1.1849579095724039e-06,0.00024505285546183586,0.5009735226631165,0.4985466003417969,0.6960582128223576,0.6972988273056422,-0.0012406144832846078
e7e4603bfafab3366c0aca319704351df5d1a790014352f0b4fd4b1b7ba1af51,885,16856,1-coins/65_1477846596.jpg::shape-3,1-coins/65_1477846596.jpg,3,322.84872015264904,233.89907986487924,388.86351006317824,299.91386977540844,10,100,0.0002644208143465221,0.38568347692489624,0.10752693563699722,5.523188519873656e-06,0.506519615650177,0.506519615650177,0.38568347692489624,0.9527382538743366,0.9540178264981505,-0.0012795726238138405
9af9c33261479497df93b50d32aff325fba23fff6593a6c614f95db0e50e2e81,886,13107,1-coins/50_1477145226.jpg::shape-0,1-coins/50_1477145226.jpg,0,413.8049789246572,319.6873318658337,483.2538446047545,389.1361975459309,50,10,0.0028570282738655806,0.5193781852722168,0.011801989749073982,0.4659618139266968,1.0465043942531338e-06,0.5193781852722168,0.4659618139266968,0.7636515925774255,0.765234653383404,-0.0015830608059784756
384742a06b5048129efe4fa9fca48e034f4563b2f83a38cd483fa4c13c6c71e5,887,3240,1-coins/10_1477287858.jpg::shape-0,1-coins/10_1477287858.jpg,0,59.66777925432922,99.69676476157562,124.04236567320692,164.07135118045332,10,25,0.002048868453130126,0.49400949478149414,0.5037779211997986,0.00016337665147148073,3.4852999419854314e-07,0.5037779211997986,0.49400949478149414,0.7052005417734666,0.707889042190938,-0.0026885004174713734
651b5895e9e54d0e1e8e9ae8602d624f7242a1307a248863f558e61fde907a4d,888,13444,1-coins/50_1477282626.jpg::shape-0,1-coins/50_1477282626.jpg,0,359.78559544979856,60.38134013064969,430.5122768906269,131.108021571478,50,10,0.0007478529587388039,0.5050261616706848,0.0019825338385999203,0.492237389087677,6.0309685068205e-06,0.5050261616706848,0.492237389087677,0.7087941807089453,0.7116949346514527,-0.002900753942507439
e3c963be1ceb34183b40d3de51c6639413c212cc72c5e7fdb4ff1a415f028b6d,889,15096,1-coins/5_1477292076.jpg::shape-0,1-coins/5_1477292076.jpg,0,328.97480251181844,2.8263926178254977,396.46689360125583,70.31848370726283,5,25,0.41474446654319763,0.06757885962724686,0.5176411271095276,2.3652617528568953e-05,1.1926301340281498e-05,0.5176411271095276,0.41474446654319763,0.8800926916685825,0.8883420152751689,-0.008249323606586367
ce2d1f20d043e52a2a1fafc1862948f94ed50ddad20068cce5f53453e8ce2cdf,890,15010,1-coins/5_1477291266.jpg::shape-0,1-coins/5_1477291266.jpg,0,41.619441141214416,250.40204983686652,108.38055885878556,317.1631675544377,5,25,0.45030614733695984,0.030765796080231667,0.5188832879066467,4.472463842830621e-05,4.232483519217567e-08,0.5188832879066467,0.45030614733695984,0.7978276001200928,0.8072488928646864,-0.009421292744593579
65918f22d38538ecaa3102d07fd2425a29eaf3c66ee3f8e606d0dfeaf473b10b,891,2937,1-coins/10_1477147440.jpg::shape-0,1-coins/10_1477147440.jpg,0,69.10676748390009,343.6305770077096,135.1789468018142,409.7027563256237,10,25,0.005322836805135012,0.4930337071418762,0.5015949010848999,4.836803782382049e-05,1.4301191697541071e-07,0.5015949010848999,0.4930337071418762,0.7071777357921344,0.7230960181338518,-0.015918282341717438
80df86a7ef7bba47e24d3347be0375b726ff06329b464a080bebfbb62c223921,892,14504,1-coins/5_1477145574.jpg::shape-0,1-coins/5_1477145574.jpg,0,147.12987873919624,374.2665693866782,218.740624857926,445.877315505408,5,25,0.3979916274547577,0.09672372043132782,0.5052744746208191,1.9983856418548385e-06,8.194107977033127e-06,0.5052744746208191,0.3979916274547577,0.9213243104648056,0.937665547577299,-0.016341237112493467
f6b3ee2253d50a04effe295d9e7291141f603a85556e23813e158e475ee60774,893,1067,1-coins/100_1477860582.jpg::shape-8,1-coins/100_1477860582.jpg,8,393.298557584111,115.10706822240896,459.3610168839739,181.16952752227184,10,25,0.005896588787436485,0.49429649114608765,0.4997650384902954,4.140906094107777e-05,4.401690887334553e-07,0.4997650384902954,0.49429649114608765,0.704619757326651,0.7256304887785497,-0.02101073145189869
bb8a68587e3e8f0b288bf69182c682e5e5ff2be02f1f5499de13fc80cbe4c375,894,11110,1-coins/25_1477191606.jpg::shape-0,1-coins/25_1477191606.jpg,0,371.2000730961488,408.97247019057977,444.2962949425921,482.0686920370232,25,5,0.5168280005455017,0.04850678890943527,0.4335057735443115,3.1414501222570834e-07,0.0011591134825721383,0.5168280005455017,0.4335057735443115,0.8358501644089118,0.858100154504611,-0.022249990095699168
1fa8a59676b677e63dc280799ead2f555139aa51801831a178b66f28bc31d7e8,895,2980,1-coins/10_1477147710.jpg::shape-0,1-coins/10_1477147710.jpg,0,445.2207644012359,357.7072508877224,501.4278842474128,413.91437073389926,10,25,0.013477686792612076,0.482271283864975,0.5041278004646301,0.00012166910892119631,1.5867022966631339e-06,0.5041278004646301,0.482271283864975,0.7292484936653243,0.7561481377034195,-0.026899644038095194
515ed363862aaeac1dc2dcf4679a837cb2d65d087421e1d39fbae1121ab924a3,896,11081,1-coins/25_1477191396.jpg::shape-0,1-coins/25_1477191396.jpg,0,308.7683198004947,58.37238071420023,387.96264466651047,137.56670558021602,25,5,0.5101523399353027,0.07113610208034515,0.41838452219963074,0.00030056905234232545,2.6458883439772762e-05,0.5101523399353027,0.41838452219963074,0.871354359746386,0.8986576748790961,-0.027303315132710115
49f5b0f218edd65b9aadd12e84d865bba63b5dbffbdc04565e435a59c68c3ece,897,13063,1-coins/50_1477144626.jpg::shape-0,1-coins/50_1477144626.jpg,0,421.3660419046444,380.08697213720257,490.64946197132457,449.3703922038827,50,10,0.0010187570005655289,0.5037779211997986,0.011904461309313774,0.4832986891269684,1.758785828087639e-07,0.5037779211997986,0.4832986891269684,0.7271204124729348,0.7565843453073962,-0.02946393283446136
e036731780433bc2936207f024412200b2706ceea5056b9d074a0210d5ccac91,898,11062,1-coins/25_1477191282.jpg::shape-0,1-coins/25_1477191282.jpg,0,133.20196952050944,55.618636187176094,216.75636381282396,139.1730304794906,25,5,0.5118027329444885,0.05465596914291382,0.43300652503967285,0.000517647247761488,1.709201569610741e-05,0.5118027329444885,0.43300652503967285,0.8370024817175012,0.8682137848985079,-0.031211303181006622
59fb8ec519d4291d939db39766104e2c7b2b8a6a755f0b0f53a2db76b73518b3,899,13916,1-coins/55_1477842042.jpg::shape-5,1-coins/55_1477842042.jpg,5,81.57206187342513,382.5504791396122,146.6869309323302,447.6653481985172,5,25,0.4116152822971344,0.06614111363887787,0.5159949660301208,0.00016386076458729804,0.006084717810153961,0.5159949660301208,0.4116152822971344,0.8876661467097225,0.9188985888655795,-0.031232442155856965
751cc5d3f238d4ea363d576d6743116b1dd5ef059edd8e3f143f49003de2410e,900,13162,1-coins/50_1477193088.jpg::shape-0,1-coins/50_1477193088.jpg,0,122.08429788228042,91.06240007206144,196.89380430750057,165.8719064972816,50,25,0.008417968638241291,0.22503399848937988,0.4187494218349457,0.3477601110935211,3.8509038859046996e-05,0.4187494218349457,0.3477601110935211,1.0562423728470818,1.1080794221487777,-0.05183704930169597
1e459704f74f85bed103edf3366986e76da514ad5e33e85cf0bca034d3523dd6,901,14548,1-coins/5_1477146798.jpg::shape-0,1-coins/5_1477146798.jpg,0,29.53285838482685,64.93431823884146,102.583929936341,137.9853897903556,5,25,0.3357723653316498,0.22776053845882416,0.41616135835647583,0.020303329452872276,2.399469849478919e-06,0.41616135835647583,0.3357723653316498,1.0913218327470064,1.1473922110846253,-0.056070378337618854
9e65162ce1648375181fef46efac18324961795574bcc6b02928a6113f397ca9,902,10901,1-coins/20_1477789038.jpg::shape-1,1-coins/20_1477789038.jpg,1,63.74975317344006,382.935799685068,124.23474295059094,443.42078946221886,10,5,0.4789392650127411,0.41930705308914185,0.10167677700519562,7.437301246682182e-05,2.5354929675813764e-06,0.4789392650127411,0.41930705308914185,0.8691518038423337,0.9501960659783931,-0.08104426213605942
752d458fbf064ceee32ac363a865caff14bf10a7ebe60110b9b6ffc1bcb02ad8,903,15139,1-coins/60_1477843998.jpg::shape-0,1-coins/60_1477843998.jpg,0,347.85321046958006,11.691048307417852,419.0657084493389,82.90354628717674,50,10,0.3140276074409485,0.32165801525115967,0.047748152166604996,0.31656613945961,1.0200371036717115e-07,0.32165801525115967,0.31656613945961,1.1502230877930288,1.2379403633711008,-0.08771727557807196
7b7df4af24994fe20e713354b3f855e7073b5912b3e5a2d1b65f2ed1ed950255,904,3404,1-coins/10_1477288902.jpg::shape-0,1-coins/10_1477288902.jpg,0,504.19589318597576,221.88932384291007,566.9865885658489,284.6800192227833,10,5,0.41153886914253235,0.3792862594127655,0.20492815971374512,0.004238208755850792,8.479303687636275e-06,0.41153886914253235,0.3792862594127655,0.9694640571159813,1.0811756491080802,-0.1117115919920989
0f245f7fdb3de31904c9db7d3a9e976bf0bddeb26d6cf587d6ef603dbc1b7187,905,9392,1-coins/150_1479429780.jpg::shape-5,1-coins/150_1479429780.jpg,5,71.28170695078683,395.8055164745964,148.2421025730227,472.7659120968322,25,10,0.08242499828338623,0.46852990984916687,0.44879141449928284,0.0002508322359062731,2.846603820216842e-06,0.46852990984916687,0.44879141449928284,0.8011970548601882,0.9226265351732708,-0.12142948031308254
968ccc8eaa8c883d4481df9bb81a367b1451a0da5bbc38bdd5388e268bcfb9ee,906,3376,1-coins/10_1477288734.jpg::shape-0,1-coins/10_1477288734.jpg,0,217.9106527159779,243.50639739682896,281.961687709554,307.55743239040504,10,25,0.09247425198554993,0.41719308495521545,0.4715646505355835,0.018763799220323563,4.196240752207814e-06,0.4715646505355835,0.41719308495521545,0.8742061308845064,1.014006028236633,-0.1397998973521266
6134969882098c025c76a8aaca16196501734ad2dc82982d7469ff3a6c5b5eb1,907,14721,1-coins/5_1477189140.jpg::shape-0,1-coins/5_1477189140.jpg,0,246.8048416957861,42.36798162752672,318.38287161479406,113.94601154653468,5,10,0.38442665338516235,0.3967534899711609,0.21200218796730042,0.006786777172237635,3.089865640504286e-05,0.3967534899711609,0.38442665338516235,0.9560022666592468,1.0973423874754662,-0.14134012081621938
6ef31d4da4c5d3e6aa1c13a27c935ab82a08cdc0e4e2ef228cd3f58663749aff,908,3403,1-coins/10_1477288896.jpg::shape-0,1-coins/10_1477288896.jpg,0,512.8840444010234,304.9999864300089,574.7971150192664,366.9130570482519,10,5,0.42618539929389954,0.4216689467430115,0.15159183740615845,0.0005529122427105904,9.056195722223492e-07,0.42618539929389954,0.4216689467430115,0.8635347592075662,1.017758409679536,-0.15422365047196984
